"Date","Price","Open","High","Low","Vol.","Change %"
"12/30/2025","4,865.34","4,861.56","4,884.54","4,856.68","","0.08%"
"12/29/2025","4,861.56","4,869.00","4,886.14","4,843.75","","-0.15%"
"12/28/2025","4,869.00","4,883.57","4,930.79","4,869.00","","-0.30%"
"12/24/2025","4,883.57","4,860.63","4,896.65","4,860.63","","0.47%"
"12/23/2025","4,860.63","4,874.52","4,902.23","4,856.58","","-0.29%"
"12/22/2025","4,874.52","4,826.47","4,890.22","4,826.47","","1.00%"
"12/21/2025","4,826.47","4,831.41","4,844.60","4,789.30","","-0.10%"
"12/18/2025","4,831.41","4,853.91","4,867.83","4,828.19","","-0.46%"
"12/17/2025","4,853.91","4,890.05","4,912.83","4,853.91","","-0.74%"
"12/15/2025","4,890.05","4,932.97","4,944.82","4,887.90","","-0.87%"
"12/14/2025","4,932.97","4,963.83","4,981.81","4,928.25","","-0.62%"
"12/11/2025","4,963.83","4,941.84","4,970.71","4,933.47","","0.44%"
"12/10/2025","4,941.84","4,962.90","4,994.54","4,941.84","","-0.42%"
"12/09/2025","4,962.90","4,906.29","4,975.06","4,906.29","","1.15%"
"12/08/2025","4,906.29","4,872.64","4,925.83","4,872.64","","0.69%"
"12/07/2025","4,872.64","4,886.57","4,908.49","4,872.48","","-0.28%"
"12/04/2025","4,886.57","4,927.49","4,936.95","4,877.77","","-0.83%"
"12/03/2025","4,927.49","4,950.92","4,991.89","4,927.49","","-0.47%"
"12/02/2025","4,950.92","4,914.72","4,959.38","4,914.50","","0.74%"
"12/01/2025","4,914.72","4,978.77","4,985.45","4,911.62","","-1.29%"
"11/30/2025","4,978.77","5,028.14","5,045.27","4,978.61","","-0.98%"
"11/27/2025","5,028.14","5,009.80","5,042.79","5,009.80","","0.37%"
"11/26/2025","5,009.80","5,018.28","5,046.39","4,998.87","","-0.17%"
"11/25/2025","5,018.28","5,024.86","5,076.12","5,009.69","","-0.13%"
"11/24/2025","5,024.86","4,915.75","5,034.90","4,915.75","","2.22%"
"11/23/2025","4,915.75","4,869.01","4,927.10","4,823.09","","0.96%"
"11/20/2025","4,869.01","4,901.38","4,940.02","4,866.52","","-0.66%"
"11/19/2025","4,901.38","4,846.88","4,912.66","4,846.88","","1.12%"
"11/18/2025","4,846.88","4,774.96","4,879.51","4,774.96","","1.51%"
"11/17/2025","4,774.96","4,732.16","4,798.78","4,715.21","","0.90%"
"11/16/2025","4,732.16","4,702.69","4,764.12","4,620.66","","0.63%"
"11/13/2025","4,702.69","4,825.33","4,832.21","4,692.75","","-2.54%"
"11/12/2025","4,825.33","4,872.77","4,896.69","4,822.05","","-0.97%"
"11/11/2025","4,872.77","4,860.75","4,896.08","4,848.40","","0.25%"
"11/10/2025","4,860.75","4,899.93","4,913.77","4,856.87","","-0.80%"
"11/09/2025","4,899.93","4,967.94","5,001.65","4,897.36","","-1.37%"
"11/06/2025","4,967.94","4,986.89","4,986.89","4,928.21","","-0.38%"
"11/05/2025","4,986.89","5,019.07","5,035.70","4,985.36","","-0.64%"
"11/04/2025","5,019.07","5,061.01","5,091.83","5,015.47","","-0.83%"
"11/03/2025","5,061.01","5,115.88","5,126.51","5,061.01","","-1.07%"
"11/02/2025","5,115.88","5,122.22","5,153.95","5,113.28","","-0.12%"
"10/30/2025","5,122.22","5,092.40","5,129.99","5,092.40","","0.59%"
"10/29/2025","5,092.40","5,084.13","5,117.46","5,084.13","","0.16%"
"10/28/2025","5,084.13","5,086.86","5,121.34","5,077.21","","-0.05%"
"10/27/2025","5,086.86","5,126.98","5,140.45","5,086.86","","-0.78%"
"10/26/2025","5,126.98","5,149.89","5,178.95","5,126.98","","-0.44%"
"10/23/2025","5,149.89","5,094.70","5,155.17","5,094.70","","1.08%"
"10/22/2025","5,094.70","5,089.33","5,113.30","5,071.74","","0.11%"
"10/21/2025","5,089.33","5,111.60","5,168.69","5,082.74","","-0.44%"
"10/20/2025","5,111.60","5,044.34","5,124.23","5,026.91","","1.33%"
"10/19/2025","5,044.34","5,119.42","5,132.71","5,044.34","","-1.47%"
"10/16/2025","5,119.42","5,116.51","5,158.73","5,099.07","","0.06%"
"10/15/2025","5,116.51","5,197.27","5,205.37","5,116.51","","-1.55%"
"10/14/2025","5,197.27","5,227.75","5,273.76","5,192.21","","-0.58%"
"10/13/2025","5,227.75","5,202.46","5,259.37","5,202.46","","0.49%"
"10/12/2025","5,202.46","5,283.72","5,289.11","5,197.98","","-1.54%"
"10/09/2025","5,283.72","5,337.86","5,351.65","5,283.72","","-1.01%"
"10/08/2025","5,337.86","5,377.00","5,393.07","5,334.59","","-0.73%"
"10/07/2025","5,377.00","5,423.64","5,443.03","5,374.86","","-0.86%"
"10/06/2025","5,423.64","5,447.63","5,482.70","5,423.64","","-0.44%"
"10/05/2025","5,447.63","5,415.79","5,468.59","5,415.79","","0.59%"
"09/30/2025","5,415.79","5,389.78","5,438.61","5,389.78","","0.48%"
"09/29/2025","5,389.78","5,380.08","5,403.39","5,372.97","","0.18%"
"09/28/2025","5,380.08","5,415.13","5,425.71","5,380.08","","-0.65%"
"09/25/2025","5,415.13","5,392.65","5,455.05","5,392.65","","0.42%"
"09/24/2025","5,392.65","5,347.47","5,405.94","5,338.06","","0.84%"
"09/23/2025","5,347.47","5,337.14","5,369.45","5,325.44","","0.19%"
"09/22/2025","5,337.14","5,381.85","5,396.14","5,330.77","","-0.83%"
"09/21/2025","5,381.85","5,449.93","5,489.07","5,374.70","","-1.25%"
"09/18/2025","5,449.93","5,492.34","5,499.40","5,449.93","","-0.77%"
"09/17/2025","5,492.34","5,509.61","5,541.41","5,491.28","","-0.31%"
"09/16/2025","5,509.61","5,474.72","5,525.16","5,474.72","","0.64%"
"09/15/2025","5,474.72","5,468.35","5,513.13","5,463.73","","0.12%"
"09/14/2025","5,468.35","5,523.78","5,553.79","5,466.44","","-1.00%"
"09/11/2025","5,523.78","5,473.15","5,538.24","5,464.00","","0.93%"
"09/10/2025","5,473.15","5,538.25","5,573.76","5,471.19","","-1.18%"
"09/09/2025","5,538.25","5,627.59","5,650.13","5,538.25","","-1.59%"
"09/08/2025","5,627.59","5,636.15","5,674.51","5,627.59","","-0.15%"
"09/07/2025","5,636.15","5,614.28","5,653.21","5,614.28","","0.39%"
"09/04/2025","5,614.28","5,631.62","5,649.91","5,614.04","","-0.31%"
"09/03/2025","5,631.62","5,620.92","5,667.55","5,620.92","","0.19%"
"09/02/2025","5,620.92","5,583.79","5,629.99","5,583.79","","0.67%"
"09/01/2025","5,583.79","5,594.39","5,650.55","5,580.86","","-0.19%"
"08/31/2025","5,594.39","5,517.95","5,603.65","5,517.95","","1.39%"
"08/28/2025","5,517.95","5,443.31","5,521.79","5,443.31","","1.27%"
"08/26/2025","5,448.83","5,455.40","5,510.95","5,442.27","","-0.12%"
"08/25/2025","5,455.40","5,389.17","5,464.81","5,389.17","","1.23%"
"08/24/2025","5,389.17","5,374.96","5,402.60","5,374.96","","0.26%"
"08/21/2025","5,374.96","5,379.41","5,387.87","5,340.55","","-0.08%"
"08/20/2025","5,379.41","5,410.90","5,429.35","5,378.15","","-0.58%"
"08/19/2025","5,410.90","5,419.91","5,440.27","5,399.48","","-0.17%"
"08/18/2025","5,419.91","5,401.49","5,434.73","5,401.49","","0.34%"
"08/17/2025","5,401.49","5,350.25","5,408.36","5,350.25","","0.96%"
"08/14/2025","5,350.25","5,314.33","5,375.35","5,314.33","","0.68%"
"08/13/2025","5,314.33","5,315.45","5,355.57","5,306.54","","-0.02%"
"08/12/2025","5,315.45","5,344.05","5,389.80","5,312.37","","-0.54%"
"08/11/2025","5,344.05","5,351.03","5,399.60","5,341.02","","-0.13%"
"08/10/2025","5,351.03","5,408.07","5,426.59","5,344.46","","-1.05%"
"08/07/2025","5,408.07","5,471.16","5,491.48","5,405.14","","-1.15%"
"08/06/2025","5,471.16","5,485.91","5,541.44","5,463.31","","-0.27%"
"08/04/2025","5,485.91","5,536.14","5,560.87","5,485.91","","-0.91%"
"08/03/2025","5,536.14","5,443.42","5,549.09","5,443.42","","1.70%"
"07/31/2025","5,443.42","5,352.20","5,459.54","5,352.20","","1.70%"
"07/30/2025","5,352.20","5,298.47","5,358.08","5,294.60","","1.01%"
"07/29/2025","5,298.47","5,332.07","5,358.17","5,298.47","","-0.63%"
"07/28/2025","5,332.07","5,354.83","5,386.15","5,330.97","","-0.43%"
"07/27/2025","5,354.83","5,392.04","5,416.08","5,346.99","","-0.69%"
"07/24/2025","5,392.04","5,363.95","5,411.95","5,350.99","","0.52%"
"07/23/2025","5,363.95","5,270.57","5,371.95","5,270.57","","1.77%"
"07/22/2025","5,270.57","5,219.62","5,278.35","5,203.69","","0.98%"
"07/21/2025","5,219.62","5,194.03","5,273.10","5,194.03","","0.49%"
"07/20/2025","5,194.03","5,132.48","5,205.01","5,132.48","","1.20%"
"07/17/2025","5,132.48","5,116.90","5,160.86","5,116.90","","0.30%"
"07/16/2025","5,116.90","5,062.20","5,122.73","5,062.20","","1.08%"
"07/15/2025","5,062.20","5,061.83","5,087.57","5,061.83","","0.01%"
"07/14/2025","5,061.83","5,066.44","5,084.43","5,055.60","","-0.09%"
"07/13/2025","5,066.44","5,068.04","5,086.79","5,043.52","","-0.03%"
"07/10/2025","5,068.04","5,035.47","5,091.91","5,035.47","","0.65%"
"07/09/2025","5,035.47","4,981.64","5,041.87","4,981.64","","1.08%"
"07/08/2025","4,981.64","4,976.16","4,990.61","4,950.18","","0.11%"
"07/07/2025","4,976.16","4,894.07","4,984.48","4,894.07","","1.68%"
"07/03/2025","4,894.07","4,865.33","4,901.15","4,859.46","","0.59%"
"07/02/2025","4,865.33","4,838.39","4,874.26","4,827.95","","0.56%"
"06/30/2025","4,838.39","4,839.78","4,845.85","4,814.47","","-0.03%"
"06/29/2025","4,839.78","4,832.83","4,866.68","4,832.83","","0.14%"
"06/26/2025","4,832.83","4,767.64","4,836.72","4,766.27","","1.37%"
"06/25/2025","4,767.64","4,717.66","4,774.43","4,717.66","","1.06%"
"06/24/2025","4,717.66","4,695.03","4,742.62","4,695.03","","0.48%"
"06/23/2025","4,695.03","4,677.60","4,709.15","4,677.60","","0.37%"
"06/22/2025","4,677.60","4,754.41","4,754.41","4,675.66","","-1.62%"
"06/19/2025","4,754.41","4,776.83","4,804.87","4,753.57","","-0.47%"
"06/18/2025","4,776.83","4,739.69","4,780.44","4,734.74","","0.78%"
"06/17/2025","4,739.69","4,783.66","4,792.56","4,738.50","","-0.92%"
"06/16/2025","4,783.66","4,724.00","4,788.12","4,724.00","","1.26%"
"06/15/2025","4,724.00","4,709.09","4,734.56","4,683.08","","0.32%"
"06/04/2025","4,709.09","4,664.79","4,718.57","4,664.79","","0.95%"
"06/03/2025","4,664.79","4,689.52","4,709.60","4,660.71","","-0.53%"
"06/02/2025","4,689.52","4,668.41","4,703.34","4,668.41","","0.45%"
"06/01/2025","4,668.41","4,637.92","4,677.47","4,629.49","","0.66%"
"05/29/2025","4,637.92","4,615.41","4,662.12","4,588.44","","0.49%"
"05/28/2025","4,615.41","4,678.13","4,696.25","4,599.97","","-1.34%"
"05/27/2025","4,678.13","4,719.39","4,743.93","4,676.69","","-0.87%"
"05/26/2025","4,719.39","4,736.34","4,758.76","4,717.44","","-0.36%"
"05/25/2025","4,736.34","4,746.43","4,766.77","4,736.31","","-1.02%"
"05/22/2025","4,785.12","4,801.32","4,824.97","4,785.12","","-0.34%"
"05/21/2025","4,801.32","4,795.05","4,820.92","4,795.05","","0.13%"
"05/20/2025","4,795.05","4,776.33","4,805.90","4,767.52","","0.39%"
"05/19/2025","4,776.33","4,791.09","4,812.63","4,763.02","","-0.31%"
"05/18/2025","4,791.09","4,820.47","4,858.36","4,789.65","","-0.61%"
"05/17/2025","4,820.47","4,781.02","4,831.05","4,761.50","","0.83%"
"05/15/2025","4,781.02","4,835.60","4,856.52","4,779.32","","-1.13%"
"05/14/2025","4,835.60","4,874.58","4,883.16","4,834.94","","-0.80%"
"05/13/2025","4,874.58","4,921.56","4,944.24","4,861.94","","-0.95%"
"05/12/2025","4,921.56","4,902.28","4,932.68","4,884.09","","0.39%"
"05/08/2025","4,902.28","4,802.42","4,909.45","4,802.42","","2.08%"
"05/07/2025","4,802.42","4,951.73","4,951.73","4,802.42","","-3.02%"
"05/06/2025","4,951.73","4,964.67","4,991.84","4,949.33","","-0.26%"
"05/05/2025","4,964.67","4,956.25","4,985.85","4,949.03","","0.17%"
"05/04/2025","4,956.25","4,917.92","4,969.81","4,910.78","","0.78%"
"04/30/2025","4,917.92","4,935.62","4,957.47","4,916.42","","-0.36%"
"04/29/2025","4,935.62","4,952.79","4,963.62","4,931.72","","-0.35%"
"04/28/2025","4,952.79","4,995.47","5,011.38","4,947.54","","-0.85%"
"04/27/2025","4,995.47","4,972.60","5,014.98","4,914.87","","0.46%"
"04/24/2025","4,972.60","5,022.47","5,030.19","4,971.94","","-0.99%"
"04/23/2025","5,022.47","5,026.57","5,060.61","5,020.50","","-0.08%"
"04/22/2025","5,026.57","5,044.85","5,057.22","5,024.10","","-0.36%"
"04/21/2025","5,044.85","5,074.38","5,085.56","5,044.85","","-0.58%"
"04/20/2025","5,074.38","5,097.33","5,115.85","5,073.73","","-0.45%"
"04/17/2025","5,097.33","5,105.69","5,131.02","5,097.33","","-0.16%"
"04/16/2025","5,105.69","5,132.02","5,151.53","5,105.46","","-0.51%"
"04/15/2025","5,132.02","5,169.68","5,181.59","5,125.51","","-0.73%"
"04/13/2025","5,169.68","5,205.23","5,218.92","5,168.83","","-0.68%"
"04/10/2025","5,205.23","5,196.05","5,232.50","5,196.05","","0.18%"
"04/09/2025","5,196.05","5,185.83","5,220.97","5,185.83","","0.20%"
"04/08/2025","5,185.83","5,199.17","5,214.19","5,185.83","","-0.21%"
"04/07/2025","5,196.70","5,205.19","5,239.23","5,196.70","","-0.16%"
"04/06/2025","5,205.19","5,219.16","5,219.83","5,173.90","","-0.27%"
"03/27/2025","5,219.16","5,214.21","5,229.01","5,209.85","","0.10%"
"03/25/2025","5,214.21","5,196.89","5,226.61","5,196.89","","0.33%"
"03/24/2025","5,196.89","5,183.36","5,221.51","5,183.36","","0.26%"
"03/23/2025","5,183.36","5,201.70","5,220.79","5,180.08","","-0.35%"
"03/20/2025","5,201.70","5,207.36","5,223.61","5,201.13","","-0.11%"
"03/19/2025","5,207.36","5,210.29","5,229.75","5,206.47","","-0.06%"
"03/18/2025","5,210.29","5,205.44","5,229.45","5,205.44","","0.09%"
"03/17/2025","5,205.44","5,221.95","5,228.80","5,198.23","","-0.32%"
"03/16/2025","5,221.95","5,225.61","5,239.70","5,219.27","","-0.07%"
"03/13/2025","5,225.61","5,216.07","5,231.75","5,216.07","","0.18%"
"03/12/2025","5,216.07","5,199.30","5,223.50","5,199.30","","0.32%"
"03/11/2025","5,199.30","5,190.95","5,218.02","5,190.95","","0.16%"
"03/10/2025","5,190.95","5,174.44","5,196.75","5,167.73","","0.32%"
"03/09/2025","5,174.44","5,203.96","5,212.18","5,172.06","","-0.57%"
"03/06/2025","5,203.96","5,196.66","5,231.06","5,196.66","","0.14%"
"03/05/2025","5,196.66","5,194.11","5,213.35","5,193.36","","0.05%"
"03/04/2025","5,194.11","5,220.67","5,236.66","5,194.11","","-0.51%"
"03/03/2025","5,220.67","5,236.85","5,247.86","5,220.67","","-0.31%"
"03/02/2025","5,236.85","5,247.30","5,266.54","5,236.85","","-0.20%"
"02/27/2025","5,247.30","5,253.79","5,269.45","5,239.01","","-0.12%"
"02/26/2025","5,253.79","5,267.89","5,286.49","5,253.79","","-0.27%"
"02/25/2025","5,267.89","5,234.95","5,285.18","5,234.95","","0.63%"
"02/24/2025","5,234.95","5,224.37","5,248.03","5,223.01","","0.20%"
"02/23/2025","5,224.37","5,200.37","5,230.33","5,200.37","","0.46%"
"02/20/2025","5,200.37","5,192.44","5,211.73","5,182.55","","0.15%"
"02/19/2025","5,192.44","5,203.20","5,216.96","5,185.88","","-0.21%"
"02/18/2025","5,203.20","5,211.53","5,237.92","5,201.59","","-0.16%"
"02/17/2025","5,211.53","5,198.78","5,222.16","5,198.78","","0.25%"
"02/16/2025","5,198.78","5,201.48","5,220.20","5,198.78","","-0.05%"
"02/13/2025","5,201.48","5,189.62","5,211.69","5,189.62","","0.23%"
"02/12/2025","5,189.62","5,192.05","5,208.95","5,187.54","","-0.05%"
"02/11/2025","5,192.05","5,174.28","5,205.65","5,174.28","","0.34%"
"02/10/2025","5,174.28","5,165.88","5,184.41","5,160.22","","0.16%"
"02/09/2025","5,165.88","5,179.18","5,200.92","5,161.27","","-0.26%"
"02/06/2025","5,179.18","5,170.06","5,191.98","5,170.06","","0.18%"
"02/05/2025","5,170.06","5,147.34","5,183.54","5,143.86","","0.44%"
"02/04/2025","5,147.34","5,145.84","5,160.60","5,135.52","","0.03%"
"02/03/2025","5,145.84","5,126.15","5,169.71","5,126.15","","0.38%"
"02/02/2025","5,126.15","5,112.90","5,138.22","5,112.90","","0.26%"
"01/30/2025","5,112.90","5,112.51","5,129.09","5,111.86","","0.01%"
"01/29/2025","5,112.51","5,126.42","5,130.01","5,110.56","","-0.27%"
"01/28/2025","5,126.42","5,130.06","5,148.58","5,124.24","","-0.07%"
"01/27/2025","5,130.06","5,132.39","5,147.64","5,120.46","","-0.71%"
"01/23/2025","5,166.53","5,166.53","5,166.53","5,166.53","","-0.21%"
"01/22/2025","5,177.24","5,177.24","5,177.24","5,177.24","","-0.49%"
"01/21/2025","5,202.62","5,202.62","5,202.62","5,202.62","","0.13%"
"01/20/2025","5,195.83","5,195.83","5,195.83","5,195.83","","1.21%"
"01/16/2025","5,133.92","5,133.92","5,133.92","5,133.92","","-0.17%"
"01/15/2025","5,142.52","5,142.52","5,142.52","5,142.52","","-0.16%"
"01/14/2025","5,150.87","5,150.87","5,150.87","5,150.87","","-0.02%"
"01/13/2025","5,151.88","5,151.88","5,151.88","5,151.88","","-0.82%"
"01/09/2025","5,194.43","5,194.43","5,194.43","5,194.43","","0.18%"
"01/08/2025","5,185.00","5,185.00","5,185.00","5,185.00","","-0.11%"
"01/07/2025","5,190.78","5,190.78","5,190.78","5,190.78","","-0.16%"
"01/06/2025","5,198.84","5,198.84","5,198.84","5,198.84","","-0.02%"
"01/02/2025","5,199.62","5,199.62","5,199.62","5,199.62","","-0.36%"
"01/01/2025","5,218.16","5,218.16","5,218.16","5,218.16","","0.03%"
"12/30/2024","5,216.44","5,216.44","5,216.44","5,216.44","","0.62%"
"12/26/2024","5,184.45","5,184.45","5,184.45","5,184.45","","0.29%"
"12/24/2024","5,169.32","5,169.32","5,169.32","5,169.32","","-0.03%"
"12/23/2024","5,170.79","5,170.79","5,170.79","5,170.79","","-0.97%"
"12/19/2024","5,221.57","5,221.57","5,221.57","5,221.57","","0.26%"
"12/18/2024","5,208.21","5,208.21","5,208.21","5,208.21","","-0.31%"
"12/17/2024","5,224.58","5,224.58","5,224.58","5,224.58","","2.33%"
"12/12/2024","5,105.43","5,105.43","5,105.43","5,105.43","","-0.37%"
"12/11/2024","5,124.50","5,124.50","5,124.50","5,124.50","","-0.82%"
"12/10/2024","5,166.83","5,166.83","5,166.83","5,166.83","","0.00%"
"12/09/2024","5,166.98","5,166.98","5,166.98","5,166.98","","-0.57%"
"12/05/2024","5,196.82","5,196.82","5,196.82","5,196.82","","-0.79%"
"12/04/2024","5,238.37","5,238.37","5,238.37","5,238.37","","0.24%"
"12/03/2024","5,226.05","5,226.05","5,226.05","5,226.05","","0.46%"
"12/02/2024","5,201.94","5,201.94","5,201.94","5,201.94","","0.18%"
"11/28/2024","5,192.59","5,192.59","5,192.59","5,192.59","","-0.10%"
"11/27/2024","5,197.94","5,197.94","5,197.94","5,197.94","","1.07%"
"11/26/2024","5,143.13","5,143.13","5,143.13","5,143.13","","0.14%"
"11/25/2024","5,136.13","5,136.13","5,136.13","5,136.13","","-1.18%"
"11/21/2024","5,197.58","5,197.58","5,197.58","5,197.58","","-0.91%"
"11/20/2024","5,245.26","5,245.26","5,245.26","5,245.26","","0.05%"
"11/19/2024","5,242.66","5,242.66","5,242.66","5,242.66","","-1.08%"
"11/18/2024","5,300.07","5,300.07","5,300.07","5,300.07","","-1.03%"
"11/14/2024","5,355.33","5,355.33","5,355.33","5,355.33","","0.74%"
"11/13/2024","5,316.02","5,316.02","5,316.02","5,316.02","","0.33%"
"11/12/2024","5,298.37","5,298.37","5,298.37","5,298.37","","-0.66%"
"11/11/2024","5,333.42","5,333.42","5,333.42","5,333.42","","0.32%"
"11/07/2024","5,316.33","5,316.33","5,316.33","5,316.33","","-0.58%"
"11/06/2024","5,347.08","5,347.08","5,347.08","5,347.08","","-0.33%"
"11/05/2024","5,365.02","5,365.02","5,365.02","5,365.02","","2.14%"
"11/04/2024","5,252.50","5,252.50","5,252.50","5,252.50","","1.02%"
"10/31/2024","5,199.40","5,199.40","5,199.40","5,199.40","","0.67%"
"10/30/2024","5,164.84","5,164.84","5,164.84","5,164.84","","2.94%"
"10/29/2024","5,017.33","5,017.33","5,017.33","5,017.33","","2.43%"
"10/28/2024","4,898.53","4,898.53","4,898.53","4,898.53","","-4.22%"
"10/24/2024","5,114.60","5,114.60","5,114.60","5,114.60","","-1.07%"
"10/23/2024","5,169.79","5,169.79","5,169.79","5,169.79","","-1.37%"
"10/22/2024","5,241.77","5,241.77","5,241.77","5,241.77","","1.33%"
"10/21/2024","5,173.11","5,173.11","5,173.11","5,173.11","","-1.61%"
"10/17/2024","5,257.98","5,257.98","5,257.98","5,257.98","","-1.10%"
"10/16/2024","5,316.21","5,316.21","5,316.21","5,316.21","","-0.93%"
"10/15/2024","5,365.96","5,365.96","5,365.96","5,365.96","","-0.14%"
"10/14/2024","5,373.54","5,373.54","5,373.54","5,373.54","","-0.89%"
"10/09/2024","5,422.06","5,422.06","5,422.06","5,422.06","","1.86%"
"10/08/2024","5,323.22","5,323.22","5,323.22","5,323.22","","-0.22%"
"10/07/2024","5,335.06","5,335.06","5,335.06","5,335.06","","-2.33%"
"10/03/2024","5,462.58","5,462.58","5,462.58","5,462.58","","0.16%"
"10/02/2024","5,453.99","5,453.99","5,453.99","5,453.99","","-2.37%"
"10/01/2024","5,586.29","5,586.29","5,586.29","5,586.29","","-0.68%"
"09/30/2024","5,624.50","5,624.50","5,624.50","5,624.50","","-0.26%"
"09/26/2024","5,639.13","5,639.13","5,639.13","5,639.13","","-1.70%"
"09/25/2024","5,736.51","5,736.51","5,736.51","5,736.51","","-0.72%"
"09/24/2024","5,777.96","5,777.96","5,777.96","5,777.96","","0.31%"
"09/23/2024","5,760.39","5,760.39","5,760.39","5,760.39","","0.44%"
"09/19/2024","5,735.27","5,735.27","5,735.27","5,735.27","","0.72%"
"09/18/2024","5,694.14","5,694.14","5,694.14","5,694.14","","0.22%"
"09/17/2024","5,681.60","5,681.60","5,681.60","5,681.60","","-0.78%"
"09/12/2024","5,726.52","5,726.52","5,726.52","5,726.52","","0.22%"
"09/11/2024","5,713.96","5,713.96","5,713.96","5,713.96","","0.20%"
"09/10/2024","5,702.83","5,702.83","5,702.83","5,702.83","","1.30%"
"09/09/2024","5,629.54","5,629.54","5,629.54","5,629.54","","-1.73%"
"09/05/2024","5,728.65","5,728.65","5,728.65","5,728.65","","-0.18%"
"09/04/2024","5,739.07","5,739.07","5,739.07","5,739.07","","-0.82%"
"09/03/2024","5,786.52","5,786.52","5,786.52","5,786.52","","-0.30%"
"09/02/2024","5,803.71","5,803.71","5,803.71","5,803.71","","-0.01%"
"08/29/2024","5,804.42","5,804.42","5,804.42","5,804.42","","0.83%"
"08/28/2024","5,756.71","5,756.71","5,756.71","5,756.71","","1.25%"
"08/27/2024","5,685.78","5,685.78","5,685.78","5,685.78","","-0.26%"
"08/26/2024","5,700.59","5,700.59","5,700.59","5,700.59","","0.01%"
"08/22/2024","5,699.92","5,699.92","5,699.92","5,699.92","","1.66%"
"08/21/2024","5,606.96","5,606.96","5,606.96","5,606.96","","-1.90%"
"08/20/2024","5,715.36","5,715.36","5,715.36","5,715.36","","-1.04%"
"08/19/2024","5,775.49","5,775.49","5,775.49","5,775.49","","-2.17%"
"08/15/2024","5,903.84","5,903.84","5,903.84","5,903.84","","-0.82%"
"08/14/2024","5,952.77","5,952.77","5,952.77","5,952.77","","1.45%"
"08/13/2024","5,867.96","5,867.96","5,867.96","5,867.96","","-1.08%"
"08/12/2024","5,932.28","5,932.28","5,932.28","5,932.28","","0.13%"
"08/08/2024","5,924.81","5,924.81","5,924.81","5,924.81","","5.45%"
"08/07/2024","5,618.79","5,618.79","5,618.79","5,618.79","","3.55%"
"08/06/2024","5,426.42","5,426.42","5,426.42","5,426.42","","1.73%"
"08/01/2024","5,333.94","5,333.94","5,333.94","5,333.94","","1.01%"
"07/31/2024","5,280.47","5,280.47","5,280.47","5,280.47","","0.21%"
"07/30/2024","5,269.53","5,269.53","5,269.53","5,269.53","","-1.14%"
"07/29/2024","5,330.24","5,330.24","5,330.24","5,330.24","","-1.54%"
"07/25/2024","5,413.65","5,413.65","5,413.65","5,413.65","","1.17%"
"07/24/2024","5,350.83","5,350.83","5,350.83","5,350.83","","-1.76%"
"07/18/2024","5,446.50","5,446.50","5,446.50","5,446.50","","-0.67%"
"07/16/2024","5,483.14","5,483.14","5,483.14","5,483.14","","-0.03%"
"07/15/2024","5,484.97","5,484.97","5,484.97","5,484.97","","-0.40%"
"07/11/2024","5,506.78","5,506.78","5,506.78","5,506.78","","-1.11%"
"07/10/2024","5,568.45","5,568.45","5,568.45","5,568.45","","-0.47%"
"07/09/2024","5,594.65","5,594.65","5,594.65","5,594.65","","0.54%"
"07/08/2024","5,564.63","5,564.63","5,564.63","5,564.63","","1.22%"
"07/04/2024","5,497.56","5,497.56","5,497.56","5,497.56","","2.30%"
"07/03/2024","5,373.84","5,373.84","5,373.84","5,373.84","","0.63%"
"07/02/2024","5,340.19","5,340.19","5,340.19","5,340.19","","-0.28%"
"06/27/2024","5,355.41","5,355.41","5,355.41","5,355.41","","0.99%"
"06/26/2024","5,302.72","5,302.72","5,302.72","5,302.72","","1.16%"
"06/25/2024","5,241.84","5,241.84","5,241.84","5,241.84","","0.41%"
"06/24/2024","5,220.19","5,220.19","5,220.19","5,220.19","","-0.46%"
"06/20/2024","5,244.13","5,244.13","5,244.13","5,244.13","","1.60%"
"06/19/2024","5,161.38","5,161.38","5,161.38","5,161.38","","0.85%"
"06/13/2024","5,117.81","5,117.81","5,117.81","5,117.81","","0.68%"
"06/12/2024","5,083.20","5,083.20","5,083.20","5,083.20","","0.26%"
"06/11/2024","5,070.02","5,070.02","5,070.02","5,070.02","","-0.70%"
"06/10/2024","5,105.89","5,105.89","5,105.89","5,105.89","","-2.51%"
"06/06/2024","5,237.32","5,237.32","5,237.32","5,237.32","","0.25%"
"06/05/2024","5,224.37","5,224.37","5,224.37","5,224.37","","-0.44%"
"06/04/2024","5,247.53","5,247.53","5,247.53","5,247.53","","0.23%"
"06/03/2024","5,235.63","5,235.63","5,235.63","5,235.63","","-0.31%"
"05/30/2024","5,251.96","5,251.96","5,251.96","5,251.96","","0.45%"
"05/29/2024","5,228.53","5,228.53","5,228.53","5,228.53","","-0.95%"
"05/28/2024","5,278.88","5,278.88","5,278.88","5,278.88","","-0.60%"
"05/27/2024","5,310.52","5,310.52","5,310.52","5,310.52","","-0.04%"
"05/23/2024","5,312.40","5,312.40","5,312.40","5,312.40","","-1.09%"
"05/21/2024","5,371.10","5,371.10","5,371.10","5,371.10","","-0.42%"
"05/20/2024","5,393.65","5,393.65","5,393.65","5,393.65","","-2.24%"
"05/16/2024","5,517.42","5,517.42","5,517.42","5,517.42","","-0.18%"
"05/15/2024","5,527.40","5,527.40","5,527.40","5,527.40","","-1.04%"
"05/14/2024","5,585.62","5,585.62","5,585.62","5,585.62","","-1.43%"
"05/13/2024","5,666.76","5,666.76","5,666.76","5,666.76","","0.10%"
"05/09/2024","5,661.05","5,661.05","5,661.05","5,661.05","","-0.52%"
"05/08/2024","5,690.78","5,690.78","5,690.78","5,690.78","","-0.60%"
"05/07/2024","5,725.28","5,725.28","5,725.28","5,725.28","","-0.03%"
"05/06/2024","5,727.02","5,727.02","5,727.02","5,727.02","","1.98%"
"05/02/2024","5,615.65","5,615.65","5,615.65","5,615.65","","0.56%"
"04/30/2024","5,584.65","5,584.65","5,584.65","5,584.65","","0.27%"
"04/29/2024","5,569.69","5,569.69","5,569.69","5,569.69","","0.93%"
"04/25/2024","5,518.48","5,518.48","5,518.48","5,518.48","","-1.08%"
"04/24/2024","5,578.97","5,578.97","5,578.97","5,578.97","","-0.97%"
"04/23/2024","5,633.61","5,633.61","5,633.61","5,633.61","","-0.73%"
"04/22/2024","5,674.87","5,674.87","5,674.87","5,674.87","","-0.21%"
"04/18/2024","5,686.69","5,686.69","5,686.69","5,686.69","","-1.34%"
"04/17/2024","5,763.77","5,763.77","5,763.77","5,763.77","","-0.19%"
"04/16/2024","5,774.58","5,774.58","5,774.58","5,774.58","","-0.07%"
"04/15/2024","5,778.77","5,778.77","5,778.77","5,778.77","","-1.45%"
"04/09/2024","5,864.09","5,864.09","5,864.09","5,864.09","","0.07%"
"04/08/2024","5,860.23","5,860.23","5,860.23","5,860.23","","1.11%"
"04/04/2024","5,796.12","5,796.12","5,796.12","5,796.12","","0.35%"
"04/03/2024","5,776.08","5,776.08","5,776.08","5,776.08","","0.66%"
"04/02/2024","5,738.40","5,738.40","5,738.40","5,738.40","","-0.40%"
"04/01/2024","5,761.38","5,761.38","5,761.38","5,761.38","","-0.29%"
"03/28/2024","5,778.33","5,778.33","5,778.33","5,778.33","","0.27%"
"03/27/2024","5,762.68","5,762.68","5,762.68","5,762.68","","-1.23%"
"03/25/2024","5,834.39","5,834.39","5,834.39","5,834.39","","-1.81%"
"03/21/2024","5,941.66","5,941.66","5,941.66","5,941.66","","1.18%"
"03/20/2024","5,872.58","5,872.58","5,872.58","5,872.58","","1.01%"
"03/19/2024","5,814.10","5,814.10","5,814.10","5,814.10","","-1.43%"
"03/18/2024","5,898.24","5,898.24","5,898.24","5,898.24","","-1.17%"
"03/14/2024","5,968.04","5,968.04","5,968.04","5,968.04","","-0.10%"
"03/13/2024","5,974.11","5,974.11","5,974.11","5,974.11","","-0.55%"
"03/12/2024","6,006.88","6,006.88","6,006.88","6,006.88","","-0.85%"
"03/11/2024","6,058.39","6,058.39","6,058.39","6,058.39","","-0.89%"
"03/07/2024","6,112.76","6,112.76","6,112.76","6,112.76","","-0.87%"
"03/06/2024","6,166.14","6,166.14","6,166.14","6,166.14","","0.57%"
"03/05/2024","6,131.14","6,131.14","6,131.14","6,131.14","","-0.71%"
"03/04/2024","6,175.25","6,175.25","6,175.25","6,175.25","","-1.27%"
"02/29/2024","6,254.54","6,254.54","6,254.54","6,254.54","","-0.22%"
"02/28/2024","6,268.63","6,268.63","6,268.63","6,268.63","","-0.07%"
"02/27/2024","6,272.73","6,272.73","6,272.73","6,272.73","","-0.02%"
"02/22/2024","6,273.96","6,273.96","6,273.96","6,273.96","","0.29%"
"02/20/2024","6,256.13","6,256.13","6,256.13","6,256.13","","-0.05%"
"02/19/2024","6,258.98","6,258.98","6,258.98","6,258.98","","-1.22%"
"02/15/2024","6,336.25","6,336.25","6,336.25","6,336.25","","-0.55%"
"02/14/2024","6,371.54","6,371.54","6,371.54","6,371.54","","-0.36%"
"02/13/2024","6,394.82","6,394.82","6,394.82","6,394.82","","-0.47%"
"02/12/2024","6,424.93","6,424.93","6,424.93","6,424.93","","0.81%"
"02/08/2024","6,373.35","6,373.35","6,373.35","6,373.35","","0.33%"
"02/07/2024","6,352.50","6,352.50","6,352.50","6,352.50","","0.10%"
"02/06/2024","6,346.06","6,346.06","6,346.06","6,346.06","","0.37%"
"02/05/2024","6,322.60","6,322.60","6,322.60","6,322.60","","1.75%"
"02/01/2024","6,213.99","6,213.99","6,213.99","6,213.99","","0.99%"
"01/31/2024","6,153.34","6,153.34","6,153.34","6,153.34","","0.05%"
"01/30/2024","6,150.22","6,150.22","6,150.22","6,150.22","","0.87%"
"01/29/2024","6,097.23","6,097.23","6,097.23","6,097.23","","-0.96%"
"01/25/2024","6,156.41","6,156.41","6,156.41","6,156.41","","-1.13%"
"01/24/2024","6,226.65","6,226.65","6,226.65","6,226.65","","-0.79%"
"01/23/2024","6,276.26","6,276.26","6,276.26","6,276.26","","0.35%"
"01/22/2024","6,254.31","6,254.31","6,254.31","6,254.31","","-1.30%"
"01/18/2024","6,336.76","6,336.76","6,336.76","6,336.76","","-0.15%"
"01/17/2024","6,346.21","6,346.21","6,346.21","6,346.21","","0.23%"
"01/16/2024","6,331.61","6,331.61","6,331.61","6,331.61","","0.21%"
"01/15/2024","6,318.08","6,318.08","6,318.08","6,318.08","","0.26%"
"01/11/2024","6,301.70","6,301.70","6,301.70","6,301.70","","0.26%"
"01/10/2024","6,285.25","6,285.25","6,285.25","6,285.25","","0.28%"
"01/09/2024","6,267.82","6,267.82","6,267.82","6,267.82","","-0.03%"
"01/08/2024","6,269.51","6,269.51","6,269.51","6,269.51","","0.41%"
"01/04/2024","6,244.17","6,244.17","6,244.17","6,244.17","","0.13%"
"01/03/2024","6,236.07","6,236.07","6,236.07","6,236.07","","0.04%"
"01/02/2024","6,233.42","6,233.42","6,233.42","6,233.42","","-0.15%"
"01/01/2024","6,242.87","6,242.87","6,242.87","6,242.87","","-0.06%"
"12/28/2023","6,246.50","6,246.50","6,246.50","6,246.50","","0.04%"
"12/27/2023","6,243.88","6,243.88","6,243.88","6,243.88","","-0.02%"
"12/26/2023","6,245.24","6,245.24","6,245.24","6,245.24","","-0.06%"
"12/21/2023","6,249.29","6,249.29","6,249.29","6,249.29","","-0.20%"
"12/20/2023","6,261.99","6,261.99","6,261.99","6,261.99","","0.02%"
"12/19/2023","6,261.03","6,261.03","6,261.03","6,261.03","","0.16%"
"12/18/2023","6,251.17","6,251.17","6,251.17","6,251.17","","-0.25%"
"12/14/2023","6,266.85","6,266.85","6,266.85","6,266.85","","0.06%"
"12/13/2023","6,262.87","6,262.87","6,262.87","6,262.87","","-0.02%"
"12/12/2023","6,263.87","6,263.87","6,263.87","6,263.87","","-0.01%"
"12/11/2023","6,264.35","6,264.35","6,264.35","6,264.35","","0.19%"
"12/07/2023","6,252.56","6,252.56","6,252.56","6,252.56","","0.03%"
"12/06/2023","6,250.47","6,250.47","6,250.47","6,250.47","","0.05%"
"12/05/2023","6,247.57","6,247.57","6,247.57","6,247.57","","0.05%"
"12/04/2023","6,244.40","6,244.40","6,244.40","6,244.40","","0.34%"
"11/30/2023","6,223.03","6,223.03","6,223.03","6,223.03","","0.07%"
"11/29/2023","6,218.54","6,218.54","6,218.54","6,218.54","","0.25%"
"11/28/2023","6,202.81","6,202.81","6,202.81","6,202.81","","-0.11%"
"11/27/2023","6,209.44","6,209.44","6,209.44","6,209.44","","-0.39%"
"11/23/2023","6,233.71","6,233.71","6,233.71","6,233.71","","0.15%"
"11/22/2023","6,224.47","6,224.47","6,224.47","6,224.47","","0.04%"
"11/21/2023","6,221.73","6,221.73","6,221.73","6,221.73","","-0.08%"
"11/20/2023","6,226.56","6,226.56","6,226.56","6,226.56","","-0.49%"
"11/16/2023","6,257.15","6,257.15","6,257.15","6,257.15","","-0.02%"
"11/15/2023","6,258.18","6,258.18","6,258.18","6,258.18","","0.20%"
"11/14/2023","6,245.81","6,245.81","6,245.81","6,245.81","","0.00%"
"11/13/2023","6,245.81","6,245.81","6,245.81","6,245.81","","-0.42%"
"11/09/2023","6,271.84","6,271.84","6,271.84","6,271.84","","-0.03%"
"11/08/2023","6,273.77","6,273.77","6,273.77","6,273.77","","-0.05%"
"11/07/2023","6,276.66","6,276.66","6,276.66","6,276.66","","-0.02%"
"11/06/2023","6,277.63","6,277.63","6,277.63","6,277.63","","0.16%"
"11/02/2023","6,267.90","6,267.90","6,267.90","6,267.90","","-0.09%"
"11/01/2023","6,273.72","6,273.72","6,273.72","6,273.72","","-0.08%"
"10/31/2023","6,278.66","6,278.66","6,278.66","6,278.66","","0.03%"
"10/30/2023","6,276.73","6,276.73","6,276.73","6,276.73","","0.01%"
"10/26/2023","6,275.83","6,275.83","6,275.83","6,275.83","","-0.11%"
"10/25/2023","6,282.48","6,282.48","6,282.48","6,282.48","","0.07%"
"10/23/2023","6,277.89","6,277.89","6,277.89","6,277.89","","-0.18%"
"10/19/2023","6,289.01","6,289.01","6,289.01","6,289.01","","0.17%"
"10/18/2023","6,278.51","6,278.51","6,278.51","6,278.51","","0.08%"
"10/17/2023","6,273.71","6,273.71","6,273.71","6,273.71","","0.14%"
"10/16/2023","6,265.16","6,265.16","6,265.16","6,265.16","","-0.07%"
"10/12/2023","6,269.35","6,269.35","6,269.35","6,269.35","","0.21%"
"10/11/2023","6,256.19","6,256.19","6,256.19","6,256.19","","0.14%"
"10/10/2023","6,247.38","6,247.38","6,247.38","6,247.38","","0.29%"
"10/09/2023","6,229.61","6,229.61","6,229.61","6,229.61","","-0.51%"
"10/05/2023","6,261.72","6,261.72","6,261.72","6,261.72","","-0.02%"
"10/04/2023","6,262.79","6,262.79","6,262.79","6,262.79","","0.01%"
"10/03/2023","6,262.44","6,262.44","6,262.44","6,262.44","","-0.17%"
"10/02/2023","6,272.94","6,272.94","6,272.94","6,272.94","","-0.19%"
"09/27/2023","6,284.63","6,284.63","6,284.63","6,284.63","","0.01%"
"09/26/2023","6,283.80","6,283.80","6,283.80","6,283.80","","0.02%"
"09/25/2023","6,282.78","6,282.78","6,282.78","6,282.78","","-0.43%"
"09/21/2023","6,309.75","6,309.75","6,309.75","6,309.75","","-0.01%"
"09/20/2023","6,310.63","6,310.63","6,310.63","6,310.63","","-0.01%"
"09/19/2023","6,311.08","6,311.08","6,311.08","6,311.08","","0.00%"
"09/18/2023","6,310.98","6,310.98","6,310.98","6,310.98","","0.14%"
"09/14/2023","6,302.03","6,302.03","6,302.03","6,302.03","","-0.05%"
"09/13/2023","6,304.88","6,304.88","6,304.88","6,304.88","","0.07%"
"09/12/2023","6,300.56","6,300.56","6,300.56","6,300.56","","0.27%"
"09/11/2023","6,283.86","6,283.86","6,283.86","6,283.86","","-0.37%"
"09/07/2023","6,307.08","6,307.08","6,307.08","6,307.08","","-0.16%"
"09/05/2023","6,316.98","6,316.98","6,316.98","6,316.98","","0.15%"
"09/04/2023","6,307.82","6,307.82","6,307.82","6,307.82","","0.13%"
"08/31/2023","6,299.50","6,299.50","6,299.50","6,299.50","","0.10%"
"08/30/2023","6,293.14","6,293.14","6,293.14","6,293.14","","0.03%"
"08/29/2023","6,290.99","6,290.99","6,290.99","6,290.99","","-0.14%"
"08/28/2023","6,299.66","6,299.66","6,299.66","6,299.66","","0.31%"
"08/24/2023","6,280.09","6,280.09","6,280.09","6,280.09","","0.07%"
"08/23/2023","6,275.75","6,275.75","6,275.75","6,275.75","","-0.20%"
"08/22/2023","6,288.52","6,288.52","6,288.52","6,288.52","","-0.05%"
"08/21/2023","6,291.83","6,291.83","6,291.83","6,291.83","","0.59%"
"08/17/2023","6,254.83","6,254.83","6,254.83","6,254.83","","0.55%"
"08/16/2023","6,220.80","6,220.80","6,220.80","6,220.80","","-0.58%"
"08/14/2023","6,257.14","6,257.14","6,257.14","6,257.14","","-0.64%"
"08/10/2023","6,297.25","6,297.25","6,297.25","6,297.25","","0.00%"
"08/09/2023","6,296.99","6,296.99","6,296.99","6,296.99","","-0.29%"
"08/08/2023","6,315.57","6,315.57","6,315.57","6,315.57","","0.25%"
"08/07/2023","6,299.66","6,299.66","6,299.66","6,299.66","","-0.48%"
"08/03/2023","6,329.86","6,329.86","6,329.86","6,329.86","","-0.21%"
"08/02/2023","6,343.00","6,343.00","6,343.00","6,343.00","","0.07%"
"08/01/2023","6,338.77","6,338.77","6,338.77","6,338.77","","0.22%"
"07/31/2023","6,324.81","6,324.81","6,324.81","6,324.81","","-0.23%"
"07/27/2023","6,339.51","6,339.51","6,339.51","6,339.51","","0.11%"
"07/26/2023","6,332.52","6,332.52","6,332.52","6,332.52","","0.02%"
"07/25/2023","6,331.03","6,331.03","6,331.03","6,331.03","","-0.11%"
"07/24/2023","6,337.89","6,337.89","6,337.89","6,337.89","","-0.44%"
"07/20/2023","6,365.61","6,365.61","6,365.61","6,365.61","","-0.01%"
"07/19/2023","6,366.17","6,366.17","6,366.17","6,366.17","","0.24%"
"07/18/2023","6,351.10","6,351.10","6,351.10","6,351.10","","-0.16%"
"07/17/2023","6,361.16","6,361.16","6,361.16","6,361.16","","0.32%"
"07/13/2023","6,341.10","6,341.10","6,341.10","6,341.10","","0.07%"
"07/12/2023","6,336.79","6,336.79","6,336.79","6,336.79","","0.14%"
"07/11/2023","6,327.99","6,327.99","6,327.99","6,327.99","","0.04%"
"07/10/2023","6,325.20","6,325.20","6,325.20","6,325.20","","-0.15%"
"07/06/2023","6,334.79","6,334.79","6,334.79","6,334.79","","-0.02%"
"07/05/2023","6,336.15","6,336.15","6,336.15","6,336.15","","0.03%"
"07/04/2023","6,334.11","6,334.11","6,334.11","6,334.11","","0.04%"
"07/03/2023","6,331.36","6,331.36","6,331.36","6,331.36","","-0.20%"
"06/26/2023","6,344.09","6,344.09","6,344.09","6,344.09","","0.39%"
"06/22/2023","6,319.25","6,319.25","6,319.25","6,319.25","","0.13%"
"06/21/2023","6,310.96","6,310.96","6,310.96","6,310.96","","0.15%"
"06/20/2023","6,301.80","6,301.80","6,301.80","6,301.80","","-0.20%"
"06/19/2023","6,314.14","6,314.14","6,314.14","6,314.14","","0.54%"
"06/15/2023","6,280.02","6,280.02","6,280.02","6,280.02","","0.08%"
"06/14/2023","6,274.76","6,274.76","6,274.76","6,274.76","","-0.38%"
"06/13/2023","6,298.92","6,298.92","6,298.92","6,298.92","","-0.19%"
"06/12/2023","6,310.60","6,310.60","6,310.60","6,310.60","","-0.66%"
"06/08/2023","6,352.84","6,352.84","6,352.84","6,352.84","","0.22%"
"06/07/2023","6,338.99","6,338.99","6,338.99","6,338.99","","0.36%"
"06/06/2023","6,316.19","6,316.19","6,316.19","6,316.19","","-0.63%"
"06/05/2023","6,356.30","6,356.30","6,356.30","6,356.30","","0.01%"
"06/01/2023","6,355.56","6,355.56","6,355.56","6,355.56","","0.25%"
"05/31/2023","6,339.74","6,339.74","6,339.74","6,339.74","","-0.10%"
"05/30/2023","6,345.78","6,345.78","6,345.78","6,345.78","","0.21%"
"05/29/2023","6,332.74","6,332.74","6,332.74","6,332.74","","0.11%"
"05/25/2023","6,325.73","6,325.73","6,325.73","6,325.73","","0.31%"
"05/24/2023","6,305.90","6,305.90","6,305.90","6,305.90","","0.00%"
"05/23/2023","6,306.19","6,306.19","6,306.19","6,306.19","","0.39%"
"05/22/2023","6,281.65","6,281.65","6,281.65","6,281.65","","-0.14%"
"05/18/2023","6,290.20","6,290.20","6,290.20","6,290.20","","0.14%"
"05/17/2023","6,281.25","6,281.25","6,281.25","6,281.25","","0.06%"
"05/16/2023","6,277.21","6,277.21","6,277.21","6,277.21","","0.27%"
"05/15/2023","6,260.10","6,260.10","6,260.10","6,260.10","","-0.20%"
"05/11/2023","6,272.43","6,272.43","6,272.43","6,272.43","","-0.11%"
"05/10/2023","6,279.11","6,279.11","6,279.11","6,279.11","","0.09%"
"05/09/2023","6,273.60","6,273.60","6,273.60","6,273.60","","0.19%"
"05/08/2023","6,261.63","6,261.63","6,261.63","6,261.63","","-0.12%"
"05/03/2023","6,269.16","6,269.16","6,269.16","6,269.16","","-0.03%"
"05/02/2023","6,270.77","6,270.77","6,270.77","6,270.77","","-0.05%"
"04/27/2023","6,274.06","6,274.06","6,274.06","6,274.06","","0.12%"
"04/26/2023","6,266.36","6,266.36","6,266.36","6,266.36","","0.05%"
"04/25/2023","6,263.52","6,263.52","6,263.52","6,263.52","","0.18%"
"04/24/2023","6,252.16","6,252.16","6,252.16","6,252.16","","0.38%"
"04/18/2023","6,228.65","6,228.65","6,228.65","6,228.65","","0.09%"
"04/17/2023","6,223.06","6,223.06","6,223.06","6,223.06","","0.13%"
"04/13/2023","6,215.18","6,215.18","6,215.18","6,215.18","","0.17%"
"04/12/2023","6,204.88","6,204.88","6,204.88","6,204.88","","0.14%"
"04/11/2023","6,196.49","6,196.49","6,196.49","6,196.49","","-0.08%"
"04/10/2023","6,201.55","6,201.55","6,201.55","6,201.55","","-0.20%"
"04/06/2023","6,214.20","6,214.20","6,214.20","6,214.20","","0.05%"
"04/05/2023","6,211.03","6,211.03","6,211.03","6,211.03","","0.02%"
"04/04/2023","6,209.68","6,209.68","6,209.68","6,209.68","","-0.06%"
"04/03/2023","6,213.45","6,213.45","6,213.45","6,213.45","","0.11%"
"03/30/2023","6,206.80","6,206.80","6,206.80","6,206.80","","0.16%"
"03/29/2023","6,196.75","6,196.75","6,196.75","6,196.75","","0.06%"
"03/28/2023","6,193.08","6,193.08","6,193.08","6,193.08","","-0.17%"
"03/27/2023","6,203.92","6,203.92","6,203.92","6,203.92","","-0.18%"
"03/23/2023","6,215.30","6,215.30","6,215.30","6,215.30","","0.14%"
"03/22/2023","6,206.64","6,206.64","6,206.64","6,206.64","","-0.26%"
"03/21/2023","6,222.90","6,222.90","6,222.90","6,222.90","","0.30%"
"03/20/2023","6,204.18","6,204.18","6,204.18","6,204.18","","-0.26%"
"03/16/2023","6,220.24","6,220.24","6,220.24","6,220.24","","0.11%"
"03/15/2023","6,213.37","6,213.37","6,213.37","6,213.37","","-0.30%"
"03/14/2023","6,231.96","6,231.96","6,231.96","6,231.96","","-0.19%"
"03/13/2023","6,243.57","6,243.57","6,243.57","6,243.57","","-0.27%"
"03/09/2023","6,260.18","6,260.18","6,260.18","6,260.18","","-0.03%"
"03/07/2023","6,262.31","6,262.31","6,262.31","6,262.31","","0.05%"
"03/06/2023","6,259.48","6,259.48","6,259.48","6,259.48","","0.74%"
"03/02/2023","6,213.74","6,213.74","6,213.74","6,213.74","","-0.02%"
"03/01/2023","6,214.69","6,214.69","6,214.69","6,214.69","","-0.04%"
"02/28/2023","6,216.95","6,216.95","6,216.95","6,216.95","","0.29%"
"02/27/2023","6,199.20","6,199.20","6,199.20","6,199.20","","-0.10%"
"02/23/2023","6,205.12","6,205.12","6,205.12","6,205.12","","-0.21%"
"02/22/2023","6,218.30","6,218.30","6,218.30","6,218.30","","-0.01%"
"02/20/2023","6,218.84","6,218.84","6,218.84","6,218.84","","-0.44%"
"02/16/2023","6,246.21","6,246.21","6,246.21","6,246.21","","0.02%"
"02/15/2023","6,245.02","6,245.02","6,245.02","6,245.02","","-0.18%"
"02/14/2023","6,256.17","6,256.17","6,256.17","6,256.17","","-0.23%"
"02/13/2023","6,270.87","6,270.87","6,270.87","6,270.87","","-0.20%"
"02/09/2023","6,283.31","6,283.31","6,283.31","6,283.31","","-0.20%"
"02/08/2023","6,295.66","6,295.66","6,295.66","6,295.66","","0.16%"
"02/07/2023","6,285.40","6,285.40","6,285.40","6,285.40","","0.07%"
"02/06/2023","6,280.72","6,280.72","6,280.72","6,280.72","","-0.22%"
"02/02/2023","6,294.73","6,294.73","6,294.73","6,294.73","","0.28%"
"02/01/2023","6,277.18","6,277.18","6,277.18","6,277.18","","0.16%"
"01/31/2023","6,267.05","6,267.05","6,267.05","6,267.05","","-0.19%"
"01/30/2023","6,278.84","6,278.84","6,278.84","6,278.84","","-0.28%"
"01/26/2023","6,296.26","6,296.26","6,296.26","6,296.26","","0.05%"
"01/25/2023","6,293.40","6,293.40","6,293.40","6,293.40","","0.03%"
"01/24/2023","6,291.30","6,291.30","6,291.30","6,291.30","","0.44%"
"01/23/2023","6,263.51","6,263.51","6,263.51","6,263.51","","-0.03%"
"01/19/2023","6,265.44","6,265.44","6,265.44","6,265.44","","0.12%"
"01/18/2023","6,258.17","6,258.17","6,258.17","6,258.17","","-0.38%"
"01/17/2023","6,281.74","6,281.74","6,281.74","6,281.74","","0.57%"
"01/16/2023","6,246.07","6,246.07","6,246.07","6,246.07","","0.62%"
"01/12/2023","6,207.29","6,207.29","6,207.29","6,207.29","","-0.04%"
"01/11/2023","6,209.52","6,209.52","6,209.52","6,209.52","","0.07%"
"01/10/2023","6,205.28","6,205.28","6,205.28","6,205.28","","0.22%"
"01/09/2023","6,191.55","6,191.55","6,191.55","6,191.55","","-0.04%"
"01/05/2023","6,193.96","6,193.96","6,193.96","6,193.96","","-0.14%"
"01/04/2023","6,202.63","6,202.63","6,202.63","6,202.63","","0.28%"
"01/03/2023","6,185.06","6,185.06","6,185.06","6,185.06","","0.12%"
"01/02/2023","6,177.88","6,177.88","6,177.88","6,177.88","","-0.47%"
"12/29/2022","6,206.81","6,206.81","6,206.81","6,206.81","","0.18%"
"12/28/2022","6,195.82","6,195.82","6,195.82","6,195.82","","0.25%"
"12/27/2022","6,180.27","6,180.27","6,180.27","6,180.27","","-0.15%"
"12/26/2022","6,189.70","6,189.70","6,189.70","6,189.70","","-0.20%"
"12/22/2022","6,202.21","6,202.21","6,202.21","6,202.21","","0.05%"
"12/21/2022","6,198.82","6,198.82","6,198.82","6,198.82","","-0.44%"
"12/20/2022","6,226.50","6,226.50","6,226.50","6,226.50","","-0.20%"
"12/19/2022","6,238.99","6,238.99","6,238.99","6,238.99","","-0.29%"
"12/15/2022","6,256.83","6,256.83","6,256.83","6,256.83","","-0.06%"
"12/14/2022","6,260.77","6,260.77","6,260.77","6,260.77","","-0.17%"
"12/13/2022","6,271.41","6,271.41","6,271.41","6,271.41","","0.07%"
"12/12/2022","6,266.96","6,266.96","6,266.96","6,266.96","","0.63%"
"12/08/2022","6,227.82","6,227.82","6,227.82","6,227.82","","-0.09%"
"12/07/2022","6,233.68","6,233.68","6,233.68","6,233.68","","0.07%"
"12/06/2022","6,229.01","6,229.01","6,229.01","6,229.01","","0.26%"
"12/05/2022","6,212.55","6,212.55","6,212.55","6,212.55","","-0.53%"
"12/01/2022","6,245.38","6,245.38","6,245.38","6,245.38","","0.15%"
"11/30/2022","6,235.95","6,235.95","6,235.95","6,235.95","","0.38%"
"11/29/2022","6,212.46","6,212.46","6,212.46","6,212.46","","0.23%"
"11/28/2022","6,197.94","6,197.94","6,197.94","6,197.94","","-0.28%"
"11/24/2022","6,215.12","6,215.12","6,215.12","6,215.12","","0.12%"
"11/23/2022","6,207.73","6,207.73","6,207.73","6,207.73","","-0.37%"
"11/22/2022","6,230.51","6,230.51","6,230.51","6,230.51","","0.64%"
"11/21/2022","6,190.99","6,190.99","6,190.99","6,190.99","","-1.20%"
"11/17/2022","6,265.99","6,265.99","6,265.99","6,265.99","","0.20%"
"11/16/2022","6,253.35","6,253.35","6,253.35","6,253.35","","0.56%"
"11/15/2022","6,218.32","6,218.32","6,218.32","6,218.32","","-0.56%"
"11/14/2022","6,253.49","6,253.49","6,253.49","6,253.49","","-1.58%"
"11/10/2022","6,353.77","6,353.77","6,353.77","6,353.77","","0.06%"
"11/09/2022","6,350.14","6,350.14","6,350.14","6,350.14","","-0.53%"
"11/08/2022","6,384.10","6,384.10","6,384.10","6,384.10","","-0.14%"
"11/07/2022","6,393.03","6,393.03","6,393.03","6,393.03","","-0.28%"
"11/03/2022","6,410.67","6,410.67","6,410.67","6,410.67","","0.35%"
"11/02/2022","6,388.56","6,388.56","6,388.56","6,388.56","","0.56%"
"11/01/2022","6,352.90","6,352.90","6,352.90","6,352.90","","0.72%"
"10/31/2022","6,307.34","6,307.34","6,307.34","6,307.34","","-1.11%"
"10/27/2022","6,378.00","6,378.00","6,378.00","6,378.00","","0.53%"
"10/26/2022","6,344.35","6,344.35","6,344.35","6,344.35","","0.26%"
"10/25/2022","6,328.20","6,328.20","6,328.20","6,328.20","","0.27%"
"10/24/2022","6,311.38","6,311.38","6,311.38","6,311.38","","-1.27%"
"10/20/2022","6,392.30","6,392.30","6,392.30","6,392.30","","0.03%"
"10/19/2022","6,390.18","6,390.18","6,390.18","6,390.18","","-0.16%"
"10/18/2022","6,400.71","6,400.71","6,400.71","6,400.71","","-0.19%"
"10/17/2022","6,413.02","6,413.02","6,413.02","6,413.02","","-1.25%"
"10/13/2022","6,494.25","6,494.25","6,494.25","6,494.25","","-0.10%"
"10/12/2022","6,500.85","6,500.85","6,500.85","6,500.85","","0.79%"
"10/11/2022","6,449.92","6,449.92","6,449.92","6,449.92","","0.00%"
"10/10/2022","6,449.63","6,449.63","6,449.63","6,449.63","","-1.82%"
"10/06/2022","6,569.51","6,569.51","6,569.51","6,569.51","","0.38%"
"10/04/2022","6,544.83","6,544.83","6,544.83","6,544.83","","0.41%"
"10/03/2022","6,518.35","6,518.35","6,518.35","6,518.35","","0.05%"
"09/29/2022","6,515.11","6,515.11","6,515.11","6,515.11","","0.29%"
"09/28/2022","6,496.39","6,496.39","6,496.39","6,496.39","","0.11%"
"09/27/2022","6,489.05","6,489.05","6,489.05","6,489.05","","-0.34%"
"09/26/2022","6,510.98","6,510.98","6,510.98","6,510.98","","-0.81%"
"09/22/2022","6,564.00","6,564.00","6,564.00","6,564.00","","0.19%"
"09/21/2022","6,551.44","6,551.44","6,551.44","6,551.44","","-0.69%"
"09/20/2022","6,596.66","6,596.66","6,596.66","6,596.66","","-0.06%"
"09/19/2022","6,600.88","6,600.88","6,600.88","6,600.88","","1.32%"
"09/15/2022","6,515.01","6,515.01","6,515.01","6,515.01","","0.43%"
"09/14/2022","6,487.18","6,487.18","6,487.18","6,487.18","","-0.77%"
"09/13/2022","6,537.60","6,537.60","6,537.60","6,537.60","","0.14%"
"09/12/2022","6,528.31","6,528.31","6,528.31","6,528.31","","-0.48%"
"09/08/2022","6,560.02","6,560.02","6,560.02","6,560.02","","0.19%"
"09/07/2022","6,547.46","6,547.46","6,547.46","6,547.46","","1.18%"
"09/06/2022","6,471.00","6,471.00","6,471.00","6,471.00","","0.62%"
"09/05/2022","6,431.35","6,431.35","6,431.35","6,431.35","","-1.19%"
"09/01/2022","6,508.61","6,508.61","6,508.61","6,508.61","","0.80%"
"08/31/2022","6,457.22","6,457.22","6,457.22","6,457.22","","0.38%"
"08/30/2022","6,432.83","6,432.83","6,432.83","6,432.83","","0.39%"
"08/29/2022","6,407.98","6,407.98","6,407.98","6,407.98","","0.83%"
"08/25/2022","6,355.07","6,355.07","6,355.07","6,355.07","","1.19%"
"08/24/2022","6,280.35","6,280.35","6,280.35","6,280.35","","-0.56%"
"08/23/2022","6,315.83","6,315.83","6,315.83","6,315.83","","0.25%"
"08/22/2022","6,300.14","6,300.14","6,300.14","6,300.14","","0.94%"
"08/17/2022","6,241.44","6,241.44","6,241.44","6,241.44","","0.25%"
"08/16/2022","6,225.91","6,225.91","6,225.91","6,225.91","","1.25%"
"08/11/2022","6,148.77","6,148.77","6,148.77","6,148.77","","-0.52%"
"08/10/2022","6,180.90","6,180.90","6,180.90","6,180.90","","-1.25%"
"08/08/2022","6,258.95","6,258.95","6,258.95","6,258.95","","-0.84%"
"08/04/2022","6,312.25","6,312.25","6,312.25","6,312.25","","0.19%"
"08/03/2022","6,300.11","6,300.11","6,300.11","6,300.11","","0.81%"
"08/02/2022","6,249.23","6,249.23","6,249.23","6,249.23","","1.38%"
"08/01/2022","6,163.99","6,163.99","6,163.99","6,163.99","","3.07%"
"07/28/2022","5,980.51","5,980.51","5,980.51","5,980.51","","-0.95%"
"07/27/2022","6,038.00","6,038.00","6,038.00","6,038.00","","-1.21%"
"07/26/2022","6,112.25","6,112.25","6,112.25","6,112.25","","0.48%"
"07/25/2022","6,082.90","6,082.90","6,082.90","6,082.90","","-0.71%"
"07/21/2022","6,126.52","6,126.52","6,126.52","6,126.52","","-0.20%"
"07/20/2022","6,138.79","6,138.79","6,138.79","6,138.79","","-0.23%"
"07/19/2022","6,153.18","6,153.18","6,153.18","6,153.18","","-1.02%"
"07/18/2022","6,216.89","6,216.89","6,216.89","6,216.89","","-1.70%"
"07/14/2022","6,324.50","6,324.50","6,324.50","6,324.50","","0.00%"
"07/13/2022","6,324.81","6,324.81","6,324.81","6,324.81","","-0.48%"
"07/12/2022","6,355.49","6,355.49","6,355.49","6,355.49","","-0.18%"
"07/07/2022","6,366.95","6,364.07","6,386.49","6,360.75","","0.01%"
"07/06/2022","6,366.05","6,384.20","6,400.41","6,360.97","","-0.10%"
"07/05/2022","6,372.13","6,358.16","6,399.71","6,358.16","","0.40%"
"07/04/2022","6,346.88","6,353.68","6,367.23","6,339.13","","-0.20%"
"07/03/2022","6,359.77","6,381.49","6,387.24","6,352.58","","-0.27%"
"06/30/2022","6,376.94","6,350.60","6,387.86","6,349.87","","0.42%"
"06/29/2022","6,350.46","6,353.58","6,370.62","6,342.45","","0.12%"
"06/28/2022","6,342.59","6,330.87","6,354.27","6,330.87","","0.35%"
"06/27/2022","6,320.33","6,298.80","6,324.63","6,291.96","","0.31%"
"06/26/2022","6,301.08","6,313.73","6,316.50","6,297.14","","-0.42%"
"06/23/2022","6,327.65","6,331.83","6,369.31","6,318.44","","0.16%"
"06/22/2022","6,317.80","6,323.51","6,329.50","6,299.23","","0.10%"
"06/21/2022","6,311.65","6,362.44","6,362.44","6,310.88","","-0.72%"
"06/20/2022","6,357.38","6,415.64","6,417.79","6,347.03","","-0.78%"
"06/19/2022","6,407.37","6,432.77","6,460.64","6,397.44","","-0.29%"
"06/16/2022","6,425.73","6,404.34","6,432.07","6,396.03","","0.80%"
"06/15/2022","6,374.51","6,377.23","6,416.54","6,366.19","","0.21%"
"06/14/2022","6,361.39","6,405.74","6,411.21","6,357.43","","-0.48%"
"06/13/2022","6,391.99","6,431.82","6,442.85","6,391.99","","-0.61%"
"06/12/2022","6,431.46","6,481.38","6,481.38","6,422.47","","-0.75%"
"06/09/2022","6,480.30","6,492.70","6,512.68","6,476.07","","-0.06%"
"06/08/2022","6,484.24","6,472.38","6,500.25","6,469.15","","0.24%"
"06/07/2022","6,468.60","6,498.87","6,499.26","6,457.34","","-0.32%"
"06/06/2022","6,489.17","6,503.79","6,524.88","6,486.35","","-0.13%"
"06/05/2022","6,497.39","6,471.88","6,507.73","6,460.41","","0.71%"
"06/02/2022","6,451.53","6,430.44","6,490.91","6,430.44","","0.29%"
"06/01/2022","6,433.17","6,412.15","6,438.17","6,411.34","","0.63%"
"05/31/2022","6,392.85","6,392.20","6,409.69","6,367.55","","0.07%"
"05/30/2022","6,388.65","6,383.23","6,426.84","6,365.04","","0.30%"
"05/29/2022","6,369.33","6,279.35","6,375.88","6,279.35","","2.11%"
"05/26/2022","6,237.97","6,188.20","6,249.40","6,172.32","","0.81%"
"05/25/2022","6,187.64","6,210.36","6,216.15","6,139.65","","-0.38%"
"05/24/2022","6,211.46","6,270.59","6,305.93","6,190.23","","-0.80%"
"05/23/2022","6,261.54","6,213.96","6,286.64","6,213.96","","1.93%"
"05/22/2022","6,142.68","6,268.07","6,291.72","6,133.44","","-1.85%"
"05/19/2022","6,258.24","6,262.07","6,262.54","6,252.45","","-0.82%"
"05/18/2022","6,309.91","6,403.57","6,447.05","6,262.07","","-1.46%"
"05/17/2022","6,403.50","6,431.37","6,484.37","6,318.89","","-0.43%"
"05/16/2022","6,430.93","6,430.93","6,430.93","6,430.93","","-2.05%"
"05/12/2022","6,565.47","6,591.95","6,606.18","6,554.12","","-0.40%"
"05/11/2022","6,591.99","6,665.50","6,676.39","6,585.53","","-1.10%"
"05/10/2022","6,665.61","6,708.04","6,726.06","6,653.74","","-0.48%"
"05/09/2022","6,698.08","6,669.57","6,704.57","6,669.57","","0.43%"
"05/08/2022","6,669.41","6,652.93","6,672.82","6,651.69","","0.40%"
"05/05/2022","6,643.16","6,631.01","6,647.40","6,629.54","","-0.19%"
"04/28/2022","6,655.66","6,655.66","6,655.66","6,655.66","","-0.33%"
"04/27/2022","6,677.64","6,677.59","6,691.71","6,670.92","","0.00%"
"04/26/2022","6,677.56","6,667.11","6,685.70","6,652.82","","0.16%"
"04/25/2022","6,666.91","6,683.20","6,683.20","6,635.24","","-0.24%"
"04/24/2022","6,683.23","6,662.41","6,720.39","6,662.41","","0.31%"
"04/21/2022","6,662.36","6,606.58","6,670.73","6,606.58","","0.85%"
"04/20/2022","6,606.41","6,530.24","6,618.10","6,530.24","","1.17%"
"04/19/2022","6,530.06","6,464.44","6,544.73","6,422.46","","0.74%"
"04/18/2022","6,482.38","6,554.52","6,554.52","6,471.05","","-1.11%"
"04/17/2022","6,554.87","6,585.03","6,611.36","6,549.71","","-0.46%"
"04/13/2022","6,584.97","6,574.09","6,592.30","6,515.88","","0.17%"
"04/12/2022","6,574.07","6,638.63","6,647.20","6,567.28","","-0.97%"
"04/11/2022","6,638.56","6,662.47","6,677.72","6,636.95","","-0.36%"
"04/10/2022","6,662.45","6,641.23","6,673.59","6,635.92","","0.32%"
"04/07/2022","6,641.23","6,637.23","6,652.47","6,634.08","","-0.32%"
"04/06/2022","6,662.48","6,694.30","6,700.71","6,652.45","","-0.48%"
"04/05/2022","6,694.30","6,718.91","6,718.91","6,684.41","","-0.37%"
"04/04/2022","6,718.91","6,771.91","6,774.59","6,713.25","","-0.78%"
"04/03/2022","6,771.91","6,757.83","6,789.90","6,757.83","","0.21%"
"03/31/2022","6,757.83","6,753.76","6,766.10","6,730.32","","0.06%"
"03/30/2022","6,753.76","6,765.30","6,784.81","6,752.27","","-0.17%"
"03/29/2022","6,765.30","6,758.16","6,783.48","6,758.16","","0.11%"
"03/28/2022","6,758.16","6,741.55","6,772.47","6,741.44","","0.25%"
"03/27/2022","6,741.55","6,752.87","6,765.30","6,738.66","","-0.17%"
"03/24/2022","6,752.87","6,750.40","6,764.31","6,733.04","","0.04%"
"03/23/2022","6,750.40","6,771.66","6,807.47","6,745.04","","-0.31%"
"03/22/2022","6,771.66","6,691.77","6,783.25","6,691.70","","1.19%"
"03/21/2022","6,691.77","6,698.04","6,711.83","6,652.65","","-0.09%"
"03/20/2022","6,698.04","6,765.58","6,774.56","6,690.25","","-1.00%"
"03/16/2022","6,765.58","6,765.47","6,788.55","6,761.14","","0.00%"
"03/15/2022","6,765.47","6,763.93","6,783.34","6,749.32","","0.02%"
"03/14/2022","6,763.93","6,765.73","6,789.59","6,745.81","","-0.03%"
"03/13/2022","6,765.73","6,668.14","6,773.11","6,668.14","","1.46%"
"03/10/2022","6,668.14","6,630.02","6,740.80","6,629.94","","0.57%"
"03/09/2022","6,630.02","6,474.28","6,646.45","6,474.28","","2.41%"
"03/08/2022","6,474.28","6,456.51","6,498.70","6,318.61","","0.28%"
"03/07/2022","6,456.51","6,638.63","6,647.18","6,454.01","","-2.74%"
"03/06/2022","6,638.63","6,696.52","6,711.47","6,633.57","","-0.86%"
"03/03/2022","6,696.52","6,699.83","6,712.47","6,647.54","","-0.05%"
"03/02/2022","6,699.83","6,753.78","6,773.02","6,672.69","","-0.80%"
"03/01/2022","6,753.78","6,739.44","6,821.15","6,739.12","","0.21%"
"02/28/2022","6,739.44","6,676.14","6,764.89","6,676.14","","0.95%"
"02/27/2022","6,676.14","6,839.44","6,839.57","6,663.95","","-2.39%"
"02/24/2022","6,839.44","6,948.67","6,970.22","6,830.99","","-1.57%"
"02/23/2022","6,948.67","6,917.90","6,962.63","6,917.90","","0.44%"
"02/22/2022","6,917.90","6,926.62","6,956.39","6,895.31","","-0.13%"
"02/21/2022","6,926.62","6,926.62","6,926.62","6,926.62","","-0.93%"
"02/17/2022","6,991.35","7,043.69","7,049.87","6,978.98","","-0.74%"
"02/16/2022","7,043.69","7,036.77","7,077.72","7,036.77","","0.10%"
"02/15/2022","7,036.77","7,060.73","7,066.75","7,033.09","","-0.34%"
"02/14/2022","7,060.73","7,089.52","7,118.40","7,051.69","","-0.41%"
"02/13/2022","7,089.52","7,085.94","7,114.20","7,080.97","","0.05%"
"02/10/2022","7,085.94","7,081.38","7,100.97","7,078.52","","0.06%"
"02/09/2022","7,081.38","7,072.78","7,098.46","7,065.62","","0.12%"
"02/08/2022","7,072.78","7,051.80","7,085.24","7,051.65","","0.30%"
"02/07/2022","7,051.80","7,064.29","7,107.92","7,043.70","","-0.18%"
"02/06/2022","7,064.29","7,023.52","7,082.58","7,023.52","","0.58%"
"02/03/2022","7,023.52","7,016.75","7,036.42","6,996.95","","0.10%"
"02/02/2022","7,016.75","6,997.60","7,056.94","6,997.56","","0.27%"
"02/01/2022","6,997.60","6,926.29","7,007.15","6,926.29","","1.03%"
"01/31/2022","6,926.29","6,991.55","7,007.55","6,924.25","","-0.93%"
"01/30/2022","6,991.55","7,027.55","7,052.68","6,986.96","","-0.51%"
"01/27/2022","7,027.55","7,032.44","7,060.64","7,025.01","","-0.07%"
"01/26/2022","7,032.44","7,032.57","7,072.29","7,032.44","","0.00%"
"01/25/2022","7,032.57","7,019.25","7,078.73","7,019.25","","0.19%"
"01/24/2022","7,019.25","7,073.00","7,101.56","7,015.16","","-0.76%"
"01/23/2022","7,073.00","7,105.69","7,133.79","7,069.06","","-0.46%"
"01/20/2022","7,105.69","7,089.43","7,136.31","7,089.43","","0.23%"
"01/19/2022","7,089.43","7,055.70","7,098.42","7,055.70","","0.48%"
"01/18/2022","7,055.70","7,055.27","7,104.18","7,055.27","","0.01%"
"01/17/2022","7,055.27","7,019.59","7,066.82","7,019.59","","0.51%"
"01/16/2022","7,019.59","7,017.22","7,072.96","7,017.22","","0.03%"
"01/13/2022","7,017.22","6,996.06","7,036.14","6,994.96","","0.30%"
"01/12/2022","6,996.06","7,049.15","7,090.39","6,988.66","","-0.75%"
"01/11/2022","7,049.15","6,994.15","7,098.52","6,994.15","","0.79%"
"01/10/2022","6,994.15","6,932.61","7,000.26","6,927.08","","0.10%"
"01/06/2022","6,987.45","6,929.93","7,003.89","6,929.84","","0.83%"
"01/05/2022","6,929.93","6,892.99","6,947.42","6,892.99","","0.54%"
"01/04/2022","6,892.99","6,882.30","6,899.37","6,853.70","","0.16%"
"01/03/2022","6,882.30","6,853.13","6,923.44","6,853.13","","0.43%"
"01/02/2022","6,853.13","6,756.65","6,861.39","6,756.65","","1.43%"
"12/30/2021","6,756.65","6,731.14","6,761.65","6,731.14","","0.38%"
"12/29/2021","6,731.14","6,742.63","6,777.83","6,721.72","","-0.17%"
"12/28/2021","6,742.63","6,669.21","6,748.37","6,669.21","","1.10%"
"12/27/2021","6,669.21","6,629.87","6,694.15","6,629.87","","0.59%"
"12/26/2021","6,629.87","6,702.61","6,717.22","6,610.17","","-1.09%"
"12/23/2021","6,702.61","6,754.44","6,767.48","6,700.07","","-0.77%"
"12/22/2021","6,754.44","6,757.25","6,790.91","6,751.50","","-0.04%"
"12/21/2021","6,757.25","6,736.55","6,792.20","6,736.55","","0.31%"
"12/20/2021","6,736.55","6,783.19","6,794.14","6,716.55","","-0.69%"
"12/19/2021","6,783.19","6,868.17","6,872.82","6,774.61","","-1.24%"
"12/15/2021","6,868.17","6,837.80","6,876.97","6,824.63","","0.44%"
"12/14/2021","6,837.80","6,882.02","6,923.43","6,835.37","","-0.64%"
"12/13/2021","6,882.02","6,920.35","6,929.96","6,855.76","","-0.55%"
"12/12/2021","6,920.35","6,984.74","7,021.18","6,915.24","","-0.92%"
"12/09/2021","6,984.74","6,952.13","7,022.95","6,952.13","","0.47%"
"12/08/2021","6,952.13","7,048.99","7,052.02","6,946.62","","-1.37%"
"12/07/2021","7,048.99","6,978.53","7,055.46","6,978.53","","1.01%"
"12/06/2021","6,978.53","6,965.63","6,985.73","6,939.05","","0.19%"
"12/05/2021","6,965.63","6,936.20","6,984.17","6,931.19","","0.42%"
"12/02/2021","6,936.20","6,847.00","6,948.06","6,758.29","","1.30%"
"12/01/2021","6,847.00","6,703.25","6,857.88","6,703.25","","2.14%"
"11/30/2021","6,703.25","6,795.51","6,850.81","6,699.16","","-1.36%"
"11/29/2021","6,795.51","6,773.89","6,843.65","6,773.57","","0.32%"
"11/28/2021","6,773.89","6,852.08","6,871.09","6,768.39","","-1.14%"
"11/25/2021","6,852.08","6,917.91","6,922.81","6,845.61","","-0.95%"
"11/24/2021","6,917.91","7,013.00","7,058.33","6,916.79","","-1.36%"
"11/23/2021","7,013.00","7,022.29","7,082.45","6,995.98","","-0.13%"
"11/22/2021","7,022.29","7,085.67","7,097.20","7,019.22","","-0.89%"
"11/21/2021","7,085.67","7,091.81","7,134.75","7,080.72","","-0.09%"
"11/18/2021","7,091.81","7,060.77","7,100.37","7,045.25","","0.44%"
"11/17/2021","7,060.77","7,056.57","7,093.71","7,020.80","","0.06%"
"11/16/2021","7,056.57","6,941.36","7,066.72","6,941.36","","1.66%"
"11/15/2021","6,941.36","6,930.07","6,992.10","6,918.85","","0.16%"
"11/14/2021","6,930.07","6,995.92","7,024.05","6,922.83","","-0.94%"
"11/11/2021","6,995.92","6,982.18","7,051.94","6,982.14","","0.20%"
"11/10/2021","6,982.18","6,868.08","6,991.24","6,868.08","","1.66%"
"11/09/2021","6,868.08","6,799.64","6,885.73","6,799.64","","1.01%"
"11/08/2021","6,799.64","6,855.87","6,885.19","6,785.20","","-0.82%"
"11/07/2021","6,855.87","6,906.71","6,950.46","6,850.98","","-0.74%"
"11/04/2021","6,906.71","6,898.27","6,931.89","6,863.78","","0.12%"
"11/03/2021","6,898.27","6,954.35","6,984.08","6,894.30","","-0.81%"
"11/02/2021","6,954.35","6,998.03","7,028.38","6,948.71","","-0.62%"
"11/01/2021","6,998.03","7,000.94","7,039.49","6,984.93","","-0.04%"
"10/31/2021","7,000.94","7,062.35","7,090.48","6,994.83","","-0.87%"
"10/28/2021","7,062.35","7,011.88","7,067.48","7,003.91","","0.72%"
"10/27/2021","7,011.88","7,005.78","7,065.95","6,993.14","","0.09%"
"10/26/2021","7,005.78","6,885.29","7,015.34","6,856.99","","1.75%"
"10/25/2021","6,885.29","7,005.70","7,005.70","6,841.29","","-1.72%"
"10/24/2021","7,005.70","7,076.23","7,138.48","6,994.41","","-1.00%"
"10/21/2021","7,076.23","7,020.61","7,096.48","6,986.64","","0.79%"
"10/19/2021","7,020.61","7,097.27","7,186.36","7,009.05","","-1.08%"
"10/18/2021","7,097.27","7,186.46","7,203.59","7,057.91","","-1.24%"
"10/17/2021","7,186.46","7,243.26","7,283.89","7,170.76","","-0.78%"
"10/14/2021","7,243.26","7,248.44","7,267.90","7,195.10","","-0.07%"
"10/13/2021","7,248.44","7,313.98","7,347.76","7,241.97","","-0.90%"
"10/12/2021","7,313.98","7,345.57","7,374.54","7,303.18","","-0.43%"
"10/11/2021","7,345.57","7,367.99","7,410.62","7,344.90","","-0.30%"
"10/10/2021","7,367.99","7,342.96","7,398.04","7,341.26","","0.34%"
"10/07/2021","7,342.96","7,351.04","7,402.48","7,323.70","","-0.11%"
"10/06/2021","7,351.04","7,331.39","7,406.98","7,331.39","","0.27%"
"10/05/2021","7,331.39","7,327.54","7,358.89","7,277.34","","0.05%"
"10/04/2021","7,327.54","7,356.04","7,402.80","7,322.19","","-0.39%"
"10/03/2021","7,356.04","7,329.03","7,381.91","7,329.03","","0.37%"
"09/30/2021","7,329.03","7,302.85","7,344.05","7,302.85","","0.36%"
"09/29/2021","7,302.85","7,297.24","7,331.23","7,294.59","","0.08%"
"09/28/2021","7,297.24","7,251.71","7,306.37","7,251.69","","0.63%"
"09/27/2021","7,251.71","7,237.14","7,281.78","7,237.14","","0.20%"
"09/26/2021","7,237.14","7,250.60","7,278.67","7,233.41","","-0.19%"
"09/23/2021","7,250.60","7,241.84","7,273.47","7,237.81","","0.12%"
"09/22/2021","7,241.84","7,258.57","7,306.76","7,239.94","","-0.23%"
"09/21/2021","7,258.57","7,205.82","7,275.71","7,205.82","","0.73%"
"09/20/2021","7,205.82","7,191.80","7,241.41","7,191.80","","0.19%"
"09/19/2021","7,191.80","7,228.31","7,256.25","7,187.41","","-0.51%"
"09/16/2021","7,228.31","7,196.55","7,274.74","7,196.55","","0.44%"
"09/15/2021","7,196.55","7,140.50","7,203.65","7,104.10","","0.78%"
"09/14/2021","7,140.50","7,218.05","7,261.81","7,135.85","","-1.07%"
"09/13/2021","7,218.05","7,202.09","7,252.10","7,171.10","","0.22%"
"09/12/2021","7,202.09","7,258.74","7,334.41","7,198.73","","-0.78%"
"09/09/2021","7,258.74","7,196.32","7,275.79","7,171.40","","0.87%"
"09/08/2021","7,196.32","7,140.87","7,207.22","7,140.87","","0.78%"
"09/07/2021","7,140.87","7,075.49","7,154.18","7,075.49","","0.92%"
"09/06/2021","7,075.49","7,052.82","7,090.74","7,045.83","","0.32%"
"09/05/2021","7,052.82","7,057.22","7,059.09","7,049.26","","1.03%"
"09/02/2021","6,981.05","6,916.38","6,991.66","6,916.38","","0.94%"
"09/01/2021","6,916.38","6,869.24","6,939.23","6,869.24","","0.69%"
"08/31/2021","6,869.24","6,823.60","6,884.16","6,823.60","","0.67%"
"08/29/2021","6,823.60","6,851.32","6,874.69","6,819.21","","-0.40%"
"08/26/2021","6,851.32","6,878.75","6,897.66","6,845.40","","-0.40%"
"08/25/2021","6,878.75","6,884.67","6,923.00","6,873.22","","-0.09%"
"08/24/2021","6,884.67","6,862.41","6,903.03","6,858.96","","0.32%"
"08/23/2021","6,862.41","6,842.23","6,886.69","6,842.23","","0.29%"
"08/22/2021","6,842.23","6,760.61","6,858.58","6,760.61","","1.21%"
"08/19/2021","6,760.61","6,771.84","6,780.69","6,726.16","","-0.17%"
"08/18/2021","6,771.84","6,787.16","6,821.75","6,766.31","","-0.23%"
"08/17/2021","6,787.16","6,748.92","6,796.78","6,748.92","","0.57%"
"08/16/2021","6,748.92","6,699.39","6,752.70","6,698.45","","0.74%"
"08/12/2021","6,699.39","6,623.31","6,705.89","6,623.31","","1.15%"
"08/11/2021","6,623.31","6,617.83","6,654.08","6,540.69","","0.08%"
"08/10/2021","6,617.83","6,628.14","6,667.32","6,610.39","","-0.16%"
"08/09/2021","6,628.14","6,596.07","6,633.22","6,523.46","","0.49%"
"08/05/2021","6,596.07","6,535.87","6,600.72","6,535.87","","0.92%"
"08/03/2021","6,535.87","6,481.56","6,546.86","6,481.56","","0.84%"
"08/02/2021","6,481.56","6,425.25","6,489.05","6,425.25","","0.88%"
"07/29/2021","6,425.25","6,417.19","6,438.16","6,405.91","","0.13%"
"07/28/2021","6,417.19","6,379.67","6,422.13","6,379.67","","0.59%"
"07/27/2021","6,379.67","6,404.03","6,417.04","6,375.04","","-0.38%"
"07/26/2021","6,404.03","6,424.21","6,447.20","6,389.27","","-0.31%"
"07/25/2021","6,424.21","6,425.27","6,430.90","6,424.21","","0.30%"
"07/19/2021","6,405.04","6,365.11","6,407.20","6,351.33","","0.92%"
"07/18/2021","6,346.52","6,307.35","6,347.86","6,307.35","","0.62%"
"07/15/2021","6,307.35","6,273.33","6,310.23","6,273.33","","0.54%"
"07/14/2021","6,273.33","6,266.01","6,295.98","6,256.59","","0.12%"
"07/13/2021","6,266.01","6,208.39","6,275.01","6,208.39","","0.93%"
"07/12/2021","6,208.39","6,212.76","6,234.40","6,196.76","","-0.07%"
"07/08/2021","6,212.76","6,177.21","6,216.28","6,168.36","","0.58%"
"07/07/2021","6,177.21","6,196.57","6,235.78","6,168.47","","-0.31%"
"07/06/2021","6,196.57","6,219.94","6,239.66","6,187.72","","-0.38%"
"07/05/2021","6,219.94","6,150.48","6,226.01","6,150.48","","1.13%"
"07/04/2021","6,150.48","6,150.48","6,150.48","6,150.48","","0.00%"
"06/30/2021","6,150.48","6,042.49","6,156.59","6,042.49","","1.79%"
"06/29/2021","6,042.49","6,026.64","6,068.08","6,010.87","","0.26%"
"06/28/2021","6,026.64","5,992.73","6,055.98","5,992.73","","0.57%"
"06/27/2021","5,992.73","6,092.83","6,092.83","5,982.68","","-1.64%"
"06/24/2021","6,092.83","6,035.84","6,094.80","6,000.92","","0.94%"
"06/23/2021","6,035.84","6,105.73","6,124.64","6,028.90","","-1.14%"
"06/22/2021","6,105.73","6,125.41","6,144.76","6,094.29","","-0.32%"
"06/21/2021","6,125.41","6,069.40","6,141.15","6,069.40","","0.92%"
"06/20/2021","6,069.40","6,052.75","6,071.92","6,010.45","","0.28%"
"06/17/2021","6,052.75","6,051.73","6,094.28","6,047.58","","0.02%"
"06/16/2021","6,051.73","6,022.31","6,071.00","6,022.31","","0.49%"
"06/15/2021","6,022.31","6,013.61","6,048.06","6,013.61","","0.14%"
"06/14/2021","6,013.61","6,036.05","6,062.24","5,985.85","","-0.37%"
"06/13/2021","6,036.05","6,066.64","6,098.51","6,026.03","","-0.50%"
"06/10/2021","6,066.64","6,055.05","6,111.84","6,055.05","","0.19%"
"06/09/2021","6,055.05","6,023.15","6,094.72","6,023.15","","0.53%"
"06/08/2021","6,023.15","5,975.89","6,035.84","5,938.98","","0.79%"
"06/07/2021","5,975.89","6,038.29","6,062.55","5,954.60","","-1.03%"
"06/06/2021","6,038.29","6,053.42","6,084.32","6,030.75","","-0.25%"
"06/03/2021","6,053.42","6,019.00","6,074.58","6,019.00","","0.57%"
"06/02/2021","6,019.00","5,993.33","6,022.94","5,972.83","","0.43%"
"06/01/2021","5,993.33","5,990.98","6,040.08","5,990.19","","0.04%"
"05/31/2021","5,990.98","6,008.69","6,021.31","5,959.83","","-0.29%"
"05/30/2021","6,008.69","5,985.81","6,039.12","5,972.68","","0.38%"
"05/27/2021","5,985.81","5,884.78","5,988.52","5,884.78","","1.72%"
"05/25/2021","5,884.78","5,842.91","5,891.21","5,842.91","","0.72%"
"05/24/2021","5,842.91","5,787.59","5,853.67","5,787.59","","0.96%"
"05/23/2021","5,787.59","5,813.06","5,832.14","5,775.26","","-0.44%"
"05/20/2021","5,813.06","5,873.13","5,901.58","5,807.10","","-1.02%"
"05/19/2021","5,873.13","5,829.23","5,907.01","5,829.23","","0.75%"
"05/18/2021","5,829.23","5,840.08","5,862.34","5,806.83","","-0.19%"
"05/17/2021","5,840.08","5,813.16","5,861.43","5,809.14","","0.46%"
"05/16/2021","5,813.16","5,750.49","5,818.32","5,750.49","","1.09%"
"05/12/2021","5,750.49","5,724.36","5,754.16","5,706.56","","0.46%"
"05/11/2021","5,724.36","5,645.69","5,727.69","5,645.69","","1.39%"
"05/09/2021","5,645.69","5,606.01","5,649.19","5,582.42","","0.71%"
"05/06/2021","5,606.01","5,588.83","5,625.91","5,588.83","","0.31%"
"05/05/2021","5,588.83","5,556.50","5,601.93","5,556.50","","0.96%"
"05/04/2021","5,535.48","5,511.36","5,543.61","5,511.27","","0.44%"
"05/03/2021","5,511.36","5,517.01","5,546.12","5,504.86","","-0.10%"
"05/02/2021","5,517.01","5,479.61","5,524.00","5,479.61","","0.68%"
"04/29/2021","5,479.61","5,461.34","5,498.84","5,461.34","","0.33%"
"04/28/2021","5,461.34","5,422.38","5,465.33","5,413.12","","0.72%"
"04/27/2021","5,422.38","5,485.86","5,485.91","5,413.01","","-1.16%"
"04/26/2021","5,485.86","5,498.21","5,525.58","5,475.65","","-0.22%"
"04/25/2021","5,498.21","5,435.03","5,508.83","5,435.03","","1.16%"
"04/22/2021","5,435.03","5,423.22","5,440.96","5,414.42","","0.22%"
"04/21/2021","5,423.22","5,421.78","5,456.64","5,417.04","","0.03%"
"04/20/2021","5,421.78","5,349.91","5,431.46","5,348.72","","1.34%"
"04/19/2021","5,349.91","5,331.42","5,354.87","5,324.52","","0.35%"
"04/18/2021","5,331.42","5,310.18","5,337.20","5,293.23","","0.40%"
"04/15/2021","5,310.18","5,258.50","5,313.95","5,258.50","","0.98%"
"04/13/2021","5,258.50","5,188.27","5,269.68","5,158.36","","1.35%"
"04/12/2021","5,188.27","5,164.69","5,220.93","5,164.69","","0.46%"
"04/11/2021","5,164.69","5,254.77","5,254.77","5,150.25","","-1.71%"
"04/08/2021","5,254.77","5,337.33","5,337.33","5,245.93","","-1.55%"
"04/07/2021","5,337.33","5,281.37","5,360.38","5,281.37","","1.06%"
"04/06/2021","5,281.37","5,177.48","5,305.68","5,177.48","","2.01%"
"04/05/2021","5,177.48","5,088.98","5,184.01","5,088.98","","1.74%"
"04/04/2021","5,088.98","5,270.53","5,270.53","5,080.40","","-3.44%"
"04/01/2021","5,270.53","5,278.16","5,285.99","5,208.70","","-0.14%"
"03/31/2021","5,278.16","5,373.12","5,373.32","5,270.61","","-1.77%"
"03/29/2021","5,373.12","5,343.94","5,399.36","5,343.94","","0.55%"
"03/28/2021","5,343.94","5,327.21","5,353.33","5,321.99","","0.31%"
"03/25/2021","5,327.21","5,330.12","5,355.81","5,306.78","","-0.05%"
"03/24/2021","5,330.12","5,413.73","5,413.73","5,322.52","","-1.54%"
"03/23/2021","5,413.73","5,412.19","5,451.92","5,400.68","","0.03%"
"03/22/2021","5,412.19","5,349.77","5,418.69","5,289.81","","1.17%"
"03/21/2021","5,349.77","5,434.69","5,434.69","5,337.38","","-1.56%"
"03/18/2021","5,434.69","5,516.40","5,516.40","5,414.96","","-1.48%"
"03/16/2021","5,516.40","5,532.97","5,572.42","5,503.38","","-0.30%"
"03/15/2021","5,532.97","5,519.15","5,542.76","5,510.16","","0.25%"
"03/14/2021","5,519.15","5,568.85","5,591.30","5,515.73","","-0.89%"
"03/11/2021","5,568.85","5,563.66","5,594.22","5,557.57","","0.09%"
"03/10/2021","5,563.66","5,591.38","5,602.77","5,547.40","","-0.50%"
"03/09/2021","5,591.38","5,604.38","5,616.63","5,584.51","","-0.23%"
"03/08/2021","5,604.38","5,584.29","5,614.91","5,583.91","","0.36%"
"03/07/2021","5,584.29","5,515.78","5,589.78","5,515.78","","1.24%"
"03/04/2021","5,515.78","5,488.07","5,523.41","5,488.07","","0.50%"
"03/03/2021","5,488.07","5,508.26","5,537.70","5,479.38","","-0.37%"
"03/02/2021","5,508.26","5,426.82","5,515.43","5,426.82","","1.50%"
"03/01/2021","5,426.82","5,404.79","5,433.79","5,384.22","","0.41%"
"02/28/2021","5,404.79","5,416.39","5,452.70","5,399.32","","-0.21%"
"02/25/2021","5,416.39","5,385.64","5,437.50","5,372.74","","0.57%"
"02/24/2021","5,385.64","5,317.71","5,398.03","5,317.71","","1.28%"
"02/23/2021","5,317.71","5,385.21","5,406.26","5,313.22","","-1.25%"
"02/22/2021","5,385.21","5,475.98","5,482.56","5,376.64","","-1.66%"
"02/18/2021","5,475.98","5,503.67","5,518.21","5,475.62","","-0.50%"
"02/17/2021","5,503.67","5,527.39","5,548.58","5,493.67","","-0.43%"
"02/16/2021","5,527.39","5,545.09","5,597.79","5,521.32","","-0.32%"
"02/15/2021","5,545.09","5,447.64","5,553.28","5,447.64","","1.79%"
"02/14/2021","5,447.64","5,485.01","5,511.04","5,419.46","","-0.68%"
"02/11/2021","5,485.01","5,509.40","5,542.69","5,458.17","","-0.44%"
"02/10/2021","5,509.40","5,498.54","5,565.81","5,498.54","","0.20%"
"02/09/2021","5,498.54","5,376.45","5,504.84","5,375.65","","2.27%"
"02/08/2021","5,376.45","5,504.78","5,522.38","5,353.35","","-2.33%"
"02/07/2021","5,504.78","5,647.67","5,666.62","5,497.65","","-2.53%"
"02/04/2021","5,647.67","5,581.86","5,655.82","5,581.86","","1.18%"
"02/03/2021","5,581.86","5,564.69","5,605.90","5,547.14","","0.31%"
"02/02/2021","5,564.69","5,599.80","5,619.91","5,555.90","","-0.63%"
"02/01/2021","5,599.80","5,649.86","5,684.58","5,599.02","","-0.89%"
"01/31/2021","5,649.86","5,724.35","5,756.99","5,648.14","","-1.30%"
"01/28/2021","5,724.35","5,714.74","5,786.30","5,713.89","","0.17%"
"01/27/2021","5,714.74","5,695.37","5,748.87","5,688.88","","0.34%"
"01/26/2021","5,695.37","5,789.92","5,789.92","5,685.70","","-1.63%"
"01/25/2021","5,789.92","5,815.54","5,844.37","5,762.93","","-0.44%"
"01/24/2021","5,815.54","5,836.18","5,853.46","5,809.38","","-0.35%"
"01/21/2021","5,836.18","5,827.56","5,861.49","5,825.20","","0.15%"
"01/20/2021","5,827.56","5,820.80","5,861.88","5,806.73","","0.12%"
"01/19/2021","5,820.80","5,801.72","5,863.30","5,789.50","","0.33%"
"01/18/2021","5,801.72","5,850.43","5,874.47","5,725.67","","-0.83%"
"01/17/2021","5,850.43","5,909.30","5,971.79","5,836.21","","-1.00%"
"01/14/2021","5,909.30","5,770.00","5,939.59","5,770.00","","2.41%"
"01/13/2021","5,770.00","5,861.02","5,861.02","5,758.88","","-1.55%"
"01/12/2021","5,861.02","5,718.75","5,863.50","5,718.75","","2.49%"
"01/11/2021","5,718.75","5,634.04","5,729.70","5,634.04","","1.50%"
"01/10/2021","5,634.04","5,621.76","5,678.65","5,616.35","","0.22%"
"01/07/2021","5,621.76","5,640.19","5,716.37","5,608.46","","-0.33%"
"01/06/2021","5,640.19","5,609.70","5,654.23","5,558.08","","0.54%"
"01/05/2021","5,609.70","5,652.32","5,831.83","5,596.24","","-0.75%"
"01/04/2021","5,652.32","5,618.95","5,680.62","5,574.20","","0.59%"
"01/03/2021","5,618.95","5,402.06","5,622.22","5,402.06","","4.01%"
"12/30/2020","5,402.06","5,358.25","5,407.10","5,358.25","","0.82%"
"12/29/2020","5,358.25","5,344.01","5,379.75","5,334.93","","0.27%"
"12/28/2020","5,344.01","5,328.27","5,352.45","5,297.59","","0.30%"
"12/27/2020","5,328.27","5,326.64","5,332.96","5,326.52","","2.11%"
"12/24/2020","5,218.36","5,133.29","5,223.51","5,133.10","","1.66%"
"12/23/2020","5,133.29","5,098.48","5,133.80","5,088.26","","0.68%"
"12/22/2020","5,098.48","5,115.19","5,125.47","5,098.48","","-0.33%"
"12/21/2020","5,115.19","5,074.58","5,119.94","5,074.58","","0.80%"
"12/20/2020","5,074.58","5,108.03","5,115.15","5,062.70","","-0.65%"
"12/17/2020","5,108.03","5,123.06","5,135.38","5,099.36","","-0.29%"
"12/15/2020","5,123.06","5,147.02","5,182.64","5,120.58","","-0.47%"
"12/14/2020","5,147.02","5,126.43","5,161.02","5,122.17","","0.40%"
"12/13/2020","5,126.43","5,094.66","5,129.66","5,086.56","","0.62%"
"12/10/2020","5,094.66","5,069.88","5,101.73","5,069.88","","0.49%"
"12/09/2020","5,069.88","5,049.80","5,074.38","5,041.98","","0.40%"
"12/08/2020","5,049.80","5,053.49","5,066.42","5,036.28","","-0.07%"
"12/07/2020","5,053.49","5,024.38","5,064.58","5,024.38","","0.58%"
"12/06/2020","5,024.38","4,974.83","5,026.32","4,974.83","","1.00%"
"12/03/2020","4,974.83","4,934.86","4,976.56","4,934.82","","0.81%"
"12/02/2020","4,934.86","4,903.95","4,940.30","4,903.95","","0.63%"
"12/01/2020","4,903.95","4,866.84","4,912.56","4,866.84","","0.76%"
"11/30/2020","4,866.84","4,881.82","4,886.29","4,863.24","","-0.31%"
"11/29/2020","4,881.82","4,869.09","4,889.68","4,866.42","","0.26%"
"11/26/2020","4,869.09","4,861.87","4,879.49","4,859.90","","0.15%"
"11/25/2020","4,861.87","4,833.19","4,865.56","4,833.19","","0.59%"
"11/24/2020","4,833.19","4,817.70","4,847.24","4,817.70","","0.32%"
"11/23/2020","4,817.70","4,845.09","4,845.09","4,780.04","","-0.57%"
"11/22/2020","4,845.09","4,851.96","4,853.84","4,843.20","","-0.71%"
"11/19/2020","4,879.96","4,887.12","4,902.73","4,873.95","","-0.15%"
"11/18/2020","4,887.12","4,905.09","4,916.71","4,877.31","","-0.37%"
"11/17/2020","4,905.09","4,871.41","4,909.02","4,864.84","","0.69%"
"11/16/2020","4,871.41","4,867.73","4,881.55","4,862.77","","0.08%"
"11/15/2020","4,867.73","4,905.03","4,919.41","4,864.54","","-0.76%"
"11/12/2020","4,905.03","4,883.69","4,905.27","4,878.39","","0.44%"
"11/11/2020","4,883.69","4,899.64","4,902.78","4,873.10","","-0.33%"
"11/10/2020","4,899.64","4,928.07","4,939.32","4,894.90","","-0.58%"
"11/09/2020","4,928.07","4,923.65","4,937.59","4,917.48","","0.09%"
"11/08/2020","4,923.65","4,942.12","4,954.82","4,921.14","","-0.37%"
"11/05/2020","4,942.12","4,919.60","4,958.67","4,919.60","","0.46%"
"11/04/2020","4,919.60","4,928.01","4,945.02","4,902.59","","-0.17%"
"11/03/2020","4,928.01","4,918.38","4,954.65","4,918.38","","0.20%"
"11/02/2020","4,918.38","4,896.68","4,944.47","4,896.68","","0.44%"
"11/01/2020","4,896.68","4,846.10","4,903.55","4,846.10","","1.04%"
"10/29/2020","4,846.10","4,838.52","4,867.99","4,824.86","","0.16%"
"10/28/2020","4,838.52","4,867.96","4,878.07","4,811.45","","-0.60%"
"10/27/2020","4,867.96","4,892.01","4,908.18","4,861.69","","-0.49%"
"10/25/2020","4,892.01","4,914.03","4,926.36","4,886.70","","-0.45%"
"10/22/2020","4,914.03","4,916.85","4,934.31","4,898.92","","-0.06%"
"10/21/2020","4,916.85","4,917.25","4,934.54","4,908.82","","-0.01%"
"10/20/2020","4,917.25","4,902.15","4,945.67","4,902.15","","0.31%"
"10/19/2020","4,902.15","4,877.65","4,905.95","4,856.72","","0.50%"
"10/18/2020","4,877.65","4,872.29","4,918.73","4,871.34","","0.11%"
"10/15/2020","4,872.29","4,839.05","4,878.29","4,839.05","","0.69%"
"10/14/2020","4,839.05","4,839.85","4,886.12","4,827.90","","-0.02%"
"10/13/2020","4,839.85","4,809.70","4,869.98","4,803.58","","0.63%"
"10/12/2020","4,809.70","4,858.36","4,864.71","4,804.95","","-1.00%"
"10/11/2020","4,858.36","4,916.97","4,928.67","4,852.46","","-1.19%"
"10/08/2020","4,916.97","4,934.46","4,955.01","4,910.10","","-0.35%"
"10/07/2020","4,934.46","4,928.86","4,957.94","4,928.86","","0.11%"
"10/06/2020","4,928.86","4,946.67","4,954.91","4,918.98","","-0.36%"
"10/05/2020","4,946.67","4,997.99","5,009.17","4,942.61","","-1.03%"
"10/04/2020","4,997.99","4,995.31","5,014.25","4,980.26","","0.05%"
"10/01/2020","4,995.31","4,963.29","5,002.82","4,963.29","","0.65%"
"09/30/2020","4,963.29","4,982.37","4,995.83","4,961.19","","-0.38%"
"09/29/2020","4,982.37","5,003.62","5,027.86","4,978.26","","-0.42%"
"09/28/2020","5,003.62","4,971.61","5,029.44","4,971.61","","0.64%"
"09/27/2020","4,971.61","4,978.77","5,016.00","4,953.73","","-0.14%"
"09/24/2020","4,978.77","4,972.13","4,999.76","4,964.48","","0.13%"
"09/23/2020","4,972.13","4,970.10","5,029.92","4,964.95","","0.04%"
"09/22/2020","4,970.10","5,012.12","5,017.29","4,957.07","","-0.84%"
"09/21/2020","5,012.12","5,088.87","5,103.23","5,004.57","","-1.51%"
"09/20/2020","5,088.87","5,104.65","5,131.05","5,083.33","","-0.31%"
"09/17/2020","5,104.65","5,116.81","5,134.89","5,098.06","","-0.24%"
"09/16/2020","5,116.81","5,100.54","5,128.40","5,100.54","","0.32%"
"09/15/2020","5,100.54","5,092.14","5,101.66","5,074.35","","0.16%"
"09/14/2020","5,092.14","5,094.05","5,127.17","5,072.86","","-0.04%"
"09/13/2020","5,094.05","5,105.97","5,105.97","5,091.33","","1.65%"
"09/10/2020","5,011.29","4,971.68","5,016.51","4,971.68","","0.80%"
"09/09/2020","4,971.68","4,978.32","4,999.77","4,957.81","","-0.13%"
"09/08/2020","4,978.32","4,959.18","4,990.42","4,959.18","","0.39%"
"09/07/2020","4,959.18","4,948.56","4,983.23","4,940.32","","0.21%"
"09/06/2020","4,948.56","4,927.82","4,967.95","4,927.82","","0.42%"
"09/03/2020","4,927.82","4,891.53","4,947.09","4,891.53","","0.74%"
"09/02/2020","4,891.53","4,878.67","4,900.03","4,855.56","","0.60%"
"09/01/2020","4,862.22","4,879.14","4,909.64","4,839.97","","-0.35%"
"08/31/2020","4,879.14","4,873.17","4,946.69","4,873.17","","0.12%"
"08/27/2020","4,873.17","4,827.57","4,884.31","4,827.57","","0.94%"
"08/26/2020","4,827.57","4,781.57","4,838.35","4,781.57","","0.96%"
"08/25/2020","4,781.57","4,762.43","4,812.80","4,759.54","","0.40%"
"08/24/2020","4,762.43","4,794.92","4,814.83","4,713.40","","-0.68%"
"08/23/2020","4,794.92","4,794.06","4,849.55","4,788.19","","0.02%"
"08/20/2020","4,794.06","4,790.67","4,819.66","4,771.37","","0.10%"
"08/19/2020","4,789.37","4,720.10","4,846.03","4,720.10","","1.47%"
"08/18/2020","4,720.10","4,785.04","4,813.38","4,686.55","","-1.36%"
"08/17/2020","4,785.04","4,859.48","4,952.85","4,780.57","","-1.53%"
"08/16/2020","4,859.48","4,703.32","4,863.69","4,703.32","","3.32%"
"08/13/2020","4,703.32","4,633.37","4,739.67","4,633.37","","1.51%"
"08/12/2020","4,633.37","4,533.05","4,639.57","4,533.05","","2.21%"
"08/10/2020","4,533.05","4,545.15","4,579.98","4,510.88","","-0.27%"
"08/09/2020","4,545.15","4,364.83","4,557.18","4,364.83","","4.13%"
"08/06/2020","4,364.83","4,307.15","4,368.34","4,307.15","","1.34%"
"08/05/2020","4,307.15","4,299.10","4,327.98","4,294.33","","0.19%"
"08/04/2020","4,299.10","4,271.81","4,300.82","4,257.97","","0.64%"
"08/03/2020","4,271.81","4,214.42","4,273.65","4,214.42","","1.36%"
"07/30/2020","4,214.42","4,171.20","4,218.49","4,169.64","","1.04%"
"07/29/2020","4,171.20","4,156.54","4,176.06","4,150.20","","0.35%"
"07/28/2020","4,156.54","4,145.38","4,160.81","4,143.44","","0.27%"
"07/27/2020","4,145.38","4,129.07","4,146.28","4,123.49","","0.40%"
"07/26/2020","4,129.07","4,080.93","4,130.25","4,080.87","","1.18%"
"07/23/2020","4,080.93","4,076.79","4,081.56","4,073.81","","0.10%"
"07/22/2020","4,076.79","4,085.79","4,088.44","4,070.93","","-0.22%"
"07/21/2020","4,085.79","4,074.09","4,086.83","4,069.54","","0.38%"
"07/20/2020","4,070.15","4,050.64","4,073.76","4,041.38","","0.48%"
"07/19/2020","4,050.64","4,043.97","4,051.94","4,039.58","","-0.45%"
"07/16/2020","4,069.11","4,068.27","4,071.75","4,058.43","","-0.24%"
"07/15/2020","4,079.07","4,082.14","4,088.25","4,073.42","","-0.08%"
"07/14/2020","4,082.14","4,089.51","4,095.92","4,073.21","","-0.18%"
"07/13/2020","4,089.51","4,099.42","4,111.27","4,073.26","","-0.24%"
"07/12/2020","4,099.42","4,077.82","4,102.75","4,077.82","","0.93%"
"07/09/2020","4,061.56","4,034.65","4,063.23","4,034.65","","0.67%"
"07/08/2020","4,034.65","4,001.81","4,037.77","4,001.81","","0.82%"
"07/07/2020","4,001.81","3,994.65","4,003.71","3,994.65","","0.18%"
"07/06/2020","3,994.65","3,981.52","3,998.02","3,977.36","","0.33%"
"07/05/2020","3,981.52","3,986.73","3,986.73","3,977.10","","-0.13%"
"07/02/2020","3,986.73","3,989.08","3,989.08","3,978.92","","-0.06%"
"06/30/2020","3,989.08","3,981.64","3,989.53","3,979.72","","0.19%"
"06/29/2020","3,981.64","3,974.22","3,983.06","3,974.22","","0.19%"
"06/28/2020","3,974.22","3,969.28","3,976.14","3,965.55","","0.12%"
"06/25/2020","3,969.28","3,964.83","3,970.22","3,964.83","","0.11%"
"06/24/2020","3,964.83","3,963.35","3,966.34","3,961.56","","0.04%"
"06/23/2020","3,963.35","3,962.04","3,965.26","3,960.97","","0.03%"
"06/22/2020","3,962.04","3,962.98","3,963.70","3,959.90","","-0.02%"
"06/21/2020","3,962.98","3,960.57","3,963.14","3,959.66","","0.06%"
"06/18/2020","3,960.57","3,961.90","3,961.90","3,958.16","","-0.03%"
"06/17/2020","3,961.90","3,960.65","3,963.92","3,958.33","","0.03%"
"06/16/2020","3,960.65","3,958.36","3,963.62","3,954.32","","0.06%"
"06/15/2020","3,958.36","3,964.28","3,964.28","3,957.92","","-0.15%"
"06/14/2020","3,964.28","3,967.31","3,971.13","3,962.93","","-0.08%"
"06/11/2020","3,967.31","3,968.26","3,969.47","3,963.62","","0.01%"
"06/10/2020","3,966.75","3,962.37","3,967.97","3,959.59","","0.11%"
"06/09/2020","3,962.37","3,956.10","3,962.37","3,956.10","","0.16%"
"06/08/2020","3,956.10","3,961.51","3,961.61","3,955.71","","-0.14%"
"06/07/2020","3,961.51","3,953.38","3,962.69","3,953.38","","0.21%"
"06/04/2020","3,953.38","3,963.40","3,963.40","3,952.47","","-0.25%"
"06/03/2020","3,963.40","3,969.58","3,973.25","3,961.80","","-0.16%"
"06/02/2020","3,969.58","3,999.49","3,999.49","3,965.27","","-0.75%"
"06/01/2020","3,999.49","4,060.44","4,102.76","3,991.79","","-1.50%"
"05/31/2020","4,060.44","4,008.28","4,060.44","3,998.43","","1.30%"
"03/29/2020","4,008.28","4,008.28","4,008.28","4,008.28","","0.00%"
"03/25/2020","4,008.28","3,976.56","4,013.75","3,976.56","","0.80%"
"03/24/2020","3,976.56","3,984.75","3,985.72","3,962.76","","-0.21%"
"03/23/2020","3,984.75","3,960.17","3,987.17","3,960.17","","0.62%"
"03/22/2020","3,960.17","3,974.96","3,980.14","3,949.80","","-0.37%"
"03/19/2020","3,974.96","3,603.95","3,976.23","3,603.95","","10.29%"
"03/18/2020","3,603.95","3,838.84","3,844.63","3,593.15","","-4.47%"
"03/16/2020","3,772.55","3,969.31","4,028.58","3,760.39","","-4.96%"
"03/15/2020","3,969.31","4,129.96","4,129.96","3,897.62","","-3.89%"
"03/12/2020","4,129.96","4,231.48","4,238.06","4,105.97","","-2.40%"
"03/11/2020","4,231.48","4,156.32","4,254.08","4,156.32","","1.81%"
"03/10/2020","4,156.32","4,008.05","4,167.85","4,002.11","","3.70%"
"03/09/2020","4,008.05","4,287.38","4,287.38","3,998.39","","-6.52%"
"03/08/2020","4,287.38","4,384.48","4,393.78","4,283.05","","-2.21%"
"03/05/2020","4,384.48","4,409.62","4,425.73","4,378.18","","-0.57%"
"03/04/2020","4,409.62","4,466.07","4,511.25","4,407.18","","-1.26%"
"03/03/2020","4,466.07","4,434.81","4,508.00","4,434.81","","0.70%"
"03/02/2020","4,434.81","4,409.91","4,460.06","4,387.81","","0.56%"
"03/01/2020","4,409.91","4,480.22","4,483.31","4,372.75","","-1.57%"
"02/27/2020","4,480.22","4,549.11","4,575.85","4,476.50","","-1.51%"
"02/26/2020","4,549.11","4,621.19","4,643.90","4,541.04","","-1.56%"
"02/25/2020","4,621.19","4,650.89","4,662.64","4,612.38","","-0.64%"
"02/24/2020","4,650.89","4,698.89","4,708.58","4,647.37","","-1.02%"
"02/23/2020","4,698.89","4,698.89","4,698.89","4,698.89","","-0.72%"
"02/20/2020","4,733.14","4,758.00","4,784.14","4,729.31","","-0.52%"
"02/19/2020","4,758.00","4,740.40","4,777.98","4,705.82","","0.37%"
"02/18/2020","4,740.40","4,768.13","4,826.57","4,732.17","","-0.58%"
"02/17/2020","4,768.13","4,734.15","4,776.87","4,705.12","","0.72%"
"02/16/2020","4,734.15","4,564.61","4,742.71","4,564.61","","3.71%"
"02/13/2020","4,564.61","4,480.83","4,569.72","4,480.83","","1.87%"
"02/12/2020","4,480.83","4,471.51","4,506.71","4,470.92","","0.21%"
"02/11/2020","4,471.51","4,385.54","4,492.26","4,385.54","","1.96%"
"02/10/2020","4,385.54","4,388.75","4,421.40","4,374.67","","-0.07%"
"02/09/2020","4,388.75","4,452.96","4,462.10","4,384.36","","-1.44%"
"02/06/2020","4,452.96","4,465.89","4,477.49","4,447.55","","-0.29%"
"02/05/2020","4,465.89","4,479.40","4,483.35","4,443.74","","-0.30%"
"02/04/2020","4,479.40","4,506.87","4,526.95","4,473.74","","-0.61%"
"02/03/2020","4,506.87","4,481.51","4,511.44","4,481.51","","0.57%"
"02/02/2020","4,481.51","4,469.65","4,497.02","4,469.07","","0.27%"
"01/30/2020","4,469.65","4,481.79","4,497.83","4,457.77","","-0.27%"
"01/29/2020","4,481.79","4,510.77","4,528.67","4,478.33","","-0.64%"
"01/28/2020","4,510.77","4,493.01","4,515.37","4,484.69","","0.40%"
"01/27/2020","4,493.01","4,528.20","4,531.45","4,469.43","","-0.78%"
"01/26/2020","4,528.20","4,513.89","4,549.79","4,503.79","","0.32%"
"01/23/2020","4,513.89","4,440.29","4,519.84","4,440.29","","1.66%"
"01/22/2020","4,440.29","4,408.10","4,446.05","4,407.28","","0.73%"
"01/21/2020","4,408.10","4,434.24","4,445.86","4,380.76","","-0.65%"
"01/20/2020","4,436.79","4,382.06","4,467.52","4,382.06","","1.25%"
"01/19/2020","4,382.06","4,149.82","4,384.80","4,149.82","","5.60%"
"01/16/2020","4,149.82","4,068.20","4,161.75","4,066.64","","2.01%"
"01/15/2020","4,068.20","4,036.23","4,119.47","4,036.23","","0.79%"
"01/14/2020","4,036.23","4,123.48","4,123.87","4,009.70","","-2.12%"
"01/13/2020","4,123.48","4,212.44","4,217.49","4,111.61","","-2.11%"
"01/12/2020","4,212.44","4,197.39","4,241.73","4,197.39","","0.36%"
"01/09/2020","4,197.39","4,228.36","4,235.49","4,187.48","","-0.73%"
"01/08/2020","4,228.36","4,281.43","4,317.66","4,224.49","","-1.24%"
"01/07/2020","4,281.43","4,331.95","4,348.33","4,272.58","","-1.17%"
"01/06/2020","4,331.95","4,400.14","4,414.44","4,320.83","","-1.55%"
"01/05/2020","4,400.14","4,459.29","4,465.04","4,399.60","","-1.33%"
"01/02/2020","4,459.29","4,453.29","4,480.39","4,453.29","","0.13%"
"01/01/2020","4,453.29","4,453.29","4,453.29","4,453.29","","0.01%"
"12/30/2019","4,452.93","4,452.93","4,452.93","4,452.93","","0.43%"
"12/29/2019","4,433.94","4,433.94","4,433.94","4,433.94","","0.34%"
"12/26/2019","4,418.83","4,418.83","4,418.83","4,418.83","","0.64%"
"12/24/2019","4,390.67","4,390.67","4,390.67","4,390.67","","-0.09%"
"12/23/2019","4,394.44","4,394.44","4,394.44","4,394.44","","-0.82%"
"12/22/2019","4,430.95","4,430.95","4,430.95","4,430.95","","-0.58%"
"12/19/2019","4,456.83","4,456.83","4,456.83","4,456.83","","0.88%"
"12/18/2019","4,417.95","4,417.95","4,417.95","4,417.95","","-0.04%"
"12/17/2019","4,419.82","4,419.82","4,419.82","4,419.82","","-1.75%"
"12/15/2019","4,498.49","4,498.49","4,498.49","4,498.49","","-0.35%"
"12/12/2019","4,514.44","4,514.44","4,514.44","4,514.44","","0.05%"
"12/11/2019","4,512.39","4,512.39","4,512.39","4,512.39","","0.12%"
"12/10/2019","4,506.93","4,506.93","4,506.93","4,506.93","","-0.59%"
"12/09/2019","4,533.75","4,533.75","4,533.75","4,533.75","","-1.35%"
"12/08/2019","4,596.00","4,596.00","4,596.00","4,596.00","","-1.61%"
"12/05/2019","4,671.33","4,671.33","4,671.33","4,671.33","","-0.67%"
"12/04/2019","4,702.98","4,702.98","4,702.98","4,702.98","","0.12%"
"12/03/2019","4,697.35","4,697.35","4,697.35","4,697.35","","-0.79%"
"12/02/2019","4,734.59","4,734.59","4,734.59","4,734.59","","-0.51%"
"12/01/2019","4,758.81","4,758.81","4,758.81","4,758.81","","0.58%"
"11/28/2019","4,731.43","4,731.43","4,731.43","4,731.43","","0.02%"
"11/27/2019","4,730.34","4,730.34","4,730.34","4,730.34","","0.17%"
"11/26/2019","4,722.30","4,722.30","4,722.30","4,722.30","","0.61%"
"11/25/2019","4,693.62","4,693.62","4,693.62","4,693.62","","0.11%"
"11/24/2019","4,688.42","4,688.42","4,688.42","4,688.42","","-0.39%"
"11/21/2019","4,706.66","4,706.66","4,706.66","4,706.66","","0.31%"
"11/20/2019","4,691.93","4,691.93","4,691.93","4,691.93","","-0.64%"
"11/19/2019","4,722.37","4,722.37","4,722.37","4,722.37","","0.01%"
"11/18/2019","4,722.01","4,722.01","4,722.01","4,722.01","","0.10%"
"11/17/2019","4,717.39","4,717.39","4,717.39","4,717.39","","0.15%"
"11/14/2019","4,710.36","4,710.36","4,710.36","4,710.36","","-0.57%"
"11/13/2019","4,737.17","4,737.17","4,737.17","4,737.17","","-0.88%"
"11/12/2019","4,779.18","4,779.18","4,779.18","4,779.18","","-0.05%"
"11/11/2019","4,781.47","4,781.47","4,781.47","4,781.47","","0.20%"
"11/07/2019","4,771.91","4,771.91","4,771.91","4,771.91","","0.36%"
"11/06/2019","4,754.69","4,754.69","4,754.69","4,754.69","","1.08%"
"11/05/2019","4,703.70","4,703.70","4,703.70","4,703.70","","0.54%"
"11/04/2019","4,678.36","4,678.36","4,678.36","4,678.36","","-0.72%"
"11/03/2019","4,712.08","4,712.08","4,712.08","4,712.08","","0.62%"
"10/31/2019","4,682.90","4,682.90","4,682.90","4,682.90","","-0.01%"
"10/30/2019","4,683.20","4,683.20","4,683.20","4,683.20","","0.27%"
"10/29/2019","4,670.74","4,670.74","4,670.74","4,670.74","","-0.61%"
"10/28/2019","4,699.22","4,699.22","4,699.22","4,699.22","","-1.12%"
"10/27/2019","4,752.64","4,752.64","4,752.64","4,752.64","","-0.41%"
"10/24/2019","4,772.00","4,772.00","4,772.00","4,772.00","","0.96%"
"10/23/2019","4,726.62","4,726.62","4,726.62","4,726.62","","0.38%"
"10/22/2019","4,708.68","4,708.68","4,708.68","4,708.68","","-1.11%"
"10/21/2019","4,761.42","4,761.42","4,761.42","4,761.42","","-0.43%"
"10/20/2019","4,782.09","4,782.09","4,782.09","4,782.09","","0.23%"
"10/17/2019","4,770.99","4,770.99","4,770.99","4,770.99","","-0.22%"
"10/16/2019","4,781.62","4,781.62","4,781.62","4,781.62","","-0.83%"
"10/15/2019","4,821.64","4,821.64","4,821.64","4,821.64","","2.34%"
"10/14/2019","4,711.30","4,711.30","4,711.30","4,711.30","","-1.06%"
"10/13/2019","4,761.87","4,761.87","4,761.87","4,761.87","","-1.00%"
"10/10/2019","4,810.21","4,810.21","4,810.21","4,810.21","","-1.07%"
"10/09/2019","4,862.25","4,862.25","4,862.25","4,862.25","","-0.66%"
"10/07/2019","4,894.31","4,894.31","4,894.31","4,894.31","","-0.45%"
"10/06/2019","4,916.68","4,916.68","4,916.68","4,916.68","","-0.43%"
"10/03/2019","4,937.82","4,937.82","4,937.82","4,937.82","","0.03%"
"10/02/2019","4,936.37","4,936.37","4,936.37","4,936.37","","-0.26%"
"10/01/2019","4,949.39","4,949.39","4,949.39","4,949.39","","0.04%"
"09/30/2019","4,947.63","4,947.63","4,947.63","4,947.63","","-0.56%"
"09/29/2019","4,975.73","4,975.73","4,975.73","4,975.73","","0.15%"
"09/26/2019","4,968.46","4,968.46","4,968.46","4,968.46","","0.34%"
"09/25/2019","4,951.73","4,951.73","4,951.73","4,951.73","","-0.14%"
"09/24/2019","4,958.72","4,958.72","4,958.72","4,958.72","","-0.83%"
"09/23/2019","5,000.23","5,000.23","5,000.23","5,000.23","","1.61%"
"09/22/2019","4,920.96","4,920.96","4,920.96","4,920.96","","1.34%"
"09/19/2019","4,855.98","4,855.98","4,855.98","4,855.98","","-0.66%"
"09/18/2019","4,888.01","4,888.01","4,888.01","4,888.01","","-0.83%"
"09/17/2019","4,928.98","4,928.98","4,928.98","4,928.98","","-0.62%"
"09/16/2019","4,959.73","4,959.73","4,959.73","4,959.73","","0.35%"
"09/15/2019","4,942.23","4,942.23","4,942.23","4,942.23","","0.17%"
"09/12/2019","4,933.89","4,933.89","4,933.89","4,933.89","","0.01%"
"09/11/2019","4,933.17","4,933.17","4,933.17","4,933.17","","-1.51%"
"09/09/2019","5,008.96","5,008.96","5,008.96","5,008.96","","-0.49%"
"09/08/2019","5,033.79","5,033.79","5,033.79","5,033.79","","0.41%"
"09/05/2019","5,013.01","5,013.01","5,013.01","5,013.01","","0.53%"
"09/04/2019","4,986.37","4,986.37","4,986.37","4,986.37","","-0.41%"
"09/03/2019","5,007.05","5,007.05","5,007.05","5,007.05","","-0.53%"
"09/02/2019","5,033.53","5,033.53","5,033.53","5,033.53","","-0.73%"
"09/01/2019","5,070.68","5,070.68","5,070.68","5,070.68","","-0.49%"
"08/29/2019","5,095.77","5,095.77","5,095.77","5,095.77","","-0.86%"
"08/28/2019","5,139.99","5,139.99","5,139.99","5,139.99","","-0.75%"
"08/27/2019","5,178.70","5,178.70","5,178.70","5,178.70","","0.25%"
"08/26/2019","5,165.76","5,165.76","5,165.76","5,165.76","","-1.11%"
"08/25/2019","5,223.72","5,223.72","5,223.72","5,223.72","","-0.25%"
"08/22/2019","5,236.85","5,236.85","5,236.85","5,236.85","","0.26%"
"08/21/2019","5,223.41","5,223.41","5,223.41","5,223.41","","-0.08%"
"08/20/2019","5,227.49","5,227.49","5,227.49","5,227.49","","0.00%"
"08/19/2019","5,227.26","5,227.26","5,227.26","5,227.26","","0.21%"
"08/18/2019","5,216.53","5,216.53","5,216.53","5,216.53","","0.29%"
"08/08/2019","5,201.42","5,201.42","5,201.42","5,201.42","","0.27%"
"08/07/2019","5,187.20","5,187.20","5,187.20","5,187.20","","0.00%"
"08/06/2019","5,187.29","5,187.29","5,187.29","5,187.29","","0.52%"
"08/05/2019","5,160.37","5,160.37","5,160.37","5,160.37","","-0.24%"
"08/04/2019","5,172.86","5,172.86","5,172.86","5,172.86","","0.06%"
"08/01/2019","5,169.73","5,169.73","5,169.73","5,169.73","","0.60%"
"07/31/2019","5,138.79","5,138.79","5,138.79","5,138.79","","0.27%"
"07/30/2019","5,125.02","5,125.02","5,125.02","5,125.02","","-0.69%"
"07/29/2019","5,160.74","5,160.74","5,160.74","5,160.74","","0.52%"
"07/28/2019","5,133.93","5,133.93","5,133.93","5,133.93","","0.01%"
"07/25/2019","5,133.25","5,133.25","5,133.25","5,133.25","","1.10%"
"07/24/2019","5,077.28","5,077.28","5,077.28","5,077.28","","-0.01%"
"07/23/2019","5,077.75","5,077.75","5,077.75","5,077.75","","2.24%"
"07/22/2019","4,966.44","4,966.44","4,966.44","4,966.44","","-1.34%"
"07/21/2019","5,033.74","5,033.74","5,033.74","5,033.74","","-1.89%"
"07/18/2019","5,130.69","5,130.69","5,130.69","5,130.69","","-0.05%"
"07/17/2019","5,133.13","5,133.13","5,133.13","5,133.13","","0.17%"
"07/16/2019","5,124.44","5,124.44","5,124.44","5,124.44","","0.65%"
"07/15/2019","5,091.48","5,091.48","5,091.48","5,091.48","","-1.70%"
"07/14/2019","5,179.49","5,179.49","5,179.49","5,179.49","","-0.82%"
"07/11/2019","5,222.30","5,222.30","5,222.30","5,222.30","","-0.16%"
"07/10/2019","5,230.63","5,230.63","5,230.63","5,230.63","","-0.94%"
"07/09/2019","5,280.04","5,280.04","5,280.04","5,280.04","","-0.73%"
"07/08/2019","5,318.61","5,318.61","5,318.61","5,318.61","","-0.27%"
"07/07/2019","5,333.08","5,333.08","5,333.08","5,333.08","","-0.89%"
"07/04/2019","5,380.79","5,380.79","5,380.79","5,380.79","","0.16%"
"07/03/2019","5,372.21","5,372.21","5,372.21","5,372.21","","-0.24%"
"07/02/2019","5,384.92","5,384.92","5,384.92","5,384.92","","-0.68%"
"06/30/2019","5,421.62","5,421.62","5,421.62","5,421.62","","-0.16%"
"06/27/2019","5,430.04","5,430.04","5,430.04","5,430.04","","0.36%"
"06/26/2019","5,410.70","5,410.70","5,410.70","5,410.70","","0.55%"
"06/25/2019","5,380.96","5,380.96","5,380.96","5,380.96","","-0.11%"
"06/24/2019","5,386.87","5,386.87","5,386.87","5,386.87","","0.06%"
"06/23/2019","5,383.89","5,383.89","5,383.89","5,383.89","","-0.22%"
"06/20/2019","5,395.62","5,395.62","5,395.62","5,395.62","","-0.29%"
"06/19/2019","5,411.40","5,411.40","5,411.40","5,411.40","","0.21%"
"06/18/2019","5,400.23","5,400.23","5,400.23","5,400.23","","0.46%"
"06/17/2019","5,375.29","5,375.29","5,375.29","5,375.29","","-1.02%"
"06/16/2019","5,430.83","5,430.83","5,430.83","5,430.83","","-0.79%"
"06/13/2019","5,474.30","5,474.30","5,474.30","5,474.30","","0.09%"
"06/12/2019","5,469.63","5,469.63","5,469.63","5,469.63","","-0.12%"
"06/11/2019","5,475.98","5,475.98","5,475.98","5,475.98","","0.82%"
"06/10/2019","5,431.59","5,431.59","5,431.59","5,431.59","","0.53%"
"06/09/2019","5,402.96","5,402.96","5,402.96","5,402.96","","0.47%"
"05/30/2019","5,377.74","5,377.74","5,377.74","5,377.74","","0.44%"
"05/29/2019","5,354.19","5,354.19","5,354.19","5,354.19","","0.48%"
"05/28/2019","5,328.76","5,328.76","5,328.76","5,328.76","","1.43%"
"05/27/2019","5,253.54","5,253.54","5,253.54","5,253.54","","0.00%"
"05/26/2019","5,253.32","5,253.32","5,253.32","5,253.32","","0.05%"
"05/23/2019","5,250.59","5,250.59","5,250.59","5,250.59","","-0.01%"
"05/22/2019","5,250.94","5,250.94","5,250.94","5,250.94","","0.27%"
"05/21/2019","5,236.84","5,236.84","5,236.84","5,236.84","","-0.74%"
"05/20/2019","5,276.14","5,276.14","5,276.14","5,276.14","","-1.12%"
"05/19/2019","5,335.70","5,335.70","5,335.70","5,335.70","","2.01%"
"05/16/2019","5,230.78","5,230.78","5,230.78","5,230.78","","0.67%"
"05/15/2019","5,196.03","5,196.03","5,196.03","5,196.03","","-0.42%"
"05/14/2019","5,217.91","5,217.91","5,217.91","5,217.91","","-0.57%"
"05/13/2019","5,247.82","5,247.82","5,247.82","5,247.82","","-0.49%"
"05/12/2019","5,273.92","5,273.92","5,273.92","5,273.92","","-0.04%"
"05/09/2019","5,275.83","5,275.83","5,275.83","5,275.83","","0.07%"
"05/08/2019","5,272.38","5,272.38","5,272.38","5,272.38","","-0.33%"
"05/07/2019","5,289.99","5,289.99","5,289.99","5,289.99","","-0.98%"
"05/06/2019","5,342.08","5,342.08","5,342.08","5,342.08","","-0.98%"
"05/05/2019","5,394.90","5,394.90","5,394.90","5,394.90","","2.05%"
"05/02/2019","5,286.75","5,286.75","5,286.75","5,286.75","","1.61%"
"04/30/2019","5,202.85","5,202.85","5,202.85","5,202.85","","0.53%"
"04/29/2019","5,175.46","5,175.46","5,175.46","5,175.46","","-1.20%"
"04/28/2019","5,238.19","5,238.19","5,238.19","5,238.19","","-0.53%"
"04/25/2019","5,266.17","5,266.17","5,266.17","5,266.17","","0.49%"
"04/24/2019","5,240.36","5,240.36","5,240.36","5,240.36","","-0.39%"
"04/23/2019","5,260.85","5,260.85","5,260.85","5,260.85","","-1.18%"
"04/21/2019","5,323.73","5,323.73","5,323.73","5,323.73","","0.04%"
"04/18/2019","5,321.41","5,321.41","5,321.41","5,321.41","","1.18%"
"04/17/2019","5,259.41","5,259.41","5,259.41","5,259.41","","0.20%"
"04/16/2019","5,248.91","5,248.91","5,248.91","5,248.91","","-1.14%"
"04/15/2019","5,309.47","5,309.47","5,309.47","5,309.47","","-0.32%"
"04/11/2019","5,326.39","5,326.39","5,326.39","5,326.39","","1.23%"
"04/10/2019","5,261.60","5,261.60","5,261.60","5,261.60","","-1.07%"
"04/09/2019","5,318.75","5,318.75","5,318.75","5,318.75","","-1.00%"
"04/08/2019","5,372.23","5,372.23","5,372.23","5,372.23","","-1.13%"
"04/07/2019","5,433.89","5,433.89","5,433.89","5,433.89","","-0.48%"
"04/04/2019","5,459.91","5,459.91","5,459.91","5,459.91","","0.14%"
"04/03/2019","5,452.19","5,452.19","5,452.19","5,452.19","","-1.27%"
"04/02/2019","5,522.17","5,522.17","5,522.17","5,522.17","","0.35%"
"04/01/2019","5,503.08","5,503.08","5,503.08","5,503.08","","0.20%"
"03/31/2019","5,491.90","5,491.90","5,491.90","5,491.90","","-0.25%"
"03/28/2019","5,505.49","5,505.49","5,505.49","5,505.49","","0.05%"
"03/27/2019","5,502.48","5,502.48","5,502.48","5,502.48","","-0.50%"
"03/25/2019","5,530.07","5,530.07","5,530.07","5,530.07","","0.33%"
"03/24/2019","5,512.07","5,512.07","5,512.07","5,512.07","","-1.04%"
"03/21/2019","5,570.15","5,570.15","5,570.15","5,570.15","","-0.54%"
"03/20/2019","5,600.55","5,600.55","5,600.55","5,600.55","","-0.55%"
"03/19/2019","5,631.29","5,631.29","5,631.29","5,631.29","","0.47%"
"03/18/2019","5,604.90","5,604.90","5,604.90","5,604.90","","-0.90%"
"03/14/2019","5,655.81","5,655.81","5,655.81","5,655.81","","0.05%"
"03/13/2019","5,653.21","5,653.21","5,653.21","5,653.21","","-0.51%"
"03/12/2019","5,682.43","5,682.43","5,682.43","5,682.43","","-0.15%"
"03/11/2019","5,690.82","5,690.82","5,690.82","5,690.82","","-0.34%"
"03/10/2019","5,710.06","5,710.06","5,710.06","5,710.06","","0.38%"
"03/07/2019","5,688.45","5,688.45","5,688.45","5,688.45","","0.04%"
"03/06/2019","5,686.38","5,686.38","5,686.38","5,686.38","","-0.02%"
"03/05/2019","5,687.48","5,687.48","5,687.48","5,687.48","","0.09%"
"03/04/2019","5,682.41","5,682.41","5,682.41","5,682.41","","-0.71%"
"03/03/2019","5,723.07","5,723.07","5,723.07","5,723.07","","0.20%"
"02/28/2019","5,711.82","5,711.82","5,711.82","5,711.82","","0.00%"
"02/27/2019","5,711.82","5,711.82","5,711.82","5,711.82","","-0.47%"
"02/26/2019","5,738.64","5,738.64","5,738.64","5,738.64","","-0.30%"
"02/25/2019","5,755.79","5,755.79","5,755.79","5,755.79","","0.73%"
"02/24/2019","5,714.27","5,714.27","5,714.27","5,714.27","","-0.55%"
"02/20/2019","5,745.83","5,745.83","5,745.83","5,745.83","","0.17%"
"02/19/2019","5,735.92","5,735.92","5,735.92","5,735.92","","0.20%"
"02/18/2019","5,724.52","5,724.52","5,724.52","5,724.52","","-0.89%"
"02/17/2019","5,775.82","5,775.82","5,775.82","5,775.82","","0.44%"
"02/14/2019","5,750.29","5,750.29","5,750.29","5,750.29","","0.03%"
"02/13/2019","5,748.31","5,748.31","5,748.31","5,748.31","","0.29%"
"02/12/2019","5,731.95","5,731.95","5,731.95","5,731.95","","-0.03%"
"02/11/2019","5,733.91","5,733.91","5,733.91","5,733.91","","-0.52%"
"02/10/2019","5,763.73","5,763.73","5,763.73","5,763.73","","-0.83%"
"02/07/2019","5,811.92","5,811.92","5,811.92","5,811.92","","0.45%"
"02/06/2019","5,786.00","5,786.00","5,786.00","5,786.00","","-0.25%"
"02/05/2019","5,800.24","5,800.24","5,800.24","5,800.24","","-0.48%"
"02/04/2019","5,828.07","5,828.07","5,828.07","5,828.07","","0.46%"
"02/03/2019","5,801.33","5,801.33","5,801.33","5,801.33","","-0.34%"
"01/31/2019","5,821.01","5,821.01","5,821.01","5,821.01","","-1.07%"
"01/30/2019","5,884.11","5,884.11","5,884.11","5,884.11","","-0.68%"
"01/29/2019","5,924.53","5,924.53","5,924.53","5,924.53","","0.34%"
"01/28/2019","5,904.22","5,904.22","5,904.22","5,904.22","","-0.59%"
"01/27/2019","5,939.45","5,939.45","5,939.45","5,939.45","","-0.18%"
"01/24/2019","5,950.01","5,950.01","5,950.01","5,950.01","","0.42%"
"01/23/2019","5,925.24","5,925.24","5,925.24","5,925.24","","1.02%"
"01/22/2019","5,865.46","5,865.46","5,865.46","5,865.46","","0.11%"
"01/21/2019","5,859.30","5,859.30","5,859.30","5,859.30","","-0.48%"
"01/20/2019","5,887.27","5,887.27","5,887.27","5,887.27","","1.06%"
"01/17/2019","5,825.57","5,825.57","5,825.57","5,825.57","","-0.24%"
"01/16/2019","5,839.48","5,839.48","5,839.48","5,839.48","","-0.41%"
"01/15/2019","5,863.27","5,863.27","5,863.27","5,863.27","","0.46%"
"01/14/2019","5,836.23","5,836.23","5,836.23","5,836.23","","-0.41%"
"01/13/2019","5,860.21","5,860.21","5,860.21","5,860.21","","1.09%"
"01/10/2019","5,797.30","5,797.30","5,797.30","5,797.30","","-0.02%"
"01/09/2019","5,798.59","5,798.59","5,798.59","5,798.59","","0.48%"
"01/08/2019","5,770.77","5,770.77","5,770.77","5,770.77","","2.04%"
"01/07/2019","5,655.18","5,655.18","5,655.18","5,655.18","","-0.56%"
"01/06/2019","5,687.00","5,687.00","5,687.00","5,687.00","","1.73%"
"01/03/2019","5,590.47","5,590.47","5,590.47","5,590.47","","1.71%"
"01/02/2019","5,496.43","5,496.43","5,496.43","5,496.43","","0.57%"
"01/01/2019","5,465.25","5,465.25","5,465.25","5,465.25","","1.48%"