"Date","Price","Open","High","Low","Vol.","Change %"
"12/30/2025","1.6613","1.6613","1.6651","1.6601","","0.00%"
"12/29/2025","1.6613","1.661","1.664","1.6591","","0.11%"
"12/26/2025","1.6595","1.6598","1.6627","1.6576","","0.08%"
"12/24/2025","1.6581","1.6581","1.6611","1.6562","","-0.25%"
"12/23/2025","1.6623","1.6625","1.6625","1.657","","-0.49%"
"12/22/2025","1.6705","1.6701","1.6701","1.6617","","0.15%"
"12/19/2025","1.668","1.668","1.6711","1.6663","","0.14%"
"12/18/2025","1.6656","1.6656","1.6697","1.6633","","0.06%"
"12/17/2025","1.6646","1.6646","1.671","1.6634","","0.04%"
"12/16/2025","1.6639","1.6638","1.6651","1.6568","","-0.14%"
"12/15/2025","1.6663","1.6663","1.6678","1.6618","","0.02%"
"12/12/2025","1.666","1.6658","1.6688","1.665","","-0.33%"
"12/11/2025","1.6715","1.6714","1.6741","1.6632","","-0.62%"
"12/10/2025","1.682","1.6819","1.6828","1.6778","","0.11%"
"12/09/2025","1.6801","1.6801","1.6836","1.6778","","-0.01%"
"12/08/2025","1.6802","1.6801","1.6836","1.6756","","0.02%"
"12/05/2025","1.6799","1.6796","1.6819","1.6757","","0.21%"
"12/04/2025","1.6764","1.6764","1.6783","1.6742","","-0.33%"
"12/03/2025","1.682","1.6819","1.682","1.6751","","-0.17%"
"12/02/2025","1.6849","1.6849","1.6871","1.6826","","-0.05%"
"12/01/2025","1.6858","1.6857","1.6875","1.6786","","-0.02%"
"11/28/2025","1.6861","1.686","1.6923","1.6851","","0.02%"
"11/27/2025","1.6857","1.6855","1.6894","1.6838","","-0.33%"
"11/26/2025","1.6912","1.691","1.6934","1.6857","","-0.39%"
"11/25/2025","1.6978","1.6977","1.6989","1.6885","","-0.11%"
"11/24/2025","1.6996","1.6996","1.7003","1.6932","","0.24%"
"11/21/2025","1.6956","1.6955","1.7019","1.6931","","0.05%"
"11/20/2025","1.6947","1.6947","1.6996","1.6932","","0.35%"
"11/19/2025","1.6888","1.6888","1.6955","1.6864","","0.08%"
"11/18/2025","1.6874","1.6875","1.6899","1.685","","0.21%"
"11/17/2025","1.6838","1.6839","1.6885","1.6836","","0.14%"
"11/14/2025","1.6814","1.6816","1.6849","1.6783","","-0.34%"
"11/13/2025","1.6872","1.6872","1.689","1.6789","","-0.04%"
"11/12/2025","1.6879","1.6877","1.6914","1.6864","","-0.26%"
"11/11/2025","1.6923","1.6923","1.6936","1.6851","","-0.12%"
"11/10/2025","1.6943","1.6927","1.6943","1.6886","","0.05%"
"11/07/2025","1.6935","1.6935","1.6962","1.6875","","-0.45%"
"11/06/2025","1.7012","1.7012","1.7016","1.6944","","-0.10%"
"11/05/2025","1.7029","1.7029","1.7052","1.701","","0.29%"
"11/04/2025","1.6979","1.6979","1.7046","1.6959","","0.08%"
"11/03/2025","1.6966","1.6966","1.6998","1.6945","","0.38%"
"10/31/2025","1.6901","1.6901","1.6972","1.6893","","0.27%"
"10/30/2025","1.6856","1.6856","1.6937","1.681","","0.47%"
"10/29/2025","1.6777","1.6777","1.6832","1.6765","","-0.05%"
"10/28/2025","1.6786","1.6786","1.682","1.6761","","-0.17%"
"10/27/2025","1.6815","1.6815","1.6833","1.6789","","-0.11%"
"10/24/2025","1.6834","1.6834","1.6858","1.6792","","-0.08%"
"10/23/2025","1.6848","1.6848","1.688","1.683","","-0.07%"
"10/22/2025","1.686","1.686","1.6893","1.6837","","0.38%"
"10/21/2025","1.6796","1.6796","1.6863","1.6779","","0.11%"
"10/20/2025","1.6778","1.6778","1.6795","1.675","","0.36%"
"10/17/2025","1.6717","1.6717","1.6777","1.6676","","-0.46%"
"10/16/2025","1.6794","1.6794","1.6798","1.6748","","-0.37%"
"10/15/2025","1.6857","1.6857","1.6857","1.6791","","-0.31%"
"10/14/2025","1.6909","1.6909","1.6941","1.685","","0.31%"
"10/13/2025","1.6857","1.6857","1.692","1.6818","","-0.31%"
"10/10/2025","1.691","1.691","1.6918","1.6817","","0.57%"
"10/09/2025","1.6814","1.6814","1.6935","1.6789","","0.19%"
"10/08/2025","1.6782","1.6782","1.6855","1.6784","","0.48%"
"10/07/2025","1.6702","1.6702","1.6781","1.6701","","0.02%"
"10/06/2025","1.6699","1.6699","1.6782","1.6671","","0.11%"
"10/03/2025","1.6681","1.6681","1.6693","1.6636","","0.08%"
"10/02/2025","1.6668","1.6668","1.6737","1.6632","","0.02%"
"10/01/2025","1.6665","1.6665","1.6692","1.6605","","-0.04%"
"09/30/2025","1.6672","1.6672","1.6698","1.6632","","-0.20%"
"09/29/2025","1.6705","1.6705","1.6709","1.6638","","-0.39%"
"09/26/2025","1.677","1.677","1.6775","1.6713","","0.70%"
"09/25/2025","1.6653","1.6653","1.6762","1.6639","","0.59%"
"09/24/2025","1.6555","1.6555","1.6672","1.6552","","-0.11%"
"09/23/2025","1.6573","1.6573","1.66","1.6547","","-0.55%"
"09/22/2025","1.6664","1.6664","1.6678","1.6593","","0.46%"
"09/19/2025","1.6587","1.6587","1.6673","1.6583","","0.30%"
"09/18/2025","1.6538","1.6538","1.6644","1.6507","","0.38%"
"09/17/2025","1.6475","1.6475","1.6527","1.6473","","-0.91%"
"09/16/2025","1.6626","1.6626","1.6634","1.6501","","-0.32%"
"09/15/2025","1.6679","1.6679","1.6692","1.6611","","0.07%"
"09/12/2025","1.6667","1.6667","1.6713","1.6648","","-0.27%"
"09/11/2025","1.6712","1.6712","1.6761","1.6652","","-0.01%"
"09/10/2025","1.6713","1.6713","1.6733","1.6673","","0.57%"
"09/09/2025","1.6618","1.6618","1.669","1.6602","","-0.48%"
"09/08/2025","1.6698","1.6698","1.6708","1.6637","","-0.48%"
"09/05/2025","1.6778","1.6778","1.6784","1.6632","","0.03%"
"09/04/2025","1.6773","1.6773","1.6814","1.6762","","-0.21%"
"09/03/2025","1.6808","1.6808","1.6846","1.6742","","0.68%"
"09/02/2025","1.6694","1.6694","1.6841","1.6694","","-0.20%"
"09/01/2025","1.6728","1.6728","1.6733","1.6665","","-0.09%"
"08/29/2025","1.6743","1.6743","1.6782","1.6706","","-0.29%"
"08/28/2025","1.6791","1.6791","1.6818","1.6734","","-0.08%"
"08/27/2025","1.6804","1.6804","1.6897","1.6799","","-0.18%"
"08/26/2025","1.6834","1.6834","1.6857","1.6767","","0.78%"
"08/25/2025","1.6703","1.6703","1.6763","1.6688","","-0.83%"
"08/22/2025","1.6842","1.6842","1.6884","1.6673","","0.33%"
"08/21/2025","1.6786","1.6786","1.6857","1.6771","","-0.08%"
"08/20/2025","1.6799","1.6799","1.6826","1.6756","","0.22%"
"08/19/2025","1.6762","1.6762","1.6801","1.6726","","0.33%"
"08/18/2025","1.6707","1.6707","1.6771","1.6701","","-0.47%"
"08/15/2025","1.6786","1.6786","1.6791","1.6695","","0.53%"
"08/14/2025","1.6698","1.6698","1.6805","1.6694","","-0.30%"
"08/13/2025","1.6749","1.6749","1.6757","1.6673","","-0.50%"
"08/12/2025","1.6834","1.6834","1.6862","1.6724","","0.26%"
"08/11/2025","1.6791","1.6791","1.6874","1.675","","0.24%"
"08/08/2025","1.675","1.675","1.6816","1.6746","","-0.11%"
"08/07/2025","1.6769","1.6769","1.684","1.6723","","-0.72%"
"08/06/2025","1.6891","1.6891","1.6911","1.6793","","0.04%"
"08/05/2025","1.6884","1.6884","1.6963","1.6878","","0.02%"
"08/04/2025","1.688","1.688","1.6932","1.6877","","-1.41%"
"08/01/2025","1.7121","1.7121","1.7165","1.6885","","0.05%"
"07/31/2025","1.7112","1.7112","1.7147","1.7066","","1.06%"
"07/30/2025","1.6932","1.6932","1.7068","1.69","","0.40%"
"07/29/2025","1.6865","1.6865","1.6978","1.6859","","1.38%"
"07/28/2025","1.6636","1.6636","1.6846","1.6616","","-0.01%"
"07/25/2025","1.6637","1.6637","1.6706","1.663","","0.16%"
"07/24/2025","1.6611","1.6611","1.6669","1.6592","","-0.30%"
"07/23/2025","1.6661","1.6661","1.6699","1.6642","","-0.38%"
"07/22/2025","1.6724","1.6724","1.6745","1.6646","","-0.55%"
"07/21/2025","1.6816","1.6816","1.6839","1.6693","","-0.13%"
"07/18/2025","1.6838","1.6838","1.6842","1.676","","0.17%"
"07/17/2025","1.6809","1.6809","1.6905","1.6809","","-0.24%"
"07/16/2025","1.685","1.685","1.6913","1.6693","","0.51%"
"07/15/2025","1.6765","1.6765","1.6857","1.6728","","0.14%"
"07/14/2025","1.6742","1.6742","1.6779","1.6718","","0.17%"
"07/11/2025","1.6713","1.6713","1.6765","1.6697","","0.25%"
"07/10/2025","1.6672","1.6672","1.6766","1.6644","","-0.05%"
"07/09/2025","1.6681","1.6681","1.673","1.6675","","0.10%"
"07/08/2025","1.6664","1.6664","1.6738","1.6624","","0.37%"
"07/07/2025","1.6602","1.6602","1.6689","1.6589","","-0.08%"
"07/04/2025","1.6615","1.6615","1.6636","1.6593","","0.25%"
"07/03/2025","1.6574","1.6574","1.6687","1.6556","","0.04%"
"07/02/2025","1.6567","1.6567","1.6646","1.6561","","-0.16%"
"07/01/2025","1.6593","1.6593","1.662","1.6532","","-0.50%"
"06/30/2025","1.6677","1.6677","1.6704","1.6615","","-0.30%"
"06/27/2025","1.6728","1.6728","1.6739","1.6644","","-0.07%"
"06/26/2025","1.674","1.674","1.6761","1.6655","","-0.61%"
"06/25/2025","1.6843","1.6843","1.6874","1.6815","","-0.11%"
"06/24/2025","1.6862","1.6862","1.6885","1.6809","","-0.85%"
"06/23/2025","1.7006","1.7006","1.7073","1.6931","","0.11%"
"06/20/2025","1.6988","1.6988","1.7013","1.6956","","-0.31%"
"06/19/2025","1.7041","1.7041","1.7084","1.7027","","0.05%"
"06/18/2025","1.7033","1.7033","1.7033","1.6963","","0.60%"
"06/17/2025","1.6932","1.6932","1.6989","1.6898","","0.05%"
"06/16/2025","1.6924","1.6924","1.6971","1.6839","","0.38%"
"06/13/2025","1.686","1.686","1.7018","1.6843","","-0.78%"
"06/12/2025","1.6993","1.6993","1.7003","1.6819","","-0.63%"
"06/11/2025","1.71","1.71","1.7147","1.7021","","-0.08%"
"06/10/2025","1.7114","1.7114","1.7195","1.7084","","-0.18%"
"06/09/2025","1.7145","1.7145","1.7175","1.7096","","0.40%"
"06/06/2025","1.7076","1.7076","1.7198","1.7069","","-0.27%"
"06/05/2025","1.7123","1.7123","1.7147","1.7016","","-0.33%"
"06/04/2025","1.718","1.718","1.7218","1.7105","","0.61%"
"06/03/2025","1.7076","1.7076","1.7205","1.7074","","-0.88%"
"06/02/2025","1.7227","1.7227","1.7223","1.7083","","0.22%"
"05/30/2025","1.7189","1.7189","1.7286","1.7171","","-1.27%"
"05/29/2025","1.741","1.741","1.7421","1.7203","","0.92%"
"05/28/2025","1.7252","1.7252","1.7332","1.7239","","0.45%"
"05/27/2025","1.7174","1.7174","1.727","1.7143","","-0.13%"
"05/26/2025","1.7197","1.7197","1.7203","1.7128","","-0.80%"
"05/23/2025","1.7336","1.7336","1.7339","1.7192","","0.43%"
"05/22/2025","1.7261","1.7261","1.7359","1.724","","-0.38%"
"05/21/2025","1.7327","1.7327","1.7327","1.7213","","-0.48%"
"05/20/2025","1.7411","1.7411","1.7434","1.7343","","-0.41%"
"05/19/2025","1.7482","1.7482","1.7504","1.733","","0.05%"
"05/16/2025","1.7474","1.7474","1.7555","1.7432","","-0.10%"
"05/15/2025","1.7491","1.7491","1.7502","1.742","","0.03%"
"05/14/2025","1.7485","1.7485","1.749","1.7363","","-0.81%"
"05/13/2025","1.7627","1.7627","1.7625","1.7498","","1.21%"
"05/12/2025","1.7417","1.7417","1.766","1.7396","","-0.05%"
"05/09/2025","1.7425","1.7425","1.7463","1.7322","","0.73%"
"05/08/2025","1.7299","1.7299","1.7407","1.7252","","0.32%"
"05/07/2025","1.7243","1.7243","1.7267","1.719","","-0.26%"
"05/06/2025","1.7288","1.7288","1.7337","1.7215","","0.09%"
"05/05/2025","1.7273","1.7273","1.7289","1.721","","-0.24%"
"05/02/2025","1.7314","1.7314","1.7346","1.7189","","0.25%"
"05/01/2025","1.727","1.727","1.7359","1.7246","","0.56%"
"04/30/2025","1.7173","1.7173","1.7267","1.7158","","0.17%"
"04/29/2025","1.7143","1.7143","1.72","1.7127","","-0.57%"
"04/28/2025","1.7242","1.7242","1.7261","1.7144","","0.25%"
"04/25/2025","1.7199","1.7199","1.7283","1.718","","-0.39%"
"04/24/2025","1.7266","1.7266","1.7274","1.7165","","0.21%"
"04/23/2025","1.723","1.723","1.725","1.7096","","1.42%"
"04/22/2025","1.6988","1.6988","1.7076","1.6939","","-1.01%"
"04/17/2025","1.7161","1.7161","1.7245","1.7162","","-0.91%"
"04/16/2025","1.7319","1.7319","1.7317","1.7171","","0.41%"
"04/15/2025","1.7248","1.7248","1.733","1.719","","0.03%"
"04/14/2025","1.7242","1.7242","1.7309","1.7119","","-0.75%"
"04/11/2025","1.7373","1.7373","1.7384","1.7049","","-2.72%"
"04/10/2025","1.7858","1.7858","1.7856","1.7423","","0.26%"
"04/09/2025","1.7812","1.7812","1.7825","1.7628","","-0.59%"
"04/08/2025","1.7918","1.7918","1.7957","1.7793","","0.63%"
"04/07/2025","1.7805","1.7805","1.7938","1.77","","0.54%"
"04/04/2025","1.771","1.771","1.7837","1.7608","","-1.22%"
"04/03/2025","1.7929","1.7929","1.7972","1.7567","","-1.03%"
"04/02/2025","1.8116","1.8116","1.814","1.7989","","0.21%"
"04/01/2025","1.8078","1.8078","1.8144","1.8058","","0.04%"
"03/31/2025","1.807","1.807","1.8133","1.8029","","-0.21%"
"03/28/2025","1.8108","1.8108","1.8167","1.8034","","-0.54%"
"03/27/2025","1.8207","1.8207","1.8207","1.8078","","0.42%"
"03/26/2025","1.8131","1.8131","1.8162","1.8106","","0.15%"
"03/25/2025","1.8104","1.8104","1.8145","1.8058","","0.30%"
"03/24/2025","1.805","1.805","1.8125","1.8015","","0.19%"
"03/21/2025","1.8015","1.8015","1.81","1.8007","","0.51%"
"03/20/2025","1.7924","1.7924","1.8079","1.7915","","0.25%"
"03/19/2025","1.7879","1.7879","1.7983","1.7868","","-0.18%"
"03/18/2025","1.7912","1.7912","1.7948","1.7854","","-0.34%"
"03/17/2025","1.7974","1.7974","1.7994","1.7896","","-0.24%"
"03/14/2025","1.8017","1.8017","1.8057","1.7927","","0.28%"
"03/13/2025","1.7966","1.7966","1.8071","1.7945","","0.26%"
"03/12/2025","1.792","1.792","1.7981","1.7887","","-0.69%"
"03/11/2025","1.8044","1.8044","1.8048","1.7894","","0.19%"
"03/10/2025","1.8009","1.8009","1.8099","1.7987","","-0.67%"
"03/07/2025","1.813","1.813","1.814","1.7967","","0.07%"
"03/06/2025","1.8118","1.8118","1.8139","1.8024","","-1.55%"
"03/05/2025","1.8404","1.8404","1.8446","1.8133","","-1.34%"
"03/04/2025","1.8654","1.8654","1.8677","1.8522","","-0.68%"
"03/03/2025","1.8781","1.8781","1.8823","1.8627","","-0.18%"
"02/28/2025","1.8815","1.8815","1.8839","1.8768","","0.90%"
"02/27/2025","1.8647","1.8647","1.8797","1.8645","","0.34%"
"02/26/2025","1.8584","1.8584","1.8669","1.8578","","-0.60%"
"02/25/2025","1.8696","1.8696","1.8702","1.8594","","0.13%"
"02/24/2025","1.8672","1.8672","1.8708","1.8576","","0.25%"
"02/21/2025","1.8626","1.8626","1.8716","1.8614","","-0.76%"
"02/20/2025","1.8768","1.8768","1.877","1.8665","","0.26%"
"02/19/2025","1.8719","1.8719","1.8797","1.8694","","0.35%"
"02/18/2025","1.8653","1.8653","1.8729","1.8651","","0.04%"
"02/17/2025","1.8646","1.8646","1.8685","1.8614","","-0.26%"
"02/14/2025","1.8695","1.8695","1.8719","1.8603","","-0.67%"
"02/13/2025","1.8821","1.8821","1.8844","1.8724","","-0.26%"
"02/12/2025","1.887","1.887","1.8955","1.8814","","-0.61%"
"02/11/2025","1.8986","1.8986","1.9002","1.8893","","0.10%"
"02/10/2025","1.8967","1.8967","1.899","1.8922","","0.72%"
"02/07/2025","1.8832","1.8832","1.8943","1.8795","","0.14%"
"02/06/2025","1.8805","1.8805","1.8889","1.8797","","-0.27%"
"02/05/2025","1.8855","1.8855","1.886","1.874","","-0.44%"
"02/04/2025","1.8938","1.8938","1.9032","1.883","","-0.77%"
"02/03/2025","1.9085","1.9085","1.915","1.894","","1.46%"
"01/31/2025","1.8811","1.8811","1.8875","1.8784","","0.27%"
"01/30/2025","1.8761","1.8761","1.8822","1.8688","","0.04%"
"01/29/2025","1.8754","1.8754","1.8836","1.8725","","0.15%"
"01/28/2025","1.8725","1.8725","1.8779","1.8706","","0.21%"
"01/27/2025","1.8685","1.8685","1.8708","1.8567","","-0.49%"
"01/24/2025","1.8777","1.8777","1.8782","1.8593","","-0.06%"
"01/23/2025","1.8788","1.8788","1.8832","1.876","","-0.04%"
"01/22/2025","1.8795","1.8795","1.8805","1.8702","","0.14%"
"01/21/2025","1.8769","1.8769","1.8907","1.8745","","-1.37%"
"01/20/2025","1.903","1.903","1.9027","1.8757","","0.24%"
"01/17/2025","1.8985","1.8985","1.9051","1.8934","","-0.06%"
"01/16/2025","1.8997","1.8997","1.9056","1.8967","","0.11%"
"01/15/2025","1.8976","1.8976","1.9043","1.8896","","-0.40%"
"01/14/2025","1.9053","1.9053","1.91","1.8981","","-0.20%"
"01/13/2025","1.9092","1.9092","1.9205","1.9081","","0.52%"
"01/10/2025","1.8993","1.8993","1.9135","1.8967","","0.16%"
"01/09/2025","1.8962","1.8962","1.9014","1.8946","","0.30%"
"01/08/2025","1.8905","1.8905","1.9032","1.8882","","0.39%"
"01/07/2025","1.8831","1.8831","1.888","1.8741","","-0.78%"
"01/06/2025","1.8979","1.8979","1.8995","1.8743","","-0.36%"
"01/03/2025","1.9047","1.9047","1.9053","1.8979","","0.81%"
"01/02/2025","1.8894","1.8894","1.9115","1.885","","0.53%"
"12/31/2024","1.8795","1.8795","1.89","1.8762","","0.22%"
"12/30/2024","1.8753","1.8753","1.8853","1.8701","","-0.06%"
"12/27/2024","1.8764","1.8764","1.8794","1.8725","","-0.23%"
"12/26/2024","1.8807","1.8807","1.8822","1.876","","0.03%"
"12/25/2024","1.8801","1.8801","1.8803","1.8747","","0.03%"
"12/24/2024","1.8796","1.8796","1.8829","1.8786","","0.27%"
"12/23/2024","1.8746","1.8746","1.8832","1.8719","","-0.66%"
"12/20/2024","1.887","1.887","1.8907","1.8746","","-0.14%"
"12/19/2024","1.8896","1.8896","1.8892","1.8766","","1.40%"
"12/18/2024","1.8636","1.8636","1.8684","1.86","","0.22%"
"12/17/2024","1.8596","1.8596","1.8663","1.8569","","-0.07%"
"12/16/2024","1.8609","1.8609","1.8671","1.8584","","-0.34%"
"12/13/2024","1.8673","1.8673","1.8708","1.8586","","0.31%"
"12/12/2024","1.8615","1.8615","1.869","1.8574","","0.25%"
"12/11/2024","1.8569","1.8569","1.866","1.8555","","0.21%"
"12/10/2024","1.853","1.853","1.8626","1.8508","","0.10%"
"12/09/2024","1.8512","1.8512","1.8568","1.8464","","0.19%"
"12/06/2024","1.8476","1.8476","1.8546","1.8405","","-0.68%"
"12/05/2024","1.8602","1.8602","1.8611","1.8472","","-0.03%"
"12/04/2024","1.8608","1.8608","1.8673","1.8556","","-0.09%"
"12/03/2024","1.8625","1.8625","1.8659","1.8573","","0.42%"
"12/02/2024","1.8547","1.8546","1.8694","1.8546","","0.17%"
"11/29/2024","1.8516","1.8516","1.8551","1.8459","","-0.01%"
"11/28/2024","1.8517","1.8517","1.8575","1.8512","","-0.68%"
"11/27/2024","1.8643","1.8643","1.8671","1.848","","-0.44%"
"11/26/2024","1.8726","1.8726","1.8757","1.8549","","0.34%"
"11/25/2024","1.8663","1.8663","1.8717","1.8575","","-0.10%"
"11/22/2024","1.8682","1.8682","1.8915","1.8629","","0.74%"
"11/21/2024","1.8545","1.8545","1.8682","1.8526","","0.58%"
"11/20/2024","1.8438","1.8438","1.8612","1.843","","-0.12%"
"11/19/2024","1.846","1.846","1.8576","1.8449","","-0.58%"
"11/18/2024","1.8567","1.8567","1.8572","1.8475","","-0.04%"
"11/15/2024","1.8574","1.8574","1.8584","1.8466","","0.32%"
"11/14/2024","1.8514","1.8514","1.8628","1.8485","","0.50%"
"11/13/2024","1.8422","1.8422","1.8522","1.8366","","0.45%"
"11/12/2024","1.834","1.834","1.8456","1.8341","","0.48%"
"11/11/2024","1.8253","1.8253","1.8401","1.823","","0.75%"
"11/08/2024","1.8118","1.8118","1.8261","1.8114","","-0.57%"
"11/07/2024","1.8222","1.8222","1.8255","1.8066","","1.87%"
"11/06/2024","1.7887","1.7887","1.8307","1.7889","","-0.55%"
"11/05/2024","1.7986","1.7986","1.7987","1.7908","","0.01%"
"11/04/2024","1.7985","1.7985","1.7992","1.7917","","0.11%"
"11/01/2024","1.7966","1.7966","1.8029","1.7937","","-0.25%"
"10/31/2024","1.8011","1.8011","1.8034","1.7963","","-0.35%"
"10/30/2024","1.8075","1.8075","1.8093","1.7998","","-0.03%"
"10/29/2024","1.8081","1.8081","1.8159","1.8066","","-0.19%"
"10/28/2024","1.8115","1.8115","1.8139","1.8064","","0.25%"
"10/25/2024","1.8069","1.8069","1.809","1.8039","","-0.40%"
"10/24/2024","1.8142","1.8142","1.8157","1.8092","","0.15%"
"10/23/2024","1.8114","1.8114","1.8172","1.8095","","0.19%"
"10/22/2024","1.808","1.808","1.8106","1.8046","","0.47%"
"10/21/2024","1.7995","1.7995","1.8074","1.7994","","-0.36%"
"10/18/2024","1.806","1.806","1.8062","1.8003","","0.31%"
"10/17/2024","1.8005","1.8005","1.8086","1.7993","","0.19%"
"10/16/2024","1.797","1.797","1.7996","1.7941","","0.23%"
"10/15/2024","1.7928","1.7928","1.7967","1.7913","","0.15%"
"10/14/2024","1.7902","1.7902","1.7934","1.7878","","0.08%"
"10/11/2024","1.7888","1.7888","1.7898","1.7855","","0.09%"
"10/10/2024","1.7872","1.7872","1.792","1.7854","","0.29%"
"10/09/2024","1.782","1.782","1.7877","1.7812","","0.00%"
"10/08/2024","1.782","1.782","1.7842","1.7784","","-0.01%"
"10/07/2024","1.7822","1.7822","1.7852","1.7805","","0.56%"
"10/04/2024","1.7723","1.7723","1.7851","1.7716","","0.12%"
"10/03/2024","1.7702","1.7702","1.7765","1.7702","","0.14%"
"10/02/2024","1.7678","1.7678","1.7725","1.7648","","0.66%"
"10/01/2024","1.7562","1.7562","1.7682","1.7548","","0.30%"
"09/30/2024","1.751","1.751","1.7563","1.745","","0.07%"
"09/27/2024","1.7498","1.7498","1.7578","1.7463","","-0.42%"
"09/26/2024","1.7571","1.7571","1.7578","1.7479","","0.54%"
"09/25/2024","1.7477","1.7477","1.7554","1.7443","","-0.70%"
"09/24/2024","1.7601","1.7601","1.7614","1.752","","0.44%"
"09/23/2024","1.7524","1.7524","1.7644","1.7513","","0.01%"
"09/20/2024","1.7522","1.7522","1.7561","1.7491","","-0.43%"
"09/19/2024","1.7597","1.7597","1.7667","1.7493","","0.08%"
"09/18/2024","1.7583","1.7583","1.7606","1.7556","","0.06%"
"09/17/2024","1.7573","1.7573","1.7599","1.7547","","-0.37%"
"09/16/2024","1.7638","1.7638","1.7641","1.7564","","-0.10%"
"09/13/2024","1.7655","1.7655","1.7662","1.7616","","-0.61%"
"09/12/2024","1.7763","1.7763","1.777","1.7704","","0.10%"
"09/11/2024","1.7746","1.7746","1.7776","1.7692","","0.15%"
"09/10/2024","1.772","1.772","1.7754","1.7699","","0.45%"
"09/09/2024","1.764","1.764","1.7724","1.7634","","0.22%"
"09/06/2024","1.7602","1.7602","1.7672","1.7542","","-0.28%"
"09/05/2024","1.7651","1.7651","1.766","1.7587","","-0.29%"
"09/04/2024","1.7702","1.7702","1.7715","1.763","","0.17%"
"09/03/2024","1.7672","1.7672","1.7726","1.7667","","-0.20%"
"09/02/2024","1.7708","1.7708","1.7712","1.7656","","0.32%"
"08/30/2024","1.7651","1.7651","1.7693","1.7627","","0.40%"
"08/29/2024","1.7581","1.7581","1.769","1.7557","","0.48%"
"08/28/2024","1.7497","1.7497","1.7611","1.7491","","-0.12%"
"08/27/2024","1.7518","1.7518","1.7539","1.7495","","0.21%"
"08/26/2024","1.7482","1.7482","1.7537","1.7461","","-0.63%"
"08/23/2024","1.7593","1.7593","1.7609","1.7469","","0.34%"
"08/22/2024","1.7533","1.7533","1.7621","1.7529","","-0.24%"
"08/21/2024","1.7576","1.7576","1.7611","1.7544","","-0.37%"
"08/20/2024","1.7642","1.7642","1.7664","1.7593","","-0.55%"
"08/19/2024","1.774","1.774","1.7742","1.7664","","-0.47%"
"08/16/2024","1.7824","1.7824","1.7823","1.7773","","0.37%"
"08/15/2024","1.7759","1.7759","1.7861","1.7753","","-0.15%"
"08/14/2024","1.7785","1.7785","1.7799","1.7702","","-0.55%"
"08/13/2024","1.7884","1.7884","1.7918","1.7841","","-0.21%"
"08/12/2024","1.7921","1.7921","1.7921","1.7878","","0.02%"
"08/09/2024","1.7918","1.7918","1.7928","1.7892","","0.12%"
"08/08/2024","1.7897","1.7897","1.7973","1.7867","","-0.02%"
"08/07/2024","1.79","1.79","1.7932","1.7884","","0.22%"
"08/06/2024","1.786","1.786","1.7936","1.784","","-0.37%"
"08/05/2024","1.7926","1.7926","1.7954","1.7768","","-1.13%"
"08/02/2024","1.813","1.813","1.8138","1.79","","0.33%"
"08/01/2024","1.807","1.807","1.8146","1.8046","","-0.07%"
"07/31/2024","1.8083","1.8083","1.8095","1.8023","","0.03%"
"07/30/2024","1.8077","1.8077","1.811","1.8046","","0.32%"
"07/29/2024","1.802","1.802","1.8104","1.799","","-0.02%"
"07/26/2024","1.8024","1.8024","1.8038","1.7995","","-0.11%"
"07/25/2024","1.8044","1.8044","1.8061","1.8002","","0.11%"
"07/24/2024","1.8025","1.8025","1.8065","1.7999","","0.36%"
"07/23/2024","1.796","1.796","1.8035","1.7943","","0.08%"
"07/22/2024","1.7945","1.7945","1.7987","1.7941","","0.02%"
"07/19/2024","1.7941","1.7941","1.7981","1.7941","","0.36%"
"07/18/2024","1.7877","1.7877","1.7935","1.7874","","-0.35%"
"07/17/2024","1.7939","1.7939","1.7949","1.7866","","-0.01%"
"07/16/2024","1.7941","1.7941","1.7989","1.7933","","-0.14%"
"07/15/2024","1.7967","1.7967","1.7969","1.7907","","-0.12%"
"07/12/2024","1.7988","1.7988","1.8004","1.7925","","-0.37%"
"07/11/2024","1.8054","1.8054","1.8054","1.7946","","-0.17%"
"07/10/2024","1.8085","1.8085","1.809","1.8062","","0.15%"
"07/09/2024","1.8058","1.8058","1.8099","1.8052","","-0.04%"
"07/08/2024","1.8066","1.8066","1.8084","1.8031","","-0.14%"
"07/05/2024","1.8092","1.8092","1.8092","1.8045","","-0.16%"
"07/04/2024","1.8121","1.8121","1.8136","1.8082","","-0.41%"
"07/03/2024","1.8196","1.8196","1.8216","1.8083","","-0.11%"
"07/02/2024","1.8216","1.8216","1.8261","1.82","","-0.02%"
"07/01/2024","1.8219","1.8219","1.8243","1.8146","","-0.25%"
"06/28/2024","1.8264","1.8264","1.8303","1.8243","","-0.27%"
"06/27/2024","1.8313","1.8313","1.8317","1.8234","","0.28%"
"06/26/2024","1.8262","1.8262","1.8334","1.8244","","0.21%"
"06/25/2024","1.8223","1.8223","1.8292","1.8201","","-0.42%"
"06/24/2024","1.83","1.83","1.8305","1.8199","","0.18%"
"06/21/2024","1.8268","1.8268","1.8327","1.824","","0.42%"
"06/20/2024","1.8191","1.8191","1.8266","1.8193","","-0.09%"
"06/19/2024","1.8207","1.8207","1.8234","1.8188","","-0.02%"
"06/18/2024","1.821","1.821","1.826","1.8175","","-0.36%"
"06/17/2024","1.8275","1.8275","1.83","1.8234","","0.34%"
"06/14/2024","1.8213","1.8213","1.8333","1.8201","","0.69%"
"06/13/2024","1.8088","1.8088","1.8187","1.808","","-0.67%"
"06/12/2024","1.821","1.821","1.8219","1.8023","","0.22%"
"06/11/2024","1.817","1.817","1.8243","1.8154","","0.14%"
"06/10/2024","1.8145","1.8145","1.8221","1.8138","","1.07%"
"06/07/2024","1.7953","1.7953","1.8101","1.794","","-0.18%"
"06/06/2024","1.7985","1.7985","1.8003","1.7946","","0.07%"
"06/05/2024","1.7973","1.7973","1.8008","1.796","","0.23%"
"06/04/2024","1.7931","1.7931","1.8008","1.7913","","-0.50%"
"06/03/2024","1.8021","1.8021","1.8063","1.7958","","-0.16%"
"05/31/2024","1.805","1.805","1.809","1.7972","","-0.31%"
"05/30/2024","1.8106","1.8106","1.8128","1.8033","","0.46%"
"05/29/2024","1.8023","1.8023","1.8094","1.8011","","0.09%"
"05/28/2024","1.8006","1.8006","1.8011","1.7961","","-0.13%"
"05/27/2024","1.803","1.803","1.804","1.7998","","-0.32%"
"05/24/2024","1.8088","1.8088","1.8099","1.8015","","0.12%"
"05/23/2024","1.8067","1.8067","1.8088","1.8007","","0.28%"
"05/22/2024","1.8017","1.8017","1.8072","1.8001","","0.05%"
"05/21/2024","1.8008","1.8008","1.8033","1.7984","","0.13%"
"05/20/2024","1.7984","1.7984","1.8018","1.7968","","-0.07%"
"05/17/2024","1.7997","1.7997","1.8049","1.7978","","0.21%"
"05/16/2024","1.796","1.796","1.8017","1.7949","","-0.69%"
"05/15/2024","1.8085","1.8085","1.8087","1.7986","","-0.19%"
"05/14/2024","1.812","1.812","1.8149","1.8062","","-0.21%"
"05/13/2024","1.8159","1.8159","1.8166","1.8097","","0.14%"
"05/10/2024","1.8134","1.8134","1.8173","1.8121","","-0.36%"
"05/09/2024","1.8199","1.8199","1.8236","1.8138","","0.03%"
"05/08/2024","1.8193","1.8193","1.8218","1.8179","","0.16%"
"05/07/2024","1.8164","1.8164","1.8184","1.8127","","-0.09%"
"05/06/2024","1.818","1.818","1.8183","1.8123","","-0.23%"
"05/03/2024","1.8222","1.8222","1.8236","1.8094","","-0.11%"
"05/02/2024","1.8242","1.8242","1.832","1.8226","","-0.51%"
"05/01/2024","1.8336","1.8336","1.8364","1.8298","","0.46%"
"04/30/2024","1.8252","1.8252","1.8306","1.8217","","-0.08%"
"04/29/2024","1.8267","1.8267","1.8294","1.8219","","0.21%"
"04/26/2024","1.8228","1.8228","1.8321","1.8189","","-0.28%"
"04/25/2024","1.8279","1.8279","1.8315","1.8224","","0.04%"
"04/24/2024","1.8271","1.8271","1.8314","1.8252","","-0.47%"
"04/23/2024","1.8358","1.8358","1.8383","1.8262","","0.04%"
"04/22/2024","1.835","1.8351","1.8408","1.8328","","-0.14%"
"04/19/2024","1.8375","1.8375","1.8431","1.8312","","0.24%"
"04/18/2024","1.8331","1.8331","1.8368","1.8293","","-0.45%"
"04/17/2024","1.8414","1.8414","1.8437","1.836","","0.04%"
"04/16/2024","1.8407","1.8407","1.8444","1.8358","","0.23%"
"04/15/2024","1.8365","1.8365","1.841","1.8338","","0.72%"
"04/12/2024","1.8233","1.8233","1.841","1.8228","","0.14%"
"04/11/2024","1.8208","1.8208","1.8278","1.8184","","1.09%"
"04/10/2024","1.8011","1.8011","1.8221","1.7996","","0.04%"
"04/09/2024","1.8003","1.8003","1.8026","1.7962","","-0.31%"
"04/08/2024","1.8059","1.8059","1.8073","1.8012","","0.06%"
"04/05/2024","1.8048","1.8048","1.8124","1.8029","","0.02%"
"04/04/2024","1.8045","1.8045","1.8051","1.7983","","-0.64%"
"04/03/2024","1.8162","1.8162","1.8169","1.8056","","-0.29%"
"04/02/2024","1.8215","1.8215","1.8236","1.8145","","0.51%"
"04/01/2024","1.8122","1.8122","1.8225","1.8107","","0.02%"
"03/29/2024","1.8119","1.8119","1.8162","1.8097","","0.18%"
"03/28/2024","1.8087","1.8087","1.8151","1.8062","","0.18%"
"03/27/2024","1.8055","1.8055","1.809","1.8044","","0.05%"
"03/26/2024","1.8046","1.8046","1.8066","1.8003","","-0.28%"
"03/25/2024","1.8097","1.8097","1.8105","1.8037","","0.51%"
"03/22/2024","1.8006","1.8006","1.8094","1.7994","","0.69%"
"03/21/2024","1.7882","1.7882","1.8015","1.787","","-0.68%"
"03/20/2024","1.8004","1.8004","1.8048","1.7986","","0.10%"
"03/19/2024","1.7986","1.7986","1.8051","1.798","","0.08%"
"03/18/2024","1.7972","1.7972","1.7975","1.7931","","0.01%"
"03/15/2024","1.7971","1.7971","1.7987","1.7941","","0.66%"
"03/14/2024","1.7853","1.7853","1.797","1.7854","","-0.25%"
"03/13/2024","1.7898","1.7898","1.791","1.7863","","0.03%"
"03/12/2024","1.7892","1.7892","1.7938","1.7874","","0.11%"
"03/11/2024","1.7873","1.7873","1.7919","1.7861","","0.07%"
"03/08/2024","1.7861","1.7861","1.7899","1.7816","","-0.46%"
"03/07/2024","1.7944","1.7944","1.7994","1.7876","","-0.40%"
"03/06/2024","1.8016","1.8016","1.8038","1.792","","-0.01%"
"03/05/2024","1.8017","1.8017","1.8038","1.7984","","-0.12%"
"03/04/2024","1.8038","1.8038","1.8045","1.7999","","-0.35%"
"03/01/2024","1.8101","1.8101","1.8111","1.804","","0.31%"
"02/29/2024","1.8045","1.8045","1.81","1.8016","","0.06%"
"02/28/2024","1.8035","1.8035","1.8112","1.8031","","0.06%"
"02/27/2024","1.8025","1.8025","1.8053","1.7999","","-0.28%"
"02/26/2024","1.8076","1.8077","1.8087","1.8011","","0.05%"
"02/23/2024","1.8067","1.8067","1.8087","1.8044","","-0.04%"
"02/22/2024","1.8075","1.8075","1.8101","1.7966","","-0.07%"
"02/21/2024","1.8088","1.8088","1.8123","1.8072","","-0.35%"
"02/20/2024","1.8151","1.8151","1.8173","1.8045","","0.09%"
"02/19/2024","1.8135","1.8136","1.8172","1.8127","","-0.10%"
"02/16/2024","1.8153","1.8153","1.822","1.8142","","-0.39%"
"02/15/2024","1.8224","1.8224","1.8236","1.8133","","-0.22%"
"02/14/2024","1.8264","1.8264","1.8286","1.822","","0.59%"
"02/13/2024","1.8156","1.8156","1.8275","1.8117","","0.24%"
"02/12/2024","1.8113","1.8113","1.8181","1.81","","-0.19%"
"02/09/2024","1.8148","1.8148","1.817","1.8119","","-0.01%"
"02/08/2024","1.815","1.815","1.8205","1.8127","","-0.18%"
"02/07/2024","1.8182","1.8182","1.8183","1.8136","","-0.14%"
"02/06/2024","1.8208","1.8208","1.8237","1.8172","","0.36%"
"02/05/2024","1.8143","1.8143","1.8237","1.8131","","0.88%"
"02/02/2024","1.7985","1.7985","1.8138","1.7947","","-0.65%"
"02/01/2024","1.8103","1.8103","1.8143","1.8","","0.37%"
"01/31/2024","1.8037","1.8037","1.8097","1.7967","","-0.08%"
"01/30/2024","1.8052","1.8052","1.8088","1.8017","","0.08%"
"01/29/2024","1.8037","1.8037","1.8114","1.8026","","0.03%"
"01/26/2024","1.8031","1.8031","1.8087","1.7971","","0.32%"
"01/25/2024","1.7973","1.7973","1.8066","1.7943","","-0.22%"
"01/24/2024","1.8013","1.8013","1.8023","1.7892","","0.21%"
"01/23/2024","1.7976","1.7976","1.8069","1.7913","","0.11%"
"01/22/2024","1.7956","1.7956","1.7976","1.7927","","-0.12%"
"01/19/2024","1.7978","1.7978","1.7996","1.7955","","0.06%"
"01/18/2024","1.7967","1.7967","1.8028","1.7931","","-0.06%"
"01/17/2024","1.7978","1.7978","1.8034","1.7968","","0.62%"
"01/16/2024","1.7868","1.7868","1.7998","1.7867","","0.00%"
"01/15/2024","1.7868","1.7868","1.7887","1.7847","","0.33%"
"01/12/2024","1.781","1.781","1.7883","1.7802","","-0.06%"
"01/11/2024","1.7821","1.7821","1.7892","1.7794","","-0.39%"
"01/10/2024","1.789","1.789","1.7905","1.7829","","0.17%"
"01/09/2024","1.7859","1.7859","1.7923","1.7833","","-0.08%"
"01/08/2024","1.7874","1.7874","1.7903","1.7816","","0.04%"
"01/05/2024","1.7866","1.7866","1.7977","1.7786","","-0.18%"
"01/04/2024","1.7898","1.7898","1.7915","1.7829","","0.13%"
"01/03/2024","1.7875","1.7875","1.7946","1.7834","","0.89%"
"01/02/2024","1.7718","1.7718","1.7875","1.7706","","0.16%"
"01/01/2024","1.769","1.769","1.7716","1.7694","","0.11%"
"12/29/2023","1.7671","1.7671","1.7711","1.7642","","0.37%"
"12/28/2023","1.7606","1.7606","1.7666","1.7558","","-0.59%"
"12/27/2023","1.7711","1.7711","1.7733","1.7584","","-0.21%"
"12/26/2023","1.7748","1.7748","1.7765","1.7716","","0.06%"
"12/25/2023","1.7737","1.7737","1.778","1.7712","","-0.19%"
"12/22/2023","1.777","1.777","1.779","1.7715","","-0.55%"
"12/21/2023","1.7868","1.7868","1.7884","1.7781","","0.32%"
"12/20/2023","1.7811","1.7811","1.7885","1.7813","","-0.52%"
"12/19/2023","1.7904","1.7904","1.7917","1.78","","-0.26%"
"12/18/2023","1.7951","1.7951","1.7952","1.7894","","0.90%"
"12/15/2023","1.7791","1.7791","1.794","1.7771","","-0.97%"
"12/14/2023","1.7966","1.7966","1.7976","1.7774","","-0.81%"
"12/13/2023","1.8112","1.8112","1.8153","1.8096","","-0.30%"
"12/12/2023","1.8166","1.8166","1.8174","1.8073","","-0.01%"
"12/11/2023","1.8167","1.8167","1.8205","1.8144","","0.24%"
"12/08/2023","1.8123","1.8123","1.8225","1.8109","","-0.24%"
"12/07/2023","1.8166","1.8166","1.8181","1.8115","","0.25%"
"12/06/2023","1.812","1.812","1.8155","1.8103","","0.41%"
"12/05/2023","1.8046","1.8046","1.8139","1.8029","","0.46%"
"12/04/2023","1.7963","1.7963","1.81","1.7964","","0.04%"
"12/01/2023","1.7956","1.7956","1.8057","1.7921","","0.75%"
"11/30/2023","1.7823","1.7823","1.7952","1.7804","","0.29%"
"11/29/2023","1.7771","1.7771","1.7843","1.7753","","-0.43%"
"11/28/2023","1.7848","1.7848","1.7886","1.7769","","-0.16%"
"11/27/2023","1.7877","1.7877","1.7901","1.7846","","-0.31%"
"11/24/2023","1.7933","1.7933","1.7951","1.7871","","-0.14%"
"11/23/2023","1.7958","1.7958","1.7963","1.7899","","0.25%"
"11/22/2023","1.7913","1.7913","1.8018","1.7906","","0.25%"
"11/21/2023","1.7868","1.7868","1.7906","1.7833","","-0.36%"
"11/20/2023","1.7932","1.7932","1.7947","1.7869","","-0.49%"
"11/17/2023","1.802","1.802","1.8067","1.7956","","0.01%"
"11/16/2023","1.8018","1.8018","1.8058","1.7953","","0.22%"
"11/15/2023","1.7979","1.7979","1.8054","1.7964","","-1.63%"
"11/14/2023","1.8276","1.8276","1.829","1.7998","","-0.11%"
"11/13/2023","1.8296","1.8296","1.8338","1.8269","","-0.21%"
"11/10/2023","1.8334","1.8334","1.8351","1.8292","","0.40%"
"11/09/2023","1.8261","1.8261","1.831","1.8231","","-0.13%"
"11/08/2023","1.8285","1.8285","1.8346","1.8251","","0.24%"
"11/07/2023","1.8242","1.8242","1.8339","1.8242","","0.10%"
"11/06/2023","1.8224","1.8224","1.8239","1.8182","","-1.05%"
"11/03/2023","1.8418","1.8418","1.8424","1.8216","","-0.30%"
"11/02/2023","1.8474","1.8474","1.8479","1.833","","-0.08%"
"11/01/2023","1.8488","1.8488","1.8586","1.8485","","0.34%"
"10/31/2023","1.8425","1.8425","1.8508","1.8332","","-0.50%"
"10/30/2023","1.8517","1.8517","1.8541","1.8406","","0.02%"
"10/27/2023","1.8513","1.8513","1.8563","1.8455","","0.03%"
"10/26/2023","1.8508","1.8508","1.858","1.8504","","0.27%"
"10/25/2023","1.8459","1.8459","1.8509","1.844","","0.70%"
"10/24/2023","1.833","1.833","1.8479","1.8295","","-0.75%"
"10/23/2023","1.8469","1.8469","1.85","1.8369","","-0.03%"
"10/20/2023","1.8475","1.8475","1.8511","1.8449","","-0.45%"
"10/19/2023","1.8559","1.8559","1.8576","1.8477","","0.33%"
"10/18/2023","1.8498","1.8498","1.8579","1.8459","","-0.18%"
"10/17/2023","1.8531","1.8531","1.8568","1.846","","-0.31%"
"10/16/2023","1.8589","1.8589","1.8598","1.8531","","0.15%"
"10/13/2023","1.8562","1.8562","1.8634","1.8524","","0.83%"
"10/12/2023","1.8409","1.8409","1.8546","1.8383","","-0.18%"
"10/11/2023","1.8443","1.8443","1.8464","1.8393","","-0.24%"
"10/10/2023","1.8488","1.8488","1.8528","1.8417","","-0.11%"
"10/09/2023","1.8508","1.8508","1.8589","1.8492","","-0.20%"
"10/06/2023","1.8545","1.8545","1.8655","1.8454","","-0.37%"
"10/05/2023","1.8614","1.8614","1.8625","1.8562","","-0.33%"
"10/04/2023","1.8676","1.8676","1.8709","1.857","","0.08%"
"10/03/2023","1.8661","1.8661","1.8716","1.8637","","0.80%"
"10/02/2023","1.8512","1.8512","1.864","1.8467","","-0.03%"
"09/29/2023","1.8517","1.8517","1.8524","1.842","","-0.54%"
"09/28/2023","1.8618","1.8618","1.8641","1.8488","","0.61%"
"09/27/2023","1.8505","1.8505","1.8611","1.8497","","0.21%"
"09/26/2023","1.8466","1.8466","1.8507","1.8436","","0.54%"
"09/25/2023","1.8367","1.8367","1.8491","1.8355","","0.12%"
"09/22/2023","1.8345","1.8345","1.8425","1.8327","","-0.08%"
"09/21/2023","1.8359","1.8359","1.8418","1.8324","","0.27%"
"09/20/2023","1.831","1.831","1.832","1.8233","","0.10%"
"09/19/2023","1.8291","1.8291","1.8319","1.8246","","-0.23%"
"09/18/2023","1.8333","1.8333","1.8354","1.8282","","-0.29%"
"09/15/2023","1.8387","1.8387","1.8391","1.83","","0.91%"
"09/14/2023","1.8221","1.8221","1.8356","1.8185","","0.18%"
"09/13/2023","1.8188","1.8188","1.8249","1.8168","","-0.03%"
"09/12/2023","1.8193","1.8193","1.8268","1.8172","","-0.30%"
"09/11/2023","1.8248","1.8248","1.8259","1.8182","","-0.19%"
"09/08/2023","1.8283","1.8283","1.8287","1.8207","","0.25%"
"09/07/2023","1.8238","1.8238","1.83","1.8221","","0.02%"
"09/06/2023","1.8234","1.8234","1.827","1.8197","","0.63%"
"09/05/2023","1.8119","1.8119","1.8266","1.8111","","-0.17%"
"09/04/2023","1.815","1.815","1.8153","1.8094","","0.63%"
"09/01/2023","1.8036","1.8036","1.8133","1.7975","","0.82%"
"08/31/2023","1.789","1.789","1.8047","1.7878","","-0.58%"
"08/30/2023","1.7994","1.7994","1.8016","1.7869","","-0.40%"
"08/29/2023","1.8067","1.8067","1.8137","1.8015","","-0.26%"
"08/28/2023","1.8114","1.8114","1.8111","1.8074","","0.02%"
"08/25/2023","1.8111","1.8111","1.8166","1.8043","","0.62%"
"08/24/2023","1.8","1.8","1.8084","1.7982","","-0.18%"
"08/23/2023","1.8032","1.8032","1.8105","1.7992","","0.48%"
"08/22/2023","1.7946","1.7946","1.8053","1.7891","","-0.21%"
"08/21/2023","1.7984","1.7984","1.7992","1.7921","","-0.01%"
"08/18/2023","1.7985","1.7985","1.8032","1.7951","","0.00%"
"08/17/2023","1.7985","1.7985","1.8006","1.7915","","0.27%"
"08/16/2023","1.7937","1.7937","1.7947","1.7886","","0.06%"
"08/15/2023","1.7927","1.7927","1.7942","1.7862","","0.31%"
"08/14/2023","1.7871","1.7871","1.7981","1.7845","","0.34%"
"08/11/2023","1.781","1.781","1.7858","1.7773","","-0.03%"
"08/10/2023","1.7816","1.7816","1.7832","1.7686","","-0.17%"
"08/09/2023","1.7847","1.7847","1.7852","1.7789","","0.41%"
"08/08/2023","1.7775","1.7775","1.7893","1.7764","","-0.01%"
"08/07/2023","1.7776","1.7776","1.7835","1.7761","","-0.46%"
"08/04/2023","1.7859","1.7859","1.7884","1.7714","","-0.07%"
"08/03/2023","1.7871","1.7871","1.7921","1.7855","","0.58%"
"08/02/2023","1.7768","1.7768","1.7911","1.7769","","-0.09%"
"08/01/2023","1.7784","1.7784","1.7854","1.7777","","0.24%"
"07/31/2023","1.7741","1.7741","1.777","1.7707","","-0.42%"
"07/28/2023","1.7815","1.7815","1.7866","1.7705","","0.91%"
"07/27/2023","1.7654","1.7654","1.7805","1.7538","","-0.25%"
"07/26/2023","1.7699","1.7699","1.7718","1.7642","","0.11%"
"07/25/2023","1.7679","1.7679","1.7745","1.7638","","0.56%"
"07/24/2023","1.758","1.758","1.767","1.7549","","0.11%"
"07/21/2023","1.7561","1.7561","1.7605","1.7546","","0.61%"
"07/20/2023","1.7455","1.7455","1.7568","1.7417","","0.21%"
"07/19/2023","1.7418","1.7418","1.75","1.7401","","0.08%"
"07/18/2023","1.7404","1.7404","1.7432","1.7345","","-0.09%"
"07/17/2023","1.742","1.742","1.7454","1.7383","","-0.03%"
"07/14/2023","1.7426","1.7426","1.7453","1.7393","","-0.71%"
"07/13/2023","1.755","1.755","1.7572","1.7469","","-1.17%"
"07/12/2023","1.7758","1.7758","1.776","1.7579","","-0.07%"
"07/11/2023","1.7771","1.7771","1.7815","1.7739","","-0.33%"
"07/10/2023","1.7829","1.7829","1.787","1.7792","","-0.72%"
"07/07/2023","1.7959","1.7959","1.7995","1.7838","","-0.31%"
"07/06/2023","1.8015","1.8015","1.8052","1.7941","","0.26%"
"07/05/2023","1.7968","1.7968","1.8001","1.7933","","0.26%"
"07/04/2023","1.7922","1.7922","1.7959","1.7913","","-0.05%"
"07/03/2023","1.7931","1.7931","1.799","1.7892","","-0.36%"
"06/30/2023","1.7996","1.7996","1.8049","1.7888","","0.44%"
"06/29/2023","1.7917","1.7917","1.8006","1.7877","","0.38%"
"06/28/2023","1.785","1.785","1.7944","1.7841","","-0.42%"
"06/27/2023","1.7926","1.7926","1.7938","1.7819","","-0.03%"
"06/26/2023","1.7932","1.7932","1.7963","1.7908","","0.48%"
"06/23/2023","1.7847","1.7847","1.8034","1.7847","","0.31%"
"06/22/2023","1.7792","1.7792","1.786","1.7762","","-0.66%"
"06/21/2023","1.791","1.791","1.7932","1.7843","","0.04%"
"06/20/2023","1.7903","1.7903","1.7952","1.7869","","0.16%"
"06/19/2023","1.7874","1.7874","1.7925","1.7863","","0.03%"
"06/16/2023","1.7868","1.7868","1.791","1.7827","","-0.94%"
"06/15/2023","1.8038","1.8038","1.8102","1.788","","-0.49%"
"06/14/2023","1.8127","1.8127","1.815","1.8012","","-0.25%"
"06/13/2023","1.8172","1.8172","1.8176","1.8072","","-0.11%"
"06/12/2023","1.8192","1.8192","1.822","1.8127","","0.29%"
"06/09/2023","1.8139","1.8139","1.8198","1.8131","","-0.70%"
"06/08/2023","1.8266","1.8266","1.8275","1.8138","","-0.09%"
"06/07/2023","1.8282","1.8282","1.8332","1.821","","0.13%"
"06/06/2023","1.8259","1.8259","1.8335","1.8222","","-0.12%"
"06/05/2023","1.8281","1.8281","1.8322","1.824","","0.58%"
"06/02/2023","1.8176","1.8176","1.8248","1.8144","","-0.61%"
"06/01/2023","1.8287","1.8287","1.834","1.8187","","0.36%"
"05/31/2023","1.8222","1.8222","1.8362","1.8213","","-0.24%"
"05/30/2023","1.8266","1.8266","1.8324","1.8201","","0.15%"
"05/29/2023","1.8239","1.8239","1.8268","1.8201","","0.01%"
"05/26/2023","1.8237","1.8237","1.8275","1.8181","","0.31%"
"05/25/2023","1.8181","1.8181","1.8262","1.8187","","0.12%"
"05/24/2023","1.816","1.816","1.8194","1.8111","","0.38%"
"05/23/2023","1.8091","1.8091","1.817","1.8074","","0.11%"
"05/22/2023","1.8071","1.8071","1.8115","1.8058","","-0.44%"
"05/19/2023","1.8151","1.8151","1.8175","1.807","","0.59%"
"05/18/2023","1.8045","1.8045","1.8168","1.8027","","0.25%"
"05/17/2023","1.8","1.8","1.809","1.7984","","0.07%"
"05/16/2023","1.7987","1.7987","1.8015","1.7938","","-0.19%"
"05/15/2023","1.8022","1.8022","1.8028","1.7956","","0.55%"
"05/12/2023","1.7923","1.7923","1.8017","1.7886","","0.66%"
"05/11/2023","1.7806","1.7806","1.7941","1.7782","","-0.18%"
"05/10/2023","1.7838","1.7838","1.7873","1.7773","","0.29%"
"05/09/2023","1.7787","1.7787","1.7871","1.7778","","0.21%"
"05/08/2023","1.775","1.775","1.776","1.7694","","0.04%"
"05/05/2023","1.7743","1.7743","1.7826","1.7703","","0.41%"
"05/04/2023","1.767","1.767","1.7802","1.7634","","-0.52%"
"05/03/2023","1.7763","1.7763","1.7771","1.7687","","-0.38%"
"05/02/2023","1.783","1.783","1.7872","1.7772","","0.38%"
"05/01/2023","1.7763","1.7763","1.7834","1.7723","","0.19%"
"04/28/2023","1.7729","1.7729","1.7836","1.771","","0.14%"
"04/27/2023","1.7704","1.7704","1.779","1.7675","","-0.62%"
"04/26/2023","1.7815","1.7815","1.783","1.7629","","0.74%"
"04/25/2023","1.7685","1.7685","1.783","1.7671","","-0.61%"
"04/24/2023","1.7793","1.7793","1.7831","1.7725","","-0.19%"
"04/21/2023","1.7827","1.7827","1.7878","1.7792","","-0.17%"
"04/20/2023","1.7858","1.7858","1.7887","1.7798","","0.21%"
"04/19/2023","1.782","1.782","1.7913","1.7802","","-0.46%"
"04/18/2023","1.7902","1.7902","1.7906","1.7807","","0.56%"
"04/17/2023","1.7802","1.7802","1.7926","1.7782","","0.62%"
"04/14/2023","1.7692","1.7692","1.7816","1.7659","","-0.49%"
"04/13/2023","1.778","1.778","1.781","1.7669","","-0.75%"
"04/12/2023","1.7915","1.7915","1.7918","1.7783","","-0.44%"
"04/11/2023","1.7994","1.7994","1.7996","1.79","","0.41%"
"04/10/2023","1.7921","1.7921","1.8055","1.7913","","0.06%"
"04/07/2023","1.791","1.791","1.7975","1.7902","","-0.16%"
"04/06/2023","1.7938","1.7938","1.7967","1.7894","","0.52%"
"04/05/2023","1.7845","1.7845","1.7935","1.783","","-0.44%"
"04/04/2023","1.7923","1.7923","1.797","1.7826","","-1.00%"
"04/03/2023","1.8104","1.8104","1.8127","1.7918","","0.94%"
"03/31/2023","1.7936","1.7936","1.8009","1.7901","","-0.56%"
"03/30/2023","1.8037","1.8037","1.8064","1.7904","","-0.04%"
"03/29/2023","1.8044","1.8044","1.8074","1.799","","-0.30%"
"03/28/2023","1.8098","1.8098","1.8103","1.8028","","-0.26%"
"03/27/2023","1.8146","1.8146","1.8197","1.8116","","0.53%"
"03/24/2023","1.8051","1.8051","1.8247","1.8044","","0.33%"
"03/23/2023","1.7992","1.7992","1.7995","1.7896","","-0.89%"
"03/22/2023","1.8153","1.8153","1.8178","1.8107","","-0.51%"
"03/21/2023","1.8246","1.8246","1.827","1.8131","","-0.38%"
"03/20/2023","1.8315","1.8315","1.8395","1.8227","","-0.61%"
"03/17/2023","1.8427","1.8427","1.843","1.8331","","-0.29%"
"03/16/2023","1.848","1.848","1.853","1.8391","","1.36%"
"03/15/2023","1.8232","1.8232","1.8591","1.8177","","-0.02%"
"03/14/2023","1.8236","1.8236","1.8314","1.8199","","-0.39%"
"03/13/2023","1.8307","1.8307","1.8361","1.8215","","-0.93%"
"03/10/2023","1.8478","1.8478","1.8494","1.8281","","-0.33%"
"03/09/2023","1.854","1.854","1.8559","1.8475","","0.02%"
"03/08/2023","1.8537","1.8537","1.858","1.8498","","1.30%"
"03/07/2023","1.8299","1.8299","1.8501","1.8285","","-0.58%"
"03/06/2023","1.8406","1.8406","1.8411","1.8289","","-0.25%"
"03/03/2023","1.8452","1.8452","1.8466","1.84","","0.65%"
"03/02/2023","1.8332","1.8332","1.848","1.8326","","-0.86%"
"03/01/2023","1.8491","1.8491","1.8511","1.8294","","0.32%"
"02/28/2023","1.8432","1.8432","1.8482","1.8373","","-0.53%"
"02/27/2023","1.853","1.853","1.8568","1.8419","","0.41%"
"02/24/2023","1.8455","1.8455","1.856","1.8426","","0.08%"
"02/23/2023","1.8441","1.8441","1.8483","1.8398","","0.44%"
"02/22/2023","1.8361","1.8361","1.8418","1.8338","","0.28%"
"02/21/2023","1.8309","1.8309","1.8373","1.8286","","0.02%"
"02/20/2023","1.8305","1.8305","1.8327","1.8269","","-0.17%"
"02/17/2023","1.8337","1.8337","1.8427","1.831","","0.24%"
"02/16/2023","1.8293","1.8293","1.8355","1.8241","","0.41%"
"02/15/2023","1.8218","1.8218","1.8337","1.8203","","-0.05%"
"02/14/2023","1.8227","1.8227","1.8262","1.8112","","-0.49%"
"02/13/2023","1.8317","1.8317","1.8352","1.8236","","0.60%"
"02/10/2023","1.8207","1.8207","1.8331","1.8191","","-0.25%"
"02/09/2023","1.8252","1.8252","1.8259","1.8126","","0.13%"
"02/08/2023","1.8228","1.8228","1.825","1.8177","","0.01%"
"02/07/2023","1.8226","1.8226","1.8331","1.8201","","0.56%"
"02/06/2023","1.8125","1.8125","1.8248","1.8109","","1.06%"
"02/03/2023","1.7935","1.7935","1.8091","1.7877","","0.99%"
"02/02/2023","1.776","1.776","1.7964","1.7737","","-1.38%"
"02/01/2023","1.8008","1.8008","1.8021","1.7903","","-0.09%"
"01/31/2023","1.8025","1.8025","1.8103","1.7996","","0.19%"
"01/30/2023","1.7991","1.7991","1.8018","1.7919","","0.21%"
"01/27/2023","1.7953","1.7953","1.8045","1.7941","","0.26%"
"01/26/2023","1.7907","1.7907","1.8023","1.789","","-0.31%"
"01/25/2023","1.7963","1.7963","1.8013","1.7906","","-0.13%"
"01/24/2023","1.7986","1.7986","1.8044","1.7949","","-0.08%"
"01/23/2023","1.8001","1.8002","1.803","1.7911","","-0.29%"
"01/20/2023","1.8053","1.8053","1.8102","1.8015","","-0.33%"
"01/19/2023","1.8113","1.8113","1.8138","1.8054","","-0.04%"
"01/18/2023","1.8121","1.8121","1.8165","1.7969","","0.34%"
"01/17/2023","1.8059","1.8059","1.8131","1.7994","","-0.05%"
"01/16/2023","1.8068","1.8068","1.8105","1.7984","","0.33%"
"01/13/2023","1.8009","1.8009","1.8142","1.7997","","-0.87%"
"01/12/2023","1.8167","1.8167","1.8214","1.8045","","-0.25%"
"01/11/2023","1.8212","1.8212","1.8233","1.8152","","-0.05%"
"01/10/2023","1.8222","1.8222","1.8256","1.8182","","-0.72%"
"01/09/2023","1.8354","1.8354","1.836","1.8178","","-1.26%"
"01/06/2023","1.8588","1.8588","1.8653","1.8413","","0.80%"
"01/05/2023","1.844","1.844","1.8599","1.8395","","-0.56%"
"01/04/2023","1.8544","1.8544","1.8546","1.8397","","1.24%"
"01/03/2023","1.8317","1.8317","1.8589","1.8309","","0.30%"
"01/02/2023","1.8262","1.8262","1.8359","1.8258","","-0.46%"
"12/30/2022","1.8346","1.8346","1.8383","1.8282","","-0.29%"
"12/29/2022","1.84","1.84","1.843","1.833","","0.07%"
"12/28/2022","1.8387","1.8387","1.8427","1.8323","","0.03%"
"12/27/2022","1.8381","1.8381","1.843","1.8332","","0.26%"
"12/26/2022","1.8334","1.8334","1.8436","1.8387","","-0.60%"
"12/23/2022","1.8445","1.8445","1.8472","1.8397","","0.06%"
"12/22/2022","1.8434","1.8434","1.8479","1.8352","","0.16%"
"12/21/2022","1.8404","1.8404","1.8456","1.8376","","-0.12%"
"12/20/2022","1.8426","1.8426","1.8485","1.8355","","-0.28%"
"12/19/2022","1.8477","1.8477","1.8491","1.8349","","0.52%"
"12/16/2022","1.8381","1.8381","1.8452","1.8342","","0.34%"
"12/15/2022","1.8319","1.8319","1.8438","1.8235","","-0.47%"
"12/14/2022","1.8405","1.8405","1.8416","1.833","","-0.80%"
"12/13/2022","1.8553","1.8553","1.8575","1.8332","","-0.19%"
"12/12/2022","1.8588","1.8588","1.8614","1.8487","","0.36%"
"12/09/2022","1.8522","1.8522","1.8592","1.8471","","-0.44%"
"12/08/2022","1.8603","1.8603","1.8642","1.8516","","-0.42%"
"12/07/2022","1.8682","1.8682","1.8727","1.8545","","0.27%"
"12/06/2022","1.8632","1.8632","1.8668","1.857","","0.45%"
"12/05/2022","1.8549","1.8549","1.864","1.8461","","-0.15%"
"12/02/2022","1.8577","1.8577","1.8744","1.8547","","-0.98%"
"12/01/2022","1.876","1.876","1.881","1.8571","","-0.97%"
"11/30/2022","1.8944","1.8944","1.9003","1.8816","","0.21%"
"11/29/2022","1.8905","1.8905","1.8942","1.8817","","0.21%"
"11/28/2022","1.8865","1.8865","1.8911","1.8633","","0.39%"
"11/25/2022","1.8791","1.8791","1.8886","1.8754","","0.07%"
"11/24/2022","1.8777","1.8777","1.8836","1.8719","","-1.01%"
"11/23/2022","1.8968","1.8968","1.8992","1.8839","","-0.63%"
"11/22/2022","1.9089","1.9089","1.9094","1.9007","","0.83%"
"11/21/2022","1.8932","1.8932","1.9124","1.8928","","0.30%"
"11/18/2022","1.8876","1.8876","1.8937","1.8814","","0.32%"
"11/17/2022","1.8815","1.8815","1.8971","1.8796","","-0.36%"
"11/16/2022","1.8883","1.8883","1.8922","1.8739","","-0.37%"
"11/15/2022","1.8953","1.8953","1.8963","1.8671","","0.09%"
"11/14/2022","1.8936","1.8936","1.9037","1.8896","","-1.32%"
"11/11/2022","1.9189","1.9189","1.9239","1.8918","","-1.70%"
"11/10/2022","1.952","1.952","1.9681","1.9207","","0.61%"
"11/09/2022","1.9401","1.9401","1.9534","1.9386","","-0.62%"
"11/08/2022","1.9522","1.9522","1.9605","1.9376","","-0.90%"
"11/07/2022","1.9699","1.9699","1.9717","1.9549","","-1.80%"
"11/04/2022","2.0061","2.0061","2.0063","1.968","","0.67%"
"11/03/2022","1.9928","1.9928","2.0098","1.9877","","0.65%"
"11/02/2022","1.98","1.98","1.9821","1.9729","","0.09%"
"11/01/2022","1.9783","1.9783","1.9832","1.9653","","0.69%"
"10/31/2022","1.9647","1.9647","1.9809","1.9621","","0.13%"
"10/28/2022","1.9621","1.9621","1.9693","1.956","","1.24%"
"10/27/2022","1.938","1.938","1.9604","1.9374","","-1.27%"
"10/26/2022","1.9629","1.9629","1.9667","1.9402","","-0.78%"
"10/25/2022","1.9783","1.9783","1.9852","1.9607","","-0.27%"
"10/24/2022","1.9836","1.9836","1.9939","1.9777","","-0.82%"
"10/21/2022","2.0001","2.0001","2.0148","1.9842","","-0.12%"
"10/20/2022","2.0026","2.0026","2.0048","1.9866","","1.00%"
"10/19/2022","1.9828","1.9828","2.0039","1.9822","","-0.18%"
"10/18/2022","1.9863","1.9863","1.9928","1.9809","","-1.09%"
"10/17/2022","2.0082","2.0082","2.0112","1.9862","","0.12%"
"10/14/2022","2.0057","2.0057","2.0143","1.995","","-0.45%"
"10/13/2022","2.0147","2.0147","2.0297","1.9967","","-0.08%"
"10/12/2022","2.0163","2.0163","2.0226","2.0095","","0.10%"
"10/11/2022","2.0142","2.0142","2.0217","2.0043","","0.25%"
"10/10/2022","2.0091","2.0091","2.02","2.0055","","0.56%"
"10/07/2022","1.998","1.998","2.0098","1.9925","","1.25%"
"10/06/2022","1.9734","1.9734","1.9979","1.9703","","0.74%"
"10/05/2022","1.9589","1.9589","1.9886","1.957","","-1.52%"
"10/04/2022","1.9892","1.9892","1.9944","1.9597","","-0.40%"
"10/03/2022","1.9972","1.9972","2.0052","1.9868","","0.38%"
"09/30/2022","1.9897","1.9897","2.0089","1.9856","","-1.24%"
"09/29/2022","2.0146","2.0146","2.0292","1.9983","","-1.15%"
"09/28/2022","2.0381","2.0381","2.0501","2.0192","","0.29%"
"09/27/2022","2.0323","2.0323","2.0385","2.0226","","0.69%"
"09/26/2022","2.0184","2.0184","2.0411","2.0163","","1.56%"
"09/23/2022","1.9873","1.9873","2.0155","1.9852","","-0.11%"
"09/22/2022","1.9895","1.9895","1.9935","1.9744","","1.42%"
"09/21/2022","1.9616","1.9616","1.9818","1.9609","","0.59%"
"09/20/2022","1.9501","1.9501","1.9643","1.9461","","-0.07%"
"09/19/2022","1.9515","1.9515","1.9623","1.9504","","-0.34%"
"09/16/2022","1.9581","1.9581","1.9665","1.9489","","-0.05%"
"09/15/2022","1.959","1.959","1.9642","1.9523","","-0.02%"
"09/14/2022","1.9594","1.9594","1.963","1.9514","","1.48%"
"09/13/2022","1.9308","1.9308","1.9567","1.9198","","-0.58%"
"09/12/2022","1.942","1.942","1.9433","1.9181","","-0.59%"
"09/09/2022","1.9535","1.9535","1.954","1.9341","","-0.16%"
"09/08/2022","1.9567","1.9567","1.9689","1.9502","","-0.98%"
"09/07/2022","1.976","1.976","1.98","1.9646","","0.55%"
"09/06/2022","1.9652","1.9652","1.9826","1.9587","","-0.43%"
"09/05/2022","1.9737","1.9737","1.9794","1.9669","","0.43%"
"09/02/2022","1.9652","1.9652","1.9654","1.9493","","0.87%"
"09/01/2022","1.9482","1.9482","1.9721","1.9469","","-0.14%"
"08/31/2022","1.9509","1.9509","1.9614","1.9408","","-0.11%"
"08/30/2022","1.9531","1.9531","1.9591","1.9457","","-0.75%"
"08/29/2022","1.9679","1.9679","1.9726","1.9498","","0.33%"
"08/26/2022","1.9615","1.9615","1.9662","1.9387","","-0.02%"
"08/25/2022","1.9619","1.9619","1.9643","1.9499","","-0.02%"
"08/24/2022","1.9623","1.9623","1.9732","1.9562","","-0.27%"
"08/23/2022","1.9677","1.9677","1.975","1.9521","","0.96%"
"08/22/2022","1.949","1.949","1.9701","1.9464","","0.55%"
"08/19/2022","1.9384","1.9384","1.9488","1.9341","","0.90%"
"08/18/2022","1.9212","1.9212","1.9339","1.9187","","-0.09%"
"08/17/2022","1.923","1.923","1.9273","1.9179","","-0.09%"
"08/16/2022","1.9247","1.9247","1.932","1.9185","","0.93%"
"08/15/2022","1.9069","1.9069","1.9208","1.9049","","0.59%"
"08/12/2022","1.8958","1.8958","1.9101","1.8938","","-0.15%"
"08/11/2022","1.8987","1.8987","1.9032","1.8868","","-0.90%"
"08/10/2022","1.916","1.916","1.9169","1.8862","","-0.10%"
"08/09/2022","1.9179","1.9179","1.9195","1.9087","","-0.27%"
"08/08/2022","1.923","1.923","1.925","1.9134","","0.76%"
"08/05/2022","1.9085","1.9085","1.9281","1.9083","","-0.88%"
"08/04/2022","1.9255","1.9255","1.9258","1.9114","","-0.02%"
"08/03/2022","1.9258","1.9258","1.932","1.916","","1.04%"
"08/02/2022","1.906","1.906","1.9205","1.9001","","-0.52%"
"08/01/2022","1.9159","1.9159","1.9157","1.903","","-0.16%"
"07/29/2022","1.9189","1.9189","1.9272","1.9074","","0.17%"
"07/28/2022","1.9157","1.9157","1.9335","1.9113","","-0.78%"
"07/27/2022","1.9308","1.9308","1.935","1.9228","","0.94%"
"07/26/2022","1.9128","1.9128","1.9338","1.9083","","-0.24%"
"07/25/2022","1.9174","1.9174","1.9211","1.9069","","0.20%"
"07/22/2022","1.9135","1.9135","1.93","1.9072","","-0.37%"
"07/21/2022","1.9207","1.9207","1.9244","1.9034","","0.48%"
"07/20/2022","1.9116","1.9116","1.922","1.9041","","-0.84%"
"07/19/2022","1.9278","1.9278","1.9316","1.9047","","-0.49%"
"07/18/2022","1.9372","1.9372","1.9399","1.9177","","-0.70%"
"07/15/2022","1.9508","1.9508","1.9538","1.9369","","0.07%"
"07/14/2022","1.9495","1.9495","1.9649","1.9462","","0.01%"
"07/13/2022","1.9494","1.9494","1.956","1.9334","","0.14%"
"07/12/2022","1.9466","1.9466","1.9556","1.9415","","1.18%"
"07/11/2022","1.9239","1.9239","1.9453","1.9236","","0.04%"
"07/08/2022","1.9232","1.9232","1.9404","1.9192","","0.17%"
"07/07/2022","1.92","1.92","1.9263","1.9139","","0.70%"
"07/06/2022","1.9067","1.9067","1.9246","1.9037","","1.71%"
"07/05/2022","1.8746","1.8746","1.9105","1.8719","","0.01%"
"07/04/2022","1.8745","1.8745","1.8773","1.8692","","0.42%"
"07/01/2022","1.8667","1.8667","1.8861","1.8666","","-0.29%"
"06/30/2022","1.8722","1.8722","1.8835","1.8665","","0.74%"
"06/29/2022","1.8585","1.8585","1.8684","1.8563","","0.54%"
"06/28/2022","1.8485","1.8485","1.8617","1.8442","","-0.14%"
"06/27/2022","1.851","1.851","1.8537","1.8426","","-0.44%"
"06/24/2022","1.8591","1.8591","1.8603","1.8505","","0.42%"
"06/23/2022","1.8514","1.8514","1.8655","1.8485","","-0.30%"
"06/22/2022","1.8569","1.8569","1.8677","1.8446","","-0.11%"
"06/21/2022","1.859","1.859","1.8602","1.8483","","-0.28%"
"06/20/2022","1.8642","1.8642","1.8651","1.8547","","0.53%"
"06/17/2022","1.8544","1.8544","1.8724","1.8536","","-0.86%"
"06/16/2022","1.8705","1.8705","1.8838","1.8573","","-0.15%"
"06/15/2022","1.8733","1.8733","1.8831","1.8614","","-0.24%"
"06/14/2022","1.8779","1.8779","1.8809","1.8658","","0.72%"
"06/13/2022","1.8645","1.8645","1.8772","1.8631","","1.23%"
"06/10/2022","1.8418","1.8418","1.8613","1.8378","","0.93%"
"06/09/2022","1.8249","1.8249","1.837","1.816","","-0.18%"
"06/08/2022","1.8281","1.8281","1.8325","1.8197","","-0.07%"
"06/07/2022","1.8293","1.8293","1.836","1.8264","","0.32%"
"06/06/2022","1.8234","1.8234","1.8303","1.8189","","0.23%"
"06/03/2022","1.8192","1.8192","1.8267","1.8168","","-0.90%"
"06/02/2022","1.8357","1.8357","1.8372","1.8213","","0.75%"
"06/01/2022","1.8221","1.8221","1.8396","1.8216","","0.37%"
"05/31/2022","1.8154","1.8154","1.8309","1.8152","","-0.39%"
"05/30/2022","1.8225","1.8225","1.8232","1.8134","","0.01%"
"05/27/2022","1.8223","1.8223","1.8282","1.8168","","-0.43%"
"05/26/2022","1.8302","1.8302","1.834","1.823","","0.47%"
"05/25/2022","1.8217","1.8217","1.8375","1.8217","","-0.51%"
"05/24/2022","1.831","1.831","1.8344","1.82","","-1.05%"
"05/23/2022","1.8504","1.8504","1.8506","1.8295","","0.09%"
"05/20/2022","1.8488","1.8488","1.8554","1.8453","","-1.00%"
"05/19/2022","1.8675","1.8675","1.8687","1.8455","","0.72%"
"05/18/2022","1.8542","1.8542","1.864","1.8514","","-1.04%"
"05/17/2022","1.8736","1.8736","1.8748","1.8532","","-0.37%"
"05/16/2022","1.8805","1.8805","1.8822","1.8738","","-0.20%"
"05/13/2022","1.8843","1.8843","1.8893","1.8771","","1.28%"
"05/12/2022","1.8605","1.8605","1.8854","1.8574","","0.19%"
"05/11/2022","1.8569","1.8569","1.8614","1.8494","","0.31%"
"05/10/2022","1.8511","1.8511","1.8579","1.8476","","-0.32%"
"05/09/2022","1.857","1.857","1.8633","1.85","","0.07%"
"05/06/2022","1.8557","1.8557","1.8653","1.8454","","0.79%"
"05/05/2022","1.8412","1.8412","1.8619","1.8382","","-0.88%"
"05/04/2022","1.8576","1.8576","1.8615","1.851","","-0.19%"
"05/03/2022","1.8611","1.8611","1.8637","1.849","","0.26%"
"05/02/2022","1.8563","1.8563","1.862","1.8508","","-0.31%"
"04/29/2022","1.862","1.862","1.8617","1.8468","","0.49%"
"04/28/2022","1.853","1.853","1.8675","1.8517","","0.84%"
"04/27/2022","1.8376","1.8376","1.8597","1.8354","","0.66%"
"04/26/2022","1.8255","1.8255","1.8374","1.8213","","0.91%"
"04/25/2022","1.8091","1.8091","1.8278","1.8089","","0.22%"
"04/22/2022","1.8051","1.8051","1.8155","1.8019","","0.14%"
"04/21/2022","1.8026","1.8026","1.8069","1.7886","","-0.51%"
"04/20/2022","1.8119","1.8119","1.8135","1.7998","","-0.12%"
"04/19/2022","1.814","1.814","1.8174","1.8089","","0.31%"
"04/18/2022","1.8084","1.8084","1.8137","1.8083","","0.06%"
"04/15/2022","1.8074","1.8074","1.8112","1.807","","0.70%"
"04/14/2022","1.7949","1.7949","1.8179","1.7906","","-0.65%"
"04/13/2022","1.8066","1.8066","1.8092","1.7987","","0.48%"
"04/12/2022","1.798","1.798","1.8023","1.7937","","0.07%"
"04/11/2022","1.7968","1.7968","1.7985","1.789","","-0.18%"
"04/08/2022","1.8001","1.8001","1.8048","1.7957","","0.31%"
"04/07/2022","1.7946","1.7946","1.7998","1.7886","","0.07%"
"04/06/2022","1.7933","1.7933","1.7983","1.7882","","0.64%"
"04/05/2022","1.7819","1.7819","1.7908","1.7794","","0.65%"
"04/04/2022","1.7704","1.7704","1.7811","1.7689","","0.23%"
"04/01/2022","1.7664","1.7664","1.7732","1.7659","","0.81%"
"03/31/2022","1.7522","1.7522","1.7661","1.7489","","-0.64%"
"03/30/2022","1.7634","1.7634","1.7637","1.751","","-0.88%"
"03/29/2022","1.779","1.779","1.7828","1.7563","","-0.11%"
"03/28/2022","1.781","1.781","1.7869","1.7786","","0.25%"
"03/25/2022","1.7765","1.7766","1.7808","1.7718","","-0.03%"
"03/24/2022","1.777","1.777","1.7829","1.7759","","0.21%"
"03/23/2022","1.7732","1.7732","1.7836","1.7713","","-0.11%"
"03/22/2022","1.7752","1.7754","1.7843","1.7707","","0.23%"
"03/21/2022","1.7711","1.7712","1.7738","1.7673","","0.51%"
"03/18/2022","1.7621","1.7622","1.7772","1.7592","","-0.70%"
"03/17/2022","1.7745","1.7744","1.7746","1.7603","","-0.48%"
"03/16/2022","1.783","1.7833","1.7852","1.7718","","-0.24%"
"03/15/2022","1.7873","1.7869","1.7879","1.7751","","-0.10%"
"03/14/2022","1.7891","1.789","1.7939","1.7801","","0.75%"
"03/11/2022","1.7758","1.7761","1.7886","1.7713","","0.54%"
"03/10/2022","1.7662","1.7663","1.7809","1.7594","","-1.58%"
"03/09/2022","1.7946","1.7942","1.7947","1.7634","","-0.31%"
"03/08/2022","1.8001","1.7994","1.8024","1.7907","","0.09%"
"03/07/2022","1.7985","1.7986","1.8095","1.7893","","1.77%"
"03/04/2022","1.7673","1.7669","1.796","1.7669","","0.41%"
"03/03/2022","1.7601","1.7599","1.7716","1.7595","","0.19%"
"03/02/2022","1.7568","1.7571","1.7686","1.7554","","0.75%"
"03/01/2022","1.7438","1.744","1.7617","1.7413","","-0.31%"
"02/28/2022","1.7492","1.7492","1.7552","1.7394","","0.09%"
"02/25/2022","1.7477","1.7477","1.7513","1.736","","1.02%"
"02/24/2022","1.73","1.7299","1.7603","1.7299","","0.21%"
"02/23/2022","1.7264","1.7262","1.7297","1.7217","","-0.17%"
"02/22/2022","1.7293","1.7293","1.7325","1.7211","","0.06%"
"02/21/2022","1.7282","1.7282","1.7287","1.7178","","0.44%"
"02/18/2022","1.7207","1.7211","1.7284","1.7192","","0.08%"
"02/17/2022","1.7194","1.7197","1.7266","1.7176","","-0.16%"
"02/16/2022","1.7222","1.7223","1.7239","1.7167","","-0.45%"
"02/15/2022","1.7299","1.7299","1.7299","1.7203","","0.52%"
"02/14/2022","1.7209","1.7208","1.7319","1.7203","","0.44%"
"02/11/2022","1.7133","1.7139","1.72","1.7128","","0.05%"
"02/10/2022","1.7124","1.7124","1.7185","1.7016","","0.00%"
"02/09/2022","1.7124","1.7125","1.7151","1.7086","","0.19%"
"02/08/2022","1.7092","1.7095","1.7161","1.708","","0.11%"
"02/07/2022","1.7074","1.7075","1.7131","1.7067","","-0.17%"
"02/04/2022","1.7103","1.7104","1.7136","1.7031","","-1.18%"
"02/03/2022","1.7308","1.7308","1.7351","1.708","","-0.23%"
"02/02/2022","1.7348","1.735","1.7359","1.7263","","-0.40%"
"02/01/2022","1.7417","1.7417","1.7428","1.734","","-0.68%"
"01/31/2022","1.7537","1.7539","1.7549","1.7436","","-0.05%"
"01/28/2022","1.7546","1.7547","1.7583","1.751","","0.87%"
"01/27/2022","1.7395","1.7397","1.7567","1.7393","","0.54%"
"01/26/2022","1.7301","1.7303","1.7351","1.7288","","0.17%"
"01/25/2022","1.7271","1.7272","1.7359","1.727","","0.15%"
"01/24/2022","1.7245","1.7246","1.7321","1.7246","","-0.24%"
"01/21/2022","1.7287","1.7285","1.7305","1.7215","","0.26%"
"01/20/2022","1.7242","1.7242","1.7262","1.7203","","-0.12%"
"01/19/2022","1.7263","1.7262","1.7278","1.7222","","0.71%"
"01/18/2022","1.7141","1.7137","1.7263","1.7121","","0.01%"
"01/17/2022","1.714","1.7138","1.7167","1.7105","","0.40%"
"01/14/2022","1.7071","1.7072","1.7141","1.7031","","-0.13%"
"01/13/2022","1.7094","1.7097","1.7102","1.7038","","-0.66%"
"01/12/2022","1.7207","1.7202","1.7223","1.7107","","-0.32%"
"01/11/2022","1.7262","1.7258","1.7284","1.7203","","0.21%"
"01/10/2022","1.7226","1.7227","1.7326","1.7217","","-0.50%"
"01/07/2022","1.7313","1.7315","1.7323","1.7217","","0.14%"
"01/06/2022","1.7288","1.729","1.733","1.7261","","-0.26%"
"01/05/2022","1.7333","1.7331","1.7343","1.7239","","0.16%"
"01/04/2022","1.7305","1.7305","1.7349","1.7273","","0.63%"
"01/03/2022","1.7196","1.7196","1.7331","1.7193","","-0.43%"
"12/31/2021","1.727","1.7273","1.73","1.7188","","0.31%"
"12/30/2021","1.7217","1.7217","1.7307","1.7217","","-0.40%"
"12/29/2021","1.7286","1.7288","1.7346","1.7202","","0.14%"
"12/28/2021","1.7262","1.7263","1.7323","1.7253","","-0.05%"
"12/27/2021","1.7271","1.7272","1.7302","1.7255","","0.03%"
"12/24/2021","1.7266","1.7271","1.7295","1.7241","","0.01%"
"12/23/2021","1.7264","1.7262","1.7321","1.7239","","-0.36%"
"12/22/2021","1.7327","1.7323","1.7362","1.7244","","-0.09%"
"12/21/2021","1.7343","1.7344","1.7367","1.7303","","-0.30%"
"12/20/2021","1.7395","1.7397","1.7405","1.7301","","0.81%"
"12/17/2021","1.7256","1.7254","1.7357","1.7233","","-0.38%"
"12/16/2021","1.7322","1.7319","1.7336","1.7211","","-0.26%"
"12/15/2021","1.7368","1.7372","1.7386","1.7342","","0.21%"
"12/14/2021","1.7331","1.7334","1.736","1.7266","","0.24%"
"12/13/2021","1.729","1.7291","1.7364","1.7284","","-0.16%"
"12/10/2021","1.7318","1.7317","1.7358","1.7274","","0.46%"
"12/09/2021","1.7239","1.7241","1.734","1.7239","","-0.61%"
"12/08/2021","1.7344","1.735","1.7355","1.7249","","0.09%"
"12/07/2021","1.7329","1.7332","1.7414","1.7309","","0.16%"
"12/06/2021","1.7301","1.7304","1.7356","1.7293","","0.01%"
"12/03/2021","1.7299","1.7298","1.7358","1.726","","0.12%"
"12/02/2021","1.7278","1.7278","1.7305","1.7235","","0.09%"
"12/01/2021","1.7262","1.7262","1.7302","1.7219","","-0.32%"
"11/30/2021","1.7318","1.7318","1.7391","1.7184","","-0.01%"
"11/29/2021","1.7319","1.7322","1.7371","1.7311","","-0.74%"
"11/26/2021","1.7448","1.7449","1.745","1.7275","","-0.06%"
"11/25/2021","1.7458","1.7452","1.7457","1.7415","","0.37%"
"11/24/2021","1.7393","1.7395","1.7482","1.7378","","-0.02%"
"11/23/2021","1.7397","1.7395","1.7421","1.7349","","0.30%"
"11/22/2021","1.7345","1.7345","1.7403","1.7323","","0.82%"
"11/19/2021","1.7204","1.7202","1.7381","1.7202","","-0.42%"
"11/18/2021","1.7276","1.7281","1.7285","1.7217","","0.00%"
"11/17/2021","1.7276","1.7283","1.7353","1.7256","","0.40%"
"11/16/2021","1.7207","1.7206","1.7261","1.7176","","0.66%"
"11/15/2021","1.7094","1.7093","1.7131","1.706","","0.08%"
"11/12/2021","1.708","1.7085","1.7105","1.7067","","0.31%"
"11/11/2021","1.7028","1.7028","1.7074","1.702","","0.95%"
"11/10/2021","1.6867","1.687","1.6987","1.6863","","-0.04%"
"11/09/2021","1.6873","1.6877","1.6904","1.6848","","-0.20%"
"11/08/2021","1.6906","1.6907","1.6931","1.6867","","-0.12%"
"11/05/2021","1.6926","1.6924","1.6986","1.6912","","0.52%"
"11/04/2021","1.6838","1.6838","1.6964","1.6836","","-0.31%"
"11/03/2021","1.6891","1.6889","1.6914","1.6862","","0.18%"
"11/02/2021","1.6861","1.6858","1.6891","1.6839","","-0.37%"
"11/01/2021","1.6924","1.692","1.6938","1.687","","1.10%"
"10/29/2021","1.674","1.674","1.6938","1.6728","","-0.71%"
"10/28/2021","1.686","1.6862","1.6885","1.6726","","-0.02%"
"10/27/2021","1.6863","1.6863","1.6882","1.6825","","0.11%"
"10/26/2021","1.6844","1.6844","1.6881","1.6819","","0.24%"
"10/25/2021","1.6803","1.6801","1.687","1.6761","","-0.12%"
"10/22/2021","1.6824","1.6823","1.6828","1.6782","","0.26%"
"10/21/2021","1.6781","1.6785","1.6813","1.676","","-0.20%"
"10/20/2021","1.6814","1.6812","1.6834","1.6782","","-0.15%"
"10/19/2021","1.684","1.684","1.684","1.6759","","-0.15%"
"10/18/2021","1.6865","1.6866","1.69","1.6843","","-0.05%"
"10/15/2021","1.6873","1.6874","1.6877","1.6832","","0.07%"
"10/14/2021","1.6861","1.6861","1.6883","1.6824","","-0.57%"
"10/13/2021","1.6957","1.6962","1.6962","1.6891","","0.17%"
"10/12/2021","1.6928","1.6929","1.6957","1.6904","","0.11%"
"10/11/2021","1.691","1.691","1.6929","1.6879","","-0.05%"
"10/08/2021","1.6919","1.692","1.6945","1.6884","","-0.04%"
"10/07/2021","1.6926","1.6926","1.6935","1.6902","","0.36%"
"10/06/2021","1.6866","1.6868","1.6963","1.6861","","0.19%"
"10/05/2021","1.6834","1.6837","1.6885","1.6828","","-0.09%"
"10/04/2021","1.685","1.685","1.6877","1.6803","","-0.28%"
"10/01/2021","1.6898","1.6898","1.6913","1.6848","","0.24%"
"09/30/2021","1.6858","1.6857","1.6904","1.6844","","0.73%"
"09/29/2021","1.6736","1.6735","1.6846","1.6728","","0.09%"
"09/28/2021","1.6721","1.6722","1.676","1.6708","","0.22%"
"09/27/2021","1.6684","1.6685","1.6736","1.6677","","0.15%"
"09/24/2021","1.6659","1.6657","1.6714","1.6648","","-0.45%"
"09/23/2021","1.6734","1.6732","1.6739","1.6644","","0.30%"
"09/22/2021","1.6684","1.6679","1.6692","1.6653","","0.07%"
"09/21/2021","1.6673","1.668","1.6694","1.6647","","-0.01%"
"09/20/2021","1.6674","1.6675","1.6716","1.6664","","0.32%"
"09/17/2021","1.6621","1.6624","1.6674","1.6589","","0.45%"
"09/16/2021","1.6547","1.6548","1.6643","1.6542","","-0.13%"
"09/15/2021","1.6568","1.657","1.6573","1.6529","","0.06%"
"09/14/2021","1.6558","1.656","1.6572","1.6509","","0.00%"
"09/13/2021","1.6558","1.6557","1.6616","1.655","","0.12%"
"09/10/2021","1.6538","1.6542","1.6548","1.6501","","-0.06%"
"09/09/2021","1.6548","1.6546","1.6566","1.6517","","0.21%"
"09/08/2021","1.6514","1.6511","1.657","1.6499","","0.27%"
"09/07/2021","1.647","1.6472","1.6521","1.6452","","0.09%"
"09/06/2021","1.6455","1.6455","1.6495","1.6454","","-0.08%"
"09/03/2021","1.6468","1.6471","1.648","1.6425","","-0.30%"
"09/02/2021","1.6518","1.6516","1.6526","1.6474","","-0.25%"
"09/01/2021","1.656","1.6558","1.6582","1.6491","","-0.11%"
"08/31/2021","1.6579","1.6576","1.658","1.6511","","0.02%"
"08/30/2021","1.6576","1.6575","1.6597","1.6558","","-0.36%"
"08/27/2021","1.6636","1.6641","1.6665","1.657","","0.15%"
"08/26/2021","1.6611","1.6613","1.6648","1.6601","","-0.18%"
"08/25/2021","1.6641","1.6638","1.6676","1.663","","-0.07%"
"08/24/2021","1.6653","1.665","1.6676","1.6624","","-0.40%"
"08/23/2021","1.672","1.6717","1.6723","1.6655","","-0.18%"
"08/20/2021","1.675","1.675","1.6767","1.6729","","0.23%"
"08/19/2021","1.6712","1.6711","1.6761","1.6707","","0.05%"
"08/18/2021","1.6703","1.6703","1.6721","1.6672","","0.60%"
"08/17/2021","1.6603","1.6603","1.6701","1.6597","","0.13%"
"08/16/2021","1.6582","1.658","1.662","1.657","","-0.50%"
"08/13/2021","1.6665","1.6665","1.6672","1.6571","","0.05%"
"08/12/2021","1.6657","1.6657","1.6681","1.6644","","-0.16%"
"08/11/2021","1.6683","1.6688","1.6707","1.665","","0.13%"
"08/10/2021","1.6662","1.6661","1.6701","1.6654","","0.10%"
"08/09/2021","1.6646","1.6644","1.6657","1.6615","","0.73%"
"08/06/2021","1.6525","1.6528","1.6636","1.6525","","0.02%"
"08/05/2021","1.6522","1.6519","1.6533","1.6492","","0.27%"
"08/04/2021","1.6478","1.6478","1.6527","1.6433","","0.04%"
"08/03/2021","1.6471","1.647","1.6497","1.6441","","-0.06%"
"08/02/2021","1.6481","1.6484","1.6492","1.6437","","0.22%"
"07/30/2021","1.6445","1.6447","1.6497","1.642","","-0.40%"
"07/29/2021","1.6511","1.6509","1.6516","1.6447","","-0.19%"
"07/28/2021","1.6542","1.6543","1.6595","1.6533","","-0.13%"
"07/27/2021","1.6564","1.6566","1.6615","1.6523","","-0.29%"
"07/26/2021","1.6612","1.6613","1.6625","1.655","","-0.01%"
"07/23/2021","1.6613","1.6612","1.6637","1.6595","","0.17%"
"07/22/2021","1.6585","1.6582","1.6622","1.6533","","-0.07%"
"07/21/2021","1.6597","1.6595","1.664","1.6571","","0.08%"
"07/20/2021","1.6583","1.6585","1.6635","1.6569","","0.17%"
"07/19/2021","1.6555","1.6559","1.6625","1.6542","","-0.02%"
"07/16/2021","1.6558","1.6556","1.6583","1.6543","","0.18%"
"07/15/2021","1.6528","1.6528","1.6566","1.6503","","-0.49%"
"07/14/2021","1.6609","1.6611","1.6613","1.6536","","0.76%"
"07/13/2021","1.6484","1.6484","1.6584","1.6466","","0.07%"
"07/12/2021","1.6473","1.6472","1.6523","1.646","","-0.21%"
"07/09/2021","1.6508","1.6509","1.6539","1.6471","","-0.46%"
"07/08/2021","1.6584","1.6584","1.6597","1.6482","","0.27%"
"07/07/2021","1.654","1.6546","1.66","1.6517","","0.33%"
"07/06/2021","1.6486","1.6489","1.6554","1.6441","","-0.06%"
"07/05/2021","1.6496","1.6497","1.6502","1.646","","-0.08%"
"07/02/2021","1.651","1.6509","1.6548","1.649","","0.09%"
"07/01/2021","1.6495","1.6497","1.6521","1.6458","","0.38%"
"06/30/2021","1.6433","1.6436","1.6511","1.6421","","0.23%"
"06/29/2021","1.6396","1.6394","1.6463","1.6394","","0.11%"
"06/28/2021","1.6378","1.6378","1.6429","1.6372","","-0.10%"
"06/25/2021","1.6394","1.6397","1.6397","1.6333","","0.02%"
"06/24/2021","1.639","1.6392","1.6408","1.6358","","0.03%"
"06/23/2021","1.6385","1.6384","1.6414","1.6339","","-0.20%"
"06/22/2021","1.6418","1.642","1.646","1.6411","","-0.33%"
"06/21/2021","1.6472","1.6478","1.6507","1.6407","","0.34%"
"06/18/2021","1.6417","1.6417","1.6503","1.6398","","0.69%"
"06/17/2021","1.6305","1.631","1.6426","1.6288","","1.10%"
"06/16/2021","1.6128","1.613","1.615","1.6117","","-0.04%"
"06/15/2021","1.6134","1.6132","1.616","1.6098","","-0.10%"
"06/14/2021","1.615","1.6149","1.617","1.6122","","0.51%"
"06/11/2021","1.6068","1.6067","1.6171","1.6038","","0.08%"
"06/10/2021","1.6055","1.6061","1.6104","1.6042","","-0.07%"
"06/09/2021","1.6067","1.6069","1.6069","1.6006","","0.17%"
"06/08/2021","1.604","1.6045","1.6075","1.6036","","-0.21%"
"06/07/2021","1.6073","1.6077","1.6104","1.6029","","-0.29%"
"06/04/2021","1.612","1.6124","1.6157","1.6048","","0.64%"
"06/03/2021","1.6018","1.6016","1.6136","1.601","","0.06%"
"06/02/2021","1.6008","1.6008","1.6077","1.5993","","0.13%"
"06/01/2021","1.5988","1.5987","1.6012","1.5961","","-0.35%"
"05/31/2021","1.6044","1.6044","1.6052","1.5987","","0.02%"
"05/28/2021","1.604","1.6041","1.6119","1.603","","-0.01%"
"05/27/2021","1.6041","1.6044","1.6063","1.6009","","0.46%"
"05/26/2021","1.5967","1.5967","1.6031","1.5946","","-0.28%"
"05/25/2021","1.6012","1.6012","1.6015","1.5944","","-0.26%"
"05/24/2021","1.6053","1.6056","1.6063","1.5993","","0.34%"
"05/21/2021","1.5998","1.5995","1.6066","1.5976","","-0.43%"
"05/20/2021","1.6067","1.6067","1.607","1.5993","","0.42%"
"05/19/2021","1.6","1.5997","1.6042","1.5969","","-0.55%"
"05/18/2021","1.6088","1.609","1.6092","1.5989","","-0.06%"
"05/17/2021","1.6097","1.6101","1.6127","1.6071","","-0.60%"
"05/14/2021","1.6194","1.619","1.6202","1.61","","0.01%"
"05/13/2021","1.6193","1.6195","1.6227","1.6155","","0.55%"
"05/12/2021","1.6105","1.6103","1.6207","1.6096","","-0.02%"
"05/11/2021","1.6109","1.6108","1.613","1.6058","","0.25%"
"05/10/2021","1.6069","1.6074","1.6114","1.6061","","-0.85%"
"05/07/2021","1.6206","1.621","1.6226","1.6077","","-0.50%"
"05/06/2021","1.6288","1.6286","1.6307","1.6204","","0.06%"
"05/05/2021","1.6278","1.6276","1.6316","1.6259","","0.38%"
"05/04/2021","1.6216","1.6218","1.6299","1.6213","","-0.28%"
"05/03/2021","1.6261","1.6263","1.6278","1.6193","","0.82%"
"04/30/2021","1.6128","1.6131","1.6265","1.6126","","0.07%"
"04/29/2021","1.6116","1.6116","1.6158","1.6095","","-0.38%"
"04/28/2021","1.6177","1.6179","1.6221","1.6161","","-0.07%"
"04/27/2021","1.6188","1.6192","1.622","1.6175","","0.07%"
"04/26/2021","1.6177","1.6178","1.6212","1.614","","-0.63%"
"04/23/2021","1.6279","1.6274","1.628","1.6193","","0.20%"
"04/22/2021","1.6247","1.6247","1.6293","1.6204","","-0.05%"
"04/21/2021","1.6255","1.6255","1.6299","1.6237","","0.11%"
"04/20/2021","1.6237","1.6239","1.626","1.6188","","-0.63%"
"04/19/2021","1.634","1.6342","1.6376","1.6233","","0.02%"
"04/16/2021","1.6337","1.6338","1.6366","1.6306","","0.12%"
"04/15/2021","1.6317","1.6323","1.6356","1.6308","","-0.27%"
"04/14/2021","1.6361","1.6357","1.6364","1.6323","","-0.33%"
"04/13/2021","1.6415","1.6419","1.6457","1.6362","","-0.12%"
"04/12/2021","1.6435","1.6441","1.6472","1.6407","","0.13%"
"04/09/2021","1.6414","1.6414","1.6479","1.6404","","-0.35%"
"04/08/2021","1.6472","1.6474","1.6488","1.6415","","0.01%"
"04/07/2021","1.6471","1.6469","1.6484","1.6415","","-0.47%"
"04/06/2021","1.6548","1.6548","1.658","1.6497","","-0.43%"
"04/05/2021","1.662","1.6622","1.666","1.6552","","0.10%"
"04/02/2021","1.6603","1.6606","1.6643","1.6593","","-0.43%"
"04/01/2021","1.6675","1.6675","1.6695","1.6609","","-0.05%"
"03/31/2021","1.6683","1.6683","1.671","1.6633","","0.40%"
"03/30/2021","1.6616","1.6618","1.6698","1.6609","","0.14%"
"03/29/2021","1.6592","1.6592","1.6629","1.6584","","-0.10%"
"03/26/2021","1.6608","1.6609","1.6613","1.6569","","0.31%"
"03/25/2021","1.6556","1.6556","1.661","1.6533","","0.22%"
"03/24/2021","1.6519","1.6517","1.6556","1.6503","","0.79%"
"03/23/2021","1.639","1.639","1.6485","1.6376","","-0.42%"
"03/22/2021","1.6459","1.6457","1.6469","1.6384","","0.30%"
"03/19/2021","1.641","1.6411","1.647","1.6384","","0.54%"
"03/18/2021","1.6322","1.6325","1.6422","1.6311","","-0.68%"
"03/17/2021","1.6433","1.6433","1.6453","1.6411","","0.20%"
"03/16/2021","1.64","1.6398","1.6457","1.6363","","0.20%"
"03/15/2021","1.6367","1.6365","1.6419","1.6346","","0.31%"
"03/12/2021","1.6317","1.6324","1.6421","1.6312","","-0.51%"
"03/11/2021","1.64","1.6398","1.6412","1.6329","","-0.23%"
"03/10/2021","1.6438","1.644","1.6477","1.6401","","-0.39%"
"03/09/2021","1.6503","1.6502","1.6524","1.6413","","0.63%"
"03/08/2021","1.64","1.6402","1.6507","1.6391","","0.35%"
"03/05/2021","1.6343","1.6341","1.6438","1.6341","","0.70%"
"03/04/2021","1.623","1.6233","1.6265","1.6212","","0.29%"
"03/03/2021","1.6183","1.6184","1.6238","1.615","","-0.28%"
"03/02/2021","1.6229","1.6232","1.6307","1.619","","0.32%"
"03/01/2021","1.6178","1.6176","1.6258","1.6162","","0.58%"
"02/26/2021","1.6084","1.6084","1.6175","1.6054","","0.09%"
"02/25/2021","1.6069","1.6072","1.6089","1.5977","","-0.16%"
"02/24/2021","1.6095","1.6095","1.6149","1.6066","","0.12%"
"02/23/2021","1.6075","1.6075","1.6115","1.6059","","-0.33%"
"02/22/2021","1.6129","1.6131","1.6174","1.6091","","-0.28%"
"02/19/2021","1.6175","1.6175","1.6187","1.61","","-0.36%"
"02/18/2021","1.6234","1.6237","1.6249","1.6179","","0.37%"
"02/17/2021","1.6174","1.6179","1.6264","1.6166","","0.33%"
"02/16/2021","1.6121","1.6121","1.6169","1.607","","-0.08%"
"02/15/2021","1.6134","1.6136","1.6141","1.6101","","0.07%"
"02/12/2021","1.6122","1.6124","1.6185","1.6116","","-0.09%"
"02/11/2021","1.6136","1.6138","1.6145","1.6096","","-0.01%"
"02/10/2021","1.6137","1.6141","1.615","1.6106","","-0.55%"
"02/09/2021","1.6226","1.6228","1.6231","1.6144","","-0.04%"
"02/08/2021","1.6233","1.6232","1.627","1.6206","","-0.68%"
"02/05/2021","1.6344","1.6343","1.6362","1.6245","","0.63%"
"02/04/2021","1.6241","1.6242","1.6343","1.6239","","-0.03%"
"02/03/2021","1.6246","1.6246","1.6292","1.6231","","0.25%"
"02/02/2021","1.6206","1.6207","1.6274","1.618","","0.46%"
"02/01/2021","1.6132","1.6133","1.6205","1.6116","","-0.03%"
"01/29/2021","1.6137","1.6135","1.6169","1.6088","","-0.12%"
"01/28/2021","1.6157","1.6158","1.6187","1.6105","","0.48%"
"01/27/2021","1.608","1.608","1.6215","1.6069","","-0.14%"
"01/26/2021","1.6102","1.6106","1.6153","1.6064","","0.19%"
"01/25/2021","1.6072","1.6073","1.6141","1.605","","-0.02%"
"01/22/2021","1.6076","1.6076","1.6095","1.6047","","-0.42%"
"01/21/2021","1.6143","1.6143","1.6151","1.6068","","0.19%"
"01/20/2021","1.6112","1.6111","1.6194","1.6084","","-0.51%"
"01/19/2021","1.6194","1.6193","1.6193","1.6104","","-0.08%"
"01/18/2021","1.6207","1.6208","1.6224","1.6182","","0.69%"
"01/15/2021","1.6096","1.6093","1.6184","1.6081","","0.09%"
"01/14/2021","1.6081","1.6082","1.6146","1.6067","","0.38%"
"01/13/2021","1.602","1.6019","1.609","1.5999","","-0.39%"
"01/12/2021","1.6083","1.6082","1.6112","1.606","","0.21%"
"01/11/2021","1.605","1.6047","1.6118","1.6032","","0.70%"
"01/08/2021","1.5938","1.5942","1.6012","1.5924","","0.57%"
"01/07/2021","1.5848","1.5852","1.597","1.5842","","-0.33%"
"01/06/2021","1.5901","1.5903","1.5944","1.5836","","-0.39%"
"01/05/2021","1.5964","1.5962","1.5966","1.5908","","-0.01%"
"01/04/2021","1.5965","1.5967","1.6069","1.5888","","-0.57%"
"01/01/2021","1.6057","1.6067","1.6117","1.6009","","0.98%"
"12/31/2020","1.5901","1.5902","1.6001","1.5889","","-0.38%"
"12/30/2020","1.5962","1.5962","1.5963","1.589","","-0.24%"
"12/29/2020","1.6001","1.6005","1.6005","1.5932","","-0.15%"
"12/28/2020","1.6025","1.6022","1.6053","1.5963","","-0.16%"
"12/25/2020","1.6051","1.6051","1.6075","1.6014","","0.05%"
"12/24/2020","1.6043","1.6039","1.6059","1.6008","","-0.04%"
"12/23/2020","1.6049","1.605","1.6087","1.6006","","0.41%"
"12/22/2020","1.5983","1.5981","1.6076","1.5954","","-0.17%"
"12/21/2020","1.601","1.6017","1.6123","1.5986","","0.38%"
"12/18/2020","1.5949","1.595","1.5996","1.5942","","-0.52%"
"12/17/2020","1.6032","1.6035","1.6041","1.5949","","-0.37%"
"12/16/2020","1.6092","1.6092","1.6101","1.6014","","-0.04%"
"12/15/2020","1.6099","1.6099","1.6128","1.6076","","-0.12%"
"12/14/2020","1.6119","1.6119","1.614","1.6066","","0.09%"
"12/11/2020","1.6105","1.6106","1.6153","1.6079","","-0.54%"
"12/10/2020","1.6192","1.6188","1.619","1.6087","","0.27%"
"12/09/2020","1.6149","1.6151","1.6199","1.6099","","0.02%"
"12/08/2020","1.6146","1.6151","1.6168","1.6118","","0.07%"
"12/07/2020","1.6135","1.6136","1.619","1.6079","","0.20%"
"12/04/2020","1.6103","1.6104","1.6119","1.6061","","-0.25%"
"12/03/2020","1.6144","1.6146","1.6161","1.6064","","-0.33%"
"12/02/2020","1.6198","1.6204","1.6243","1.6154","","-1.13%"
"12/01/2020","1.6383","1.6384","1.6386","1.6226","","0.28%"
"11/30/2020","1.6337","1.6338","1.6375","1.6296","","-0.46%"
"11/27/2020","1.6413","1.6419","1.6421","1.6351","","0.03%"
"11/26/2020","1.6408","1.6411","1.6454","1.6379","","-0.16%"
"11/25/2020","1.6435","1.6435","1.6459","1.6397","","-0.48%"
"11/24/2020","1.6515","1.6516","1.652","1.6444","","0.20%"
"11/23/2020","1.6482","1.6484","1.657","1.6427","","0.00%"
"11/20/2020","1.6482","1.6481","1.6502","1.6448","","-0.16%"
"11/19/2020","1.6508","1.6515","1.655","1.6497","","0.13%"
"11/18/2020","1.6486","1.6485","1.6503","1.6448","","-0.04%"
"11/17/2020","1.6492","1.6491","1.6511","1.6446","","-0.12%"
"11/16/2020","1.6512","1.6513","1.6554","1.6479","","-0.35%"
"11/13/2020","1.657","1.6567","1.6575","1.6527","","-0.20%"
"11/12/2020","1.6603","1.6605","1.6632","1.6543","","0.33%"
"11/11/2020","1.6548","1.6547","1.6649","1.6529","","0.07%"
"11/10/2020","1.6537","1.6542","1.6602","1.6514","","0.56%"
"11/09/2020","1.6445","1.6445","1.6578","1.6409","","-0.63%"
"11/06/2020","1.655","1.6555","1.658","1.6449","","-0.72%"
"11/05/2020","1.667","1.6674","1.6698","1.6495","","0.25%"
"11/04/2020","1.6628","1.6625","1.6849","1.6619","","-1.02%"
"11/03/2020","1.6799","1.6799","1.6805","1.6657","","-0.01%"
"11/02/2020","1.68","1.6799","1.6825","1.6778","","0.32%"
"10/30/2020","1.6747","1.675","1.6798","1.6712","","0.60%"
"10/29/2020","1.6647","1.6649","1.6779","1.6632","","0.30%"
"10/28/2020","1.6597","1.6601","1.6689","1.6591","","0.21%"
"10/27/2020","1.6562","1.6562","1.6576","1.6522","","0.33%"
"10/26/2020","1.6507","1.6507","1.6569","1.6503","","-0.28%"
"10/23/2020","1.6554","1.6555","1.6592","1.6492","","0.33%"
"10/22/2020","1.6499","1.6503","1.6556","1.6478","","-0.21%"
"10/21/2020","1.6533","1.6534","1.6534","1.646","","-0.52%"
"10/20/2020","1.6619","1.662","1.6627","1.6519","","-0.45%"
"10/19/2020","1.6694","1.6694","1.6709","1.6582","","-0.07%"
"10/16/2020","1.6706","1.6708","1.6724","1.665","","0.31%"
"10/15/2020","1.6654","1.6649","1.6731","1.663","","-0.01%"
"10/14/2020","1.6656","1.6654","1.6686","1.6617","","0.63%"
"10/13/2020","1.6552","1.6555","1.6666","1.6555","","0.01%"
"10/12/2020","1.6551","1.6556","1.6592","1.6537","","-0.42%"
"10/09/2020","1.6621","1.6621","1.6633","1.654","","0.00%"
"10/08/2020","1.6621","1.6623","1.6666","1.6601","","-0.25%"
"10/07/2020","1.6663","1.6663","1.668","1.6601","","0.47%"
"10/06/2020","1.6585","1.6591","1.6621","1.6565","","-0.61%"
"10/05/2020","1.6687","1.6685","1.6689","1.658","","0.20%"
"10/02/2020","1.6653","1.6654","1.6721","1.665","","-0.16%"
"10/01/2020","1.6679","1.6683","1.6691","1.6621","","0.13%"
"09/30/2020","1.6657","1.6656","1.6736","1.6636","","-0.54%"
"09/29/2020","1.6747","1.6748","1.6764","1.6657","","-0.37%"
"09/28/2020","1.6809","1.681","1.6836","1.6746","","0.32%"
"09/25/2020","1.6755","1.6754","1.6841","1.6738","","-0.13%"
"09/24/2020","1.6776","1.6771","1.6818","1.6744","","0.43%"
"09/23/2020","1.6705","1.6706","1.6767","1.6688","","0.51%"
"09/22/2020","1.662","1.6629","1.6726","1.6613","","0.66%"
"09/21/2020","1.6511","1.6511","1.667","1.6473","","0.02%"
"09/18/2020","1.6507","1.6501","1.6531","1.6476","","-0.38%"
"09/17/2020","1.657","1.6569","1.6657","1.6533","","0.35%"
"09/16/2020","1.6513","1.6515","1.6554","1.6459","","0.22%"
"09/15/2020","1.6477","1.6481","1.6517","1.6434","","-0.23%"
"09/14/2020","1.6515","1.6514","1.6529","1.6452","","-0.16%"
"09/11/2020","1.6541","1.6538","1.6538","1.6468","","-0.15%"
"09/10/2020","1.6566","1.6566","1.6571","1.6415","","-0.31%"
"09/09/2020","1.6617","1.6618","1.664","1.6532","","0.44%"
"09/08/2020","1.6544","1.6548","1.6621","1.6535","","0.10%"
"09/07/2020","1.6527","1.6524","1.6556","1.6507","","0.05%"
"09/04/2020","1.6519","1.6514","1.66","1.6486","","0.06%"
"09/03/2020","1.6509","1.6511","1.6589","1.6508","","0.64%"
"09/02/2020","1.6404","1.6404","1.6541","1.6402","","0.13%"
"09/01/2020","1.6382","1.6382","1.6384","1.6283","","-0.17%"
"08/31/2020","1.641","1.6413","1.6456","1.6348","","-0.83%"
"08/28/2020","1.6547","1.6546","1.6558","1.6407","","0.19%"
"08/27/2020","1.6515","1.6519","1.6622","1.6438","","-0.07%"
"08/26/2020","1.6526","1.6528","1.6609","1.6519","","-0.34%"
"08/25/2020","1.6583","1.6582","1.6596","1.6513","","0.03%"
"08/24/2020","1.6578","1.6576","1.6594","1.6501","","0.64%"
"08/21/2020","1.6472","1.6476","1.6638","1.6454","","-0.25%"
"08/20/2020","1.6514","1.6516","1.6566","1.6479","","0.88%"
"08/19/2020","1.637","1.637","1.6445","1.6361","","-0.60%"
"08/18/2020","1.6468","1.6464","1.647","1.6346","","-0.20%"
"08/17/2020","1.6501","1.6504","1.6532","1.6462","","-0.31%"
"08/14/2020","1.6552","1.6548","1.6596","1.6522","","-0.19%"
"08/13/2020","1.6584","1.658","1.6582","1.6485","","-0.48%"
"08/12/2020","1.6664","1.666","1.6698","1.6557","","0.01%"
"08/11/2020","1.6663","1.6663","1.6683","1.6568","","0.39%"
"08/10/2020","1.6599","1.66","1.6655","1.6572","","0.80%"
"08/07/2020","1.6468","1.647","1.6636","1.6458","","-0.03%"
"08/06/2020","1.6473","1.6472","1.6546","1.6419","","-0.48%"
"08/05/2020","1.6553","1.6554","1.6575","1.6428","","-0.45%"
"08/04/2020","1.6627","1.663","1.6682","1.6568","","0.16%"
"08/03/2020","1.66","1.6597","1.6715","1.6592","","0.76%"
"07/31/2020","1.6474","1.6472","1.6571","1.6425","","-0.75%"
"07/30/2020","1.6599","1.6593","1.667","1.6565","","-0.55%"
"07/29/2020","1.669","1.6687","1.6695","1.6604","","0.43%"
"07/28/2020","1.6618","1.6622","1.6715","1.6609","","-0.99%"
"07/27/2020","1.6785","1.6785","1.6785","1.6604","","-0.48%"
"07/24/2020","1.6866","1.6868","1.6887","1.6803","","-0.24%"
"07/23/2020","1.6906","1.6909","1.6945","1.6825","","-0.30%"
"07/22/2020","1.6957","1.6955","1.6995","1.6859","","-0.66%"
"07/21/2020","1.7069","1.707","1.7117","1.701","","-0.13%"
"07/20/2020","1.7092","1.7097","1.7149","1.7055","","-0.44%"
"07/17/2020","1.7168","1.7177","1.7188","1.7094","","0.22%"
"07/16/2020","1.7131","1.713","1.7187","1.7092","","-0.05%"
"07/15/2020","1.714","1.714","1.7166","1.7077","","-0.57%"
"07/14/2020","1.7239","1.7238","1.7268","1.7146","","-0.31%"
"07/13/2020","1.7293","1.7295","1.7301","1.7201","","-0.20%"
"07/10/2020","1.7327","1.7325","1.7374","1.727","","0.46%"
"07/09/2020","1.7248","1.725","1.7327","1.7198","","-0.56%"
"07/08/2020","1.7346","1.735","1.7362","1.7239","","0.33%"
"07/07/2020","1.7289","1.7292","1.7369","1.7252","","-0.58%"
"07/06/2020","1.7389","1.7387","1.7387","1.7237","","-0.09%"
"07/03/2020","1.7404","1.7401","1.743","1.7383","","0.12%"
"07/02/2020","1.7383","1.738","1.742","1.7303","","-0.14%"
"07/01/2020","1.7407","1.741","1.748","1.7347","","0.10%"
"06/30/2020","1.7389","1.739","1.7475","1.7367","","-0.20%"
"06/29/2020","1.7423","1.7425","1.7431","1.7325","","-0.03%"
"06/26/2020","1.7428","1.743","1.7466","1.7402","","0.25%"
"06/25/2020","1.7384","1.7383","1.7476","1.737","","0.55%"
"06/24/2020","1.7289","1.7287","1.737","1.7268","","-0.29%"
"06/23/2020","1.7339","1.7343","1.7409","1.7234","","-0.91%"
"06/22/2020","1.7498","1.7495","1.7501","1.7358","","0.30%"
"06/19/2020","1.7446","1.7451","1.7504","1.7381","","0.29%"
"06/18/2020","1.7396","1.7399","1.7456","1.7366","","0.20%"
"06/17/2020","1.7361","1.7362","1.7447","1.7313","","0.64%"
"06/16/2020","1.7251","1.725","1.7414","1.7232","","-0.75%"
"06/15/2020","1.7382","1.7379","1.7418","1.732","","0.32%"
"06/12/2020","1.7327","1.7325","1.7409","1.7247","","0.69%"
"06/11/2020","1.7209","1.7204","1.7268","1.7156","","-0.29%"
"06/10/2020","1.7259","1.7256","1.7256","1.7173","","-0.24%"
"06/09/2020","1.73","1.7304","1.7395","1.7212","","0.13%"
"06/08/2020","1.7278","1.7284","1.7355","1.728","","0.16%"
"06/05/2020","1.725","1.7251","1.733","1.7181","","-0.90%"
"06/04/2020","1.7407","1.7405","1.7469","1.7216","","-0.41%"
"06/03/2020","1.7479","1.7485","1.7492","1.7385","","-0.57%"
"06/02/2020","1.7579","1.758","1.7595","1.7469","","-0.07%"
"06/01/2020","1.7591","1.7597","1.7618","1.7538","","-0.35%"
"05/29/2020","1.7653","1.7655","1.7667","1.7549","","-0.56%"
"05/28/2020","1.7753","1.7756","1.7791","1.7665","","-0.32%"
"05/27/2020","1.781","1.7812","1.7883","1.7732","","-0.71%"
"05/26/2020","1.7938","1.7942","1.7946","1.7794","","0.04%"
"05/25/2020","1.7931","1.7929","1.799","1.7919","","0.41%"
"05/22/2020","1.7857","1.7858","1.7966","1.7853","","0.28%"
"05/21/2020","1.7808","1.7814","1.7879","1.7766","","-0.50%"
"05/20/2020","1.7898","1.7894","1.7895","1.7782","","-0.12%"
"05/19/2020","1.7919","1.7917","1.7939","1.7821","","-0.86%"
"05/18/2020","1.8074","1.8077","1.8108","1.7922","","-0.13%"
"05/15/2020","1.8098","1.8099","1.8125","1.8027","","0.15%"
"05/14/2020","1.807","1.8073","1.8149","1.8068","","0.22%"
"05/13/2020","1.8031","1.8032","1.8057","1.7954","","-0.35%"
"05/12/2020","1.8094","1.8094","1.8134","1.7976","","0.28%"
"05/11/2020","1.8044","1.8043","1.8102","1.8021","","-0.02%"
"05/08/2020","1.8047","1.8048","1.8082","1.7987","","-0.36%"
"05/07/2020","1.8112","1.8109","1.8164","1.8083","","0.37%"
"05/06/2020","1.8045","1.8043","1.8136","1.8035","","0.61%"
"05/05/2020","1.7936","1.7936","1.8064","1.7908","","0.50%"
"05/04/2020","1.7846","1.7849","1.7941","1.7849","","-0.13%"
"05/01/2020","1.7869","1.787","1.7885","1.7754","","-0.62%"
"04/30/2020","1.7981","1.7982","1.805","1.7829","","-0.37%"
"04/29/2020","1.8048","1.8055","1.8057","1.7986","","-0.11%"
"04/28/2020","1.8068","1.8064","1.8091","1.796","","-0.01%"
"04/27/2020","1.807","1.807","1.8089","1.8009","","-0.43%"
"04/24/2020","1.8148","1.8149","1.8232","1.808","","0.30%"
"04/23/2020","1.8093","1.8098","1.818","1.8036","","0.43%"
"04/22/2020","1.8015","1.8014","1.8069","1.7971","","0.08%"
"04/21/2020","1.8001","1.8004","1.8079","1.7976","","0.02%"
"04/20/2020","1.7998","1.7999","1.8038","1.7948","","-0.08%"
"04/17/2020","1.8012","1.8009","1.8088","1.7955","","0.43%"
"04/16/2020","1.7935","1.7937","1.806","1.7931","","0.74%"
"04/15/2020","1.7804","1.7809","1.8013","1.7798","","-0.57%"
"04/14/2020","1.7906","1.7911","1.7918","1.7806","","0.09%"
"04/13/2020","1.789","1.7892","1.7954","1.7831","","-0.04%"
"04/10/2020","1.7898","1.7901","1.7909","1.7855","","-0.58%"
"04/09/2020","1.8003","1.8008","1.804","1.7872","","0.29%"
"04/08/2020","1.7951","1.7953","1.8056","1.795","","-0.84%"
"04/07/2020","1.8103","1.8106","1.8124","1.7905","","0.03%"
"04/06/2020","1.8098","1.8096","1.8161","1.8052","","0.38%"
"04/03/2020","1.803","1.8036","1.815","1.8011","","0.97%"
"04/02/2020","1.7856","1.786","1.8035","1.784","","0.67%"
"04/01/2020","1.7737","1.7735","1.7913","1.772","","0.03%"
"03/31/2020","1.7731","1.7734","1.7895","1.771","","0.99%"
"03/30/2020","1.7558","1.7564","1.7761","1.756","","-0.82%"
"03/27/2020","1.7703","1.7706","1.7853","1.7642","","-1.44%"
"03/26/2020","1.7961","1.7964","1.7982","1.7739","","-0.80%"
"03/25/2020","1.8105","1.8107","1.816","1.8027","","-0.35%"
"03/24/2020","1.8169","1.8169","1.8188","1.7962","","-0.65%"
"03/23/2020","1.8288","1.83","1.8347","1.8068","","-0.35%"
"03/20/2020","1.8352","1.835","1.8357","1.806","","2.85%"
"03/19/2020","1.7843","1.7872","1.8282","1.7869","","0.50%"
"03/18/2020","1.7755","1.7753","1.8056","1.7708","","1.34%"
"03/17/2020","1.752","1.752","1.7849","1.748","","-0.07%"
"03/16/2020","1.7533","1.7526","1.7638","1.7408","","0.27%"
"03/13/2020","1.7486","1.7488","1.7675","1.743","","0.69%"
"03/12/2020","1.7367","1.7369","1.7651","1.7258","","0.49%"
"03/11/2020","1.7283","1.7283","1.7371","1.7208","","0.72%"
"03/10/2020","1.7159","1.716","1.7256","1.7122","","-0.10%"
"03/09/2020","1.7177","1.7177","1.7222","1.7013","","-1.43%"
"03/06/2020","1.7426","1.7426","1.7441","1.7225","","-0.75%"
"03/05/2020","1.7558","1.7558","1.7586","1.7456","","0.37%"
"03/04/2020","1.7493","1.7498","1.7625","1.7485","","-0.32%"
"03/03/2020","1.755","1.755","1.7624","1.7451","","-0.84%"
"03/02/2020","1.7698","1.7696","1.772","1.7519","","-0.49%"
"02/28/2020","1.7785","1.7787","1.7859","1.7695","","-1.01%"
"02/27/2020","1.7967","1.7967","1.7967","1.7771","","-0.03%"
"02/26/2020","1.7973","1.7975","1.8017","1.7938","","-0.30%"
"02/25/2020","1.8027","1.8028","1.8056","1.7973","","-0.09%"
"02/24/2020","1.8044","1.8045","1.8095","1.8003","","-0.47%"
"02/21/2020","1.813","1.813","1.813","1.8003","","0.20%"
"02/20/2020","1.8093","1.8093","1.8144","1.8074","","-0.13%"
"02/19/2020","1.8117","1.8118","1.8137","1.8095","","0.41%"
"02/18/2020","1.8043","1.8048","1.8132","1.8044","","0.02%"
"02/17/2020","1.804","1.8042","1.8059","1.8019","","0.04%"
"02/14/2020","1.8033","1.8033","1.8057","1.8005","","0.28%"
"02/13/2020","1.7983","1.7982","1.805","1.7958","","0.40%"
"02/12/2020","1.7911","1.7908","1.7965","1.7902","","-0.06%"
"02/11/2020","1.7921","1.7923","1.7954","1.7899","","0.32%"
"02/10/2020","1.7863","1.7864","1.7928","1.7843","","0.31%"
"02/07/2020","1.7808","1.7811","1.7867","1.7801","","0.17%"
"02/06/2020","1.7777","1.7779","1.7836","1.776","","0.41%"
"02/05/2020","1.7704","1.7708","1.7783","1.7702","","0.14%"
"02/04/2020","1.7679","1.7679","1.7726","1.7675","","0.24%"
"02/03/2020","1.7636","1.7637","1.771","1.7637","","-0.55%"
"01/31/2020","1.7733","1.7734","1.7751","1.7636","","-0.11%"
"01/30/2020","1.7753","1.7758","1.7767","1.7721","","0.05%"
"01/29/2020","1.7744","1.7743","1.7791","1.7732","","-0.02%"
"01/28/2020","1.7748","1.7749","1.7783","1.7737","","0.05%"
"01/27/2020","1.7739","1.7738","1.7764","1.7716","","0.27%"
"01/24/2020","1.7691","1.7691","1.7746","1.7682","","0.37%"
"01/23/2020","1.7626","1.7624","1.7721","1.7615","","-0.10%"
"01/22/2020","1.7643","1.7643","1.7665","1.7624","","0.10%"
"01/21/2020","1.7625","1.7626","1.7642","1.7589","","-0.02%"
"01/20/2020","1.7629","1.7628","1.7656","1.7612","","0.41%"
"01/17/2020","1.7557","1.756","1.764","1.7549","","0.13%"
"01/16/2020","1.7535","1.7537","1.7573","1.7507","","-0.20%"
"01/15/2020","1.7571","1.7573","1.7588","1.752","","0.04%"
"01/14/2020","1.7564","1.7566","1.7611","1.7548","","-0.17%"
"01/13/2020","1.7594","1.7594","1.7598","1.7549","","-0.05%"
"01/10/2020","1.7602","1.7605","1.7642","1.7587","","0.02%"
"01/09/2020","1.7599","1.7597","1.7628","1.7585","","0.37%"
"01/08/2020","1.7534","1.7532","1.7603","1.7517","","0.39%"
"01/07/2020","1.7466","1.7469","1.7565","1.7464","","-0.32%"
"01/06/2020","1.7522","1.7521","1.7528","1.745","","0.09%"
"01/03/2020","1.7507","1.7508","1.7579","1.7493","","0.44%"
"01/02/2020","1.743","1.7433","1.7515","1.7421","","0.00%"
"01/01/2020","1.743","1.743","1.7526","1.7419","","-0.17%"
"12/31/2019","1.7459","1.7456","1.7462","1.7399","","-0.18%"
"12/30/2019","1.749","1.7492","1.7492","1.7431","","-0.73%"
"12/27/2019","1.7618","1.7618","1.762","1.7493","","-0.05%"
"12/26/2019","1.7627","1.7628","1.7647","1.7612","","-0.05%"
"12/25/2019","1.7636","1.7634","1.7655","1.7606","","0.03%"
"12/24/2019","1.763","1.7631","1.7667","1.7624","","-0.12%"
"12/23/2019","1.7652","1.7652","1.7665","1.7624","","0.42%"
"12/20/2019","1.7579","1.7583","1.7661","1.7579","","-0.09%"
"12/19/2019","1.7595","1.7595","1.7604","1.7553","","0.32%"
"12/18/2019","1.7539","1.7539","1.7602","1.7539","","-0.13%"
"12/17/2019","1.7562","1.7561","1.7571","1.7505","","-0.11%"
"12/16/2019","1.7581","1.758","1.7583","1.7529","","0.55%"
"12/13/2019","1.7485","1.7489","1.759","1.7483","","-0.44%"
"12/12/2019","1.7563","1.7567","1.7601","1.7536","","-0.39%"
"12/11/2019","1.7632","1.763","1.7665","1.7622","","-0.25%"
"12/10/2019","1.7676","1.7677","1.7678","1.7624","","-0.06%"
"12/09/2019","1.7686","1.7687","1.7693","1.7651","","0.43%"
"12/06/2019","1.7611","1.7613","1.7712","1.7601","","-0.20%"
"12/05/2019","1.7647","1.7648","1.7652","1.7612","","0.02%"
"12/04/2019","1.7644","1.7649","1.7671","1.7599","","-0.05%"
"12/03/2019","1.7653","1.7658","1.7673","1.7632","","-0.55%"
"12/02/2019","1.775","1.7752","1.7774","1.7637","","-0.06%"
"11/29/2019","1.7761","1.7762","1.7808","1.7737","","-0.06%"
"11/28/2019","1.7772","1.777","1.7778","1.7749","","0.16%"
"11/27/2019","1.7744","1.7745","1.7791","1.7745","","-0.07%"
"11/26/2019","1.7757","1.7761","1.7767","1.7737","","0.07%"
"11/25/2019","1.7744","1.7741","1.777","1.7726","","0.40%"
"11/22/2019","1.7674","1.7675","1.7734","1.7654","","0.11%"
"11/21/2019","1.7654","1.7654","1.7678","1.7626","","0.01%"
"11/20/2019","1.7652","1.7651","1.7694","1.7647","","-0.07%"
"11/19/2019","1.7664","1.7664","1.7677","1.7644","","-0.16%"
"11/18/2019","1.7692","1.7693","1.7693","1.7634","","-0.31%"
"11/15/2019","1.7747","1.7743","1.7756","1.769","","-0.07%"
"11/14/2019","1.7759","1.7766","1.7795","1.7752","","-0.01%"
"11/13/2019","1.776","1.7761","1.7778","1.7747","","0.21%"
"11/12/2019","1.7723","1.7724","1.7774","1.7714","","-0.12%"
"11/11/2019","1.7744","1.7743","1.7752","1.771","","-0.02%"
"11/08/2019","1.7748","1.7725","1.7752","1.7719","","0.46%"
"11/07/2019","1.7667","1.7667","1.7719","1.7634","","0.03%"
"11/06/2019","1.7661","1.7661","1.7672","1.7628","","0.49%"
"11/05/2019","1.7575","1.7575","1.7676","1.7558","","0.34%"
"11/04/2019","1.7515","1.7511","1.7554","1.7499","","-0.09%"
"11/01/2019","1.753","1.7531","1.7571","1.7503","","-0.02%"
"10/31/2019","1.7534","1.7534","1.7567","1.7499","","-0.36%"
"10/30/2019","1.7597","1.7601","1.7615","1.7579","","-0.14%"
"10/29/2019","1.7621","1.7616","1.766","1.759","","-0.14%"
"10/28/2019","1.7645","1.7644","1.7656","1.761","","0.18%"
"10/25/2019","1.7614","1.7613","1.7651","1.7579","","0.26%"
"10/24/2019","1.7569","1.7568","1.763","1.7516","","-0.03%"
"10/23/2019","1.7574","1.7573","1.7607","1.7567","","0.21%"
"10/22/2019","1.7538","1.7538","1.7581","1.7524","","0.03%"
"10/21/2019","1.7532","1.7531","1.7557","1.7493","","-0.26%"
"10/18/2019","1.7577","1.7577","1.7596","1.7522","","-0.47%"
"10/17/2019","1.766","1.7661","1.7674","1.7557","","-0.36%"
"10/16/2019","1.7724","1.7725","1.7742","1.7658","","-0.06%"
"10/15/2019","1.7734","1.7739","1.7792","1.7707","","0.01%"
"10/14/2019","1.7732","1.7735","1.7756","1.7711","","-0.17%"
"10/11/2019","1.7762","1.7757","1.7774","1.7681","","-0.21%"
"10/10/2019","1.78","1.7803","1.7812","1.7726","","-0.25%"
"10/09/2019","1.7845","1.7845","1.7852","1.7793","","0.11%"
"10/08/2019","1.7825","1.7824","1.7867","1.7784","","0.13%"
"10/07/2019","1.7802","1.7802","1.7839","1.7778","","-0.10%"
"10/04/2019","1.782","1.7821","1.7847","1.7793","","-0.11%"
"10/03/2019","1.7839","1.7842","1.7875","1.7783","","-0.26%"
"10/02/2019","1.7886","1.7885","1.7935","1.7849","","-0.32%"
"10/01/2019","1.7944","1.7945","1.7974","1.7882","","0.40%"
"09/30/2019","1.7873","1.7875","1.7964","1.7865","","-0.18%"
"09/27/2019","1.7906","1.7905","1.7934","1.7848","","0.27%"
"09/26/2019","1.7857","1.7858","1.7902","1.7833","","0.59%"
"09/25/2019","1.7753","1.7755","1.7864","1.7749","","-0.21%"
"09/24/2019","1.779","1.779","1.7804","1.7758","","0.23%"
"09/23/2019","1.775","1.7749","1.7832","1.7735","","0.27%"
"09/20/2019","1.7702","1.7706","1.7782","1.7669","","-0.16%"
"09/19/2019","1.773","1.773","1.7742","1.766","","0.40%"
"09/18/2019","1.766","1.7661","1.772","1.7655","","-0.62%"
"09/17/2019","1.7771","1.7774","1.7792","1.7671","","0.71%"
"09/16/2019","1.7646","1.7645","1.7788","1.7645","","-0.23%"
"09/13/2019","1.7687","1.7688","1.7688","1.7606","","-0.41%"
"09/12/2019","1.7759","1.7757","1.7895","1.7656","","0.34%"
"09/11/2019","1.7699","1.77","1.7803","1.7687","","-0.02%"
"09/10/2019","1.7702","1.7704","1.7729","1.7685","","-0.25%"
"09/09/2019","1.7747","1.7747","1.7754","1.7675","","0.14%"
"09/06/2019","1.7722","1.7722","1.7746","1.7688","","-0.01%"
"09/05/2019","1.7724","1.772","1.7751","1.7647","","-0.55%"
"09/04/2019","1.7822","1.7823","1.7824","1.7724","","-0.05%"
"09/03/2019","1.7831","1.7833","1.7893","1.7817","","0.21%"
"09/02/2019","1.7794","1.7795","1.7847","1.7784","","0.64%"
"08/30/2019","1.7681","1.7684","1.7801","1.7682","","0.22%"
"08/29/2019","1.7643","1.7643","1.769","1.7636","","0.04%"
"08/28/2019","1.7636","1.7636","1.7661","1.762","","0.12%"
"08/27/2019","1.7614","1.7618","1.7638","1.7591","","0.35%"
"08/26/2019","1.7552","1.7552","1.7607","1.7537","","-0.53%"
"08/23/2019","1.7645","1.7647","1.7695","1.7543","","0.06%"
"08/22/2019","1.7635","1.7635","1.7677","1.7598","","0.06%"
"08/21/2019","1.7624","1.7622","1.7638","1.7608","","-0.13%"
"08/20/2019","1.7647","1.7648","1.767","1.7622","","0.10%"
"08/19/2019","1.763","1.763","1.7639","1.7604","","0.18%"
"08/16/2019","1.7599","1.7602","1.7672","1.7599","","0.27%"
"08/15/2019","1.7552","1.7549","1.7627","1.7527","","0.30%"
"08/14/2019","1.7499","1.7498","1.7557","1.7477","","0.37%"
"08/13/2019","1.7434","1.7434","1.7497","1.7419","","-0.09%"
"08/12/2019","1.745","1.7452","1.752","1.7416","","-0.19%"
"08/09/2019","1.7483","1.7483","1.7488","1.7432","","0.15%"
"08/08/2019","1.7456","1.7455","1.7487","1.7419","","0.02%"
"08/07/2019","1.7452","1.7454","1.7493","1.7399","","0.33%"
"08/06/2019","1.7395","1.7397","1.7509","1.7386","","-1.20%"
"08/05/2019","1.7607","1.7608","1.7608","1.7464","","-0.27%"
"08/02/2019","1.7654","1.7649","1.7667","1.7598","","-0.06%"
"08/01/2019","1.7665","1.7664","1.7736","1.7663","","0.78%"
"07/31/2019","1.7529","1.753","1.7576","1.7518","","-0.13%"
"07/30/2019","1.7552","1.7553","1.7567","1.7528","","-0.10%"
"07/29/2019","1.7569","1.7571","1.7597","1.755","","0.13%"
"07/26/2019","1.7547","1.7549","1.7595","1.7536","","-0.03%"
"07/25/2019","1.7553","1.7553","1.7614","1.7483","","0.08%"
"07/24/2019","1.7539","1.7539","1.7573","1.7532","","0.49%"
"07/23/2019","1.7453","1.7455","1.7542","1.7446","","0.11%"
"07/22/2019","1.7434","1.7435","1.745","1.7421","","0.39%"
"07/19/2019","1.7367","1.7367","1.7439","1.7352","","-0.29%"
"07/18/2019","1.7417","1.742","1.7453","1.7389","","-0.15%"
"07/17/2019","1.7444","1.7442","1.7461","1.7411","","0.44%"
"07/16/2019","1.7367","1.7368","1.7449","1.736","","0.09%"
"07/15/2019","1.7351","1.7352","1.7376","1.733","","-0.17%"
"07/12/2019","1.7381","1.7385","1.7401","1.7342","","0.06%"
"07/11/2019","1.7371","1.7368","1.7382","1.7327","","-0.45%"
"07/10/2019","1.745","1.7456","1.7459","1.7365","","0.07%"
"07/09/2019","1.7438","1.744","1.747","1.7428","","0.10%"
"07/08/2019","1.742","1.7419","1.745","1.7405","","0.52%"
"07/05/2019","1.733","1.733","1.745","1.7327","","0.02%"
"07/04/2019","1.7327","1.7327","1.7348","1.7311","","0.05%"
"07/03/2019","1.7319","1.7322","1.7354","1.73","","-0.05%"
"07/02/2019","1.7327","1.7328","1.7344","1.7276","","0.69%"
"07/01/2019","1.7209","1.7211","1.73","1.7205","","0.07%"
"06/28/2019","1.7197","1.72","1.7215","1.7166","","0.02%"
"06/27/2019","1.7194","1.7195","1.7234","1.7182","","-0.05%"
"06/26/2019","1.7202","1.7204","1.7231","1.7172","","0.27%"
"06/25/2019","1.7156","1.7156","1.7189","1.7135","","-0.13%"
"06/24/2019","1.7179","1.7182","1.7196","1.7155","","-0.79%"
"06/21/2019","1.7315","1.7319","1.7333","1.7257","","-0.51%"
"06/20/2019","1.7403","1.7407","1.7407","1.7285","","-0.36%"
"06/19/2019","1.7466","1.7467","1.748","1.7428","","0.24%"
"06/18/2019","1.7424","1.7421","1.749","1.7394","","-0.07%"
"06/17/2019","1.7436","1.7438","1.7454","1.7391","","0.57%"
"06/14/2019","1.7338","1.734","1.7439","1.7323","","0.13%"
"06/13/2019","1.7315","1.7319","1.7353","1.7301","","0.30%"
"06/12/2019","1.7263","1.7263","1.7295","1.7243","","-0.10%"
"06/11/2019","1.7281","1.728","1.7301","1.7258","","0.02%"
"06/10/2019","1.7277","1.7279","1.732","1.7267","","-0.39%"
"06/07/2019","1.7344","1.7346","1.738","1.7235","","-0.42%"
"06/06/2019","1.7418","1.742","1.7426","1.7296","","0.22%"
"06/05/2019","1.7379","1.7377","1.7401","1.7301","","-0.07%"
"06/04/2019","1.7391","1.7392","1.742","1.7342","","-0.64%"
"06/03/2019","1.7503","1.7504","1.7522","1.7446","","-0.39%"
"05/31/2019","1.7571","1.7573","1.7578","1.7495","","0.06%"
"05/30/2019","1.7561","1.7559","1.7591","1.7547","","0.30%"
"05/29/2019","1.7509","1.7509","1.7579","1.7501","","0.21%"
"05/28/2019","1.7472","1.7473","1.7507","1.7464","","0.14%"
"05/27/2019","1.7448","1.7453","1.7481","1.7434","","-0.22%"
"05/24/2019","1.7487","1.7488","1.7497","1.7444","","-0.26%"
"05/23/2019","1.7532","1.7533","1.7605","1.7505","","0.11%"
"05/21/2019","1.7512","1.7511","1.7553","1.7489","","-0.03%"
"05/20/2019","1.7517","1.7517","1.7539","1.7499","","0.07%"
"05/17/2019","1.7504","1.7502","1.753","1.7487","","0.30%"
"05/16/2019","1.7451","1.7448","1.7503","1.7425","","-0.03%"
"05/15/2019","1.7456","1.7457","1.7493","1.7427","","0.25%"
"05/14/2019","1.7412","1.7412","1.7455","1.7391","","0.03%"
"05/13/2019","1.7406","1.7406","1.7425","1.7364","","-0.13%"
"05/10/2019","1.7428","1.7434","1.7434","1.7381","","-0.21%"
"05/09/2019","1.7465","1.7467","1.7501","1.7384","","-0.07%"
"05/08/2019","1.7477","1.7479","1.7479","1.7439","","0.10%"
"05/07/2019","1.746","1.7456","1.75","1.7432","","-0.14%"
"05/06/2019","1.7485","1.7483","1.7494","1.7456","","-0.11%"
"05/03/2019","1.7504","1.7506","1.7555","1.7462","","0.25%"
"05/02/2019","1.7461","1.746","1.7504","1.7434","","0.13%"
"05/01/2019","1.7438","1.7434","1.744","1.7385","","-0.27%"
"04/30/2019","1.7486","1.7487","1.7499","1.7417","","-0.31%"
"04/29/2019","1.7541","1.7543","1.7548","1.751","","-0.12%"
"04/26/2019","1.7562","1.7561","1.7584","1.7505","","0.15%"
"04/25/2019","1.7536","1.753","1.7586","1.7519","","0.64%"
"04/24/2019","1.7425","1.7425","1.7489","1.7424","","0.31%"
"04/23/2019","1.7371","1.7371","1.7473","1.7368","","-0.13%"
"04/22/2019","1.7394","1.7394","1.7406","1.7364","","-0.07%"
"04/19/2019","1.7407","1.7407","1.7411","1.7383","","0.54%"
"04/18/2019","1.7313","1.7307","1.7404","1.7299","","-0.10%"
"04/17/2019","1.7331","1.7331","1.7336","1.7272","","0.17%"
"04/16/2019","1.7301","1.7301","1.733","1.7285","","0.01%"
"04/15/2019","1.73","1.7303","1.7309","1.7274","","-0.40%"
"04/12/2019","1.7369","1.7371","1.7372","1.727","","0.14%"
"04/11/2019","1.7344","1.7345","1.7376","1.7327","","-0.09%"
"04/10/2019","1.7359","1.7362","1.7415","1.7335","","-0.09%"
"04/09/2019","1.7375","1.7375","1.7375","1.7327","","-0.33%"
"04/08/2019","1.7432","1.7428","1.7439","1.7348","","0.05%"
"04/05/2019","1.7423","1.7424","1.7445","1.7398","","0.19%"
"04/04/2019","1.739","1.7392","1.7448","1.7385","","-0.38%"
"04/03/2019","1.7457","1.7458","1.7459","1.7377","","0.02%"
"04/02/2019","1.7454","1.7453","1.7487","1.7441","","0.16%"
"04/01/2019","1.7426","1.7426","1.7447","1.7385","","0.06%"
"03/29/2019","1.7416","1.7417","1.7446","1.7391","","0.20%"
"03/28/2019","1.7382","1.7383","1.7439","1.7365","","0.20%"
"03/27/2019","1.7347","1.7347","1.7397","1.733","","0.36%"
"03/26/2019","1.7284","1.7286","1.734","1.7264","","-0.18%"
"03/25/2019","1.7315","1.7314","1.7323","1.726","","0.70%"
"03/22/2019","1.7194","1.7196","1.7346","1.7168","","0.47%"
"03/21/2019","1.7114","1.7111","1.7224","1.7096","","-0.64%"
"03/20/2019","1.7225","1.7227","1.7253","1.7205","","-0.16%"
"03/19/2019","1.7253","1.7254","1.7256","1.7211","","-0.14%"
"03/18/2019","1.7278","1.7278","1.7409","1.7217","","-0.10%"
"03/15/2019","1.7295","1.7297","1.7305","1.7243","","0.20%"
"03/14/2019","1.7261","1.7258","1.7316","1.7253","","-0.38%"
"03/13/2019","1.7327","1.7328","1.734","1.7287","","-0.25%"
"03/12/2019","1.7371","1.7371","1.7385","1.7317","","-0.24%"
"03/11/2019","1.7412","1.7415","1.7428","1.7374","","-0.30%"
"03/08/2019","1.7465","1.746","1.7485","1.7394","","1.03%"
"03/07/2019","1.7287","1.7289","1.7449","1.7278","","-0.06%"
"03/06/2019","1.7297","1.7299","1.7321","1.727","","0.27%"
"03/05/2019","1.7251","1.725","1.7319","1.7248","","0.34%"
"03/04/2019","1.7193","1.7194","1.7292","1.7194","","-0.02%"
"03/01/2019","1.7196","1.7198","1.7225","1.7143","","0.06%"
"02/28/2019","1.7186","1.719","1.7216","1.7123","","0.11%"
"02/27/2019","1.7167","1.7165","1.7211","1.7151","","-0.22%"
"02/26/2019","1.7205","1.7207","1.7237","1.7189","","-0.23%"
"02/25/2019","1.7244","1.7247","1.725","1.7205","","0.01%"
"02/22/2019","1.7243","1.7247","1.728","1.7223","","0.03%"
"02/21/2019","1.7238","1.7238","1.7274","1.7208","","-0.03%"
"02/20/2019","1.7243","1.7243","1.7269","1.7202","","-0.27%"
"02/19/2019","1.729","1.729","1.7344","1.7244","","-0.12%"
"02/18/2019","1.7311","1.7316","1.7316","1.7256","","-0.02%"
"02/15/2019","1.7315","1.7316","1.7408","1.7311","","-0.27%"
"02/14/2019","1.7362","1.7363","1.7384","1.7296","","0.62%"
"02/13/2019","1.7255","1.7258","1.7335","1.7241","","-0.49%"
"02/12/2019","1.734","1.7338","1.7371","1.7278","","0.40%"
"02/11/2019","1.7271","1.7271","1.7349","1.726","","0.13%"
"02/08/2019","1.7249","1.7247","1.7275","1.723","","0.24%"
"02/07/2019","1.7208","1.7207","1.7268","1.7202","","0.39%"
"02/06/2019","1.7141","1.7143","1.7194","1.714","","0.23%"
"02/05/2019","1.7102","1.7103","1.7151","1.7092","","0.16%"
"02/04/2019","1.7074","1.7071","1.7118","1.7063","","-0.05%"
"02/01/2019","1.7082","1.708","1.7104","1.7024","","0.33%"
"01/31/2019","1.7026","1.7029","1.7081","1.6987","","-0.45%"
"01/30/2019","1.7103","1.7104","1.7143","1.7081","","-0.05%"
"01/29/2019","1.7111","1.7112","1.7139","1.7081","","-0.15%"
"01/28/2019","1.7137","1.7137","1.717","1.7088","","-0.87%"
"01/25/2019","1.7288","1.7293","1.7299","1.7139","","0.66%"
"01/24/2019","1.7174","1.7176","1.7288","1.7166","","-0.21%"
"01/23/2019","1.7211","1.7211","1.7229","1.7167","","0.05%"
"01/22/2019","1.7203","1.7202","1.7252","1.7194","","-0.03%"
"01/21/2019","1.7208","1.7209","1.722","1.7174","","0.24%"
"01/18/2019","1.7167","1.7169","1.7226","1.7141","","0.05%"
"01/17/2019","1.7159","1.7158","1.7198","1.7145","","0.16%"
"01/16/2019","1.7131","1.7135","1.7188","1.7123","","0.49%"
"01/15/2019","1.7047","1.7047","1.7177","1.702","","-0.11%"
"01/14/2019","1.7066","1.7062","1.7079","1.7031","","0.44%"
"01/11/2019","1.6992","1.6985","1.7067","1.695","","0.39%"
"01/10/2019","1.6926","1.6926","1.699","1.6902","","-0.86%"
"01/09/2019","1.7072","1.7071","1.7094","1.6948","","0.21%"
"01/08/2019","1.7037","1.7038","1.7119","1.7027","","-0.61%"
"01/07/2019","1.7141","1.7137","1.7149","1.7045","","-0.17%"
"01/04/2019","1.717","1.717","1.7235","1.713","","-0.64%"
"01/03/2019","1.7281","1.7282","1.7282","1.7143","","1.27%"
"01/02/2019","1.7064","1.7065","1.7238","1.7012","","0.28%"
"01/01/2019","1.7017","1.7016","1.7059","1.6934","",""
