"Date","Price","Open","High","Low","Vol.","Change %"
"12/30/2025","10,481.40","10,521.68","10,531.77","10,456.26","","-0.38%"
"12/29/2025","10,521.68","10,483.15","10,521.73","10,427.59","","0.37%"
"12/26/2025","10,483.15","10,386.99","10,483.15","10,386.99","","0.93%"
"12/24/2025","10,386.99","10,403.73","10,415.97","10,350.46","","-0.16%"
"12/23/2025","10,403.73","10,389.39","10,431.00","10,352.98","","0.14%"
"12/22/2025","10,389.39","10,304.26","10,391.16","10,304.26","","0.83%"
"12/19/2025","10,304.26","10,194.26","10,348.80","10,194.26","","1.08%"
"12/18/2025","10,194.26","10,134.52","10,206.62","10,134.52","","0.59%"
"12/17/2025","10,134.52","10,188.43","10,275.40","10,111.75","","-0.53%"
"12/16/2025","10,188.43","10,302.23","10,305.73","10,177.12","","-1.10%"
"12/15/2025","10,302.23","10,400.01","10,500.77","10,296.84","","-0.94%"
"12/12/2025","10,400.01","10,362.86","10,425.35","10,327.26","","0.36%"
"12/11/2025","10,362.86","10,170.37","10,362.86","10,170.37","","1.89%"
"12/10/2025","10,170.37","10,179.97","10,234.62","10,148.08","","-0.09%"
"12/09/2025","10,179.97","10,222.61","10,227.13","10,136.82","","-0.42%"
"12/05/2025","10,222.61","10,179.42","10,278.13","10,128.77","","0.42%"
"12/04/2025","10,179.42","10,176.08","10,219.84","10,130.45","","0.03%"
"12/03/2025","10,176.08","10,146.49","10,201.07","10,129.74","","0.29%"
"12/02/2025","10,146.49","10,144.02","10,169.88","10,109.69","","0.02%"
"12/01/2025","10,144.02","10,128.58","10,146.84","10,033.28","","0.15%"
"11/28/2025","10,128.58","10,078.13","10,130.65","10,064.16","","0.50%"
"11/27/2025","10,078.13","9,998.30","10,079.77","9,996.54","","0.80%"
"11/26/2025","9,998.30","9,950.81","10,021.88","9,948.49","","0.48%"
"11/25/2025","9,950.81","9,802.98","9,950.81","9,802.98","","1.51%"
"11/24/2025","9,802.98","9,826.58","9,871.99","9,799.31","","-0.24%"
"11/21/2025","9,826.58","9,802.08","9,829.87","9,714.71","","0.25%"
"11/20/2025","9,802.08","9,873.59","9,959.21","9,802.08","","-0.72%"
"11/19/2025","9,873.59","9,809.37","9,992.17","9,809.37","","0.65%"
"11/18/2025","9,809.37","9,904.47","9,904.47","9,696.73","","-0.96%"
"11/17/2025","9,904.47","9,603.02","9,933.76","9,603.02","","3.14%"
"11/14/2025","9,603.02","9,710.38","9,710.38","9,558.82","","-1.11%"
"11/13/2025","9,710.38","9,893.86","9,939.93","9,710.38","","-1.85%"
"11/12/2025","9,893.86","9,710.83","9,906.09","9,710.83","","1.88%"
"11/11/2025","9,710.83","9,660.17","9,736.26","9,614.45","","0.52%"
"11/10/2025","9,660.17","9,605.06","9,733.44","9,605.06","","0.57%"
"11/07/2025","9,605.06","9,459.59","9,625.76","9,446.48","","1.54%"
"11/06/2025","9,459.59","9,432.13","9,506.23","9,432.13","","0.29%"
"11/05/2025","9,432.13","9,322.90","9,449.22","9,322.90","","1.17%"
"11/04/2025","9,322.90","9,511.78","9,511.78","9,319.39","","-1.99%"
"11/03/2025","9,511.78","9,509.42","9,513.85","9,497.59","","0.88%"
"10/30/2025","9,428.89","9,424.27","9,429.11","9,402.51","","1.10%"
"10/29/2025","9,326.50","9,232.17","9,326.50","9,232.17","","1.02%"
"10/28/2025","9,232.17","9,207.64","9,261.47","9,192.99","","0.27%"
"10/27/2025","9,207.64","9,184.41","9,311.03","9,184.41","","0.25%"
"10/24/2025","9,184.41","9,149.64","9,248.97","9,149.64","","0.38%"
"10/23/2025","9,149.64","9,049.45","9,156.63","9,049.45","","1.11%"
"10/22/2025","9,049.45","9,114.74","9,127.07","9,018.06","","-0.72%"
"10/21/2025","9,114.74","9,159.75","9,187.10","9,110.45","","-0.49%"
"10/20/2025","9,159.75","9,129.98","9,187.60","9,129.98","","0.33%"
"10/17/2025","9,129.98","9,112.15","9,129.98","9,067.60","","0.20%"
"10/16/2025","9,112.15","9,112.58","9,204.01","9,087.36","","0.00%"
"10/15/2025","9,112.58","9,024.25","9,112.66","9,019.80","","1.10%"
"10/14/2025","9,013.34","8,794.53","9,013.34","8,771.92","","2.49%"
"10/13/2025","8,794.53","8,675.80","8,795.38","8,675.80","","1.37%"
"10/10/2025","8,675.80","8,818.68","8,838.77","8,668.73","","-1.62%"
"10/09/2025","8,818.68","8,909.39","8,972.16","8,769.55","","-1.02%"
"10/08/2025","8,909.39","8,829.98","8,909.39","8,818.36","","0.90%"
"10/07/2025","8,829.98","8,832.48","8,858.22","8,805.79","","-0.03%"
"10/06/2025","8,832.48","8,890.29","8,903.59","8,811.22","","-0.65%"
"10/03/2025","8,890.29","8,899.67","8,934.87","8,859.64","","-0.11%"
"10/02/2025","8,899.67","8,948.48","8,958.18","8,860.36","","-0.44%"
"10/01/2025","8,939.08","8,970.68","9,030.97","8,936.79","","-0.35%"
"09/30/2025","8,970.68","8,996.57","9,031.66","8,951.27","","-0.29%"
"09/29/2025","8,996.57","9,080.77","9,086.91","8,996.57","","-0.29%"
"09/26/2025","9,023.05","9,040.46","9,083.17","9,023.05","","-0.19%"
"09/25/2025","9,040.46","9,114.79","9,121.10","9,008.42","","-0.82%"
"09/24/2025","9,114.79","9,146.80","9,196.77","9,080.25","","-0.35%"
"09/23/2025","9,146.80","9,112.28","9,160.53","9,106.12","","0.33%"
"09/22/2025","9,116.93","9,016.70","9,116.93","8,973.81","","1.22%"
"09/17/2025","9,007.14","9,066.03","9,096.77","9,007.14","","-0.65%"
"09/16/2025","9,066.03","9,088.53","9,116.15","9,033.55","","-0.25%"
"09/15/2025","9,088.53","8,989.75","9,113.91","8,989.75","","1.10%"
"09/12/2025","8,989.75","9,151.39","9,177.58","8,982.52","","-1.77%"
"09/11/2025","9,151.39","8,973.69","9,151.39","8,973.69","","1.98%"
"09/10/2025","8,973.69","8,985.16","9,013.10","8,961.09","","-0.13%"
"09/09/2025","8,985.16","9,089.29","9,089.29","8,940.69","","-1.15%"
"09/08/2025","9,089.29","9,210.68","9,237.72","9,081.47","","-1.32%"
"09/05/2025","9,210.68","9,270.10","9,285.27","9,205.05","","0.39%"
"09/04/2025","9,175.32","9,062.92","9,175.32","9,042.27","","1.24%"
"09/03/2025","9,062.92","8,991.50","9,071.99","8,960.60","","0.79%"
"09/02/2025","8,991.50","8,922.00","8,991.56","8,868.51","","0.78%"
"09/01/2025","8,922.00","8,899.91","8,930.74","8,887.28","","0.25%"
"08/29/2025","8,899.91","8,920.99","8,943.47","8,899.51","","-0.24%"
"08/28/2025","8,920.99","8,884.47","8,920.99","8,864.99","","0.41%"
"08/27/2025","8,884.47","8,827.00","8,899.22","8,819.42","","0.65%"
"08/26/2025","8,827.00","8,883.36","8,897.99","8,767.49","","-0.63%"
"08/25/2025","8,883.36","8,854.26","8,938.51","8,854.26","","0.33%"
"08/22/2025","8,854.26","8,738.95","8,854.61","8,736.17","","1.48%"
"08/21/2025","8,724.78","8,683.66","8,745.19","8,683.66","","0.47%"
"08/20/2025","8,683.66","8,736.84","8,736.84","8,654.45","","-0.61%"
"08/19/2025","8,736.84","8,827.17","8,842.00","8,736.84","","-1.02%"
"08/18/2025","8,827.17","8,739.42","8,852.04","8,739.42","","1.00%"
"08/14/2025","8,739.42","8,737.86","8,753.31","8,654.70","","0.02%"
"08/13/2025","8,737.86","8,585.60","8,741.92","8,585.60","","1.77%"
"08/12/2025","8,585.60","8,591.50","8,625.11","8,581.18","","-0.07%"
"08/11/2025","8,591.50","8,520.53","8,649.22","8,520.53","","0.83%"
"08/08/2025","8,520.53","8,360.90","8,520.66","8,360.90","","1.91%"
"08/07/2025","8,360.90","8,247.31","8,360.90","8,247.31","","1.38%"
"08/06/2025","8,247.31","8,195.17","8,268.73","8,195.17","","0.64%"
"08/05/2025","8,195.17","8,209.84","8,241.97","8,179.22","","-0.18%"
"08/04/2025","8,209.84","8,161.33","8,221.83","8,161.33","","0.59%"
"08/01/2025","8,161.33","8,186.09","8,186.34","8,135.86","","-0.30%"
"07/31/2025","8,186.09","8,121.45","8,186.96","8,089.61","","0.80%"
"07/30/2025","8,121.45","8,121.42","8,178.56","8,118.30","","0.00%"
"07/29/2025","8,121.42","8,074.31","8,122.54","8,037.78","","0.58%"
"07/28/2025","8,074.31","8,221.90","8,221.90","8,074.31","","-1.80%"
"07/25/2025","8,221.90","8,141.82","8,221.96","8,141.82","","0.98%"
"07/24/2025","8,141.82","8,140.70","8,191.52","8,136.72","","0.01%"
"07/23/2025","8,140.70","8,118.91","8,140.70","8,084.43","","0.27%"
"07/22/2025","8,118.91","8,125.16","8,187.85","8,118.29","","-0.06%"
"07/21/2025","8,123.96","8,184.50","8,228.58","8,123.96","","-0.74%"
"07/18/2025","8,184.50","8,210.46","8,227.61","8,154.84","","-0.32%"
"07/17/2025","8,210.46","8,152.47","8,234.31","8,152.47","","0.71%"
"07/15/2025","8,152.47","8,233.73","8,238.51","8,137.67","","-0.99%"
"07/14/2025","8,233.73","8,231.92","8,255.89","8,211.63","","0.02%"
"07/11/2025","8,231.92","8,343.68","8,343.68","8,225.22","","-1.34%"
"07/10/2025","8,343.68","8,329.49","8,344.90","8,306.64","","0.17%"
"07/09/2025","8,329.49","8,316.74","8,336.79","8,299.29","","0.15%"
"07/08/2025","8,316.74","8,256.55","8,338.44","8,255.90","","0.73%"
"07/07/2025","8,256.55","8,285.29","8,285.29","8,217.06","","-0.35%"
"07/04/2025","8,285.29","8,290.26","8,305.26","8,268.55","","-0.06%"
"07/03/2025","8,290.26","8,268.45","8,307.47","8,247.10","","0.26%"
"07/02/2025","8,268.45","8,211.83","8,296.65","8,211.83","","0.69%"
"07/01/2025","8,211.83","8,247.57","8,292.19","8,208.77","","-0.43%"
"06/30/2025","8,247.57","8,213.08","8,248.18","8,165.13","","0.42%"
"06/27/2025","8,213.08","8,176.94","8,213.61","8,140.08","","0.44%"
"06/26/2025","8,176.94","8,140.84","8,213.79","8,140.84","","0.44%"
"06/25/2025","8,140.84","8,148.15","8,171.02","8,119.80","","-0.09%"
"06/24/2025","8,148.15","8,029.71","8,166.24","8,029.71","","1.48%"
"06/23/2025","8,029.71","8,077.48","8,077.48","7,943.88","","-0.59%"
"06/19/2025","8,077.48","8,086.72","8,108.06","8,033.62","","-0.11%"
"06/18/2025","8,086.72","8,091.57","8,091.57","8,048.23","","-0.06%"
"06/17/2025","8,091.57","8,165.29","8,165.29","8,081.45","","-0.90%"
"06/16/2025","8,165.29","8,209.92","8,253.46","8,165.10","","-0.54%"
"06/13/2025","8,209.92","8,269.44","8,269.44","8,176.78","","-0.72%"
"06/12/2025","8,269.44","8,320.11","8,337.49","8,264.94","","-0.61%"
"06/11/2025","8,320.11","8,227.18","8,365.90","8,227.18","","1.13%"
"06/10/2025","8,227.18","8,172.55","8,228.87","8,163.73","","0.67%"
"06/09/2025","8,172.55","8,170.04","8,198.37","8,166.07","","0.03%"
"06/06/2025","8,170.04","8,145.59","8,196.07","8,139.72","","0.30%"
"06/05/2025","8,145.59","8,169.98","8,190.63","8,145.59","","-0.30%"
"06/04/2025","8,169.98","8,112.07","8,233.75","8,111.76","","0.71%"
"06/03/2025","8,112.07","8,048.93","8,131.53","8,020.82","","0.78%"
"06/02/2025","8,048.93","8,047.51","8,093.59","8,025.14","","0.02%"
"05/30/2025","8,047.51","8,192.18","8,204.49","8,047.51","","-1.77%"
"05/29/2025","8,192.18","8,244.52","8,278.82","8,182.86","","-0.63%"
"05/28/2025","8,244.52","8,351.79","8,372.93","8,244.35","","-1.28%"
"05/27/2025","8,351.79","8,390.20","8,404.47","8,343.05","","-0.46%"
"05/26/2025","8,390.20","8,399.59","8,447.74","8,367.39","","-0.11%"
"05/23/2025","8,399.59","8,367.62","8,400.28","8,309.87","","0.38%"
"05/22/2025","8,367.62","8,418.33","8,418.33","8,349.43","","-0.60%"
"05/20/2025","8,418.38","8,392.10","8,455.36","8,387.33","","0.31%"
"05/19/2025","8,392.10","8,386.16","8,404.56","8,329.41","","0.07%"
"05/16/2025","8,386.16","8,411.01","8,416.23","8,283.72","","-0.30%"
"05/15/2025","8,411.01","8,469.64","8,492.60","8,392.68","","-0.69%"
"05/14/2025","8,469.64","8,368.76","8,479.36","8,368.13","","1.21%"
"05/13/2025","8,368.76","8,326.19","8,371.66","8,323.86","","0.51%"
"05/12/2025","8,326.19","8,233.12","8,357.61","8,233.12","","1.13%"
"05/09/2025","8,233.12","8,162.87","8,233.12","8,158.89","","0.86%"
"05/08/2025","8,162.87","8,173.81","8,207.55","8,162.87","","-0.13%"
"05/07/2025","8,173.81","8,069.80","8,195.36","8,069.80","","1.29%"
"05/06/2025","8,069.80","8,019.77","8,072.94","7,981.78","","0.62%"
"05/05/2025","8,019.77","8,039.23","8,056.54","8,009.78","","-0.24%"
"05/02/2025","8,039.23","8,041.14","8,054.91","7,953.25","","-0.02%"
"04/30/2025","8,041.14","8,059.40","8,070.44","7,960.71","","-0.23%"
"04/29/2025","8,059.40","7,986.82","8,059.40","7,986.82","","0.91%"
"04/28/2025","7,986.82","7,991.62","8,021.10","7,923.93","","-0.06%"
"04/25/2025","7,991.62","7,998.60","8,016.09","7,977.82","","-0.09%"
"04/24/2025","7,998.60","7,922.51","8,028.95","7,922.07","","0.96%"
"04/23/2025","7,922.51","7,814.36","7,942.31","7,814.36","","1.38%"
"04/22/2025","7,814.36","7,751.38","7,840.69","7,751.38","","0.81%"
"04/21/2025","7,751.38","7,815.25","7,816.32","7,748.20","","-0.82%"
"04/17/2025","7,815.25","7,710.55","7,815.25","7,710.55","","1.36%"
"04/16/2025","7,710.55","7,695.06","7,724.07","7,676.56","","0.20%"
"04/15/2025","7,695.06","7,572.20","7,695.38","7,563.44","","1.62%"
"04/14/2025","7,572.20","7,430.69","7,592.85","7,430.69","","1.90%"
"04/11/2025","7,430.69","7,372.09","7,465.00","7,354.85","","0.79%"
"04/10/2025","7,372.09","7,473.43","7,482.80","7,273.72","","-1.36%"
"04/09/2025","7,473.43","7,163.09","7,473.43","7,135.88","","4.33%"
"04/08/2025","7,163.09","7,252.56","7,364.22","7,151.04","","-1.23%"
"04/07/2025","7,252.56","7,504.21","7,504.21","7,227.96","","-3.35%"
"04/04/2025","7,504.21","7,719.22","7,733.51","7,483.97","","-2.79%"
"04/03/2025","7,719.22","7,698.70","7,729.94","7,602.18","","0.27%"
"04/02/2025","7,698.70","7,685.60","7,719.13","7,659.58","","0.17%"
"04/01/2025","7,685.60","7,648.59","7,709.90","7,642.84","","0.48%"
"03/31/2025","7,648.59","7,694.49","7,695.15","7,617.14","","-0.60%"
"03/28/2025","7,694.49","7,654.06","7,694.49","7,648.56","","0.53%"
"03/27/2025","7,654.06","7,593.44","7,654.70","7,590.17","","0.80%"
"03/26/2025","7,593.44","7,606.42","7,626.89","7,568.86","","-0.17%"
"03/25/2025","7,606.42","7,632.66","7,632.66","7,587.44","","-0.34%"
"03/24/2025","7,632.66","7,585.81","7,656.77","7,585.81","","0.62%"
"03/21/2025","7,585.81","7,575.53","7,603.73","7,571.25","","0.14%"
"03/20/2025","7,575.53","7,594.95","7,607.40","7,562.08","","-0.26%"
"03/19/2025","7,594.95","7,585.61","7,611.04","7,578.29","","0.12%"
"03/18/2025","7,585.61","7,601.82","7,617.24","7,579.50","","-0.21%"
"03/17/2025","7,601.82","7,509.00","7,603.03","7,509.00","","1.24%"
"03/14/2025","7,509.00","7,449.87","7,522.65","7,449.87","","0.79%"
"03/13/2025","7,449.87","7,391.30","7,451.41","7,385.99","","0.79%"
"03/12/2025","7,391.30","7,365.82","7,391.30","7,327.35","","0.35%"
"03/11/2025","7,365.82","7,369.67","7,412.79","7,352.66","","-0.05%"
"03/10/2025","7,369.67","7,377.09","7,397.96","7,354.50","","-0.10%"
"03/07/2025","7,377.09","7,370.32","7,412.27","7,370.32","","0.09%"
"03/06/2025","7,370.32","7,333.10","7,370.32","7,312.77","","0.51%"
"03/05/2025","7,333.10","7,313.89","7,354.62","7,299.42","","0.26%"
"03/04/2025","7,313.89","7,344.96","7,344.96","7,272.66","","-0.42%"
"03/03/2025","7,344.96","7,332.12","7,371.60","7,325.46","","0.18%"
"02/28/2025","7,332.12","7,392.85","7,397.19","7,313.73","","-0.82%"
"02/27/2025","7,392.85","7,351.06","7,392.88","7,349.55","","0.57%"
"02/26/2025","7,351.06","7,316.01","7,351.79","7,311.89","","0.48%"
"02/25/2025","7,316.01","7,311.33","7,316.72","7,294.18","","0.06%"
"02/24/2025","7,311.33","7,311.75","7,336.98","7,273.00","","-0.01%"
"02/21/2025","7,311.75","7,322.48","7,351.88","7,302.87","","-0.15%"
"02/20/2025","7,322.48","7,281.33","7,341.48","7,275.21","","0.57%"
"02/19/2025","7,281.33","7,297.91","7,305.04","7,257.56","","-0.23%"
"02/18/2025","7,297.91","7,303.62","7,323.31","7,251.82","","-0.08%"
"02/17/2025","7,303.62","7,359.91","7,380.29","7,269.59","","-0.76%"
"02/14/2025","7,359.91","7,328.35","7,366.62","7,328.35","","0.43%"
"02/13/2025","7,328.35","7,282.34","7,328.35","7,282.34","","0.63%"
"02/12/2025","7,282.34","7,278.04","7,327.06","7,267.10","","0.06%"
"02/11/2025","7,278.04","7,294.64","7,315.82","7,251.30","","-0.23%"
"02/10/2025","7,294.64","7,285.11","7,322.69","7,272.50","","0.13%"
"02/07/2025","7,285.11","7,301.44","7,315.12","7,261.68","","-0.22%"
"02/06/2025","7,301.44","7,273.99","7,313.03","7,243.73","","0.38%"
"02/05/2025","7,273.99","7,269.19","7,301.77","7,244.94","","0.07%"
"02/04/2025","7,269.19","7,204.69","7,298.51","7,204.69","","0.90%"
"02/03/2025","7,204.69","7,199.59","7,204.70","7,111.74","","0.07%"
"01/31/2025","7,199.59","7,222.08","7,309.03","7,199.59","","-0.31%"
"01/30/2025","7,222.08","7,088.79","7,227.88","7,088.79","","1.88%"
"01/29/2025","7,088.79","7,035.01","7,095.45","7,035.01","","0.76%"
"01/28/2025","7,035.01","7,028.46","7,065.59","7,020.38","","0.09%"
"01/27/2025","7,028.46","7,068.67","7,088.52","6,989.06","","-0.57%"
"01/24/2025","7,068.67","7,050.96","7,082.07","7,046.23","","0.25%"
"01/23/2025","7,050.96","7,026.97","7,053.63","7,004.75","","0.34%"
"01/22/2025","7,026.97","7,038.23","7,056.53","7,020.65","","-0.16%"
"01/21/2025","7,038.23","7,010.22","7,041.66","6,989.62","","0.40%"
"01/20/2025","7,010.22","6,958.79","7,010.59","6,958.79","","0.74%"
"01/17/2025","6,958.79","6,957.67","6,992.98","6,945.06","","0.02%"
"01/16/2025","6,957.67","6,900.05","6,957.67","6,886.35","","0.84%"
"01/15/2025","6,900.05","6,823.01","6,901.39","6,823.01","","1.13%"
"01/14/2025","6,823.01","6,756.50","6,832.79","6,756.50","","0.98%"
"01/13/2025","6,756.50","6,814.12","6,814.12","6,756.47","","-0.85%"
"01/10/2025","6,814.12","6,802.58","6,821.52","6,781.22","","0.17%"
"01/09/2025","6,802.58","6,762.74","6,817.11","6,762.74","","0.59%"
"01/08/2025","6,762.74","6,806.47","6,806.82","6,762.73","","-0.64%"
"01/07/2025","6,806.47","6,780.03","6,812.78","6,780.03","","0.39%"
"01/06/2025","6,780.03","6,700.98","6,780.66","6,700.98","","1.18%"
"01/03/2025","6,700.98","6,681.92","6,712.90","6,681.92","","0.29%"
"01/02/2025","6,681.92","6,710.02","6,732.06","6,675.53","","-0.42%"
"12/30/2024","6,710.02","6,703.27","6,723.05","6,690.70","","0.10%"
"12/27/2024","6,703.27","6,691.09","6,724.89","6,690.30","","0.18%"
"12/26/2024","6,691.09","6,680.17","6,709.03","6,677.98","","0.21%"
"12/24/2024","6,677.05","6,665.37","6,683.11","6,653.24","","0.18%"
"12/23/2024","6,665.37","6,700.82","6,710.81","6,636.37","","-0.53%"
"12/20/2024","6,700.82","6,699.84","6,700.82","6,659.82","","0.01%"
"12/19/2024","6,699.84","6,731.49","6,731.49","6,657.19","","-0.47%"
"12/18/2024","6,731.49","6,730.22","6,746.97","6,712.61","","0.02%"
"12/17/2024","6,730.22","6,798.99","6,806.56","6,730.22","","-1.01%"
"12/16/2024","6,798.99","6,767.25","6,806.67","6,761.66","","0.47%"
"12/13/2024","6,767.25","6,781.04","6,797.11","6,764.42","","-0.20%"
"12/12/2024","6,781.04","6,731.67","6,781.65","6,711.06","","0.73%"
"12/11/2024","6,731.67","6,720.21","6,734.10","6,702.52","","0.17%"
"12/10/2024","6,720.21","6,714.12","6,721.33","6,691.29","","0.09%"
"12/09/2024","6,714.12","6,648.65","6,735.58","6,648.65","","0.98%"
"12/06/2024","6,648.65","6,660.14","6,682.67","6,647.55","","-0.17%"
"12/05/2024","6,660.14","6,631.36","6,660.14","6,616.26","","0.43%"
"12/04/2024","6,631.36","6,629.72","6,644.79","6,616.45","","0.02%"
"12/03/2024","6,629.72","6,639.86","6,663.43","6,618.88","","-0.15%"
"12/02/2024","6,639.86","6,576.60","6,639.86","6,568.39","","0.96%"
"11/29/2024","6,576.60","6,587.35","6,605.70","6,562.73","","-0.16%"
"11/28/2024","6,587.35","6,578.98","6,606.87","6,576.84","","0.13%"
"11/27/2024","6,578.98","6,558.30","6,602.34","6,558.30","","0.32%"
"11/26/2024","6,558.30","6,549.16","6,572.26","6,543.84","","0.14%"
"11/25/2024","6,549.16","6,564.16","6,588.00","6,549.16","","-0.23%"
"11/22/2024","6,564.16","6,592.93","6,596.76","6,542.12","","-0.44%"
"11/21/2024","6,592.93","6,576.33","6,615.20","6,558.52","","0.25%"
"11/20/2024","6,576.33","6,549.37","6,614.86","6,539.00","","0.41%"
"11/19/2024","6,549.37","6,542.39","6,586.87","6,541.43","","0.11%"
"11/18/2024","6,542.39","6,527.02","6,559.46","6,502.58","","0.24%"
"11/15/2024","6,527.02","6,478.97","6,528.26","6,463.49","","0.74%"
"11/14/2024","6,478.97","6,558.50","6,562.09","6,472.32","","-1.21%"
"11/13/2024","6,558.50","6,508.64","6,579.45","6,508.64","","0.77%"
"11/12/2024","6,508.64","6,539.35","6,556.41","6,500.97","","-0.47%"
"11/11/2024","6,539.35","6,519.72","6,563.58","6,519.72","","0.30%"
"11/08/2024","6,519.72","6,561.83","6,563.23","6,498.48","","-0.64%"
"11/07/2024","6,561.83","6,579.65","6,620.10","6,550.57","","-0.27%"
"11/06/2024","6,579.65","6,525.38","6,586.70","6,469.32","","0.83%"
"11/05/2024","6,525.38","6,629.96","6,644.20","6,524.21","","-1.58%"
"11/04/2024","6,629.96","6,550.32","6,649.37","6,537.89","","1.22%"
"10/30/2024","6,550.32","6,672.61","6,680.98","6,550.08","","-1.83%"
"10/29/2024","6,672.61","6,735.46","6,752.67","6,660.71","","-0.93%"
"10/28/2024","6,735.46","6,754.69","6,780.84","6,731.71","","-0.28%"
"10/25/2024","6,754.69","6,725.80","6,776.85","6,723.41","","0.43%"
"10/24/2024","6,725.80","6,686.98","6,741.62","6,686.98","","0.58%"
"10/23/2024","6,686.98","6,674.66","6,722.26","6,666.83","","0.18%"
"10/22/2024","6,674.66","6,671.07","6,689.11","6,664.45","","0.05%"
"10/21/2024","6,671.07","6,643.52","6,671.10","6,625.27","","0.41%"
"10/18/2024","6,643.52","6,571.59","6,649.46","6,571.59","","1.09%"
"10/17/2024","6,571.59","6,542.64","6,582.29","6,526.79","","0.44%"
"10/16/2024","6,542.64","6,558.98","6,596.61","6,540.45","","-0.25%"
"10/15/2024","6,558.98","6,572.00","6,572.00","6,521.65","","-0.20%"
"10/14/2024","6,572.00","6,572.95","6,573.24","6,525.44","","-0.01%"
"10/11/2024","6,572.95","6,578.77","6,578.77","6,543.71","","-0.09%"
"10/10/2024","6,578.77","6,541.29","6,578.77","6,525.93","","0.57%"
"10/09/2024","6,541.29","6,492.75","6,547.71","6,492.75","","0.75%"
"10/08/2024","6,492.75","6,475.15","6,506.83","6,433.05","","0.27%"
"10/07/2024","6,475.15","6,480.93","6,519.74","6,436.97","","-0.09%"
"10/04/2024","6,480.93","6,389.82","6,480.93","6,389.82","","1.43%"
"10/03/2024","6,389.82","6,392.09","6,398.11","6,336.11","","-0.04%"
"10/02/2024","6,392.09","6,448.86","6,462.28","6,391.80","","-0.88%"
"10/01/2024","6,448.86","6,490.57","6,496.94","6,417.82","","-0.64%"
"09/30/2024","6,490.57","6,530.73","6,548.79","6,480.44","","-0.61%"
"09/27/2024","6,530.73","6,529.98","6,583.78","6,529.98","","0.01%"
"09/26/2024","6,529.98","6,440.87","6,529.98","6,440.87","","1.38%"
"09/25/2024","6,440.87","6,449.90","6,468.91","6,415.09","","-0.14%"
"09/24/2024","6,449.90","6,374.35","6,456.54","6,374.35","","1.19%"
"09/23/2024","6,374.35","6,333.16","6,374.35","6,309.27","","0.80%"
"09/17/2024","6,323.95","6,351.31","6,364.11","6,319.91","","-0.36%"
"09/16/2024","6,346.81","6,351.31","6,359.64","6,319.91","","-0.07%"
"09/13/2024","6,351.31","6,343.16","6,373.65","6,326.26","","0.13%"
"09/12/2024","6,343.16","6,301.58","6,347.51","6,297.55","","0.66%"
"09/11/2024","6,301.88","6,214.86","6,319.81","6,214.86","","1.40%"
"09/10/2024","6,214.95","6,232.11","6,268.77","6,205.15","","-0.28%"
"09/09/2024","6,232.58","6,245.42","6,297.47","6,229.79","","-0.17%"
"09/06/2024","6,242.96","6,361.59","6,361.59","6,242.96","","-1.86%"
"09/05/2024","6,361.09","6,389.05","6,403.82","6,346.16","","-0.44%"
"09/04/2024","6,388.90","6,387.18","6,437.02","6,385.94","","0.04%"
"09/03/2024","6,386.58","6,456.25","6,456.73","6,375.33","","-1.10%"
"09/02/2024","6,457.74","6,459.96","6,471.05","6,437.93","","-0.03%"
"08/30/2024","6,459.96","6,448.28","6,486.18","6,429.19","","0.18%"
"08/29/2024","6,448.28","6,385.52","6,461.22","6,385.52","","0.98%"
"08/28/2024","6,385.52","6,379.46","6,411.04","6,364.69","","0.09%"
"08/27/2024","6,379.46","6,442.19","6,448.73","6,379.46","","-0.97%"
"08/26/2024","6,442.19","6,463.24","6,497.22","6,434.08","","-0.33%"
"08/23/2024","6,463.24","6,476.39","6,510.10","6,461.66","","-0.20%"
"08/22/2024","6,476.39","6,495.43","6,504.54","6,434.67","","-0.29%"
"08/21/2024","6,495.43","6,491.04","6,525.48","6,461.36","","0.07%"
"08/20/2024","6,491.04","6,458.78","6,510.85","6,458.38","","0.50%"
"08/19/2024","6,458.78","6,457.74","6,484.15","6,437.80","","0.22%"
"08/16/2024","6,444.38","6,405.12","6,475.02","6,404.31","","0.61%"
"08/14/2024","6,405.12","6,369.74","6,405.96","6,294.94","","0.56%"
"08/13/2024","6,369.74","6,326.05","6,374.86","6,326.05","","0.69%"
"08/12/2024","6,326.05","6,320.96","6,351.84","6,317.65","","0.08%"
"08/09/2024","6,320.96","6,293.62","6,341.62","6,293.62","","0.43%"
"08/08/2024","6,293.62","6,192.69","6,295.34","6,184.09","","1.63%"
"08/07/2024","6,192.69","6,178.55","6,263.88","6,174.68","","0.23%"
"08/06/2024","6,178.55","6,098.87","6,192.33","6,098.87","","1.31%"
"08/05/2024","6,098.87","6,315.46","6,315.46","6,082.02","","-3.43%"
"08/02/2024","6,315.46","6,418.15","6,418.15","6,290.44","","-1.60%"
"08/01/2024","6,418.15","6,440.56","6,453.68","6,379.61","","-0.35%"
"07/31/2024","6,440.56","6,466.13","6,502.40","6,440.56","","-0.40%"
"07/30/2024","6,466.13","6,486.19","6,494.73","6,466.13","","-0.31%"
"07/29/2024","6,486.19","6,432.16","6,487.34","6,421.67","","0.84%"
"07/26/2024","6,432.16","6,441.01","6,486.73","6,432.16","","-0.14%"
"07/25/2024","6,441.01","6,513.85","6,513.85","6,441.01","","-1.12%"
"07/24/2024","6,513.85","6,551.36","6,559.41","6,506.42","","-0.57%"
"07/23/2024","6,551.36","6,600.64","6,603.95","6,551.36","","-0.75%"
"07/22/2024","6,600.64","6,558.68","6,605.30","6,558.68","","0.64%"
"07/19/2024","6,558.68","6,576.70","6,588.96","6,547.73","","-0.27%"
"07/18/2024","6,576.70","6,568.77","6,616.84","6,553.09","","0.12%"
"07/17/2024","6,568.77","6,566.38","6,597.30","6,521.34","","0.04%"
"07/15/2024","6,566.38","6,550.01","6,588.90","6,531.73","","0.25%"
"07/12/2024","6,550.01","6,544.62","6,552.63","6,503.61","","0.08%"
"07/11/2024","6,544.62","6,467.17","6,544.62","6,467.17","","1.20%"
"07/10/2024","6,467.17","6,470.13","6,496.04","6,453.02","","-0.05%"
"07/09/2024","6,470.13","6,520.93","6,520.93","6,470.13","","-0.78%"
"07/08/2024","6,520.93","6,483.67","6,522.01","6,473.39","","0.57%"
"07/05/2024","6,483.67","6,532.51","6,532.51","6,467.63","","-0.75%"
"07/04/2024","6,532.51","6,533.69","6,552.68","6,509.96","","-0.02%"
"07/03/2024","6,533.69","6,385.39","6,534.61","6,385.39","","2.32%"
"07/02/2024","6,385.39","6,406.94","6,414.70","6,342.90","","-0.34%"
"07/01/2024","6,406.94","6,413.88","6,465.55","6,379.68","","-0.11%"
"06/28/2024","6,413.88","6,504.53","6,504.53","6,413.81","","-1.39%"
"06/27/2024","6,504.53","6,512.13","6,512.13","6,477.37","","-0.12%"
"06/26/2024","6,512.13","6,412.01","6,554.56","6,412.01","","1.56%"
"06/25/2024","6,412.01","6,491.50","6,515.27","6,410.17","","-1.22%"
"06/24/2024","6,491.50","6,488.75","6,498.64","6,453.97","","0.04%"
"06/21/2024","6,488.75","6,589.32","6,589.32","6,485.70","","-1.53%"
"06/19/2024","6,589.32","6,542.55","6,590.75","6,541.20","","0.71%"
"06/18/2024","6,542.55","6,506.51","6,557.51","6,506.51","","0.55%"
"06/17/2024","6,506.51","6,518.11","6,529.20","6,484.54","","-0.18%"
"06/14/2024","6,518.12","6,486.36","6,518.12","6,453.30","","0.49%"
"06/13/2024","6,486.36","6,535.26","6,552.63","6,486.36","","-0.75%"
"06/12/2024","6,535.26","6,541.45","6,586.35","6,519.88","","-0.09%"
"06/11/2024","6,541.45","6,622.04","6,622.04","6,540.65","","-1.22%"
"06/10/2024","6,622.04","6,637.66","6,670.43","6,621.66","","-0.24%"
"06/07/2024","6,637.66","6,688.12","6,701.81","6,629.02","","-0.75%"
"06/06/2024","6,688.12","6,655.87","6,688.65","6,648.86","","0.48%"
"06/05/2024","6,655.87","6,597.70","6,681.04","6,597.70","","0.88%"
"06/04/2024","6,597.70","6,614.36","6,623.67","6,578.26","","-0.25%"
"06/03/2024","6,614.36","6,632.80","6,650.92","6,590.51","","-0.28%"
"05/31/2024","6,632.80","6,639.13","6,675.91","6,593.70","","-0.10%"
"05/30/2024","6,639.13","6,681.68","6,706.44","6,630.66","","-0.64%"
"05/29/2024","6,681.68","6,759.04","6,764.31","6,681.68","","-1.37%"
"05/28/2024","6,774.61","6,810.91","6,838.39","6,774.61","","-0.53%"
"05/27/2024","6,810.91","6,775.88","6,826.19","6,775.88","","0.52%"
"05/24/2024","6,775.88","6,781.88","6,815.18","6,766.87","","-0.09%"
"05/23/2024","6,781.88","6,737.61","6,794.66","6,737.61","","0.66%"
"05/22/2024","6,737.61","6,710.41","6,744.86","6,687.60","","0.41%"
"05/20/2024","6,710.41","6,658.98","6,717.48","6,658.98","","0.77%"
"05/17/2024","6,658.98","6,651.46","6,678.52","6,644.85","","0.11%"
"05/16/2024","6,651.46","6,683.74","6,688.24","6,651.46","","-0.90%"
"05/15/2024","6,711.70","6,728.41","6,757.07","6,711.31","","-0.25%"
"05/14/2024","6,728.41","6,695.26","6,740.34","6,670.30","","0.50%"
"05/13/2024","6,695.26","6,640.32","6,697.14","6,640.32","","0.83%"
"05/10/2024","6,640.32","6,629.90","6,648.15","6,599.40","","0.16%"
"05/09/2024","6,629.90","6,644.43","6,687.94","6,629.39","","-0.22%"
"05/08/2024","6,644.43","6,600.83","6,644.96","6,576.01","","0.66%"
"05/07/2024","6,600.83","6,496.72","6,602.23","6,496.01","","1.60%"
"05/06/2024","6,496.72","6,559.05","6,596.66","6,494.06","","-0.95%"
"05/03/2024","6,559.05","6,497.82","6,570.92","6,497.82","","0.94%"
"05/02/2024","6,497.82","6,511.93","6,542.89","6,492.18","","-0.22%"
"04/30/2024","6,511.90","6,550.39","6,551.64","6,491.57","","-0.59%"
"04/29/2024","6,550.39","6,393.15","6,551.33","6,393.15","","2.44%"
"04/26/2024","6,394.20","6,311.56","6,394.20","6,311.56","","1.31%"
"04/25/2024","6,311.56","6,363.48","6,377.71","6,310.07","","-0.82%"
"04/24/2024","6,363.48","6,467.81","6,473.63","6,363.48","","-1.61%"
"04/23/2024","6,467.81","6,374.35","6,478.92","6,368.14","","1.71%"
"04/22/2024","6,359.10","6,365.09","6,375.57","6,330.76","","-0.09%"
"04/19/2024","6,365.09","6,451.30","6,469.67","6,365.09","","-1.34%"
"04/18/2024","6,451.30","6,455.59","6,473.61","6,432.52","","-0.07%"
"04/17/2024","6,455.59","6,430.61","6,474.91","6,384.88","","0.39%"
"04/16/2024","6,430.61","6,479.67","6,479.67","6,405.64","","-0.76%"
"04/15/2024","6,479.79","6,564.10","6,611.67","6,463.43","","-1.28%"
"04/12/2024","6,564.10","6,726.52","6,729.68","6,544.01","","-2.41%"
"04/11/2024","6,726.52","6,688.02","6,730.75","6,680.32","","0.58%"
"04/10/2024","6,688.02","6,668.55","6,703.74","6,640.69","","0.29%"
"04/09/2024","6,668.55","6,603.31","6,670.35","6,602.85","","0.99%"
"04/08/2024","6,603.31","6,512.36","6,606.16","6,512.36","","1.40%"
"04/05/2024","6,512.36","6,588.75","6,590.24","6,511.10","","-1.16%"
"04/04/2024","6,588.75","6,616.76","6,667.90","6,588.75","","-0.42%"
"04/03/2024","6,616.76","6,634.20","6,642.13","6,600.22","","-0.26%"
"04/02/2024","6,634.20","6,637.91","6,649.37","6,589.99","","-0.06%"
"04/01/2024","6,637.91","6,643.76","6,705.61","6,614.54","","-0.14%"
"03/28/2024","6,647.40","6,597.94","6,681.12","6,597.94","","0.75%"
"03/27/2024","6,597.94","6,520.39","6,604.60","6,507.66","","1.19%"
"03/26/2024","6,520.39","6,494.29","6,560.43","6,493.12","","0.40%"
"03/25/2024","6,494.29","6,516.37","6,572.31","6,462.76","","-0.34%"
"03/22/2024","6,516.37","6,485.92","6,534.28","6,472.19","","0.47%"
"03/21/2024","6,485.92","6,501.27","6,585.43","6,485.02","","-0.24%"
"03/20/2024","6,501.27","6,416.89","6,501.27","6,416.89","","1.31%"
"03/19/2024","6,416.89","6,454.41","6,454.42","6,416.61","","-0.58%"
"03/18/2024","6,454.41","6,463.76","6,518.02","6,449.10","","-0.14%"
"03/15/2024","6,463.76","6,460.71","6,491.82","6,447.79","","0.05%"
"03/14/2024","6,460.71","6,491.11","6,498.30","6,424.96","","-0.47%"
"03/13/2024","6,491.11","6,502.18","6,523.91","6,484.38","","-0.17%"
"03/12/2024","6,502.18","6,416.46","6,502.18","6,415.25","","1.34%"
"03/11/2024","6,416.46","6,337.61","6,417.27","6,331.68","","1.24%"
"03/08/2024","6,337.61","6,357.56","6,384.43","6,337.61","","-0.31%"
"03/07/2024","6,357.56","6,348.02","6,382.59","6,330.43","","0.15%"
"03/06/2024","6,348.02","6,258.86","6,388.41","6,258.86","","1.42%"
"03/05/2024","6,258.86","6,340.77","6,340.77","6,238.07","","-1.29%"
"03/04/2024","6,340.77","6,481.25","6,512.17","6,339.45","","-2.17%"
"03/01/2024","6,481.25","6,449.88","6,499.38","6,449.88","","0.49%"
"02/29/2024","6,449.88","6,344.44","6,472.80","6,344.44","","1.66%"
"02/28/2024","6,344.44","6,322.20","6,382.05","6,322.20","","0.35%"
"02/27/2024","6,322.20","6,208.29","6,322.20","6,208.29","","1.83%"
"02/26/2024","6,208.29","6,189.56","6,229.29","6,183.78","","0.30%"
"02/23/2024","6,189.56","6,237.63","6,253.48","6,188.91","","-0.77%"
"02/22/2024","6,237.63","6,251.42","6,307.77","6,216.56","","-0.22%"
"02/21/2024","6,251.42","6,349.00","6,350.63","6,251.42","","-1.54%"
"02/20/2024","6,349.00","6,382.51","6,404.62","6,306.75","","-0.53%"
"02/19/2024","6,382.51","6,336.81","6,384.46","6,302.56","","0.72%"
"02/16/2024","6,336.81","6,188.40","6,336.81","6,188.40","","2.40%"
"02/15/2024","6,188.40","6,083.37","6,194.54","6,081.67","","1.73%"
"02/14/2024","6,083.37","6,024.12","6,085.23","6,024.12","","0.98%"
"02/13/2024","6,024.12","6,100.93","6,115.97","6,014.13","","-1.26%"
"02/12/2024","6,100.93","6,032.61","6,107.98","6,032.61","","1.13%"
"02/09/2024","6,032.61","6,001.20","6,036.58","6,001.20","","0.52%"
"02/08/2024","6,001.20","6,010.29","6,016.53","5,978.65","","-0.15%"
"02/07/2024","6,010.29","6,005.19","6,026.54","5,995.95","","0.08%"
"02/06/2024","6,005.19","6,005.28","6,033.49","5,983.95","","0.00%"
"02/05/2024","6,005.28","5,994.60","6,015.37","5,956.07","","0.18%"
"02/02/2024","5,994.60","6,051.42","6,060.48","5,972.18","","-0.94%"
"02/01/2024","6,051.42","5,987.14","6,067.05","5,981.84","","1.07%"
"01/31/2024","5,987.14","5,970.63","6,004.00","5,961.59","","0.28%"
"01/30/2024","5,970.63","6,064.57","6,069.41","5,970.04","","-1.55%"
"01/29/2024","6,064.57","6,058.58","6,090.37","6,042.18","","0.10%"
"01/26/2024","6,058.58","5,987.47","6,074.46","5,987.46","","1.19%"
"01/25/2024","5,987.47","6,057.80","6,065.26","5,980.97","","-1.16%"
"01/24/2024","6,057.80","5,964.58","6,063.57","5,964.58","","1.56%"
"01/23/2024","5,964.58","5,921.04","5,985.63","5,921.04","","0.74%"
"01/22/2024","5,921.04","5,844.56","5,926.09","5,832.13","","1.31%"
"01/19/2024","5,844.56","5,867.72","5,894.31","5,822.66","","-0.39%"
"01/18/2024","5,867.72","5,901.72","5,949.07","5,867.57","","-0.58%"
"01/17/2024","5,901.72","5,970.45","5,973.51","5,901.72","","-1.15%"
"01/16/2024","5,970.45","5,995.96","6,014.25","5,968.85","","-0.43%"
"01/15/2024","5,995.96","5,968.61","5,997.60","5,932.53","","0.46%"
"01/12/2024","5,968.61","6,029.02","6,043.58","5,968.61","","-1.00%"
"01/11/2024","6,029.02","6,056.06","6,065.28","6,005.14","","-0.45%"
"01/10/2024","6,056.06","6,107.72","6,107.72","6,049.72","","-0.85%"
"01/09/2024","6,107.72","6,056.32","6,107.86","6,047.99","","0.85%"
"01/08/2024","6,056.32","6,047.64","6,079.56","6,040.51","","0.14%"
"01/05/2024","6,047.64","6,076.18","6,091.74","5,989.57","","-0.47%"
"01/04/2024","6,076.18","6,139.45","6,171.50","6,058.16","","-1.03%"
"01/03/2024","6,139.45","6,210.59","6,210.59","6,109.56","","-1.15%"
"01/02/2024","6,210.59","6,197.77","6,210.59","6,152.58","","0.21%"
"12/29/2023","6,197.77","6,249.47","6,289.65","6,180.56","","-0.83%"
"12/28/2023","6,249.47","6,201.66","6,294.18","6,201.66","","0.77%"
"12/27/2023","6,201.66","6,218.05","6,233.56","6,190.56","","-0.26%"
"12/26/2023","6,218.05","6,153.66","6,233.79","6,153.66","","1.05%"
"12/22/2023","6,153.66","6,107.78","6,156.38","6,100.05","","0.75%"
"12/21/2023","6,107.78","6,073.86","6,109.70","6,044.88","","0.56%"
"12/20/2023","6,073.86","6,060.44","6,095.89","6,057.56","","0.22%"
"12/19/2023","6,060.44","6,051.52","6,099.06","6,037.83","","0.15%"
"12/18/2023","6,051.52","6,138.10","6,191.67","6,051.46","","-1.41%"
"12/15/2023","6,138.10","6,146.59","6,207.37","6,135.08","","-0.14%"
"12/14/2023","6,146.59","6,020.41","6,150.83","6,020.41","","2.10%"
"12/13/2023","6,020.41","5,913.50","6,030.57","5,905.45","","1.81%"
"12/12/2023","5,913.50","5,884.78","5,915.56","5,866.83","","0.49%"
"12/11/2023","5,884.78","5,970.81","5,993.80","5,843.78","","-1.44%"
"12/07/2023","5,970.81","5,920.01","5,971.46","5,910.72","","0.86%"
"12/06/2023","5,920.01","5,905.31","5,943.32","5,898.47","","0.25%"
"12/05/2023","5,905.31","5,823.36","5,905.31","5,807.74","","1.41%"
"12/04/2023","5,823.36","5,886.71","5,888.30","5,823.36","","-1.08%"
"12/01/2023","5,886.71","5,818.51","5,889.28","5,788.56","","1.17%"
"11/30/2023","5,818.51","5,792.78","5,834.68","5,760.23","","0.44%"
"11/29/2023","5,792.78","5,776.56","5,809.98","5,773.34","","0.28%"
"11/28/2023","5,776.56","5,757.42","5,783.63","5,743.32","","0.33%"
"11/27/2023","5,757.42","5,776.74","5,776.74","5,735.09","","-0.33%"
"11/24/2023","5,776.74","5,807.19","5,820.47","5,774.93","","-0.52%"
"11/23/2023","5,807.19","5,800.57","5,816.96","5,770.95","","0.11%"
"11/22/2023","5,800.57","5,790.24","5,806.17","5,770.13","","0.18%"
"11/21/2023","5,790.24","5,841.76","5,842.33","5,776.07","","-0.88%"
"11/20/2023","5,841.76","5,771.10","5,844.21","5,771.10","","1.22%"
"11/17/2023","5,771.10","5,729.71","5,778.80","5,720.95","","0.72%"
"11/16/2023","5,729.71","5,775.38","5,775.88","5,688.68","","-0.79%"
"11/15/2023","5,775.38","5,712.10","5,783.79","5,712.10","","1.11%"
"11/14/2023","5,712.10","5,726.94","5,737.65","5,681.24","","-0.26%"
"11/13/2023","5,726.94","5,618.68","5,726.94","5,607.69","","1.93%"
"11/10/2023","5,618.68","5,630.63","5,647.69","5,609.40","","-0.21%"
"11/09/2023","5,630.63","5,647.95","5,695.36","5,618.67","","-0.31%"
"11/08/2023","5,647.95","5,650.77","5,688.36","5,641.77","","-0.05%"
"11/07/2023","5,650.77","5,575.48","5,656.72","5,569.92","","1.35%"
"11/06/2023","5,575.48","5,620.57","5,661.92","5,559.23","","-0.80%"
"11/03/2023","5,620.57","5,460.65","5,620.71","5,448.88","","2.93%"
"11/02/2023","5,460.65","5,407.50","5,466.83","5,363.16","","0.98%"
"10/31/2023","5,407.50","5,433.36","5,464.82","5,369.95","","-0.48%"
"10/30/2023","5,433.36","5,568.35","5,568.35","5,429.68","","-2.42%"
"10/26/2023","5,568.35","5,515.62","5,594.08","5,503.09","","0.96%"
"10/25/2023","5,515.62","5,557.62","5,575.57","5,489.83","","-0.76%"
"10/24/2023","5,557.62","5,503.33","5,574.47","5,503.33","","0.99%"
"10/23/2023","5,503.33","5,631.33","5,633.35","5,503.33","","-2.27%"
"10/20/2023","5,631.33","5,713.44","5,713.71","5,615.06","","-1.44%"
"10/19/2023","5,713.44","5,796.44","5,796.44","5,712.80","","-1.43%"
"10/18/2023","5,796.44","5,890.74","5,890.74","5,779.70","","-1.60%"
"10/17/2023","5,890.74","5,853.21","5,916.01","5,831.45","","0.64%"
"10/16/2023","5,853.21","5,777.75","5,867.12","5,760.72","","1.31%"
"10/13/2023","5,777.75","5,800.22","5,842.07","5,767.75","","-0.39%"
"10/12/2023","5,800.22","5,780.96","5,846.57","5,780.96","","0.33%"
"10/11/2023","5,780.96","5,781.40","5,838.18","5,767.03","","-0.01%"
"10/10/2023","5,781.40","5,659.29","5,781.92","5,647.30","","2.16%"
"10/06/2023","5,659.29","5,615.83","5,669.38","5,562.47","","0.77%"
"10/05/2023","5,615.83","5,699.33","5,728.72","5,615.83","","-1.47%"
"10/04/2023","5,699.33","5,685.84","5,726.53","5,668.99","","0.24%"
"10/03/2023","5,685.84","5,755.64","5,756.85","5,685.07","","-1.21%"
"10/02/2023","5,755.64","5,833.36","5,853.19","5,748.11","","-1.33%"
"09/29/2023","5,833.36","5,824.68","5,868.68","5,818.68","","0.15%"
"09/28/2023","5,824.68","5,762.70","5,837.24","5,762.60","","1.08%"
"09/27/2023","5,762.70","5,762.58","5,787.43","5,734.70","","0.00%"
"09/26/2023","5,762.58","5,785.84","5,807.55","5,756.01","","-0.40%"
"09/25/2023","5,785.84","5,831.95","5,852.66","5,775.40","","-0.79%"
"09/22/2023","5,831.95","5,857.72","5,888.57","5,823.28","","-0.44%"
"09/21/2023","5,857.72","5,932.83","5,935.57","5,856.36","","-1.27%"
"09/20/2023","5,932.83","6,002.67","6,002.67","5,932.83","","-1.16%"
"09/15/2023","6,002.67","6,002.07","6,058.88","6,002.07","","0.01%"
"09/14/2023","6,002.07","5,915.52","6,002.07","5,915.52","","1.46%"
"09/13/2023","5,915.52","5,886.42","5,949.22","5,880.14","","0.49%"
"09/12/2023","5,886.42","5,879.15","5,909.28","5,879.15","","0.12%"
"09/11/2023","5,879.15","5,868.85","5,893.87","5,865.64","","0.18%"
"09/08/2023","5,868.85","5,885.52","5,904.46","5,868.47","","-0.28%"
"09/07/2023","5,885.52","5,905.74","5,932.43","5,870.03","","-0.34%"
"09/06/2023","5,905.74","5,927.93","5,937.37","5,899.31","","-0.37%"
"09/05/2023","5,927.93","5,990.24","6,001.45","5,924.51","","-1.04%"
"09/04/2023","5,990.24","5,996.36","6,020.26","5,976.23","","-0.10%"
"09/01/2023","5,996.36","6,009.28","6,057.69","5,985.69","","-0.21%"
"08/31/2023","6,009.28","6,028.19","6,049.00","6,009.28","","-0.31%"
"08/30/2023","6,028.19","6,059.65","6,062.77","6,028.19","","-0.52%"
"08/29/2023","6,059.65","6,030.15","6,059.65","6,016.14","","0.49%"
"08/28/2023","6,030.15","6,046.62","6,081.31","6,025.25","","-0.27%"
"08/25/2023","6,046.62","6,067.74","6,081.80","6,030.83","","-0.35%"
"08/24/2023","6,067.74","6,189.92","6,207.94","6,066.71","","-1.97%"
"08/23/2023","6,189.92","6,158.74","6,232.21","6,141.79","","0.51%"
"08/22/2023","6,158.74","6,122.92","6,165.66","6,119.96","","0.59%"
"08/21/2023","6,122.92","6,133.26","6,167.19","6,095.34","","-0.17%"
"08/18/2023","6,133.26","6,131.50","6,133.36","6,040.46","","0.03%"
"08/17/2023","6,131.50","6,213.18","6,213.18","6,129.35","","-1.31%"
"08/16/2023","6,213.18","6,216.27","6,216.27","6,162.69","","-0.05%"
"08/14/2023","6,216.27","6,257.44","6,257.44","6,201.44","","-0.66%"
"08/11/2023","6,257.44","6,290.34","6,290.34","6,249.11","","-0.52%"
"08/10/2023","6,290.34","6,341.36","6,357.20","6,279.50","","-0.80%"
"08/09/2023","6,341.36","6,241.32","6,342.02","6,241.32","","1.60%"
"08/08/2023","6,241.32","6,318.35","6,320.16","6,240.43","","-1.22%"
"08/07/2023","6,318.35","6,292.64","6,318.78","6,273.33","","0.41%"
"08/04/2023","6,292.64","6,272.29","6,341.08","6,272.29","","0.32%"
"08/03/2023","6,272.29","6,332.10","6,360.26","6,272.29","","-0.94%"
"08/02/2023","6,332.10","6,432.76","6,432.76","6,318.27","","-1.56%"
"08/01/2023","6,432.76","6,394.40","6,432.76","6,387.26","","0.60%"
"07/31/2023","6,394.40","6,339.04","6,430.87","6,339.04","","0.87%"
"07/28/2023","6,339.04","6,318.63","6,374.06","6,316.09","","0.32%"
"07/27/2023","6,318.63","6,379.42","6,389.96","6,316.48","","-0.95%"
"07/26/2023","6,379.42","6,411.43","6,411.43","6,369.65","","-0.50%"
"07/25/2023","6,411.38","6,351.09","6,449.20","6,351.09","","0.95%"
"07/24/2023","6,351.09","6,300.91","6,374.83","6,266.71","","0.80%"
"07/21/2023","6,300.91","6,322.92","6,322.92","6,281.45","","-0.35%"
"07/20/2023","6,322.92","6,320.48","6,324.43","6,251.77","","0.04%"
"07/19/2023","6,320.48","6,286.50","6,320.61","6,243.83","","0.54%"
"07/18/2023","6,286.50","6,197.19","6,286.50","6,178.46","","1.44%"
"07/17/2023","6,197.19","6,130.68","6,197.83","6,105.28","","1.08%"
"07/14/2023","6,130.68","6,061.93","6,130.68","6,054.72","","1.13%"
"07/13/2023","6,061.93","6,078.57","6,112.80","6,058.16","","-0.27%"
"07/12/2023","6,078.57","5,995.47","6,078.57","5,995.47","","1.39%"
"07/11/2023","5,995.47","5,951.95","5,999.48","5,951.95","","0.73%"
"07/10/2023","5,951.95","5,942.20","5,974.07","5,930.46","","0.16%"
"07/07/2023","5,942.20","5,792.17","5,942.20","5,792.17","","2.59%"
"07/06/2023","5,792.17","5,835.13","5,836.09","5,770.61","","-0.74%"
"07/05/2023","5,835.13","5,894.34","5,894.34","5,834.82","","-1.00%"
"07/04/2023","5,894.34","5,853.80","5,903.32","5,852.88","","0.69%"
"07/03/2023","5,853.80","5,786.80","5,854.56","5,786.80","","1.16%"
"06/30/2023","5,786.80","5,728.31","5,787.65","5,728.31","","1.02%"
"06/29/2023","5,728.31","5,656.99","5,729.22","5,656.99","","1.26%"
"06/28/2023","5,656.99","5,658.86","5,723.05","5,620.44","","-0.03%"
"06/27/2023","5,658.86","5,679.56","5,722.24","5,658.86","","-0.36%"
"06/23/2023","5,679.56","5,763.30","5,763.30","5,679.56","","-1.45%"
"06/22/2023","5,763.30","5,783.11","5,783.67","5,738.20","","-0.34%"
"06/20/2023","5,783.11","5,754.24","5,783.33","5,700.67","","0.50%"
"06/19/2023","5,754.24","5,739.90","5,755.93","5,735.00","","0.25%"
"06/16/2023","5,739.90","5,741.71","5,758.83","5,736.88","","-0.03%"
"06/15/2023","5,741.71","5,716.29","5,746.82","5,710.60","","0.44%"
"06/14/2023","5,716.29","5,712.24","5,723.56","5,696.24","","0.07%"
"06/13/2023","5,712.24","5,693.17","5,725.35","5,693.17","","0.34%"
"06/12/2023","5,693.16","5,690.94","5,711.28","5,675.87","","0.04%"
"06/09/2023","5,690.94","5,672.71","5,694.74","5,666.10","","0.32%"
"06/08/2023","5,672.68","5,679.29","5,696.43","5,661.94","","-0.12%"
"06/07/2023","5,679.29","5,714.32","5,735.43","5,679.28","","-0.61%"
"06/06/2023","5,714.32","5,654.45","5,714.70","5,649.88","","1.06%"
"06/05/2023","5,654.45","5,653.81","5,668.44","5,618.56","","0.01%"
"06/02/2023","5,653.81","5,520.74","5,656.09","5,520.74","","2.41%"
"06/01/2023","5,520.74","5,471.54","5,528.46","5,471.05","","0.90%"
"05/31/2023","5,471.54","5,592.85","5,593.96","5,471.54","","-2.17%"
"05/30/2023","5,592.85","5,598.83","5,634.94","5,592.85","","-0.11%"
"05/29/2023","5,598.83","5,609.45","5,643.38","5,598.41","","-0.19%"
"05/26/2023","5,609.45","5,620.21","5,646.70","5,604.26","","-0.19%"
"05/25/2023","5,620.21","5,643.30","5,674.57","5,620.21","","-0.41%"
"05/24/2023","5,643.30","5,685.30","5,685.30","5,587.64","","-0.74%"
"05/23/2023","5,685.30","5,691.50","5,751.74","5,685.30","","-0.11%"
"05/22/2023","5,691.50","5,653.60","5,771.40","5,653.60","","0.67%"
"05/19/2023","5,653.60","5,640.66","5,655.47","5,608.31","","0.23%"
"05/18/2023","5,640.66","5,605.36","5,644.08","5,585.75","","0.63%"
"05/17/2023","5,605.36","5,619.06","5,620.14","5,587.20","","-0.24%"
"05/16/2023","5,619.06","5,598.21","5,630.75","5,592.43","","0.37%"
"05/15/2023","5,598.21","5,596.49","5,633.18","5,596.49","","0.03%"
"05/12/2023","5,596.49","5,600.00","5,610.96","5,583.33","","-0.06%"
"05/11/2023","5,600.00","5,569.61","5,621.38","5,569.61","","0.55%"
"05/10/2023","5,569.61","5,550.89","5,571.76","5,539.52","","0.34%"
"05/09/2023","5,550.89","5,608.49","5,613.72","5,546.82","","-1.03%"
"05/08/2023","5,608.49","5,480.42","5,631.90","5,480.42","","2.34%"
"05/05/2023","5,480.42","5,376.42","5,481.94","5,376.42","","1.93%"
"05/04/2023","5,376.42","5,372.58","5,383.36","5,332.75","","0.07%"
"05/03/2023","5,372.58","5,369.34","5,394.38","5,350.32","","0.06%"
"05/02/2023","5,369.34","5,416.09","5,416.09","5,316.50","","-0.84%"
"04/28/2023","5,414.68","5,410.22","5,428.47","5,393.07","","0.08%"
"04/27/2023","5,410.22","5,325.59","5,411.13","5,319.21","","1.59%"
"04/26/2023","5,325.59","5,299.58","5,328.80","5,282.24","","0.49%"
"04/25/2023","5,299.58","5,296.78","5,318.12","5,270.82","","0.05%"
"04/24/2023","5,296.78","5,226.93","5,310.98","5,226.93","","1.34%"
"04/21/2023","5,226.93","5,397.59","5,424.18","5,146.91","","-3.16%"
"04/20/2023","5,397.59","5,423.49","5,433.61","5,387.08","","-0.48%"
"04/19/2023","5,423.49","5,474.62","5,474.62","5,419.07","","-0.93%"
"04/18/2023","5,474.62","5,469.94","5,492.36","5,458.96","","0.09%"
"04/17/2023","5,469.94","5,417.18","5,474.76","5,417.18","","0.97%"
"04/14/2023","5,417.18","5,365.12","5,423.43","5,365.12","","1.43%"
"04/13/2023","5,341.03","5,353.09","5,357.60","5,334.51","","-0.23%"
"04/12/2023","5,353.09","5,306.88","5,363.56","5,306.88","","0.87%"
"04/11/2023","5,306.88","5,281.48","5,313.40","5,281.48","","0.48%"
"04/10/2023","5,281.48","5,274.20","5,310.40","5,261.27","","0.14%"
"04/06/2023","5,274.20","5,236.22","5,276.86","5,226.49","","0.73%"
"04/05/2023","5,236.22","5,228.00","5,238.63","5,199.35","","0.16%"
"04/04/2023","5,228.00","5,309.00","5,309.78","5,226.09","","-1.53%"
"04/03/2023","5,309.00","5,324.62","5,339.99","5,295.71","","-0.29%"
"03/31/2023","5,324.62","5,309.20","5,345.25","5,301.90","","0.29%"
"03/30/2023","5,309.20","5,313.76","5,333.81","5,298.84","","-0.09%"
"03/29/2023","5,313.76","5,244.75","5,313.76","5,244.75","","1.32%"
"03/28/2023","5,244.75","5,258.08","5,289.84","5,244.64","","-0.25%"
"03/27/2023","5,258.08","5,248.86","5,286.81","5,248.86","","0.18%"
"03/24/2023","5,248.86","5,275.37","5,275.37","5,217.08","","-0.50%"
"03/23/2023","5,275.37","5,271.18","5,313.98","5,261.93","","0.08%"
"03/22/2023","5,271.18","5,299.17","5,324.37","5,265.36","","-0.53%"
"03/21/2023","5,299.17","5,170.09","5,302.18","5,170.09","","2.50%"
"03/20/2023","5,170.09","5,112.03","5,191.66","5,096.85","","1.14%"
"03/17/2023","5,112.03","5,198.35","5,225.28","5,112.03","","-1.64%"
"03/16/2023","5,197.37","5,196.61","5,227.27","5,145.53","","0.01%"
"03/15/2023","5,196.61","5,298.78","5,298.78","5,182.75","","-1.93%"
"03/14/2023","5,298.78","5,337.04","5,360.50","5,288.67","","-0.72%"
"03/13/2023","5,337.04","5,393.72","5,393.72","5,308.73","","-1.05%"
"03/10/2023","5,393.72","5,410.59","5,424.46","5,366.42","","-0.31%"
"03/09/2023","5,410.59","5,416.39","5,459.91","5,409.47","","-0.11%"
"03/08/2023","5,416.39","5,403.44","5,421.80","5,391.36","","0.24%"
"03/07/2023","5,403.44","5,427.52","5,432.97","5,359.73","","-0.44%"
"03/06/2023","5,427.52","5,439.46","5,449.87","5,413.68","","-0.22%"
"03/03/2023","5,439.46","5,407.24","5,477.74","5,407.24","","0.60%"
"03/02/2023","5,407.24","5,375.37","5,407.54","5,327.83","","0.59%"
"03/01/2023","5,375.37","5,394.90","5,413.37","5,357.90","","-0.36%"
"02/28/2023","5,394.90","5,357.10","5,396.39","5,355.43","","0.71%"
"02/27/2023","5,357.10","5,331.57","5,379.87","5,328.86","","0.48%"
"02/24/2023","5,331.57","5,312.79","5,337.71","5,304.12","","0.35%"
"02/23/2023","5,312.79","5,258.46","5,330.71","5,258.46","","1.03%"
"02/22/2023","5,258.46","5,261.37","5,297.81","5,248.68","","-0.06%"
"02/21/2023","5,261.37","5,330.76","5,347.59","5,260.39","","-1.30%"
"02/20/2023","5,330.76","5,328.96","5,356.56","5,325.29","","0.03%"
"02/17/2023","5,328.96","5,451.45","5,451.45","5,325.81","","-2.25%"
"02/16/2023","5,451.45","5,404.30","5,451.45","5,396.33","","0.87%"
"02/15/2023","5,404.30","5,332.43","5,404.92","5,329.07","","1.35%"
"02/14/2023","5,332.43","5,366.18","5,382.68","5,332.43","","-0.63%"
"02/13/2023","5,366.18","5,392.45","5,406.39","5,352.62","","-0.49%"
"02/10/2023","5,392.45","5,356.92","5,392.45","5,337.79","","0.66%"
"02/09/2023","5,356.92","5,328.83","5,375.31","5,328.83","","0.53%"
"02/08/2023","5,328.83","5,271.27","5,328.83","5,271.27","","1.09%"
"02/07/2023","5,271.27","5,285.62","5,300.67","5,264.83","","-0.27%"
"02/06/2023","5,285.62","5,314.29","5,327.42","5,279.25","","-0.54%"
"02/03/2023","5,314.29","5,313.52","5,341.43","5,282.15","","0.01%"
"02/02/2023","5,313.52","5,308.17","5,339.53","5,302.66","","0.10%"
"02/01/2023","5,308.17","5,322.39","5,343.64","5,302.17","","-0.27%"
"01/31/2023","5,322.39","5,337.95","5,346.92","5,316.53","","-0.29%"
"01/30/2023","5,337.95","5,351.34","5,369.35","5,322.71","","-0.25%"
"01/27/2023","5,351.34","5,333.69","5,358.02","5,328.59","","0.33%"
"01/26/2023","5,333.69","5,258.96","5,334.03","5,258.96","","1.43%"
"01/25/2023","5,258.36","5,256.63","5,265.77","5,243.97","","0.03%"
"01/24/2023","5,256.63","5,311.84","5,315.09","5,256.53","","-1.04%"
"01/23/2023","5,311.84","5,235.97","5,326.56","5,235.97","","1.45%"
"01/20/2023","5,235.97","5,207.83","5,260.21","5,207.83","","0.54%"
"01/19/2023","5,207.83","5,229.55","5,229.55","5,180.25","","-0.42%"
"01/18/2023","5,229.55","5,176.10","5,230.46","5,155.63","","1.03%"
"01/17/2023","5,176.10","5,156.11","5,178.84","5,148.59","","0.39%"
"01/16/2023","5,156.11","5,156.65","5,163.64","5,121.53","","-0.01%"
"01/13/2023","5,156.65","5,201.83","5,207.27","5,146.65","","-0.87%"
"01/12/2023","5,201.83","5,180.43","5,219.44","5,165.00","","0.41%"
"01/11/2023","5,180.43","5,144.37","5,204.56","5,131.77","","0.70%"
"01/10/2023","5,144.37","5,159.91","5,166.02","5,105.41","","-0.30%"
"01/09/2023","5,159.91","5,136.69","5,169.76","5,128.86","","0.45%"
"01/06/2023","5,136.69","5,124.20","5,140.56","5,104.43","","0.24%"
"01/05/2023","5,124.20","5,091.47","5,124.20","5,071.69","","0.64%"
"01/04/2023","5,091.47","5,136.53","5,148.18","5,073.25","","-0.88%"
"01/03/2023","5,136.53","5,261.91","5,268.26","5,132.92","","-2.39%"
"12/30/2022","5,262.43","5,249.37","5,262.84","5,222.65","","0.25%"
"12/29/2022","5,249.37","5,215.42","5,249.37","5,214.82","","0.65%"
"12/28/2022","5,215.42","5,197.25","5,228.34","5,173.56","","0.35%"
"12/27/2022","5,197.25","5,222.44","5,241.24","5,194.67","","-0.48%"
"12/26/2022","5,222.44","5,256.91","5,266.29","5,211.60","","-0.63%"
"12/23/2022","5,255.38","5,222.23","5,264.69","5,222.23","","0.63%"
"12/22/2022","5,222.23","5,269.70","5,274.16","5,200.40","","-0.90%"
"12/21/2022","5,269.70","5,287.93","5,327.04","5,256.79","","-0.34%"
"12/20/2022","5,287.93","5,206.95","5,312.16","5,187.50","","1.56%"
"12/19/2022","5,206.95","5,161.25","5,206.95","5,155.45","","0.89%"
"12/16/2022","5,161.25","5,132.77","5,161.25","5,108.87","","0.55%"
"12/15/2022","5,132.77","5,206.46","5,206.46","5,122.89","","-1.42%"
"12/14/2022","5,206.46","5,226.76","5,228.60","5,190.82","","-0.39%"
"12/13/2022","5,226.76","5,257.07","5,291.32","5,226.76","","-0.58%"
"12/12/2022","5,257.07","5,192.68","5,260.03","5,183.66","","1.24%"
"12/09/2022","5,192.68","5,202.85","5,214.75","5,156.05","","-0.20%"
"12/07/2022","5,202.85","5,239.16","5,247.47","5,194.77","","-0.69%"
"12/06/2022","5,239.16","5,274.19","5,292.48","5,214.38","","-0.66%"
"12/05/2022","5,274.19","5,290.76","5,301.01","5,267.01","","-0.31%"
"12/02/2022","5,290.76","5,274.68","5,310.15","5,233.06","","0.30%"
"12/01/2022","5,274.68","5,282.61","5,291.94","5,249.29","","-0.15%"
"11/30/2022","5,282.61","5,244.86","5,282.61","5,211.41","","0.72%"
"11/29/2022","5,244.86","5,207.64","5,249.43","5,198.00","","0.71%"
"11/28/2022","5,207.64","5,249.57","5,255.04","5,199.45","","-0.80%"
"11/25/2022","5,249.57","5,273.72","5,273.72","5,221.59","","-0.46%"
"11/24/2022","5,273.72","5,260.91","5,303.59","5,260.91","","0.24%"
"11/23/2022","5,260.91","5,294.78","5,303.69","5,257.51","","-0.64%"
"11/22/2022","5,294.78","5,312.69","5,327.99","5,252.95","","-0.34%"
"11/21/2022","5,312.69","5,196.92","5,328.24","5,196.92","","2.23%"
"11/18/2022","5,196.92","5,172.31","5,201.06","5,148.92","","0.48%"
"11/17/2022","5,172.31","5,230.45","5,263.67","5,168.80","","-1.11%"
"11/16/2022","5,230.45","5,239.13","5,252.30","5,200.85","","-0.17%"
"11/15/2022","5,239.13","5,302.44","5,302.44","5,218.71","","-1.19%"
"11/14/2022","5,302.44","5,350.79","5,378.52","5,281.41","","-0.90%"
"11/11/2022","5,350.79","5,339.54","5,368.82","5,334.72","","0.21%"
"11/10/2022","5,339.54","5,350.36","5,421.27","5,311.11","","-0.20%"
"11/09/2022","5,350.36","5,406.12","5,406.12","5,315.98","","-1.03%"
"11/08/2022","5,406.12","5,289.55","5,406.12","5,289.55","","2.20%"
"11/07/2022","5,289.55","5,220.04","5,290.16","5,212.16","","1.33%"
"11/04/2022","5,220.04","5,180.30","5,223.90","5,180.30","","0.77%"
"11/03/2022","5,180.30","5,194.66","5,199.53","5,114.99","","-0.28%"
"11/02/2022","5,194.66","5,193.81","5,219.66","5,171.52","","0.02%"
"10/28/2022","5,193.81","5,187.41","5,196.99","5,120.17","","0.12%"
"10/27/2022","5,187.41","5,151.34","5,196.62","5,142.35","","0.70%"
"10/26/2022","5,151.34","5,164.31","5,164.67","5,117.02","","-0.25%"
"10/25/2022","5,164.31","5,108.17","5,164.31","5,094.97","","1.10%"
"10/24/2022","5,108.17","5,147.37","5,182.32","5,101.63","","-0.76%"
"10/21/2022","5,147.37","5,139.35","5,153.26","5,082.43","","0.16%"
"10/20/2022","5,139.35","5,087.69","5,139.63","5,069.78","","1.02%"
"10/19/2022","5,087.69","5,122.85","5,127.82","5,075.20","","-0.69%"
"10/18/2022","5,122.85","5,103.06","5,170.97","5,081.46","","0.39%"
"10/17/2022","5,103.06","4,972.39","5,106.17","4,972.39","","2.63%"
"10/14/2022","4,972.39","4,961.09","5,028.88","4,961.09","","0.23%"
"10/13/2022","4,961.09","4,936.57","4,984.46","4,870.68","","0.50%"
"10/12/2022","4,936.57","4,988.80","5,011.21","4,905.19","","-1.05%"
"10/11/2022","4,988.80","5,079.68","5,089.19","4,961.49","","-1.79%"
"10/07/2022","5,079.68","5,183.55","5,184.76","5,079.45","","-2.00%"
"10/06/2022","5,183.55","5,192.25","5,210.54","5,168.00","","-0.17%"
"10/05/2022","5,192.25","5,248.87","5,248.87","5,172.81","","-1.08%"
"10/04/2022","5,248.87","5,143.23","5,268.76","5,143.23","","2.05%"
"10/03/2022","5,143.23","5,114.19","5,153.41","5,108.91","","0.57%"
"09/30/2022","5,114.19","5,035.38","5,157.70","5,035.38","","1.57%"
"09/29/2022","5,035.38","5,100.24","5,109.40","5,024.98","","-1.27%"
"09/28/2022","5,100.24","5,180.64","5,191.90","5,099.70","","-1.55%"
"09/27/2022","5,180.64","5,178.75","5,222.29","5,140.17","","0.04%"
"09/26/2022","5,178.75","5,207.22","5,249.16","5,176.10","","-0.55%"
"09/23/2022","5,207.22","5,303.06","5,303.06","5,207.09","","-1.81%"
"09/22/2022","5,303.06","5,369.33","5,370.19","5,294.71","","-1.23%"
"09/21/2022","5,369.33","5,340.97","5,401.64","5,334.24","","0.54%"
"09/20/2022","5,340.29","5,522.92","5,549.84","5,340.29","","-3.31%"
"09/15/2022","5,522.92","5,609.33","5,632.79","5,498.72","","-1.54%"
"09/14/2022","5,609.33","5,580.67","5,660.64","5,567.96","","0.51%"
"09/13/2022","5,580.67","5,596.26","5,629.68","5,527.69","","-0.28%"
"09/12/2022","5,596.26","5,612.07","5,647.99","5,578.31","","-0.28%"
"09/09/2022","5,612.03","5,516.80","5,616.99","5,516.80","","1.75%"
"09/08/2022","5,515.58","5,540.82","5,584.67","5,515.58","","-0.45%"
"09/07/2022","5,540.62","5,608.08","5,608.08","5,514.90","","-1.20%"
"09/06/2022","5,607.74","5,779.25","5,842.38","5,587.53","","-2.90%"
"09/05/2022","5,775.25","5,653.20","6,013.31","5,653.20","","2.16%"
"09/02/2022","5,653.20","5,408.05","5,708.68","5,227.82","","4.53%"
"09/01/2022","5,408.05","5,441.26","5,455.21","5,380.19","","-0.61%"
"08/31/2022","5,441.26","5,536.39","5,549.94","5,440.79","","-1.72%"
"08/30/2022","5,536.39","5,517.11","5,545.71","5,479.61","","0.35%"
"08/29/2022","5,517.11","5,461.80","5,517.32","5,421.80","","1.01%"
"08/26/2022","5,461.80","5,460.61","5,479.18","5,440.73","","0.02%"
"08/25/2022","5,460.61","5,418.17","5,465.83","5,417.39","","0.78%"
"08/24/2022","5,418.17","5,377.52","5,426.42","5,375.00","","0.76%"
"08/23/2022","5,377.52","5,340.49","5,388.47","5,335.79","","0.69%"
"08/22/2022","5,340.49","5,292.84","5,354.79","5,257.92","","0.90%"
"08/19/2022","5,292.84","5,345.53","5,353.89","5,265.31","","-0.99%"
"08/18/2022","5,345.53","5,405.31","5,405.31","5,322.12","","-1.11%"
"08/17/2022","5,405.31","5,386.81","5,416.74","5,353.37","","0.34%"
"08/16/2022","5,386.81","5,394.91","5,445.34","5,339.35","","-0.15%"
"08/12/2022","5,394.91","5,325.90","5,406.32","5,322.97","","1.30%"
"08/11/2022","5,325.90","5,272.93","5,325.90","5,260.33","","1.00%"
"08/10/2022","5,272.93","5,236.34","5,286.93","5,236.34","","0.70%"
"08/09/2022","5,236.34","5,260.34","5,260.34","5,215.81","","-0.46%"
"08/08/2022","5,260.34","5,212.40","5,271.33","5,212.40","","0.92%"
"08/05/2022","5,212.40","5,174.64","5,212.40","5,131.05","","0.73%"
"08/04/2022","5,174.64","5,206.05","5,222.06","5,154.00","","-0.60%"
"08/03/2022","5,206.05","5,248.53","5,269.32","5,181.83","","-0.81%"
"08/02/2022","5,248.53","5,258.39","5,261.32","5,219.63","","-0.19%"
"08/01/2022","5,258.39","5,259.05","5,272.84","5,229.79","","-0.01%"
"07/29/2022","5,259.05","5,259.39","5,287.30","5,243.19","","-0.01%"
"07/28/2022","5,259.39","5,251.32","5,286.88","5,242.09","","0.15%"
"07/27/2022","5,251.32","5,200.13","5,251.39","5,189.10","","0.98%"
"07/26/2022","5,200.13","5,236.33","5,238.16","5,183.07","","-0.69%"
"07/25/2022","5,236.33","5,220.33","5,237.57","5,186.73","","0.31%"
"07/22/2022","5,220.33","5,204.45","5,237.57","5,189.38","","0.31%"
"07/21/2022","5,204.45","5,147.00","5,205.13","5,121.90","","1.12%"
"07/20/2022","5,147.00","5,160.19","5,172.07","5,112.96","","-0.26%"
"07/19/2022","5,160.19","5,081.74","5,160.19","5,069.56","","1.54%"
"07/18/2022","5,081.74","5,091.73","5,140.46","5,071.34","","-0.20%"
"07/15/2022","5,091.73","5,136.05","5,137.91","5,057.68","","-0.86%"
"07/14/2022","5,136.05","5,117.81","5,136.05","5,053.80","","0.36%"
"07/13/2022","5,117.81","5,074.26","5,132.99","5,046.32","","0.86%"
"07/12/2022","5,074.26","5,058.45","5,078.93","5,017.52","","0.31%"
"07/11/2022","5,058.45","5,112.78","5,125.83","5,058.45","","-1.06%"
"07/08/2022","5,112.78","5,101.42","5,118.55","5,074.10","","0.22%"
"07/07/2022","5,101.42","5,006.95","5,105.43","5,006.95","","1.89%"
"07/06/2022","5,006.95","5,003.81","5,043.90","4,979.53","","0.06%"
"07/05/2022","5,003.81","4,989.07","5,008.45","4,935.71","","0.30%"
"07/04/2022","4,989.07","4,993.37","5,001.66","4,968.86","","-0.09%"
"07/01/2022","4,993.37","4,950.39","5,007.01","4,950.39","","0.87%"
"06/30/2022","4,950.39","5,009.63","5,011.64","4,950.39","","-1.18%"
"06/29/2022","5,009.63","5,004.48","5,019.62","4,978.02","","0.10%"
"06/28/2022","5,004.48","4,983.66","5,083.12","4,937.76","","0.42%"
"06/24/2022","4,983.66","4,934.81","5,017.97","4,934.81","","0.99%"
"06/23/2022","4,934.81","5,056.37","5,095.51","4,924.04","","-2.40%"
"06/22/2022","5,056.37","5,084.37","5,102.37","5,056.37","","-0.55%"
"06/20/2022","5,084.37","5,067.06","5,098.48","5,051.96","","0.34%"
"06/17/2022","5,067.06","5,029.48","5,107.83","4,998.08","","0.75%"
"06/16/2022","5,029.48","5,139.41","5,139.41","4,991.55","","-2.14%"
"06/15/2022","5,139.41","5,121.40","5,152.48","5,103.65","","0.35%"
"06/14/2022","5,121.40","5,131.30","5,165.80","5,114.27","","-0.19%"
"06/13/2022","5,131.30","5,237.85","5,237.85","5,098.85","","-2.03%"
"06/10/2022","5,237.85","5,184.27","5,238.71","5,136.49","","1.03%"
"06/09/2022","5,184.27","5,277.00","5,279.33","5,184.27","","-1.76%"
"06/08/2022","5,277.00","5,358.95","5,358.95","5,262.44","","-1.53%"
"06/07/2022","5,358.95","5,332.59","5,367.98","5,313.67","","0.49%"
"06/06/2022","5,332.59","5,352.44","5,393.33","5,317.70","","-0.37%"
"06/03/2022","5,352.44","5,353.13","5,357.31","5,318.48","","-0.01%"
"06/02/2022","5,353.13","5,299.11","5,366.81","5,275.70","","1.02%"
"06/01/2022","5,299.11","5,350.48","5,352.79","5,230.87","","-0.96%"
"05/31/2022","5,350.48","5,385.70","5,388.87","5,262.91","","-0.65%"
"05/30/2022","5,385.70","5,387.06","5,432.56","5,377.25","","-0.03%"
"05/27/2022","5,387.06","5,268.96","5,388.10","5,266.93","","2.24%"
"05/26/2022","5,268.96","5,191.05","5,279.52","5,191.05","","1.50%"
"05/25/2022","5,191.05","5,142.75","5,192.98","5,142.75","","0.94%"
"05/24/2022","5,142.75","5,127.52","5,157.59","5,096.91","","0.30%"
"05/23/2022","5,127.52","4,982.95","5,132.38","4,982.95","","2.90%"
"05/20/2022","4,982.95","4,982.10","5,039.65","4,931.51","","0.02%"
"05/19/2022","4,982.10","4,964.76","5,015.36","4,962.54","","0.35%"
"05/18/2022","4,964.76","5,023.24","5,059.23","4,964.35","","-1.16%"
"05/17/2022","5,023.24","4,868.58","5,023.36","4,868.58","","3.18%"
"05/16/2022","4,868.58","4,850.44","4,927.29","4,850.44","","0.37%"
"05/13/2022","4,850.44","4,713.77","4,875.46","4,713.77","","2.90%"
"05/12/2022","4,713.77","4,676.93","4,745.05","4,650.47","","0.79%"
"05/11/2022","4,676.93","4,697.16","4,755.85","4,676.39","","-0.43%"
"05/10/2022","4,697.16","4,744.18","4,792.61","4,673.96","","-0.99%"
"05/09/2022","4,744.18","4,838.54","4,850.41","4,744.03","","-1.95%"
"05/06/2022","4,838.54","4,853.79","4,861.03","4,808.68","","-0.31%"
"05/05/2022","4,853.79","4,887.57","4,928.83","4,852.05","","-0.69%"
"05/04/2022","4,887.57","4,785.63","4,899.39","4,785.63","","2.13%"
"05/03/2022","4,785.63","4,759.90","4,790.37","4,739.38","","0.54%"
"05/02/2022","4,759.90","4,778.43","4,796.54","4,709.44","","-0.39%"
"04/29/2022","4,778.43","4,792.66","4,844.77","4,778.41","","-0.30%"
"04/28/2022","4,792.66","4,775.36","4,818.16","4,748.27","","0.36%"
"04/27/2022","4,775.36","4,701.47","4,789.06","4,701.47","","1.57%"
"04/26/2022","4,701.47","4,759.15","4,786.71","4,701.47","","-1.21%"
"04/25/2022","4,759.15","4,867.88","4,908.59","4,737.49","","-2.23%"
"04/22/2022","4,867.88","4,911.90","4,916.64","4,867.88","","-0.90%"
"04/21/2022","4,911.90","4,974.76","4,989.31","4,872.76","","-1.26%"
"04/20/2022","4,974.76","4,911.77","4,974.76","4,904.38","","1.28%"
"04/19/2022","4,911.77","4,867.64","4,938.85","4,867.64","","0.91%"
"04/18/2022","4,867.64","4,917.30","4,933.09","4,865.75","","-1.01%"
"04/14/2022","4,917.30","4,921.46","4,942.94","4,915.03","","-0.08%"
"04/13/2022","4,921.46","4,909.04","4,950.67","4,908.69","","0.25%"
"04/12/2022","4,909.04","4,918.79","4,939.85","4,862.63","","-0.20%"
"04/11/2022","4,918.79","4,969.25","4,969.25","4,869.48","","-1.02%"
"04/08/2022","4,969.25","4,965.32","4,997.07","4,947.58","","0.08%"
"04/07/2022","4,965.32","4,971.94","4,989.78","4,945.47","","-0.13%"
"04/06/2022","4,971.94","4,929.10","4,971.94","4,891.22","","0.87%"
"04/05/2022","4,929.10","4,992.29","4,993.95","4,921.75","","-1.27%"
"04/04/2022","4,992.29","4,978.49","5,011.08","4,953.64","","0.28%"
"04/01/2022","4,978.49","4,936.97","4,995.31","4,936.73","","0.84%"
"03/31/2022","4,936.97","4,894.98","4,941.51","4,874.70","","0.86%"
"03/30/2022","4,894.98","4,914.73","4,925.45","4,871.07","","-0.40%"
"03/29/2022","4,914.73","4,938.80","4,938.80","4,889.03","","-0.49%"
"03/28/2022","4,938.80","4,965.11","5,009.37","4,917.77","","-0.53%"
"03/25/2022","4,965.11","4,954.51","4,979.07","4,927.48","","0.21%"
"03/24/2022","4,954.51","4,841.46","4,954.51","4,840.36","","2.34%"
"03/23/2022","4,841.46","4,888.18","4,899.24","4,819.04","","-0.96%"
"03/22/2022","4,888.18","4,994.67","4,995.63","4,883.79","","-2.13%"
"03/21/2022","4,994.67","4,854.44","4,996.46","4,775.40","","2.89%"
"03/18/2022","4,854.44","4,789.88","4,860.13","4,789.88","","1.35%"
"03/17/2022","4,789.88","4,695.41","4,841.54","4,695.41","","2.01%"
"03/16/2022","4,695.41","4,623.04","4,715.68","4,623.04","","1.57%"
"03/15/2022","4,623.04","4,588.49","4,637.74","4,581.59","","0.75%"
"03/14/2022","4,588.49","4,633.35","4,645.68","4,587.52","","-0.97%"
"03/11/2022","4,633.35","4,608.97","4,677.68","4,608.97","","0.53%"
"03/10/2022","4,608.97","4,656.03","4,687.71","4,564.15","","-1.01%"
"03/09/2022","4,656.03","4,578.68","4,661.75","4,578.68","","1.69%"
"03/08/2022","4,578.68","4,618.07","4,624.04","4,549.33","","-0.85%"
"03/07/2022","4,618.07","4,641.45","4,692.99","4,559.95","","-0.50%"
"03/04/2022","4,641.45","4,571.80","4,641.75","4,566.32","","1.52%"
"03/03/2022","4,571.80","4,487.37","4,581.30","4,487.37","","1.88%"
"03/02/2022","4,487.37","4,435.17","4,509.91","4,435.17","","1.18%"
"03/01/2022","4,435.17","4,534.47","4,537.37","4,434.31","","-2.19%"
"02/28/2022","4,534.47","4,465.51","4,534.47","4,453.46","","1.54%"
"02/25/2022","4,465.51","4,399.60","4,483.85","4,399.60","","1.50%"
"02/24/2022","4,399.60","4,375.69","4,399.60","4,223.36","","0.55%"
"02/23/2022","4,375.69","4,472.86","4,503.93","4,374.59","","-2.17%"
"02/22/2022","4,472.86","4,525.80","4,525.99","4,432.48","","-1.17%"
"02/21/2022","4,525.80","4,549.07","4,559.23","4,479.91","","-0.51%"
"02/18/2022","4,549.07","4,549.08","4,571.22","4,534.35","","0.00%"
"02/17/2022","4,549.08","4,653.04","4,653.04","4,542.87","","-2.23%"
"02/16/2022","4,653.04","4,643.69","4,667.95","4,614.73","","0.20%"
"02/15/2022","4,643.69","4,604.62","4,664.59","4,604.62","","0.85%"
"02/14/2022","4,604.62","4,652.21","4,652.21","4,589.16","","-1.02%"
"02/11/2022","4,652.21","4,641.53","4,686.62","4,615.99","","0.23%"
"02/10/2022","4,641.53","4,605.08","4,642.57","4,592.28","","0.79%"
"02/09/2022","4,605.08","4,582.62","4,618.78","4,582.35","","0.49%"
"02/08/2022","4,582.62","4,474.10","4,592.57","4,468.91","","2.43%"
"02/07/2022","4,474.10","4,425.52","4,481.10","4,425.52","","1.10%"
"02/04/2022","4,425.52","4,454.97","4,513.76","4,422.41","","-0.66%"
"02/03/2022","4,454.97","4,555.38","4,555.38","4,454.97","","-2.20%"
"02/02/2022","4,555.38","4,598.72","4,620.05","4,555.38","","-0.94%"
"02/01/2022","4,598.72","4,548.45","4,617.29","4,547.33","","1.11%"
"01/31/2022","4,548.45","4,542.86","4,597.58","4,542.86","","0.12%"
"01/28/2022","4,542.86","4,562.74","4,595.92","4,542.86","","-0.44%"
"01/27/2022","4,562.74","4,552.33","4,574.85","4,530.88","","0.23%"
"01/26/2022","4,552.33","4,529.30","4,594.83","4,527.18","","0.51%"
"01/25/2022","4,529.30","4,503.17","4,546.74","4,487.03","","0.58%"
"01/24/2022","4,503.17","4,644.86","4,649.04","4,462.07","","-3.05%"
"01/21/2022","4,644.86","4,486.72","4,671.55","4,486.72","","3.52%"
"01/20/2022","4,486.72","4,470.71","4,505.07","4,465.71","","0.36%"
"01/19/2022","4,470.71","4,500.80","4,538.39","4,469.40","","-0.67%"
"01/18/2022","4,500.80","4,473.27","4,505.89","4,451.48","","0.62%"
"01/17/2022","4,473.27","4,486.57","4,490.88","4,458.47","","-0.30%"
"01/14/2022","4,486.57","4,512.43","4,517.80","4,459.25","","-0.57%"
"01/13/2022","4,512.43","4,507.82","4,554.31","4,484.80","","0.10%"
"01/12/2022","4,507.82","4,394.91","4,507.82","4,394.91","","2.57%"
"01/11/2022","4,394.91","4,298.24","4,394.91","4,298.24","","2.25%"
"01/10/2022","4,298.24","4,296.35","4,301.99","4,272.15","","0.04%"
"01/07/2022","4,296.35","4,348.44","4,361.16","4,275.59","","-1.20%"
"01/06/2022","4,348.44","4,317.60","4,351.94","4,287.88","","0.71%"
"01/05/2022","4,317.60","4,294.64","4,318.75","4,282.62","","0.53%"
"01/04/2022","4,294.64","4,301.32","4,332.71","4,247.58","","-0.16%"
"01/03/2022","4,301.32","4,308.38","4,353.46","4,294.89","","0.03%"
"12/30/2021","4,300.12","4,250.29","4,311.31","4,241.95","","1.17%"
"12/29/2021","4,250.29","4,269.37","4,284.80","4,247.01","","-0.45%"
"12/28/2021","4,269.37","4,281.89","4,330.65","4,269.37","","-0.29%"
"12/27/2021","4,281.89","4,299.09","4,336.57","4,257.68","","-0.37%"
"12/24/2021","4,297.86","4,241.63","4,307.29","4,241.63","","1.33%"
"12/23/2021","4,241.63","4,121.91","4,242.39","4,121.91","","2.90%"
"12/22/2021","4,121.91","4,142.49","4,178.13","4,117.17","","-0.50%"
"12/21/2021","4,142.49","4,088.26","4,201.45","4,088.26","","1.33%"
"12/20/2021","4,088.26","4,357.78","4,357.78","4,032.93","","-6.18%"
"12/17/2021","4,357.78","4,392.34","4,397.43","4,286.32","","-0.79%"
"12/16/2021","4,392.34","4,271.40","4,392.34","4,271.40","","2.83%"
"12/15/2021","4,271.40","4,179.56","4,280.41","4,138.04","","2.20%"
"12/14/2021","4,179.56","4,301.25","4,301.25","4,151.04","","-2.83%"
"12/13/2021","4,301.25","4,405.72","4,408.30","4,286.13","","-2.37%"
"12/10/2021","4,405.72","4,418.79","4,422.40","4,379.00","","-0.30%"
"12/09/2021","4,418.79","4,395.15","4,449.14","4,390.13","","0.54%"
"12/07/2021","4,395.15","4,368.82","4,426.60","4,368.82","","0.60%"
"12/06/2021","4,368.82","4,369.40","4,417.06","4,353.32","","-0.01%"
"12/03/2021","4,369.40","4,370.90","4,442.59","4,364.98","","-0.03%"
"12/02/2021","4,370.90","4,332.45","4,379.11","4,327.57","","0.89%"
"12/01/2021","4,332.45","4,432.71","4,449.21","4,332.45","","-2.26%"
"11/30/2021","4,432.71","4,505.62","4,505.62","4,347.39","","-1.62%"
"11/29/2021","4,505.62","4,579.30","4,591.69","4,447.88","","-1.61%"
"11/26/2021","4,579.30","4,601.91","4,601.91","4,486.92","","-0.49%"
"11/25/2021","4,601.91","4,629.24","4,644.30","4,563.18","","-0.59%"
"11/24/2021","4,629.24","4,697.66","4,704.56","4,604.10","","-1.46%"
"11/23/2021","4,697.66","4,780.91","4,784.46","4,660.75","","-1.74%"
"11/22/2021","4,780.91","4,358.48","4,822.43","4,358.48","","9.69%"
"11/19/2021","4,358.48","4,281.66","4,373.54","4,251.44","","1.79%"
"11/18/2021","4,281.66","4,293.18","4,356.25","4,253.56","","-0.27%"
"11/17/2021","4,293.18","4,304.80","4,325.14","4,257.99","","-0.27%"
"11/16/2021","4,304.80","4,382.46","4,387.49","4,294.82","","-1.77%"
"11/15/2021","4,382.46","4,485.97","4,488.39","4,370.87","","-2.31%"
"11/12/2021","4,485.97","4,519.38","4,532.36","4,485.83","","-0.74%"
"11/11/2021","4,519.38","4,489.04","4,519.86","4,463.71","","0.68%"
"11/10/2021","4,489.04","4,470.52","4,489.24","4,429.39","","0.41%"
"11/09/2021","4,470.52","4,363.33","4,472.98","4,331.36","","2.46%"
"11/08/2021","4,363.33","4,388.19","4,434.12","4,357.13","","-0.57%"
"11/05/2021","4,388.19","4,473.80","4,512.90","4,387.36","","-1.91%"
"11/04/2021","4,473.80","4,309.93","4,473.80","4,309.93","","3.80%"
"11/03/2021","4,309.93","4,207.20","4,310.26","4,205.81","","2.44%"
"11/02/2021","4,207.20","4,092.20","4,214.42","4,092.20","","2.81%"
"10/29/2021","4,092.20","4,096.24","4,122.84","4,068.77","","-0.10%"
"10/28/2021","4,096.24","4,115.66","4,127.10","4,073.76","","-0.47%"
"10/27/2021","4,115.66","4,245.91","4,260.89","4,115.66","","-3.07%"
"10/26/2021","4,245.91","4,175.95","4,269.49","4,175.95","","1.68%"
"10/25/2021","4,175.95","4,084.35","4,176.22","4,084.35","","2.24%"
"10/22/2021","4,084.35","4,053.40","4,100.06","4,052.04","","0.76%"
"10/21/2021","4,053.40","4,037.49","4,075.03","4,031.53","","0.39%"
"10/20/2021","4,037.49","3,994.91","4,062.87","3,975.21","","1.07%"
"10/19/2021","3,994.91","4,008.74","4,036.48","3,994.22","","-0.34%"
"10/18/2021","4,008.74","3,982.18","4,078.87","3,959.02","","0.67%"
"10/15/2021","3,982.18","3,996.48","4,048.14","3,961.01","","-0.36%"
"10/14/2021","3,996.48","4,006.49","4,034.61","3,980.45","","-0.25%"
"10/13/2021","4,006.49","4,103.12","4,117.02","3,971.28","","-2.36%"
"10/12/2021","4,103.12","4,145.62","4,196.38","4,096.23","","-1.03%"
"10/08/2021","4,145.62","4,129.68","4,168.82","4,129.68","","0.39%"
"10/07/2021","4,129.68","4,132.30","4,226.80","4,122.76","","-0.06%"
"10/06/2021","4,132.30","4,226.08","4,237.43","4,101.14","","-2.22%"
"10/05/2021","4,226.08","4,242.62","4,277.92","4,211.21","","-0.39%"
"10/04/2021","4,242.62","4,326.72","4,331.37","4,241.65","","-1.94%"
"10/01/2021","4,326.72","4,362.59","4,373.50","4,314.30","","-0.82%"
"09/30/2021","4,362.59","4,335.20","4,371.07","4,335.20","","0.63%"
"09/29/2021","4,335.20","4,323.34","4,364.54","4,318.52","","0.27%"
"09/28/2021","4,323.34","4,351.71","4,354.07","4,306.88","","-0.65%"
"09/27/2021","4,351.71","4,377.19","4,402.54","4,347.26","","-0.58%"
"09/24/2021","4,377.19","4,411.69","4,414.66","4,355.89","","-0.78%"
"09/23/2021","4,411.69","4,384.03","4,418.49","4,382.71","","0.63%"
"09/22/2021","4,384.03","4,307.43","4,394.29","4,307.43","","1.78%"
"09/21/2021","4,307.43","4,291.36","4,342.94","4,290.25","","0.37%"
"09/20/2021","4,291.36","4,465.47","4,465.47","4,290.58","","-3.90%"
"09/16/2021","4,465.47","4,433.84","4,465.47","4,401.84","","0.71%"
"09/15/2021","4,433.84","4,419.58","4,450.09","4,406.55","","0.55%"
"09/14/2021","4,409.42","4,401.31","4,439.94","4,401.31","","0.18%"
"09/13/2021","4,401.31","4,464.00","4,485.97","4,381.15","","-1.40%"
"09/10/2021","4,464.00","4,407.24","4,481.56","4,406.64","","1.29%"
"09/09/2021","4,407.24","4,378.14","4,413.71","4,309.82","","0.66%"
"09/08/2021","4,378.14","4,432.98","4,432.98","4,346.74","","-1.24%"
"09/07/2021","4,432.98","4,456.20","4,468.27","4,409.62","","-0.52%"
"09/06/2021","4,456.20","4,463.55","4,470.69","4,438.42","","-0.16%"
"09/03/2021","4,463.55","4,437.44","4,464.30","4,414.23","","0.59%"
"09/02/2021","4,437.44","4,450.95","4,471.43","4,422.46","","-0.30%"
"09/01/2021","4,450.95","4,491.57","4,491.57","4,442.22","","-0.90%"
"08/31/2021","4,491.57","4,506.53","4,506.53","4,472.75","","-0.33%"
"08/30/2021","4,506.53","4,459.22","4,510.77","4,459.22","","1.06%"
"08/27/2021","4,459.22","4,443.81","4,482.59","4,440.27","","0.35%"
"08/26/2021","4,443.81","4,437.93","4,463.05","4,423.13","","0.13%"
"08/25/2021","4,437.93","4,369.43","4,438.14","4,358.28","","1.57%"
"08/24/2021","4,369.43","4,392.75","4,403.56","4,345.48","","-0.53%"
"08/23/2021","4,392.75","4,347.49","4,399.86","4,347.49","","1.04%"
"08/20/2021","4,347.49","4,310.51","4,356.57","4,305.53","","0.86%"
"08/19/2021","4,310.51","4,341.58","4,341.58","4,290.63","","-0.72%"
"08/18/2021","4,341.58","4,320.58","4,346.94","4,303.66","","0.49%"
"08/17/2021","4,320.58","4,329.41","4,333.86","4,271.64","","-0.20%"
"08/16/2021","4,329.41","4,401.94","4,401.94","4,320.87","","-1.65%"
"08/13/2021","4,401.94","4,374.75","4,432.07","4,374.75","","0.62%"
"08/12/2021","4,374.75","4,368.00","4,381.35","4,329.59","","0.09%"
"08/11/2021","4,370.90","4,345.42","4,391.06","4,328.64","","0.59%"
"08/10/2021","4,345.42","4,243.71","4,363.34","4,243.71","","2.40%"
"08/09/2021","4,243.71","4,282.48","4,305.79","4,238.69","","-0.91%"
"08/06/2021","4,282.48","4,240.54","4,285.86","4,238.53","","0.99%"
"08/05/2021","4,240.54","4,211.48","4,254.42","4,207.71","","0.69%"
"08/04/2021","4,211.48","4,207.03","4,214.05","4,178.07","","0.11%"
"08/03/2021","4,207.03","4,211.70","4,221.58","4,172.52","","-0.11%"
"08/02/2021","4,211.70","4,252.04","4,277.41","4,190.19","","-0.95%"
"07/30/2021","4,252.04","4,253.91","4,289.30","4,211.72","","-0.04%"
"07/29/2021","4,253.91","4,172.18","4,259.00","4,171.34","","1.96%"
"07/28/2021","4,172.18","4,147.04","4,174.02","4,143.24","","0.61%"
"07/27/2021","4,147.04","4,146.71","4,150.92","4,113.60","","0.01%"
"07/26/2021","4,146.71","4,187.49","4,214.37","4,146.37","","-0.97%"
"07/23/2021","4,187.49","4,288.05","4,288.05","4,175.33","","-2.35%"
"07/22/2021","4,288.05","4,274.26","4,303.23","4,248.73","","0.32%"
"07/21/2021","4,274.26","4,292.01","4,343.40","4,273.81","","-0.41%"
"07/20/2021","4,292.01","4,232.33","4,314.20","4,232.33","","1.41%"
"07/19/2021","4,232.33","4,153.03","4,233.09","4,150.21","","1.91%"
"07/15/2021","4,153.03","4,158.36","4,163.48","4,144.60","","-0.13%"
"07/14/2021","4,158.36","4,198.73","4,205.54","4,148.92","","-0.96%"
"07/13/2021","4,198.73","4,243.21","4,246.05","4,179.05","","-1.05%"
"07/12/2021","4,243.21","4,247.83","4,281.71","4,205.23","","-0.11%"
"07/09/2021","4,247.83","4,188.16","4,255.48","4,184.75","","1.42%"
"07/08/2021","4,188.16","4,206.43","4,206.43","4,135.94","","-0.43%"
"07/07/2021","4,206.43","4,165.81","4,206.54","4,164.47","","0.98%"
"07/06/2021","4,165.81","4,287.54","4,302.10","4,164.56","","-2.84%"
"07/05/2021","4,287.54","4,314.81","4,318.91","4,259.71","","-0.63%"
"07/02/2021","4,314.81","4,345.51","4,353.08","4,311.27","","-0.71%"
"07/01/2021","4,345.51","4,331.33","4,371.54","4,331.33","","0.33%"
"06/30/2021","4,331.33","4,323.69","4,348.81","4,294.77","","0.18%"
"06/29/2021","4,323.69","4,349.51","4,367.00","4,277.08","","-0.59%"
"06/25/2021","4,349.51","4,421.23","4,443.90","4,346.35","","-1.62%"
"06/24/2021","4,421.23","4,370.24","4,422.37","4,369.71","","1.17%"
"06/23/2021","4,370.24","4,371.93","4,427.25","4,368.01","","-0.04%"
"06/22/2021","4,371.93","4,294.39","4,384.79","4,294.39","","1.81%"
"06/18/2021","4,294.39","4,330.26","4,334.27","4,283.14","","-0.83%"
"06/17/2021","4,330.26","4,356.51","4,362.58","4,316.09","","-0.60%"
"06/16/2021","4,356.51","4,361.62","4,399.68","4,337.07","","-0.12%"
"06/15/2021","4,361.62","4,344.91","4,386.69","4,292.87","","0.38%"
"06/14/2021","4,344.91","4,310.64","4,369.16","4,310.64","","0.80%"
"06/11/2021","4,310.64","4,260.22","4,319.70","4,260.22","","1.18%"
"06/10/2021","4,260.22","4,268.36","4,303.97","4,253.99","","-0.19%"
"06/09/2021","4,268.36","4,172.34","4,268.54","4,169.22","","2.30%"
"06/08/2021","4,172.34","4,131.38","4,197.78","4,131.38","","0.99%"
"06/07/2021","4,131.38","4,225.88","4,249.17","4,131.38","","-2.24%"
"06/04/2021","4,225.88","4,226.90","4,229.74","4,176.61","","-0.02%"
"06/03/2021","4,226.90","4,393.97","4,401.91","4,194.08","","-3.80%"
"06/02/2021","4,393.97","4,396.10","4,408.63","4,358.43","","-0.05%"
"06/01/2021","4,396.10","4,356.43","4,400.20","4,347.26","","0.91%"
"05/31/2021","4,356.43","4,258.75","4,356.84","4,258.75","","2.29%"
"05/28/2021","4,258.75","4,160.26","4,282.66","4,160.26","","2.37%"
"05/27/2021","4,160.26","4,119.06","4,206.64","4,119.06","","1.00%"
"05/26/2021","4,119.06","4,091.05","4,119.07","4,076.07","","0.68%"
"05/25/2021","4,091.05","4,115.37","4,173.73","4,069.09","","-0.59%"
"05/24/2021","4,115.37","4,079.99","4,135.69","4,079.99","","0.87%"
"05/20/2021","4,079.99","4,030.39","4,094.31","4,003.99","","1.23%"
"05/19/2021","4,030.39","4,143.96","4,143.96","4,016.06","","-2.74%"
"05/18/2021","4,143.96","4,147.86","4,248.04","4,080.97","","-0.09%"
"05/17/2021","4,147.86","4,574.69","4,574.69","4,125.18","","-9.33%"
"05/14/2021","4,574.69","4,443.64","4,576.82","4,443.64","","2.95%"
"05/13/2021","4,443.64","4,485.58","4,534.00","4,443.64","","-0.93%"
"05/12/2021","4,485.58","4,540.80","4,540.80","4,485.58","","-1.22%"
"05/11/2021","4,540.80","4,594.60","4,594.60","4,511.25","","-1.17%"
"05/10/2021","4,594.60","4,618.80","4,660.01","4,582.97","","-0.52%"
"05/07/2021","4,618.80","4,630.72","4,675.23","4,611.98","","-0.26%"
"05/06/2021","4,630.72","4,704.25","4,730.68","4,616.13","","-1.56%"
"05/05/2021","4,704.25","4,648.82","4,722.17","4,648.82","","1.19%"
"05/04/2021","4,648.82","4,589.24","4,649.19","4,589.24","","1.30%"
"05/03/2021","4,589.24","4,472.84","4,590.98","4,472.84","","2.60%"
"04/30/2021","4,472.84","4,542.54","4,565.98","4,472.84","","-1.53%"
"04/29/2021","4,542.54","4,586.27","4,670.71","4,529.55","","-0.95%"
"04/28/2021","4,586.27","4,748.52","4,773.81","4,577.21","","-3.42%"
"04/27/2021","4,748.52","4,864.86","4,875.69","4,747.07","","-2.39%"
"04/26/2021","4,864.86","4,839.14","4,906.32","4,839.14","","0.53%"
"04/23/2021","4,839.14","4,843.82","4,890.49","4,814.49","","-0.10%"
"04/22/2021","4,843.82","4,932.18","4,937.66","4,808.19","","-1.79%"
"04/21/2021","4,932.18","4,975.80","4,980.40","4,930.87","","-0.88%"
"04/20/2021","4,975.80","4,970.29","4,975.80","4,916.41","","0.11%"
"04/19/2021","4,970.29","4,988.17","5,005.97","4,960.35","","-0.36%"
"04/16/2021","4,988.17","4,942.16","4,998.56","4,942.16","","0.93%"
"04/15/2021","4,942.16","4,927.08","4,942.41","4,896.00","","0.31%"
"04/14/2021","4,927.08","4,901.91","4,927.64","4,885.45","","0.51%"
"04/13/2021","4,901.91","4,950.06","4,953.09","4,893.09","","-0.97%"
"04/12/2021","4,950.06","4,958.04","4,959.19","4,921.95","","-0.16%"
"04/09/2021","4,958.04","4,910.19","4,958.16","4,904.36","","0.97%"
"04/08/2021","4,910.19","4,859.07","4,910.33","4,857.11","","1.05%"
"04/07/2021","4,859.07","4,860.65","4,860.65","4,833.21","","-0.03%"
"04/06/2021","4,860.65","4,871.17","4,873.56","4,857.88","","-0.22%"
"04/05/2021","4,871.17","4,885.26","4,897.40","4,859.74","","-0.29%"
"04/01/2021","4,885.26","4,898.09","4,921.70","4,843.50","","-0.26%"
"03/31/2021","4,898.09","4,928.15","4,958.43","4,894.67","","-0.61%"
"03/30/2021","4,928.15","4,916.69","4,936.04","4,875.48","","0.23%"
"03/29/2021","4,916.69","4,854.42","4,950.28","4,854.42","","1.28%"
"03/26/2021","4,854.42","4,767.79","4,860.45","4,767.79","","1.82%"
"03/25/2021","4,767.79","4,842.26","4,846.75","4,737.73","","-1.54%"
"03/24/2021","4,842.26","4,802.90","4,862.74","4,789.84","","0.82%"
"03/23/2021","4,802.90","4,831.62","4,831.62","4,796.37","","-0.59%"
"03/22/2021","4,831.62","4,854.92","4,867.38","4,806.22","","-0.48%"
"03/19/2021","4,854.92","4,878.67","4,878.97","4,819.35","","-0.49%"
"03/18/2021","4,878.67","4,909.40","4,920.02","4,866.47","","-0.63%"
"03/17/2021","4,909.40","4,905.05","4,917.27","4,870.78","","0.09%"
"03/16/2021","4,905.05","4,913.78","4,929.24","4,877.03","","-0.18%"
"03/15/2021","4,913.78","4,893.23","4,929.77","4,890.37","","0.42%"
"03/12/2021","4,893.23","4,881.10","4,894.25","4,831.35","","0.25%"
"03/11/2021","4,881.10","4,888.55","4,931.89","4,850.20","","-0.15%"
"03/10/2021","4,888.55","4,838.18","4,892.06","4,821.44","","1.04%"
"03/09/2021","4,838.18","4,712.95","4,846.74","4,709.04","","2.66%"
"03/08/2021","4,712.95","4,713.73","4,715.65","4,676.50","","-0.02%"
"03/05/2021","4,713.73","4,700.57","4,749.35","4,655.50","","0.28%"
"03/04/2021","4,700.57","4,787.45","4,789.09","4,700.57","","-1.81%"
"03/03/2021","4,787.45","4,720.09","4,799.02","4,710.22","","1.43%"
"03/02/2021","4,720.09","4,637.54","4,749.76","4,634.05","","1.78%"
"03/01/2021","4,637.54","4,573.37","4,640.59","4,573.37","","1.40%"
"02/26/2021","4,573.37","4,574.43","4,596.93","4,551.20","","-0.02%"
"02/25/2021","4,574.43","4,576.41","4,608.32","4,568.00","","-0.04%"
"02/24/2021","4,576.41","4,489.21","4,594.17","4,489.21","","1.94%"
"02/23/2021","4,489.21","4,569.34","4,569.34","4,482.75","","-1.75%"
"02/22/2021","4,569.34","4,623.74","4,623.74","4,551.61","","-1.18%"
"02/19/2021","4,623.74","4,518.64","4,623.86","4,517.95","","2.33%"
"02/18/2021","4,518.64","4,559.20","4,559.65","4,496.05","","-0.89%"
"02/17/2021","4,559.20","4,653.07","4,655.73","4,553.02","","-2.02%"
"02/16/2021","4,653.07","4,620.12","4,679.38","4,620.12","","0.71%"
"02/15/2021","4,620.12","4,599.09","4,625.34","4,579.58","","0.46%"
"02/12/2021","4,599.09","4,548.20","4,599.71","4,531.61","","1.12%"
"02/11/2021","4,548.20","4,527.65","4,559.01","4,508.40","","0.45%"
"02/10/2021","4,527.65","4,542.72","4,558.82","4,490.95","","-0.33%"
"02/09/2021","4,542.72","4,487.09","4,543.43","4,478.50","","1.24%"
"02/08/2021","4,487.09","4,449.45","4,494.28","4,449.45","","0.85%"
"02/05/2021","4,449.45","4,412.00","4,460.33","4,411.67","","0.85%"
"02/04/2021","4,412.00","4,401.87","4,416.02","4,373.59","","0.23%"
"02/03/2021","4,401.87","4,416.95","4,438.86","4,400.39","","-0.34%"
"02/02/2021","4,416.95","4,381.01","4,453.04","4,381.01","","0.82%"
"02/01/2021","4,381.01","4,288.65","4,381.68","4,288.65","","2.15%"
"01/29/2021","4,288.65","4,410.80","4,420.61","4,288.65","","-2.77%"
"01/28/2021","4,410.80","4,417.99","4,426.97","4,353.99","","-0.16%"
"01/27/2021","4,417.99","4,497.74","4,497.74","4,395.55","","-1.77%"
"01/26/2021","4,497.74","4,488.93","4,533.54","4,457.27","","0.20%"
"01/25/2021","4,488.93","4,481.00","4,545.51","4,471.53","","0.18%"
"01/22/2021","4,481.00","4,579.27","4,579.27","4,481.00","","-2.15%"
"01/21/2021","4,579.27","4,637.84","4,669.61","4,579.27","","-1.26%"
"01/20/2021","4,637.84","4,669.74","4,697.16","4,631.56","","-0.68%"
"01/19/2021","4,669.74","4,624.11","4,691.67","4,624.11","","0.99%"
"01/18/2021","4,624.11","4,572.10","4,624.11","4,531.67","","1.14%"
"01/15/2021","4,572.10","4,640.84","4,641.04","4,571.97","","-1.48%"
"01/14/2021","4,640.84","4,658.71","4,675.73","4,609.03","","-0.38%"
"01/13/2021","4,658.71","4,600.12","4,658.71","4,600.12","","1.27%"
"01/12/2021","4,600.12","4,552.52","4,610.61","4,546.03","","1.05%"
"01/11/2021","4,552.52","4,560.02","4,560.02","4,497.32","","-0.16%"
"01/08/2021","4,560.02","4,528.85","4,568.77","4,491.60","","0.69%"
"01/07/2021","4,528.85","4,417.84","4,529.23","4,417.84","","2.51%"
"01/06/2021","4,417.84","4,367.18","4,438.32","4,366.00","","1.16%"
"01/05/2021","4,367.18","4,257.44","4,367.18","4,244.84","","2.58%"
"01/04/2021","4,257.44","4,177.22","4,273.95","4,177.22","","1.92%"
"12/30/2020","4,177.22","4,197.87","4,222.26","4,177.22","","-0.49%"
"12/29/2020","4,197.87","4,180.22","4,214.29","4,180.22","","0.42%"
"12/28/2020","4,180.22","4,133.35","4,192.13","4,133.35","","1.13%"
"12/24/2020","4,133.35","4,156.29","4,157.33","4,106.11","","-0.55%"
"12/23/2020","4,156.29","4,190.03","4,217.58","4,143.78","","-0.81%"
"12/22/2020","4,190.03","4,162.96","4,244.30","4,162.96","","0.65%"
"12/21/2020","4,162.96","4,210.69","4,210.69","4,114.76","","-1.13%"
"12/18/2020","4,210.69","4,199.33","4,251.72","4,199.33","","0.27%"
"12/17/2020","4,199.33","4,110.99","4,200.52","4,110.60","","2.15%"
"12/16/2020","4,110.99","4,061.66","4,111.42","4,061.66","","1.21%"
"12/15/2020","4,061.66","4,052.84","4,084.87","4,041.40","","0.22%"
"12/14/2020","4,052.84","4,085.89","4,127.62","4,052.46","","-0.81%"
"12/11/2020","4,085.89","4,106.42","4,123.23","4,054.65","","-0.50%"
"12/10/2020","4,106.42","4,148.70","4,181.90","4,106.37","","-1.02%"
"12/09/2020","4,148.70","4,130.41","4,193.63","4,125.72","","0.44%"
"12/07/2020","4,130.41","4,191.18","4,195.51","4,081.26","","-1.45%"
"12/04/2020","4,191.18","4,188.80","4,213.34","4,173.49","","0.06%"
"12/03/2020","4,188.80","4,157.12","4,188.80","4,142.26","","0.76%"
"12/02/2020","4,157.12","4,110.59","4,157.21","4,091.74","","1.13%"
"12/01/2020","4,110.59","4,032.87","4,114.11","4,032.87","","1.93%"
"11/30/2020","4,032.87","4,117.03","4,152.09","4,032.87","","-2.04%"
"11/27/2020","4,117.03","4,121.96","4,155.86","4,115.57","","-0.12%"
"11/26/2020","4,121.96","4,135.16","4,165.08","4,091.91","","-0.32%"
"11/25/2020","4,135.16","4,197.27","4,207.34","4,127.63","","-1.48%"
"11/24/2020","4,197.27","4,131.26","4,208.96","4,131.26","","1.60%"
"11/23/2020","4,131.26","4,054.53","4,131.91","4,054.53","","1.89%"
"11/20/2020","4,054.53","4,028.30","4,067.73","4,024.86","","0.65%"
"11/19/2020","4,028.30","4,108.79","4,110.32","4,018.53","","-1.96%"
"11/18/2020","4,108.79","4,053.50","4,109.19","4,053.50","","1.36%"
"11/17/2020","4,053.50","4,047.42","4,054.93","3,993.50","","0.15%"
"11/16/2020","4,047.42","4,005.35","4,097.03","4,005.35","","1.05%"
"11/13/2020","4,005.35","3,916.50","4,007.43","3,916.50","","2.27%"
"11/12/2020","3,916.50","3,979.34","3,981.86","3,916.50","","-1.58%"
"11/11/2020","3,979.34","3,977.45","4,010.47","3,948.65","","0.05%"
"11/10/2020","3,977.45","3,928.48","3,978.10","3,887.19","","1.25%"
"11/09/2020","3,928.48","3,812.38","3,951.95","3,812.38","","3.05%"
"11/06/2020","3,812.38","3,703.94","3,812.79","3,686.68","","2.93%"
"11/05/2020","3,703.94","3,518.05","3,705.51","3,518.05","","5.28%"
"11/04/2020","3,518.05","3,521.45","3,554.87","3,489.65","","-0.10%"
"11/03/2020","3,521.45","3,571.13","3,601.44","3,506.29","","-1.39%"
"11/02/2020","3,571.13","3,539.92","3,606.53","3,539.92","","0.88%"
"10/30/2020","3,539.92","3,582.64","3,598.52","3,530.26","","-1.19%"
"10/29/2020","3,582.64","3,629.48","3,636.44","3,574.45","","-1.29%"
"10/28/2020","3,629.48","3,697.00","3,697.91","3,611.73","","-1.83%"
"10/27/2020","3,697.00","3,705.99","3,751.63","3,675.47","","-0.24%"
"10/26/2020","3,705.99","3,807.95","3,808.43","3,701.14","","-2.68%"
"10/23/2020","3,807.95","3,811.29","3,831.40","3,799.49","","-0.09%"
"10/22/2020","3,811.29","3,782.66","3,817.12","3,758.84","","0.76%"
"10/21/2020","3,782.66","3,672.92","3,782.95","3,670.15","","2.99%"
"10/20/2020","3,672.92","3,631.80","3,678.99","3,631.80","","1.13%"
"10/19/2020","3,631.80","3,640.58","3,677.22","3,631.38","","-0.24%"
"10/16/2020","3,640.58","3,661.72","3,674.64","3,628.76","","-0.58%"
"10/15/2020","3,661.72","3,664.40","3,690.63","3,619.65","","-0.07%"
"10/14/2020","3,664.40","3,654.69","3,666.27","3,640.43","","0.27%"
"10/13/2020","3,654.69","3,677.45","3,690.67","3,636.54","","-0.62%"
"10/09/2020","3,677.45","3,650.27","3,692.33","3,635.59","","0.74%"
"10/08/2020","3,650.27","3,588.35","3,650.35","3,588.35","","1.73%"
"10/07/2020","3,588.35","3,621.71","3,629.38","3,580.64","","-0.92%"
"10/06/2020","3,621.71","3,675.83","3,682.93","3,612.85","","-1.47%"
"10/05/2020","3,675.83","3,666.03","3,698.75","3,663.46","","0.27%"
"10/02/2020","3,666.03","3,635.47","3,674.00","3,591.29","","0.84%"
"10/01/2020","3,635.47","3,637.30","3,660.67","3,618.86","","-0.05%"
"09/30/2020","3,637.30","3,555.32","3,637.30","3,555.32","","2.31%"
"09/29/2020","3,555.32","3,595.39","3,595.40","3,539.67","","-1.11%"
"09/28/2020","3,595.39","3,589.04","3,632.14","3,589.04","","0.18%"
"09/25/2020","3,589.04","3,571.42","3,589.04","3,563.08","","0.49%"
"09/24/2020","3,571.42","3,520.45","3,592.59","3,520.45","","1.45%"
"09/23/2020","3,520.45","3,634.63","3,634.87","3,512.53","","-3.14%"
"09/22/2020","3,634.63","3,643.85","3,678.01","3,634.63","","-0.25%"
"09/21/2020","3,643.85","3,729.64","3,729.64","3,640.63","","-2.30%"
"09/17/2020","3,729.64","3,717.06","3,729.64","3,678.60","","0.34%"
"09/16/2020","3,717.06","3,721.71","3,723.14","3,696.64","","-0.12%"
"09/15/2020","3,721.71","3,709.84","3,735.93","3,709.84","","0.32%"
"09/14/2020","3,709.84","3,712.67","3,748.36","3,708.25","","-0.08%"
"09/11/2020","3,712.67","3,687.17","3,715.52","3,657.85","","0.69%"
"09/10/2020","3,687.17","3,771.72","3,782.86","3,673.07","","-2.24%"
"09/09/2020","3,771.72","3,826.07","3,837.57","3,771.72","","-1.42%"
"09/08/2020","3,826.07","3,854.21","3,854.21","3,814.18","","-0.73%"
"09/07/2020","3,854.21","3,810.61","3,856.48","3,810.61","","1.14%"
"09/04/2020","3,810.61","3,845.87","3,858.64","3,794.63","","-0.92%"
"09/03/2020","3,845.87","3,814.95","3,845.90","3,795.08","","0.81%"
"09/02/2020","3,814.95","3,752.95","3,828.91","3,752.95","","1.65%"
"09/01/2020","3,752.95","3,767.15","3,790.75","3,737.54","","-0.38%"
"08/31/2020","3,767.15","3,873.77","3,886.24","3,767.15","","-2.75%"
"08/28/2020","3,873.77","3,887.80","3,921.54","3,868.09","","-0.36%"
"08/27/2020","3,887.80","3,861.65","3,887.80","3,849.75","","0.68%"
"08/26/2020","3,861.65","3,897.73","3,907.75","3,855.61","","-0.93%"
"08/25/2020","3,897.73","3,962.37","3,973.03","3,885.75","","-1.63%"
"08/24/2020","3,962.37","3,994.71","4,012.08","3,956.64","","-0.81%"
"08/21/2020","3,994.71","3,977.97","3,994.87","3,967.79","","0.42%"
"08/20/2020","3,977.97","3,998.80","3,998.80","3,967.14","","-0.52%"
"08/19/2020","3,998.80","4,023.76","4,028.19","3,986.51","","-0.62%"
"08/18/2020","4,023.76","4,041.02","4,051.68","4,004.07","","-0.43%"
"08/17/2020","4,041.02","4,017.11","4,044.74","4,017.11","","0.60%"
"08/14/2020","4,017.11","4,004.99","4,027.40","4,004.99","","0.30%"
"08/13/2020","4,004.99","4,036.54","4,079.03","3,993.01","","-0.78%"
"08/12/2020","4,036.54","4,000.25","4,044.89","4,000.25","","0.91%"
"08/11/2020","4,000.25","3,984.09","4,026.26","3,984.09","","0.41%"
"08/10/2020","3,984.09","3,988.90","4,026.54","3,983.86","","-0.12%"
"08/07/2020","3,988.90","3,968.74","4,003.18","3,968.74","","0.51%"
"08/06/2020","3,968.74","3,932.35","3,969.51","3,917.71","","0.93%"
"08/05/2020","3,932.35","3,926.25","3,979.06","3,926.25","","0.16%"
"08/04/2020","3,926.25","3,946.52","4,008.35","3,925.87","","-0.51%"
"08/03/2020","3,946.52","4,017.08","4,017.08","3,946.52","","-1.76%"
"07/31/2020","4,017.08","3,953.30","4,017.08","3,953.30","","1.61%"
"07/30/2020","3,953.30","3,983.25","3,983.25","3,919.24","","-0.75%"
"07/29/2020","3,983.25","4,055.59","4,055.59","3,969.25","","-1.78%"
"07/28/2020","4,055.59","4,062.65","4,086.88","4,055.18","","-0.17%"
"07/27/2020","4,062.65","4,014.88","4,071.46","4,014.88","","1.19%"
"07/24/2020","4,014.88","3,984.28","4,029.43","3,956.48","","0.77%"
"07/23/2020","3,984.28","3,944.82","4,026.37","3,940.04","","1.00%"
"07/22/2020","3,944.82","3,887.28","3,966.92","3,865.31","","1.48%"
"07/21/2020","3,887.28","3,924.61","3,938.53","3,882.87","","-0.95%"
"07/20/2020","3,924.61","3,994.73","3,994.73","3,891.36","","-1.76%"
"07/17/2020","3,994.73","4,041.62","4,047.76","3,968.61","","-1.16%"
"07/15/2020","4,041.62","4,180.91","4,206.05","4,041.62","","-3.33%"
"07/14/2020","4,180.91","4,115.28","4,181.06","4,081.60","","1.59%"
"07/13/2020","4,115.28","4,029.40","4,142.33","4,029.40","","2.13%"
"07/10/2020","4,029.40","4,032.15","4,043.42","3,999.82","","-0.07%"
"07/09/2020","4,032.15","4,185.91","4,185.91","4,008.10","","-3.67%"
"07/08/2020","4,185.91","4,257.67","4,259.50","4,135.14","","-1.69%"
"07/07/2020","4,257.67","4,284.42","4,284.42","4,214.24","","-0.62%"
"07/06/2020","4,284.42","4,202.17","4,310.22","4,202.17","","1.96%"
"07/03/2020","4,202.17","4,177.89","4,224.38","4,172.17","","0.58%"
"07/02/2020","4,177.89","4,037.07","4,179.43","4,037.07","","3.49%"
"07/01/2020","4,037.07","3,959.02","4,046.39","3,959.02","","1.97%"
"06/30/2020","3,959.02","3,990.95","4,009.83","3,959.02","","-0.80%"
"06/26/2020","3,990.95","4,038.31","4,046.14","3,990.59","","-1.17%"
"06/25/2020","4,038.31","4,036.23","4,050.91","4,005.23","","0.05%"
"06/24/2020","4,036.23","4,031.73","4,046.84","4,001.36","","0.11%"
"06/23/2020","4,031.73","3,998.52","4,031.73","3,974.34","","0.83%"
"06/22/2020","3,998.52","4,026.79","4,042.47","3,975.62","","-0.70%"
"06/19/2020","4,026.79","3,990.77","4,039.73","3,990.77","","0.90%"
"06/18/2020","3,990.77","3,996.60","4,006.24","3,974.02","","-0.15%"
"06/17/2020","3,996.60","3,939.79","4,024.38","3,939.79","","1.44%"
"06/16/2020","3,939.79","3,893.13","3,981.46","3,893.13","","1.20%"
"06/15/2020","3,893.13","3,981.84","3,981.84","3,888.23","","-2.23%"
"06/12/2020","3,981.84","3,944.23","4,019.20","3,944.23","","0.95%"
"06/11/2020","3,944.23","4,063.89","4,063.89","3,926.82","","-2.94%"
"06/10/2020","4,063.89","4,126.17","4,145.92","4,062.53","","-1.51%"
"06/09/2020","4,126.17","4,139.89","4,148.38","4,043.29","","-0.33%"
"06/08/2020","4,139.89","4,033.42","4,149.02","4,033.42","","2.64%"
"06/05/2020","4,033.42","3,885.41","4,055.09","3,885.41","","3.81%"
"06/04/2020","3,885.41","3,833.47","3,885.41","3,793.76","","1.35%"
"06/03/2020","3,833.47","3,750.37","3,833.47","3,749.81","","2.22%"
"06/02/2020","3,750.37","3,685.72","3,776.27","3,685.72","","1.75%"
"06/01/2020","3,685.72","3,647.60","3,714.61","3,616.68","","1.05%"
"05/29/2020","3,647.60","3,658.11","3,661.11","3,591.31","","-0.29%"
"05/28/2020","3,658.11","3,769.32","3,775.78","3,654.83","","-2.95%"
"05/27/2020","3,769.32","3,733.78","3,781.17","3,721.22","","0.95%"
"05/26/2020","3,733.78","3,751.39","3,792.53","3,727.53","","-0.47%"
"05/25/2020","3,751.39","3,723.57","3,782.96","3,706.73","","0.75%"
"05/22/2020","3,723.57","3,755.08","3,776.96","3,716.62","","-0.84%"
"05/20/2020","3,755.08","3,729.97","3,775.30","3,729.97","","0.67%"
"05/19/2020","3,729.97","3,763.21","3,796.27","3,729.86","","-0.88%"
"05/18/2020","3,763.21","3,622.15","3,782.21","3,622.15","","3.89%"
"05/15/2020","3,622.15","3,641.64","3,680.11","3,611.36","","-0.54%"
"05/14/2020","3,641.64","3,604.91","3,669.15","3,534.32","","1.02%"
"05/13/2020","3,604.91","3,734.75","3,737.09","3,542.98","","-3.48%"
"05/12/2020","3,734.75","3,811.75","3,863.03","3,734.28","","-2.02%"
"05/11/2020","3,811.75","3,818.24","3,856.62","3,793.50","","-0.17%"
"05/08/2020","3,818.24","3,999.54","4,026.75","3,818.24","","-4.53%"
"05/07/2020","3,999.54","3,964.94","4,036.99","3,964.94","","0.87%"
"05/06/2020","3,964.94","3,922.40","3,992.32","3,922.40","","1.08%"
"05/05/2020","3,922.40","3,853.27","3,946.60","3,853.27","","1.79%"
"05/04/2020","3,853.27","3,977.56","3,980.42","3,829.37","","-3.12%"
"04/30/2020","3,977.56","4,014.70","4,017.47","3,943.62","","-0.93%"
"04/29/2020","4,014.70","3,900.92","4,020.21","3,900.92","","2.92%"
"04/28/2020","3,900.92","3,810.89","3,925.36","3,810.89","","2.34%"
"04/27/2020","3,811.71","3,679.67","3,811.73","3,679.67","","3.59%"
"04/24/2020","3,679.67","3,748.49","3,754.16","3,679.28","","-1.84%"
"04/23/2020","3,748.49","3,678.50","3,748.84","3,678.50","","1.90%"
"04/22/2020","3,678.50","3,652.87","3,716.16","3,652.87","","0.70%"
"04/21/2020","3,652.87","3,748.31","3,748.31","3,645.38","","-2.55%"
"04/20/2020","3,748.31","3,819.61","3,822.83","3,748.24","","-1.87%"
"04/17/2020","3,819.61","3,802.47","3,899.89","3,802.47","","0.45%"
"04/16/2020","3,802.47","3,854.71","3,868.87","3,784.70","","-1.36%"
"04/15/2020","3,854.71","3,919.91","3,924.13","3,838.18","","-1.66%"
"04/14/2020","3,919.91","3,859.16","3,930.67","3,859.16","","1.57%"
"04/13/2020","3,859.16","3,822.18","3,859.84","3,758.03","","0.97%"
"04/09/2020","3,822.18","3,759.76","3,860.98","3,759.76","","1.66%"
"04/08/2020","3,759.76","3,711.66","3,788.07","3,711.59","","1.30%"
"04/07/2020","3,711.66","3,748.47","3,824.01","3,711.05","","-0.98%"
"04/06/2020","3,748.47","3,674.43","3,815.64","3,674.43","","2.02%"
"04/03/2020","3,674.43","3,559.25","3,695.11","3,559.25","","3.24%"
"04/02/2020","3,559.25","3,421.39","3,609.08","3,421.39","","4.03%"
"04/01/2020","3,421.39","3,487.49","3,487.49","3,343.62","","-1.90%"
"03/31/2020","3,487.49","3,316.27","3,513.06","3,316.27","","5.16%"
"03/30/2020","3,316.27","3,228.37","3,358.34","3,228.37","","2.72%"
"03/27/2020","3,228.37","3,214.57","3,240.64","3,135.46","","0.43%"
"03/26/2020","3,214.57","3,123.13","3,364.69","3,067.42","","2.93%"
"03/25/2020","3,123.13","2,894.74","3,146.73","2,894.74","","7.89%"
"03/24/2020","2,894.74","2,897.83","3,100.76","2,894.01","","-0.11%"
"03/23/2020","2,897.83","3,077.18","3,128.02","2,896.91","","-5.83%"
"03/20/2020","3,077.18","3,081.43","3,310.93","3,075.96","","-0.14%"
"03/19/2020","3,081.43","2,876.03","3,178.23","2,876.03","","7.14%"
"03/18/2020","2,876.03","3,271.40","3,271.40","2,850.78","","-12.09%"
"03/17/2020","3,271.40","3,232.36","3,395.34","3,219.54","","1.21%"
"03/16/2020","3,232.36","3,763.57","3,765.08","3,224.82","","-14.11%"
"03/13/2020","3,763.57","3,727.60","3,886.33","3,683.47","","0.96%"
"03/12/2020","3,727.60","3,979.67","3,979.67","3,704.09","","-6.33%"
"03/11/2020","3,979.67","4,070.29","4,073.13","3,972.71","","-2.23%"
"03/10/2020","4,070.29","4,035.54","4,168.28","4,035.54","","0.86%"
"03/09/2020","4,035.54","4,229.46","4,229.46","4,035.54","","-4.58%"
"03/06/2020","4,229.46","4,324.09","4,324.09","4,228.82","","-2.19%"
"03/05/2020","4,324.09","4,366.36","4,366.36","4,298.56","","-0.97%"
"03/04/2020","4,366.36","4,289.40","4,368.06","4,289.40","","1.79%"
"03/03/2020","4,289.40","4,283.63","4,368.63","4,282.21","","0.13%"
"03/02/2020","4,283.63","4,122.63","4,286.79","4,121.42","","3.91%"
"02/28/2020","4,122.63","4,263.24","4,263.24","4,122.63","","-3.30%"
"02/27/2020","4,263.24","4,297.70","4,299.74","4,203.91","","-0.80%"
"02/26/2020","4,297.70","4,361.41","4,363.65","4,297.70","","-1.46%"
"02/25/2020","4,361.41","4,430.63","4,439.09","4,361.41","","-1.56%"
"02/24/2020","4,430.63","4,532.62","4,532.62","4,420.64","","-2.25%"
"02/21/2020","4,532.62","4,536.05","4,540.99","4,523.69","","-0.08%"
"02/20/2020","4,536.05","4,519.19","4,550.30","4,503.68","","0.37%"
"02/19/2020","4,519.19","4,543.62","4,568.83","4,494.48","","-0.54%"
"02/18/2020","4,543.62","4,631.33","4,631.80","4,543.39","","-1.89%"
"02/17/2020","4,631.33","4,655.86","4,657.43","4,618.82","","-0.53%"
"02/14/2020","4,655.86","4,659.81","4,670.34","4,627.48","","-0.08%"
"02/13/2020","4,659.81","4,667.90","4,667.90","4,625.90","","-0.17%"
"02/12/2020","4,667.90","4,660.27","4,688.14","4,655.79","","0.16%"
"02/11/2020","4,660.27","4,627.63","4,660.88","4,627.63","","0.71%"
"02/10/2020","4,627.63","4,686.83","4,688.03","4,619.97","","-1.26%"
"02/07/2020","4,686.83","4,699.53","4,705.75","4,658.59","","-0.27%"
"02/06/2020","4,699.53","4,675.28","4,710.61","4,675.28","","0.52%"
"02/05/2020","4,675.28","4,669.25","4,710.08","4,665.86","","0.13%"
"02/04/2020","4,669.25","4,579.45","4,685.89","4,579.45","","1.96%"
"02/03/2020","4,579.45","4,572.06","4,605.01","4,571.08","","0.16%"
"01/31/2020","4,572.06","4,550.91","4,589.34","4,538.99","","0.46%"
"01/30/2020","4,550.91","4,573.85","4,573.85","4,516.97","","-0.50%"
"01/29/2020","4,573.85","4,570.42","4,582.60","4,551.61","","0.08%"
"01/28/2020","4,570.42","4,561.60","4,607.41","4,556.74","","0.19%"
"01/27/2020","4,561.60","4,640.86","4,642.30","4,530.07","","-1.71%"
"01/24/2020","4,640.86","4,652.01","4,694.90","4,634.08","","-0.24%"
"01/23/2020","4,652.01","4,670.02","4,675.98","4,610.56","","-0.39%"
"01/22/2020","4,670.02","4,693.92","4,720.49","4,666.50","","-0.51%"
"01/21/2020","4,693.92","4,816.01","4,816.01","4,693.16","","-2.54%"
"01/20/2020","4,816.01","4,881.32","4,894.43","4,810.51","","-1.34%"
"01/17/2020","4,881.32","4,893.52","4,912.14","4,866.76","","-0.25%"
"01/16/2020","4,893.52","4,883.68","4,893.52","4,866.51","","0.20%"
"01/15/2020","4,883.68","4,922.18","4,924.70","4,847.12","","-0.78%"
"01/14/2020","4,922.18","4,958.79","4,969.83","4,901.41","","-0.74%"
"01/13/2020","4,958.79","4,996.19","5,000.59","4,950.83","","-0.75%"
"01/10/2020","4,996.19","4,898.43","4,996.36","4,889.91","","2.00%"
"01/09/2020","4,898.43","4,909.76","4,914.40","4,862.25","","-0.23%"
"01/08/2020","4,909.76","4,913.36","4,920.98","4,875.29","","-0.07%"
"01/07/2020","4,913.36","4,884.38","4,919.55","4,869.73","","0.59%"
"01/06/2020","4,884.39","4,839.70","4,885.46","4,785.43","","0.92%"
"01/03/2020","4,839.70","4,804.59","4,839.70","4,744.47","","0.73%"
"01/02/2020","4,804.59","4,669.85","4,804.92","4,669.85","","2.89%"
"12/30/2019","4,669.85","4,669.06","4,688.87","4,652.73","","0.02%"
"12/27/2019","4,669.06","4,673.77","4,675.84","4,642.09","","-0.10%"
"12/26/2019","4,673.77","4,714.65","4,728.96","4,656.29","","-0.87%"
"12/24/2019","4,714.65","4,726.10","4,730.54","4,710.15","","-0.24%"
"12/23/2019","4,726.10","4,735.95","4,753.86","4,707.36","","-0.21%"
"12/20/2019","4,735.95","4,752.91","4,767.69","4,729.03","","-0.36%"
"12/19/2019","4,752.91","4,739.00","4,757.71","4,723.29","","0.29%"
"12/18/2019","4,739.00","4,814.68","4,821.64","4,706.27","","-1.57%"
"12/17/2019","4,814.68","4,876.31","4,879.68","4,794.24","","-1.26%"
"12/16/2019","4,876.31","4,884.92","4,904.18","4,873.57","","-0.18%"
"12/13/2019","4,884.92","4,815.27","4,908.11","4,815.27","","1.45%"
"12/12/2019","4,815.27","4,784.73","4,821.50","4,783.51","","0.64%"
"12/11/2019","4,784.73","4,759.73","4,813.93","4,759.73","","0.53%"
"12/10/2019","4,759.73","4,748.20","4,773.62","4,739.61","","0.24%"
"12/09/2019","4,748.20","4,723.80","4,753.33","4,711.51","","0.52%"
"12/06/2019","4,723.80","4,735.10","4,758.39","4,717.90","","-0.24%"
"12/05/2019","4,735.10","4,644.98","4,751.60","4,644.98","","1.94%"
"12/04/2019","4,644.98","4,492.92","4,644.98","4,492.92","","3.38%"
"12/03/2019","4,492.92","4,501.58","4,512.05","4,468.30","","-0.19%"
"12/02/2019","4,501.58","4,538.80","4,553.04","4,499.70","","-0.82%"
"11/29/2019","4,538.80","4,518.68","4,600.75","4,497.56","","0.45%"
"11/28/2019","4,518.68","4,596.44","4,599.36","4,493.69","","-1.69%"
"11/27/2019","4,596.44","4,563.00","4,613.05","4,559.78","","0.73%"
"11/26/2019","4,563.00","4,651.65","4,672.18","4,547.94","","-1.91%"
"11/25/2019","4,651.65","4,729.90","4,729.90","4,649.70","","-1.65%"
"11/22/2019","4,729.90","4,744.30","4,752.99","4,691.15","","-0.30%"
"11/21/2019","4,744.30","4,786.12","4,790.43","4,734.95","","-0.87%"
"11/20/2019","4,786.12","4,791.88","4,817.03","4,743.84","","-0.12%"
"11/19/2019","4,791.88","4,814.17","4,817.73","4,749.79","","-0.46%"
"11/18/2019","4,814.17","4,861.44","4,891.27","4,777.53","","-0.97%"
"11/15/2019","4,861.44","4,498.52","4,863.23","4,498.52","","8.07%"
"11/14/2019","4,498.52","4,412.25","4,505.82","4,411.90","","1.96%"
"11/13/2019","4,412.25","4,544.20","4,546.93","4,408.17","","-2.90%"
"11/12/2019","4,544.20","4,619.59","4,619.96","4,425.29","","-1.63%"
"11/11/2019","4,619.59","4,690.88","4,690.88","4,596.30","","-1.52%"
"11/08/2019","4,690.88","4,672.77","4,704.03","4,654.59","","0.39%"
"11/07/2019","4,672.77","4,599.38","4,672.78","4,597.05","","1.60%"
"11/06/2019","4,599.38","4,730.12","4,732.09","4,566.30","","-2.76%"
"11/05/2019","4,730.12","4,801.56","4,801.57","4,686.11","","-1.49%"
"11/04/2019","4,801.56","4,744.13","4,836.45","4,744.13","","1.21%"
"10/30/2019","4,744.13","4,880.87","4,881.01","4,699.61","","-2.80%"
"10/29/2019","4,880.87","4,962.34","4,963.38","4,852.22","","-1.64%"
"10/28/2019","4,962.34","4,943.85","4,972.95","4,942.84","","0.37%"
"10/25/2019","4,943.85","5,014.95","5,014.95","4,942.69","","-1.42%"
"10/24/2019","5,014.95","4,910.54","5,014.95","4,853.51","","2.13%"
"10/23/2019","4,910.54","4,992.77","5,005.60","4,896.75","","-1.65%"
"10/22/2019","4,992.77","4,953.20","5,018.91","4,925.86","","0.80%"
"10/21/2019","4,953.20","5,192.39","5,194.01","4,920.75","","-4.61%"
"10/18/2019","5,192.39","5,172.31","5,192.39","5,167.04","","0.39%"
"10/17/2019","5,172.31","5,150.11","5,180.53","5,143.16","","0.43%"
"10/16/2019","5,150.11","5,157.50","5,157.50","5,125.05","","-0.14%"
"10/15/2019","5,157.50","5,131.57","5,157.50","5,127.22","","0.51%"
"10/14/2019","5,131.57","5,136.60","5,146.64","5,119.96","","-0.10%"
"10/11/2019","5,136.60","5,056.11","5,136.60","5,056.11","","1.59%"
"10/10/2019","5,056.11","5,032.56","5,062.25","5,028.96","","0.47%"
"10/09/2019","5,032.56","5,041.19","5,061.87","5,028.60","","-0.17%"
"10/08/2019","5,041.19","5,050.95","5,050.95","5,020.46","","-0.19%"
"10/07/2019","5,050.95","5,040.20","5,051.36","5,027.19","","0.21%"
"10/04/2019","5,040.20","5,000.77","5,044.18","5,000.77","","0.79%"
"10/03/2019","5,000.77","5,021.67","5,025.26","4,983.82","","-0.42%"
"10/02/2019","5,021.67","5,042.61","5,046.11","5,007.77","","-0.42%"
"10/01/2019","5,042.61","5,059.04","5,063.36","5,028.11","","-0.32%"
"09/30/2019","5,059.04","5,099.64","5,121.34","5,037.75","","-0.80%"
"09/27/2019","5,099.64","5,026.19","5,152.30","5,026.19","","1.46%"
"09/26/2019","5,026.19","5,006.24","5,026.19","5,003.71","","0.40%"
"09/25/2019","5,006.24","5,000.64","5,006.24","4,954.54","","0.11%"
"09/24/2019","5,000.64","5,025.21","5,041.30","4,988.29","","-0.49%"
"09/23/2019","5,025.21","5,072.93","5,078.87","5,020.35","","-0.94%"
"09/17/2019","5,072.93","5,069.68","5,072.93","5,028.57","","0.06%"
"09/16/2019","5,069.68","5,004.44","5,069.68","4,985.30","","1.30%"
"09/13/2019","5,004.44","4,974.79","5,008.70","4,962.15","","0.60%"
"09/12/2019","4,974.80","4,957.00","4,975.85","4,939.32","","0.36%"
"09/11/2019","4,957.00","4,880.27","4,957.00","4,858.89","","1.57%"
"09/10/2019","4,880.27","4,860.63","4,880.60","4,844.89","","0.40%"
"09/09/2019","4,860.63","4,823.57","4,865.53","4,820.61","","0.80%"
"09/06/2019","4,822.26","4,817.83","4,838.15","4,811.08","","0.09%"
"09/05/2019","4,817.83","4,757.44","4,822.96","4,757.44","","1.27%"
"09/04/2019","4,757.24","4,713.35","4,759.92","4,713.35","","0.75%"
"09/03/2019","4,721.78","4,772.20","4,772.20","4,718.29","","-1.09%"
"09/02/2019","4,773.74","4,804.37","4,804.80","4,764.81","","-0.64%"
"08/30/2019","4,804.37","4,692.20","4,804.58","4,683.88","","2.39%"
"08/29/2019","4,692.20","4,609.64","4,692.59","4,609.64","","1.79%"
"08/28/2019","4,609.64","4,604.96","4,619.68","4,589.45","","0.10%"
"08/27/2019","4,604.96","4,616.64","4,664.20","4,604.68","","-0.25%"
"08/26/2019","4,616.64","4,648.62","4,675.60","4,594.51","","-0.69%"
"08/23/2019","4,648.62","4,738.97","4,739.75","4,644.78","","-1.91%"
"08/22/2019","4,738.97","4,784.49","4,790.82","4,729.42","","-0.95%"
"08/21/2019","4,784.49","4,777.04","4,805.87","4,777.04","","0.16%"
"08/20/2019","4,777.04","4,787.01","4,798.92","4,770.41","","-0.21%"
"08/19/2019","4,787.01","4,798.52","4,830.59","4,787.01","","-0.24%"
"08/16/2019","4,798.52","4,781.03","4,808.76","4,771.91","","0.37%"
"08/14/2019","4,781.03","4,845.60","4,848.06","4,781.03","","-1.33%"
"08/13/2019","4,845.60","4,827.53","4,873.70","4,820.97","","0.37%"
"08/12/2019","4,827.53","4,913.10","4,913.10","4,802.81","","-1.74%"
"08/09/2019","4,913.10","4,910.08","4,941.33","4,891.42","","0.05%"
"08/08/2019","4,910.58","4,811.07","4,913.05","4,811.07","","2.07%"
"08/07/2019","4,811.07","4,777.87","4,826.45","4,763.22","","0.69%"
"08/06/2019","4,777.87","4,780.39","4,837.25","4,777.87","","-0.05%"
"08/05/2019","4,780.39","4,885.29","4,885.29","4,758.58","","-2.15%"
"08/02/2019","4,885.29","4,940.81","4,940.81","4,872.05","","-1.12%"
"08/01/2019","4,940.81","4,972.36","4,990.99","4,940.40","","-0.63%"
"07/31/2019","4,972.36","5,001.10","5,008.56","4,972.11","","-0.57%"
"07/30/2019","5,001.10","5,000.71","5,008.67","4,986.69","","0.01%"
"07/29/2019","5,000.71","4,981.09","5,001.74","4,980.34","","0.39%"
"07/26/2019","4,981.09","4,992.75","5,018.57","4,974.62","","-0.23%"
"07/25/2019","4,992.75","4,969.33","4,993.40","4,962.73","","0.47%"
"07/24/2019","4,969.33","4,997.63","4,998.95","4,966.32","","-0.57%"
"07/23/2019","4,997.63","5,032.09","5,041.20","4,991.67","","-0.68%"
"07/22/2019","5,032.09","5,052.72","5,063.89","5,023.13","","-0.41%"
"07/19/2019","5,052.72","5,041.08","5,059.69","5,027.28","","0.23%"
"07/18/2019","5,041.09","5,050.75","5,057.89","5,035.74","","-0.19%"
"07/17/2019","5,050.75","5,076.43","5,083.16","5,039.63","","-0.51%"
"07/15/2019","5,076.43","5,068.41","5,080.12","5,062.25","","0.16%"
"07/12/2019","5,068.41","5,074.88","5,086.49","5,066.87","","-0.13%"
"07/11/2019","5,074.88","5,073.48","5,090.74","5,068.81","","0.03%"
"07/10/2019","5,073.48","5,054.21","5,074.68","5,046.87","","0.38%"
"07/09/2019","5,054.21","5,066.69","5,074.86","5,036.69","","-0.25%"
"07/08/2019","5,066.69","5,075.73","5,076.79","5,048.07","","-0.18%"
"07/05/2019","5,075.73","5,054.87","5,076.73","5,016.10","","0.41%"
"07/04/2019","5,054.87","5,054.95","5,058.69","5,038.05","","0.00%"
"07/03/2019","5,054.95","5,009.72","5,055.24","5,008.81","","0.90%"
"07/02/2019","5,009.72","5,062.90","5,064.91","5,009.72","","-1.05%"
"07/01/2019","5,062.90","5,070.71","5,099.89","5,062.90","","-0.15%"
"06/28/2019","5,070.71","5,074.03","5,082.00","5,048.96","","-0.07%"
"06/27/2019","5,074.03","5,083.55","5,091.90","5,046.76","","-0.19%"
"06/26/2019","5,083.55","5,098.18","5,098.18","5,075.50","","-0.29%"
"06/25/2019","5,098.18","5,090.65","5,098.44","5,077.19","","0.15%"
"06/24/2019","5,090.65","5,060.00","5,092.48","5,048.05","","0.61%"
"06/21/2019","5,060.00","5,060.72","5,063.98","5,043.56","","-0.01%"
"06/20/2019","5,060.72","5,033.60","5,061.50","5,027.02","","0.54%"
"06/19/2019","5,033.60","5,040.57","5,042.57","5,019.44","","-0.14%"
"06/18/2019","5,040.57","5,024.92","5,058.47","5,024.82","","0.31%"
"06/17/2019","5,024.92","5,058.88","5,060.94","5,024.92","","-0.67%"
"06/14/2019","5,058.88","5,071.76","5,072.83","5,041.52","","-0.25%"
"06/13/2019","5,071.76","5,067.85","5,076.47","5,054.63","","0.08%"
"06/12/2019","5,067.85","5,069.23","5,085.79","5,057.11","","-0.03%"
"06/11/2019","5,069.24","5,018.99","5,093.94","5,018.99","","1.00%"
"06/10/2019","5,018.99","4,951.13","5,019.78","4,951.13","","1.37%"
"06/07/2019","4,951.13","4,926.98","4,968.87","4,922.68","","0.49%"
"06/06/2019","4,926.98","4,957.45","4,967.90","4,920.82","","-0.61%"
"06/05/2019","4,957.45","5,005.38","5,019.41","4,951.55","","-0.96%"
"06/04/2019","5,005.39","5,013.66","5,035.55","5,002.29","","-0.16%"
"06/03/2019","5,013.66","4,977.09","5,019.90","4,974.09","","0.73%"
"05/31/2019","4,977.09","4,934.41","4,987.60","4,904.18","","0.86%"
"05/30/2019","4,934.41","4,876.71","4,942.26","4,872.79","","1.18%"
"05/29/2019","4,876.71","4,798.35","4,877.90","4,798.35","","1.63%"
"05/28/2019","4,798.35","4,850.38","4,863.79","4,798.35","","-1.07%"
"05/27/2019","4,850.38","4,881.47","4,883.26","4,850.29","","-0.64%"
"05/24/2019","4,881.47","4,893.89","4,911.73","4,881.47","","-0.25%"
"05/23/2019","4,893.89","4,920.89","4,920.89","4,873.76","","-0.55%"
"05/22/2019","4,920.89","4,914.48","4,950.66","4,912.53","","0.13%"
"05/20/2019","4,914.48","4,925.58","4,944.58","4,914.48","","-0.23%"
"05/17/2019","4,925.58","4,977.75","4,987.27","4,925.58","","-1.05%"
"05/16/2019","4,977.75","5,005.24","5,016.85","4,977.75","","-0.55%"
"05/15/2019","5,005.24","5,018.93","5,023.27","4,972.47","","-0.27%"
"05/14/2019","5,018.93","4,970.01","5,022.75","4,967.26","","0.98%"
"05/13/2019","4,970.01","5,050.57","5,079.86","4,969.82","","-1.60%"
"05/10/2019","5,050.57","5,045.53","5,073.34","5,008.49","","0.10%"
"05/09/2019","5,045.54","5,060.47","5,069.47","5,016.35","","-0.30%"
"05/08/2019","5,060.47","5,078.64","5,080.31","5,035.74","","-0.36%"
"05/07/2019","5,078.64","5,124.21","5,125.01","5,069.09","","-0.89%"
"05/06/2019","5,124.21","5,132.32","5,143.43","5,086.06","","-0.16%"
"05/03/2019","5,132.32","5,141.58","5,178.80","5,132.32","","-0.18%"
"05/02/2019","5,141.58","5,187.10","5,197.07","5,141.58","","-0.88%"
"04/30/2019","5,187.10","5,169.86","5,187.32","5,155.84","","0.33%"
"04/29/2019","5,169.86","5,191.70","5,191.70","5,167.95","","-0.42%"
"04/26/2019","5,191.70","5,170.42","5,192.98","5,147.20","","0.41%"
"04/25/2019","5,170.42","5,201.44","5,204.89","5,155.13","","-0.60%"
"04/24/2019","5,201.44","5,217.07","5,224.15","5,170.70","","-0.30%"
"04/23/2019","5,217.07","5,234.30","5,238.42","5,197.00","","-0.33%"
"04/22/2019","5,234.30","5,261.71","5,263.80","5,232.96","","-0.52%"
"04/18/2019","5,261.71","5,275.43","5,278.46","5,245.22","","-0.26%"
"04/17/2019","5,275.43","5,261.00","5,279.13","5,258.22","","0.27%"
"04/16/2019","5,261.00","5,232.32","5,261.94","5,227.70","","0.55%"
"04/15/2019","5,232.32","5,239.57","5,255.18","5,228.02","","-0.14%"
"04/12/2019","5,239.57","5,254.87","5,259.40","5,224.76","","-0.28%"
"04/11/2019","5,254.48","5,278.00","5,281.42","5,240.92","","-0.45%"
"04/10/2019","5,278.00","5,281.78","5,285.52","5,265.74","","-0.07%"
"04/09/2019","5,281.78","5,274.72","5,282.15","5,239.79","","0.13%"
"04/08/2019","5,274.72","5,254.94","5,274.72","5,243.63","","0.38%"
"04/05/2019","5,254.94","5,283.70","5,290.31","5,254.94","","-0.54%"
"04/04/2019","5,283.70","5,222.96","5,283.70","5,204.13","","1.16%"
"04/03/2019","5,222.96","5,208.55","5,244.14","5,202.69","","0.28%"
"04/02/2019","5,208.55","5,256.67","5,266.10","5,193.33","","-0.92%"
"04/01/2019","5,256.67","5,259.41","5,287.59","5,255.56","","-0.05%"
"03/29/2019","5,259.41","5,214.02","5,259.41","5,214.02","","0.87%"
"03/28/2019","5,214.02","5,174.14","5,214.02","5,167.33","","0.77%"
"03/27/2019","5,174.14","5,190.89","5,192.92","5,154.59","","-0.32%"
"03/26/2019","5,190.89","5,193.52","5,209.90","5,166.60","","-0.05%"
"03/25/2019","5,193.52","5,209.98","5,224.83","5,155.16","","-0.32%"
"03/22/2019","5,209.98","5,261.33","5,264.54","5,175.93","","-0.98%"
"03/21/2019","5,261.33","5,245.09","5,262.38","5,232.96","","0.31%"
"03/20/2019","5,245.09","5,305.72","5,309.84","5,245.09","","-1.14%"
"03/19/2019","5,305.72","5,324.40","5,339.54","5,303.04","","-0.35%"
"03/18/2019","5,324.40","5,324.12","5,339.83","5,306.38","","0.01%"
"03/15/2019","5,324.12","5,300.79","5,345.32","5,300.79","","0.44%"
"03/14/2019","5,300.79","5,313.49","5,317.97","5,286.63","","-0.24%"
"03/13/2019","5,313.49","5,289.44","5,319.17","5,289.44","","0.45%"
"03/12/2019","5,289.44","5,299.33","5,328.39","5,288.22","","-0.19%"
"03/11/2019","5,299.33","5,274.96","5,329.91","5,273.77","","0.46%"
"03/08/2019","5,274.96","5,256.82","5,285.31","5,213.37","","0.35%"
"03/07/2019","5,256.82","5,256.07","5,267.59","5,236.42","","0.01%"
"03/06/2019","5,256.07","5,229.90","5,260.60","5,229.90","","0.50%"
"03/05/2019","5,229.90","5,240.89","5,255.05","5,227.34","","-0.21%"
"03/04/2019","5,240.89","5,274.66","5,291.91","5,229.58","","-0.64%"
"03/01/2019","5,274.66","5,287.54","5,301.04","5,269.44","","-0.24%"
"02/28/2019","5,287.54","5,372.59","5,372.59","5,280.68","","-1.58%"
"02/27/2019","5,372.59","5,475.54","5,476.20","5,356.58","","-1.88%"
"02/26/2019","5,475.54","5,479.69","5,493.32","5,449.30","","-0.08%"
"02/25/2019","5,479.69","5,483.92","5,515.95","5,477.96","","-0.08%"
"02/22/2019","5,483.92","5,439.12","5,485.09","5,434.45","","0.82%"
"02/21/2019","5,439.12","5,410.50","5,439.21","5,387.44","","0.53%"
"02/20/2019","5,410.50","5,386.31","5,422.75","5,384.99","","0.45%"
"02/19/2019","5,386.31","5,370.29","5,387.37","5,358.52","","0.30%"
"02/18/2019","5,370.29","5,399.83","5,401.47","5,360.10","","-0.55%"
"02/15/2019","5,399.83","5,376.39","5,401.79","5,356.37","","0.44%"
"02/14/2019","5,376.39","5,386.61","5,398.75","5,368.13","","-0.19%"
"02/13/2019","5,386.61","5,384.88","5,398.75","5,376.64","","0.03%"
"02/12/2019","5,384.88","5,375.07","5,384.88","5,358.40","","0.18%"
"02/11/2019","5,375.07","5,379.08","5,398.28","5,363.02","","-0.07%"
"02/08/2019","5,379.09","5,426.94","5,431.13","5,360.37","","-0.88%"
"02/07/2019","5,426.94","5,426.51","5,442.87","5,409.27","","0.01%"
"02/06/2019","5,426.51","5,466.54","5,470.81","5,425.41","","-0.73%"
"02/05/2019","5,466.54","5,472.93","5,479.84","5,461.64","","-0.12%"
"02/04/2019","5,472.93","5,452.97","5,481.08","5,429.30","","0.37%"
"02/01/2019","5,452.97","5,405.61","5,455.36","5,405.61","","0.88%"
"01/31/2019","5,405.61","5,388.34","5,453.09","5,388.31","","0.32%"
"01/30/2019","5,388.34","5,415.76","5,422.51","5,386.60","","-0.51%"
"01/29/2019","5,415.76","5,445.91","5,446.60","5,407.92","","-0.55%"
"01/28/2019","5,445.91","5,441.72","5,446.08","5,376.24","","0.08%"
"01/25/2019","5,441.72","5,414.85","5,442.45","5,407.02","","0.50%"
"01/24/2019","5,414.85","5,402.74","5,415.50","5,385.44","","0.22%"
"01/23/2019","5,402.74","5,401.13","5,418.67","5,369.04","","0.03%"
"01/22/2019","5,401.13","5,456.39","5,456.39","5,344.31","","-1.04%"
"01/21/2019","5,457.80","5,479.04","5,484.18","5,423.01","","-0.39%"
"01/18/2019","5,479.04","5,435.94","5,479.36","5,435.94","","0.79%"
"01/17/2019","5,435.94","5,419.07","5,435.94","5,401.67","","0.31%"
"01/16/2019","5,419.07","5,373.92","5,419.14","5,373.39","","0.84%"
"01/15/2019","5,373.92","5,357.15","5,377.58","5,354.25","","0.31%"
"01/14/2019","5,357.15","5,352.88","5,357.93","5,313.41","","0.08%"
"01/11/2019","5,352.88","5,297.95","5,358.44","5,297.69","","1.04%"
"01/10/2019","5,297.95","5,264.51","5,303.31","5,256.29","","0.64%"
"01/09/2019","5,264.51","5,224.28","5,281.22","5,224.28","","0.77%"
"01/08/2019","5,224.28","5,190.06","5,229.69","5,190.06","","0.66%"
"01/07/2019","5,190.06","5,189.20","5,221.37","5,181.24","","0.02%"
"01/04/2019","5,189.20","5,129.15","5,195.45","5,128.83","","1.17%"
"01/03/2019","5,129.15","5,125.37","5,146.30","5,096.07","","0.07%"
"01/02/2019","5,125.37","5,105.43","5,137.32","5,064.41","","0.39%"