"Date","Price","Open","High","Low","Vol.","Change %"
"12/31/2025","129.568","129.518","129.812","129.253","","0.00%"
"12/30/2025","129.564","129.472","129.723","129.218","","0.15%"
"12/29/2025","129.365","129.530","129.696","129.218","","-0.11%"
"12/26/2025","129.508","129.427","129.795","129.392","","0.07%"
"12/25/2025","129.419","129.499","129.795","129.392","","-0.11%"
"12/24/2025","129.563","129.495","129.795","129.392","","-0.04%"
"12/23/2025","129.618","129.630","129.795","129.406","","-0.12%"
"12/22/2025","129.771","129.795","129.795","129.587","","0.01%"
"12/19/2025","129.756","129.708","129.877","129.280","","0.19%"
"12/18/2025","129.516","129.454","129.934","129.280","","0.07%"
"12/17/2025","129.426","129.454","129.469","129.422","","-0.03%"
"12/16/2025","129.462","129.667","129.886","129.344","","-0.16%"
"12/15/2025","129.672","129.744","129.912","129.462","","-0.02%"
"12/12/2025","129.694","129.709","129.934","129.606","","-0.03%"
"12/11/2025","129.730","129.928","130.049","129.606","","-0.15%"
"12/10/2025","129.925","130.206","130.222","129.909","","-0.14%"
"12/09/2025","130.111","130.038","130.246","130.019","","0.05%"
"12/08/2025","130.047","130.023","130.220","130.019","","0.07%"
"12/05/2025","129.962","129.898","130.257","129.764","","-0.12%"
"12/04/2025","130.122","129.916","130.329","129.729","","0.16%"
"12/03/2025","129.916","130.141","130.418","129.766","","-0.24%"
"12/02/2025","130.235","130.271","130.477","129.929","","-0.04%"
"12/01/2025","130.283","130.385","130.551","129.874","","-0.07%"
"11/28/2025","130.368","130.358","130.539","130.325","","0.01%"
"11/27/2025","130.354","130.431","130.735","130.110","","-0.06%"
"11/26/2025","130.431","130.443","130.803","130.154","","-0.06%"
"11/25/2025","130.514","130.489","130.965","130.254","","0.02%"
"11/24/2025","130.489","130.582","130.989","130.360","","-0.21%"
"11/21/2025","130.759","130.541","130.886","130.347","","0.06%"
"11/20/2025","130.685","130.610","130.990","130.365","","0.05%"
"11/19/2025","130.614","130.436","130.834","130.055","","0.14%"
"11/18/2025","130.436","130.240","130.647","130.060","","0.04%"
"11/17/2025","130.378","130.277","130.618","130.012","","0.10%"
"11/14/2025","130.253","130.124","130.410","129.912","","0.10%"
"11/13/2025","130.124","130.367","130.593","129.920","","-0.19%"
"11/12/2025","130.367","130.424","130.671","130.116","","0.09%"
"11/11/2025","130.252","130.512","130.758","130.097","","-0.25%"
"11/10/2025","130.583","130.469","130.756","130.076","","0.10%"
"11/07/2025","130.454","130.703","130.866","130.231","","-0.01%"
"11/06/2025","130.472","130.738","131.077","130.320","","-0.20%"
"11/05/2025","130.738","130.611","131.140","130.490","","0.10%"
"11/04/2025","130.611","130.687","131.035","130.386","","-0.06%"
"11/03/2025","130.687","130.580","130.960","130.247","","0.56%"
"10/31/2025","129.964","129.964","129.964","129.964","","0.00%"
"10/30/2025","129.964","129.965","129.965","129.964","","0.00%"
"10/29/2025","129.965","129.910","130.020","129.885","","0.04%"
"10/28/2025","129.910","130.020","130.020","129.871","","-0.08%"
"10/27/2025","130.018","130.089","130.089","129.948","","-0.29%"
"10/24/2025","130.401","130.431","130.619","130.005","","0.23%"
"10/23/2025","130.107","130.465","130.712","130.039","","-0.27%"
"10/22/2025","130.456","130.483","130.718","130.036","","-0.02%"
"10/21/2025","130.481","130.154","130.603","130.056","","0.25%"
"10/20/2025","130.154","129.858","130.160","129.858","","0.28%"
"10/17/2025","129.793","130.120","130.324","129.669","","-0.03%"
"10/16/2025","129.834","130.318","130.411","129.765","","-0.19%"
"10/15/2025","130.084","130.499","130.694","129.924","","-0.32%"
"10/14/2025","130.500","130.292","130.838","130.120","","0.16%"
"10/13/2025","130.292","130.141","130.524","129.694","","0.11%"
"10/10/2025","130.143","130.357","130.537","130.038","","-0.17%"
"10/09/2025","130.360","130.101","130.613","129.977","","0.20%"
"10/08/2025","130.101","129.875","130.333","129.820","","0.17%"
"10/07/2025","129.875","129.666","130.107","129.628","","0.16%"
"10/06/2025","129.666","129.481","129.840","129.199","","0.06%"
"10/03/2025","129.583","129.684","129.769","129.381","","-0.08%"
"10/02/2025","129.681","129.510","129.931","129.336","","0.13%"
"10/01/2025","129.510","129.616","129.814","129.304","","-0.08%"
"09/30/2025","129.615","129.663","129.842","129.363","","-0.04%"
"09/29/2025","129.663","129.886","130.068","129.396","","-0.09%"
"09/26/2025","129.779","129.700","129.811","129.544","","0.06%"
"09/25/2025","129.700","129.516","129.935","129.199","","0.14%"
"09/24/2025","129.516","129.451","129.902","129.075","","0.05%"
"09/23/2025","129.453","129.504","129.613","129.088","","-0.04%"
"09/22/2025","129.502","129.581","129.849","129.164","","-0.06%"
"09/19/2025","129.581","129.395","129.646","129.373","","0.15%"
"09/18/2025","129.393","129.148","129.648","129.059","","0.19%"
"09/17/2025","129.148","129.209","129.385","129.080","","-0.05%"
"09/16/2025","129.207","129.630","129.795","129.109","","-0.33%"
"09/15/2025","129.632","129.707","129.871","129.391","","-0.08%"
"09/12/2025","129.736","129.731","129.866","129.701","","0.02%"
"09/11/2025","129.716","129.888","130.143","129.531","","-0.13%"
"09/10/2025","129.887","129.857","130.172","129.516","","0.03%"
"09/09/2025","129.852","129.521","130.024","129.372","","0.26%"
"09/08/2025","129.519","130.100","130.100","129.460","","-0.26%"
"09/05/2025","129.863","129.893","130.082","129.455","","-0.02%"
"09/04/2025","129.895","129.869","130.220","129.632","","0.02%"
"09/03/2025","129.869","129.955","130.302","129.609","","-0.06%"
"09/02/2025","129.951","129.508","130.396","129.379","","0.29%"
"09/01/2025","129.574","129.742","130.022","129.322","","-0.13%"
"08/29/2025","129.742","129.730","129.998","129.470","","0.01%"
"08/28/2025","129.725","129.970","130.241","129.500","","-0.18%"
"08/27/2025","129.957","129.928","130.439","129.680","","0.09%"
"08/26/2025","129.846","129.672","130.226","129.557","","0.13%"
"08/25/2025","129.672","130.089","130.089","129.643","","0.13%"
"08/22/2025","129.500","129.933","130.229","129.417","","-0.34%"
"08/21/2025","129.936","129.895","130.229","129.638","","0.03%"
"08/20/2025","129.900","129.904","130.233","129.709","","0.00%"
"08/19/2025","129.906","129.832","130.137","129.611","","0.05%"
"08/18/2025","129.835","129.661","130.093","129.492","","0.13%"
"08/15/2025","129.661","129.859","129.973","129.416","","0.02%"
"08/14/2025","129.632","129.783","130.114","129.419","","0.06%"
"08/13/2025","129.551","129.791","130.149","129.357","","-0.24%"
"08/12/2025","129.869","130.050","130.369","129.593","","-0.13%"
"08/11/2025","130.037","130.055","130.391","129.654","","0.10%"
"08/08/2025","129.904","129.788","129.904","129.788","","0.09%"
"08/07/2025","129.788","130.101","130.331","129.742","","-0.42%"
"08/06/2025","130.330","130.344","130.391","130.101","","-0.01%"
"08/05/2025","130.344","130.153","130.344","130.153","","0.15%"
"08/04/2025","130.153","131.011","131.011","130.153","","-0.65%"
"08/01/2025","131.010","130.924","131.011","130.923","","0.07%"
"07/31/2025","130.923","130.663","131.070","130.663","","0.20%"
"07/30/2025","130.663","130.628","130.894","130.257","","0.20%"
"07/29/2025","130.396","129.887","130.628","129.887","","0.39%"
"07/28/2025","129.887","129.721","130.044","129.699","","0.31%"
"07/25/2025","129.487","129.446","129.487","129.429","","0.03%"
"07/24/2025","129.446","129.630","129.631","129.400","","-0.14%"
"07/23/2025","129.630","129.751","129.751","129.630","","-0.09%"
"07/22/2025","129.751","129.983","129.983","129.751","","-0.18%"
"07/21/2025","129.983","130.030","130.047","129.983","","-0.26%"
"07/18/2025","130.325","130.463","130.485","130.137","","-0.11%"
"07/17/2025","130.464","130.406","130.618","130.344","","0.22%"
"07/16/2025","130.180","130.122","130.425","129.941","","0.04%"
"07/15/2025","130.122","130.008","130.410","129.635","","0.08%"
"07/14/2025","130.019","130.001","130.257","129.625","","0.19%"
"07/11/2025","129.768","129.786","130.030","129.768","","-0.01%"
"07/10/2025","129.786","129.758","130.109","129.410","","0.02%"
"07/09/2025","129.755","129.664","130.081","129.480","","0.07%"
"07/08/2025","129.664","129.629","129.664","129.519","","0.03%"
"07/07/2025","129.629","129.548","130.044","129.476","","0.20%"
"07/04/2025","129.374","129.850","129.865","129.374","","-0.06%"
"07/03/2025","129.450","129.704","129.996","129.321","","0.02%"
"07/02/2025","129.426","129.299","129.894","129.299","","0.10%"
"07/01/2025","129.299","129.399","129.399","129.299","","-0.25%"
"06/30/2025","129.628","129.608","129.631","129.607","","0.18%"
"06/27/2025","129.390","129.390","129.883","129.318","","0.00%"
"06/26/2025","129.390","129.723","129.956","129.287","","-0.26%"
"06/25/2025","129.723","129.868","130.221","129.606","","-0.13%"
"06/24/2025","129.889","130.134","130.301","129.607","","-0.19%"
"06/23/2025","130.134","130.391","130.719","129.905","","-0.28%"
"06/20/2025","130.499","130.336","130.687","129.965","","-0.10%"
"06/19/2025","130.633","130.439","130.911","130.123","","0.30%"
"06/18/2025","130.244","129.926","130.694","129.883","","-0.12%"
"06/17/2025","130.394","130.173","130.469","129.710","","0.28%"
"06/16/2025","130.026","129.988","130.314","129.628","","-0.07%"
"06/13/2025","130.113","130.064","130.452","129.863","","0.11%"
"06/12/2025","129.976","131.503","131.563","129.791","","-0.93%"
"06/11/2025","131.194","131.495","131.742","131.065","","-0.22%"
"06/10/2025","131.484","131.512","131.889","131.306","","-0.02%"
"06/09/2025","131.508","131.499","131.649","131.433","","0.03%"
"06/06/2025","131.465","131.465","131.781","131.227","","0.00%"
"06/05/2025","131.465","131.619","131.828","131.239","","-0.12%"
"06/04/2025","131.619","131.648","131.973","131.386","","-0.02%"
"06/03/2025","131.648","131.637","131.915","131.321","","0.01%"
"06/02/2025","131.637","132.157","132.206","131.384","","-0.41%"
"05/30/2025","132.185","132.361","132.540","131.898","","-0.13%"
"05/29/2025","132.362","132.262","132.779","131.983","","0.07%"
"05/28/2025","132.263","132.240","132.563","131.928","","0.15%"
"05/27/2025","132.070","131.955","132.403","131.718","","0.10%"
"05/26/2025","131.942","132.297","132.424","131.753","","-0.23%"
"05/23/2025","132.249","132.718","132.727","132.212","","-0.35%"
"05/22/2025","132.720","132.402","132.974","132.296","","0.24%"
"05/21/2025","132.405","132.823","133.182","132.260","","-0.30%"
"05/20/2025","132.799","132.996","133.320","132.572","","-0.18%"
"05/19/2025","133.037","133.179","133.488","132.570","","-0.30%"
"05/16/2025","133.433","133.357","133.681","132.966","","0.05%"
"05/15/2025","133.370","133.285","133.596","132.915","","0.24%"
"05/14/2025","133.050","133.477","133.680","132.774","","-0.32%"
"05/13/2025","133.477","133.846","133.979","133.230","","-0.04%"
"05/12/2025","133.536","133.627","133.999","132.957","","0.33%"
"05/09/2025","133.102","132.641","133.418","132.568","","0.17%"
"05/08/2025","132.876","132.838","133.308","132.283","","0.22%"
"05/07/2025","132.583","132.395","132.959","132.194","","0.14%"
"05/06/2025","132.395","132.442","133.057","132.212","","-0.04%"
"05/05/2025","132.442","132.803","133.056","132.291","","-0.03%"
"05/02/2025","132.488","132.825","133.116","132.282","","-0.07%"
"05/01/2025","132.576","132.418","133.120","132.325","","-0.11%"
"04/30/2025","132.727","132.391","132.921","132.118","","0.16%"
"04/29/2025","132.521","132.254","132.771","132.029","","0.14%"
"04/28/2025","132.333","132.482","132.902","132.108","","-0.04%"
"04/25/2025","132.391","132.371","132.893","132.182","","0.09%"
"04/24/2025","132.275","132.389","132.836","132.123","","-0.23%"
"04/23/2025","132.579","132.264","132.785","131.849","","0.24%"
"04/22/2025","132.267","131.734","132.282","131.584","","0.40%"
"04/21/2025","131.737","131.763","131.987","131.538","","-0.48%"
"04/18/2025","132.366","132.480","132.867","132.268","","-0.18%"
"04/17/2025","132.606","132.350","132.926","132.242","","0.10%"
"04/16/2025","132.479","132.854","132.931","132.239","","-0.29%"
"04/15/2025","132.863","132.694","133.063","132.199","","0.23%"
"04/14/2025","132.558","131.513","132.911","131.363","","0.69%"
"04/11/2025","131.646","132.496","132.956","131.418","","-0.74%"
"04/10/2025","132.622","133.609","133.843","132.310","","-0.83%"
"04/09/2025","133.737","133.705","133.966","132.811","","0.15%"
"04/08/2025","133.542","133.925","134.178","133.251","","0.09%"
"04/07/2025","133.420","133.428","133.971","133.084","","0.06%"
"04/04/2025","133.339","133.120","133.724","132.652","","0.17%"
"04/03/2025","133.109","134.019","134.148","132.541","","-0.44%"
"04/02/2025","133.695","133.853","134.247","133.425","","-0.12%"
"04/01/2025","133.853","133.772","134.086","133.760","","0.06%"
"03/31/2025","133.772","134.210","134.211","133.720","","0.04%"
"03/28/2025","133.712","133.859","134.262","133.580","","-0.09%"
"03/27/2025","133.827","133.830","134.385","133.618","","-0.27%"
"03/26/2025","134.183","134.201","134.316","133.707","","-0.01%"
"03/25/2025","134.198","134.134","134.306","133.525","","0.05%"
"03/24/2025","134.136","133.627","134.222","133.421","","0.21%"
"03/21/2025","133.860","133.966","134.220","133.463","","-0.08%"
"03/20/2025","133.963","133.338","134.180","133.338","","0.47%"
"03/19/2025","133.338","133.470","133.904","133.177","","-0.10%"
"03/18/2025","133.473","133.460","133.706","133.009","","0.01%"
"03/17/2025","133.461","133.364","133.792","133.079","","-0.10%"
"03/14/2025","133.595","133.716","133.956","133.348","","0.08%"
"03/13/2025","133.485","133.225","133.981","133.070","","0.20%"
"03/12/2025","133.225","133.167","133.745","132.956","","0.04%"
"03/11/2025","133.167","133.663","133.756","132.924","","-0.38%"
"03/10/2025","133.670","133.461","133.763","133.039","","0.31%"
"03/07/2025","133.263","133.396","133.661","133.028","","-0.25%"
"03/06/2025","133.596","133.610","134.110","133.088","","-0.02%"
"03/05/2025","133.618","134.236","134.544","133.529","","-0.63%"
"03/04/2025","134.464","134.673","135.069","133.994","","-0.16%"
"03/03/2025","134.673","135.309","135.454","134.473","","-0.47%"
"02/28/2025","135.309","135.215","135.586","134.788","","0.12%"
"02/27/2025","135.145","134.771","135.377","134.397","","0.46%"
"02/26/2025","134.529","134.561","134.890","134.285","","0.05%"
"02/25/2025","134.466","134.783","135.157","134.303","","-0.33%"
"02/24/2025","134.907","134.869","135.164","134.453","","0.03%"
"02/21/2025","134.871","134.972","135.111","134.374","","0.10%"
"02/20/2025","134.742","135.032","135.264","134.491","","-0.23%"
"02/19/2025","135.056","134.912","135.329","134.590","","0.22%"
"02/18/2025","134.759","134.733","135.066","134.488","","0.00%"
"02/17/2025","134.755","134.708","135.447","134.408","","-0.44%"
"02/14/2025","135.350","135.350","135.350","135.350","","0.00%"
"02/13/2025","135.350","135.748","135.748","134.984","","-0.29%"
"02/12/2025","135.748","135.447","135.885","135.105","","0.22%"
"02/11/2025","135.452","135.484","135.908","135.233","","-0.02%"
"02/10/2025","135.484","135.630","135.896","135.326","","0.24%"
"02/07/2025","135.162","135.320","135.774","134.917","","-0.08%"
"02/06/2025","135.266","135.188","135.680","134.860","","0.19%"
"02/05/2025","135.007","135.635","135.732","134.777","","-0.46%"
"02/04/2025","135.635","135.654","136.036","135.314","","0.08%"
"02/03/2025","135.530","135.428","136.510","135.309","","0.18%"
"01/31/2025","135.290","135.081","135.598","134.792","","0.28%"
"01/30/2025","134.909","135.004","135.498","134.695","","-0.07%"
"01/29/2025","135.004","134.994","135.464","134.799","","-0.09%"
"01/28/2025","135.126","134.774","135.296","134.521","","0.34%"
"01/27/2025","134.667","134.945","135.130","134.441","","-0.09%"
"01/24/2025","134.793","135.116","135.384","134.484","","-0.24%"
"01/23/2025","135.116","135.175","135.617","134.926","","-0.04%"
"01/22/2025","135.168","135.172","135.650","134.857","","-0.01%"
"01/21/2025","135.188","135.244","135.839","135.070","","-0.02%"
"01/20/2025","135.217","135.969","136.190","134.887","","-0.38%"
"01/17/2025","135.737","135.864","136.250","135.496","","0.00%"
"01/16/2025","135.737","135.746","136.255","135.370","","0.14%"
"01/15/2025","135.548","135.642","136.174","135.287","","-0.07%"
"01/14/2025","135.641","136.211","136.392","135.619","","-0.32%"
"01/13/2025","136.081","136.522","136.546","135.874","","0.05%"
"01/10/2025","136.019","136.137","136.532","135.700","","0.05%"
"01/09/2025","135.950","135.993","136.370","135.605","","0.06%"
"01/08/2025","135.875","135.408","136.240","135.294","","0.32%"
"01/07/2025","135.448","135.588","135.828","134.990","","0.05%"
"01/06/2025","135.385","135.972","136.092","134.945","","-0.34%"
"01/03/2025","135.850","136.298","136.563","135.844","","-0.33%"
"01/02/2025","136.304","135.796","136.724","135.665","","0.38%"
"01/01/2025","135.782","135.796","135.812","135.766","","-0.01%"
"12/31/2024","135.794","135.738","136.098","135.446","","0.02%"
"12/30/2024","135.771","135.604","135.936","135.085","","0.14%"
"12/27/2024","135.582","135.284","135.828","135.230","","0.01%"
"12/26/2024","135.566","135.331","135.833","135.235","","-0.02%"
"12/25/2024","135.594","135.072","135.709","134.985","","0.20%"
"12/24/2024","135.330","134.824","135.630","134.685","","0.44%"
"12/23/2024","134.739","134.848","135.250","134.420","","-0.10%"
"12/20/2024","134.877","134.155","135.179","134.112","","0.35%"
"12/19/2024","134.400","134.582","134.679","133.789","","0.46%"
"12/18/2024","133.789","133.933","134.641","133.584","","-0.10%"
"12/17/2024","133.924","133.824","134.230","133.524","","0.07%"
"12/16/2024","133.824","133.812","134.119","133.514","","0.01%"
"12/13/2024","133.812","133.993","134.142","133.565","","0.06%"
"12/12/2024","133.738","133.947","134.165","133.451","","0.02%"
"12/11/2024","133.715","133.606","134.133","133.426","","0.02%"
"12/10/2024","133.691","133.292","134.015","133.181","","0.30%"
"12/09/2024","133.292","133.501","133.720","133.120","","-0.17%"
"12/06/2024","133.521","133.389","133.676","133.045","","0.10%"
"12/05/2024","133.381","133.781","133.973","133.186","","-0.36%"
"12/04/2024","133.858","133.831","134.234","133.459","","0.03%"
"12/03/2024","133.818","133.796","133.981","133.411","","0.01%"
"12/02/2024","133.801","133.664","134.002","133.427","","0.33%"
"11/29/2024","133.361","133.557","133.747","133.171","","-0.13%"
"11/28/2024","133.531","133.514","133.802","133.417","","0.03%"
"11/27/2024","133.485","133.929","134.049","133.322","","-0.10%"
"11/26/2024","133.624","133.869","134.332","133.461","","-0.03%"
"11/25/2024","133.664","134.013","134.612","133.505","","-0.46%"
"11/22/2024","134.275","134.047","134.531","133.531","","0.51%"
"11/21/2024","133.589","133.734","134.169","133.340","","0.10%"
"11/20/2024","133.458","133.449","133.890","133.083","","0.01%"
"11/19/2024","133.451","133.478","133.913","133.105","","-0.02%"
"11/18/2024","133.477","133.658","133.982","133.200","","0.09%"
"11/15/2024","133.355","133.722","133.923","133.197","","-0.11%"
"11/14/2024","133.498","134.124","134.261","133.294","","-0.47%"
"11/13/2024","134.132","133.819","134.161","133.329","","0.52%"
"11/12/2024","133.442","134.194","134.350","133.341","","-0.28%"
"11/11/2024","133.819","133.393","134.431","133.393","","0.32%"
"11/08/2024","133.393","133.485","134.024","133.194","","0.01%"
"11/07/2024","133.375","133.853","133.960","133.152","","-0.36%"
"11/06/2024","133.861","133.070","134.155","132.805","","0.59%"
"11/05/2024","133.080","133.019","133.472","132.798","","0.05%"
"11/04/2024","133.019","133.217","133.452","132.850","","-0.16%"
"11/01/2024","133.232","133.301","133.612","132.930","","0.10%"
"10/31/2024","133.094","133.348","133.665","132.955","","-0.20%"
"10/30/2024","133.365","133.528","133.673","133.101","","-0.01%"
"10/29/2024","133.377","133.512","133.963","133.237","","-0.01%"
"10/28/2024","133.388","133.313","133.802","133.195","","-0.14%"
"10/25/2024","133.574","133.412","133.704","133.162","","0.12%"
"10/24/2024","133.412","133.521","133.957","133.238","","-0.19%"
"10/23/2024","133.663","133.308","133.973","133.274","","0.04%"
"10/22/2024","133.606","133.589","133.777","133.175","","-0.12%"
"10/21/2024","133.766","133.336","133.787","133.131","","0.17%"
"10/18/2024","133.538","133.889","133.927","133.142","","-0.13%"
"10/17/2024","133.718","133.801","133.984","133.298","","-0.06%"
"10/16/2024","133.798","133.627","133.968","133.128","","0.26%"
"10/15/2024","133.445","133.391","133.773","133.082","","-0.09%"
"10/14/2024","133.570","133.108","133.791","132.982","","0.35%"
"10/11/2024","133.108","133.244","133.390","132.918","","-0.10%"
"10/10/2024","133.236","133.391","133.556","132.900","","0.16%"
"10/09/2024","133.027","132.900","133.538","132.752","","0.10%"
"10/08/2024","132.900","132.887","133.283","132.695","","-0.24%"
"10/07/2024","133.215","132.888","133.464","132.590","","-0.16%"
"10/04/2024","133.432","132.934","133.541","132.739","","0.31%"
"10/03/2024","133.018","133.074","133.439","132.621","","0.20%"
"10/02/2024","132.754","132.598","133.215","132.453","","-0.14%"
"10/01/2024","132.936","132.273","133.039","132.183","","0.50%"
"09/30/2024","132.272","132.305","132.812","131.918","","0.06%"
"09/27/2024","132.191","132.451","132.736","131.970","","-0.13%"
"09/26/2024","132.360","132.609","132.838","132.006","","0.14%"
"09/25/2024","132.174","132.260","132.740","131.937","","-0.16%"
"09/24/2024","132.383","132.759","132.930","132.129","","-0.15%"
"09/23/2024","132.585","132.296","132.919","132.180","","0.22%"
"09/20/2024","132.296","132.328","132.569","132.030","","0.03%"
"09/19/2024","132.252","132.408","132.730","131.879","","0.09%"
"09/18/2024","132.139","132.258","132.613","131.857","","-0.14%"
"09/17/2024","132.328","132.243","132.508","132.036","","0.07%"
"09/16/2024","132.239","132.212","132.495","132.003","","-0.09%"
"09/13/2024","132.358","132.459","132.641","132.040","","-0.08%"
"09/12/2024","132.459","132.546","132.849","132.246","","-0.16%"
"09/11/2024","132.672","132.573","132.839","132.262","","-0.02%"
"09/10/2024","132.692","132.588","132.837","132.300","","0.08%"
"09/09/2024","132.584","132.642","132.773","132.262","","0.05%"
"09/06/2024","132.517","132.502","132.746","132.096","","0.01%"
"09/05/2024","132.502","133.199","133.228","132.282","","-0.35%"
"09/04/2024","132.969","133.065","133.345","132.689","","-0.03%"
"09/03/2024","133.008","133.541","133.949","132.799","","-0.40%"
"09/02/2024","133.541","133.844","134.037","133.391","","-0.26%"
"08/30/2024","133.888","133.935","133.965","133.710","","-0.03%"
"08/29/2024","133.930","133.988","134.215","133.551","","0.13%"
"08/28/2024","133.756","133.928","134.298","133.488","","-0.13%"
"08/27/2024","133.928","134.138","134.463","133.664","","-0.16%"
"08/26/2024","134.138","134.379","134.490","133.690","","-0.18%"
"08/23/2024","134.378","134.106","134.484","133.712","","0.30%"
"08/22/2024","133.977","133.903","134.346","133.589","","0.06%"
"08/21/2024","133.898","133.874","134.247","133.574","","0.01%"
"08/20/2024","133.878","133.956","134.446","133.660","","-0.32%"
"08/19/2024","134.304","134.186","134.506","133.823","","0.05%"
"08/16/2024","134.243","134.469","134.693","134.104","","-0.20%"
"08/15/2024","134.516","134.522","134.727","134.000","","0.12%"
"08/14/2024","134.351","134.263","134.749","133.927","","0.02%"
"08/13/2024","134.329","134.584","134.920","134.064","","-0.17%"
"08/12/2024","134.555","134.576","134.762","134.277","","0.06%"
"08/09/2024","134.474","134.676","134.929","134.317","","-0.11%"
"08/08/2024","134.620","134.743","135.032","134.348","","-0.09%"
"08/07/2024","134.742","134.704","135.008","134.442","","0.04%"
"08/06/2024","134.690","134.650","135.080","134.399","","0.03%"
"08/05/2024","134.649","134.067","134.875","133.871","","0.31%"
"08/02/2024","134.227","134.776","134.945","134.078","","-0.40%"
"08/01/2024","134.764","134.545","135.008","134.370","","0.13%"
"07/31/2024","134.587","134.639","134.943","134.293","","-0.10%"
"07/30/2024","134.716","134.699","134.996","134.418","","0.01%"
"07/29/2024","134.703","134.504","134.821","134.481","","0.24%"
"07/26/2024","134.377","134.567","134.808","134.219","","-0.03%"
"07/25/2024","134.424","134.512","134.982","134.248","","-0.07%"
"07/24/2024","134.512","134.655","135.059","134.368","","-0.11%"
"07/23/2024","134.655","134.764","135.037","134.302","","-0.08%"
"07/22/2024","134.764","134.614","134.917","134.213","","0.12%"
"07/19/2024","134.609","134.589","134.888","134.221","","0.02%"
"07/18/2024","134.584","134.393","134.722","134.063","","0.07%"
"07/17/2024","134.495","134.242","134.638","133.944","","0.19%"
"07/16/2024","134.242","134.413","134.653","134.017","","-0.13%"
"07/15/2024","134.412","134.168","134.569","133.928","","0.01%"
"07/12/2024","134.398","134.181","134.566","133.972","","-0.01%"
"07/11/2024","134.413","134.343","134.629","133.948","","0.03%"
"07/10/2024","134.366","134.446","134.669","134.115","","0.05%"
"07/09/2024","134.293","134.200","134.680","134.070","","-0.08%"
"07/08/2024","134.400","134.312","134.606","134.027","","0.13%"
"07/05/2024","134.219","134.220","134.611","134.010","","0.00%"
"07/04/2024","134.220","134.380","134.610","134.052","","-0.03%"
"07/03/2024","134.257","134.679","134.810","134.055","","-0.14%"
"07/02/2024","134.447","134.633","134.950","134.277","","-0.12%"
"07/01/2024","134.602","134.448","134.888","134.209","","-0.09%"
"06/28/2024","134.721","134.766","135.076","134.340","","0.18%"
"06/27/2024","134.482","134.866","135.082","134.342","","-0.29%"
"06/26/2024","134.867","134.783","135.107","134.393","","0.13%"
"06/25/2024","134.687","134.337","134.996","134.205","","0.26%"
"06/24/2024","134.337","134.664","134.929","134.169","","-0.11%"
"06/21/2024","134.486","134.775","135.049","134.354","","-0.04%"
"06/20/2024","134.542","134.391","135.011","134.250","","-0.04%"
"06/19/2024","134.600","134.586","134.909","134.242","","0.01%"
"06/18/2024","134.590","134.649","134.726","134.491","","-0.17%"
"06/17/2024","134.823","134.823","134.823","134.823","","0.00%"
"06/14/2024","134.823","135.141","135.357","134.472","","-0.23%"
"06/13/2024","135.135","134.553","135.214","134.428","","0.24%"
"06/12/2024","134.806","134.743","135.104","134.290","","0.04%"
"06/11/2024","134.753","134.716","135.108","134.299","","-0.02%"
"06/10/2024","134.786","134.978","135.141","134.579","","0.22%"
"06/07/2024","134.487","134.469","134.841","134.202","","0.01%"
"06/06/2024","134.469","134.468","134.674","134.201","","0.00%"
"06/05/2024","134.467","134.404","134.741","134.241","","0.05%"
"06/04/2024","134.403","134.768","134.826","134.203","","-0.27%"
"06/03/2024","134.768","134.584","134.916","134.293","","0.13%"
"05/31/2024","134.598","134.667","134.860","134.355","","-0.05%"
"05/30/2024","134.670","134.803","134.967","134.524","","-0.10%"
"05/29/2024","134.801","134.521","134.905","134.432","","0.20%"
"05/28/2024","134.529","134.467","134.759","134.263","","-0.05%"
"05/27/2024","134.595","134.514","134.769","134.337","","0.10%"
"05/24/2024","134.456","134.695","134.940","134.279","","-0.17%"
"05/23/2024","134.685","134.625","134.922","134.235","","0.16%"
"05/22/2024","134.468","134.357","134.863","134.200","","0.08%"
"05/21/2024","134.357","134.473","134.753","134.153","","0.01%"
"05/20/2024","134.340","134.410","134.835","134.118","","-0.22%"
"05/17/2024","134.641","134.422","134.855","134.162","","0.23%"
"05/16/2024","134.334","134.221","134.811","134.008","","0.05%"
"05/15/2024","134.261","134.356","134.792","134.039","","-0.05%"
"05/14/2024","134.331","134.273","134.844","134.099","","-0.25%"
"05/13/2024","134.661","134.458","134.797","134.167","","0.05%"
"05/10/2024","134.594","134.641","134.788","134.166","","0.14%"
"05/09/2024","134.410","134.613","134.963","134.232","","-0.20%"
"05/08/2024","134.683","134.548","134.898","134.254","","0.06%"
"05/07/2024","134.596","134.486","134.788","134.132","","0.08%"
"05/06/2024","134.486","134.361","134.717","134.080","","-0.08%"
"05/03/2024","134.593","134.729","134.834","134.067","","-0.10%"
"05/02/2024","134.729","134.573","134.972","134.212","","0.08%"
"05/01/2024","134.621","134.750","135.084","134.251","","0.16%"
"04/30/2024","134.412","134.406","134.902","134.095","","0.00%"
"04/29/2024","134.406","134.463","134.700","134.161","","0.09%"
"04/26/2024","134.285","134.700","134.880","134.126","","-0.31%"
"04/25/2024","134.700","134.614","134.891","134.164","","0.06%"
"04/24/2024","134.614","134.222","134.801","134.076","","0.05%"
"04/23/2024","134.544","134.809","134.943","134.051","","-0.02%"
"04/22/2024","134.577","134.593","134.972","134.333","","-0.01%"
"04/19/2024","134.593","134.659","134.847","134.289","","0.09%"
"04/18/2024","134.473","134.498","134.767","134.197","","-0.22%"
"04/17/2024","134.767","134.805","134.838","134.767","","-0.03%"
"04/16/2024","134.805","134.815","135.115","134.647","","-0.01%"
"04/15/2024","134.815","134.448","135.050","134.390","","0.10%"
"04/12/2024","134.681","134.830","135.161","134.314","","0.06%"
"04/11/2024","134.597","134.633","134.830","134.396","","-0.03%"
"04/10/2024","134.633","134.594","134.657","134.361","","0.03%"
"04/09/2024","134.594","134.507","134.597","134.251","","0.12%"
"04/08/2024","134.426","134.512","134.945","134.332","","-0.24%"
"04/05/2024","134.745","134.566","134.985","134.255","","0.13%"
"04/04/2024","134.566","134.434","134.857","134.104","","-0.10%"
"04/03/2024","134.707","134.680","134.928","134.227","","0.08%"
"04/02/2024","134.601","134.778","135.162","134.443","","-0.07%"
"04/01/2024","134.700","134.566","134.994","134.348","","0.01%"
"03/29/2024","134.681","134.690","134.999","134.297","","-0.01%"
"03/28/2024","134.688","134.657","135.128","134.407","","0.02%"
"03/27/2024","134.658","134.688","135.041","134.467","","0.03%"
"03/26/2024","134.613","134.679","134.956","134.286","","-0.03%"
"03/25/2024","134.650","134.773","135.099","134.422","","-0.07%"
"03/22/2024","134.742","134.655","134.881","134.483","","0.09%"
"03/21/2024","134.626","134.192","134.857","134.027","","-0.02%"
"03/20/2024","134.647","134.600","135.042","134.177","","0.03%"
"03/19/2024","134.600","134.431","135.050","134.153","","0.15%"
"03/18/2024","134.392","134.631","134.870","134.257","","0.00%"
"03/15/2024","134.398","134.609","134.882","134.347","","0.02%"
"03/14/2024","134.375","134.259","134.730","134.148","","0.08%"
"03/13/2024","134.263","134.541","134.816","134.109","","-0.15%"
"03/12/2024","134.463","134.382","134.884","133.980","","0.06%"
"03/11/2024","134.388","134.322","134.769","134.161","","-0.12%"
"03/08/2024","134.555","134.648","134.784","134.106","","-0.07%"
"03/07/2024","134.648","134.364","134.804","134.114","","0.04%"
"03/06/2024","134.594","134.608","134.741","134.096","","-0.01%"
"03/05/2024","134.608","134.388","134.772","134.197","","0.16%"
"03/04/2024","134.387","134.526","134.800","134.194","","-0.30%"
"03/01/2024","134.793","134.691","134.960","134.206","","0.08%"
"02/29/2024","134.691","134.339","134.907","134.112","","0.26%"
"02/28/2024","134.348","134.380","134.981","134.172","","-0.21%"
"02/27/2024","134.637","134.562","134.788","134.171","","0.06%"
"02/26/2024","134.562","134.574","134.844","134.226","","0.05%"
"02/23/2024","134.498","134.469","134.884","134.297","","-0.03%"
"02/22/2024","134.541","134.377","134.828","133.940","","-0.02%"
"02/21/2024","134.573","134.441","134.813","134.182","","0.11%"
"02/20/2024","134.430","134.433","134.744","134.118","","0.02%"
"02/19/2024","134.407","134.409","134.740","134.120","","-0.13%"
"02/16/2024","134.579","134.178","134.883","134.160","","-0.13%"
"02/15/2024","134.752","134.667","134.987","134.122","","0.06%"
"02/14/2024","134.667","134.532","135.108","134.373","","0.10%"
"02/13/2024","134.538","134.553","135.075","134.148","","-0.12%"
"02/12/2024","134.701","134.433","134.918","134.108","","0.27%"
"02/09/2024","134.338","134.357","134.848","134.199","","-0.29%"
"02/08/2024","134.724","134.347","134.949","134.204","","0.17%"
"02/07/2024","134.500","134.773","135.070","134.217","","-0.18%"
"02/06/2024","134.747","134.757","135.182","134.522","","0.00%"
"02/05/2024","134.751","134.917","135.161","134.566","","0.17%"
"02/02/2024","134.518","134.890","135.083","134.124","","-0.28%"
"02/01/2024","134.890","134.474","135.186","134.286","","0.14%"
"01/31/2024","134.708","134.572","135.066","134.230","","0.09%"
"01/30/2024","134.591","134.631","135.024","134.391","","-0.02%"
"01/29/2024","134.620","134.503","135.129","134.382","","0.01%"
"01/26/2024","134.601","134.658","134.815","134.512","","-0.05%"
"01/25/2024","134.663","134.235","134.883","134.100","","0.32%"
"01/24/2024","134.235","134.683","134.861","134.037","","-0.33%"
"01/23/2024","134.683","134.304","134.920","134.041","","0.27%"
"01/22/2024","134.316","134.298","134.614","134.073","","-0.01%"
"01/19/2024","134.333","134.812","134.926","134.221","","-0.20%"
"01/18/2024","134.597","134.880","135.055","134.464","","-0.21%"
"01/17/2024","134.880","134.799","135.072","134.479","","0.06%"
"01/16/2024","134.799","134.387","135.004","134.266","","0.09%"
"01/15/2024","134.683","134.270","134.857","134.173","","0.07%"
"01/12/2024","134.590","134.659","134.813","134.289","","-0.05%"
"01/11/2024","134.659","134.533","134.836","133.962","","0.09%"
"01/10/2024","134.533","134.308","134.735","134.030","","0.00%"
"01/09/2024","134.530","134.224","134.750","133.985","","0.22%"
"01/08/2024","134.229","134.455","134.808","133.990","","-0.13%"
"01/05/2024","134.404","134.517","134.873","134.029","","0.04%"
"01/04/2024","134.353","134.637","134.888","134.104","","-0.26%"
"01/03/2024","134.705","134.679","134.937","134.423","","0.05%"
"01/02/2024","134.638","134.562","134.967","134.215","","0.23%"
"01/01/2024","134.326","134.326","134.326","134.326","","0.00%"
"12/29/2023","134.326","134.396","134.665","133.948","","0.12%"
"12/28/2023","134.165","133.931","134.565","133.602","","-0.13%"
"12/27/2023","134.334","133.951","134.472","133.639","","-0.01%"
"12/26/2023","134.349","134.340","134.503","133.833","","0.01%"
"12/25/2023","134.340","134.392","134.518","134.097","","-0.04%"
"12/22/2023","134.392","134.083","134.582","134.049","","0.24%"
"12/21/2023","134.074","134.399","134.552","134.050","","-0.24%"
"12/20/2023","134.398","134.460","134.620","134.110","","-0.05%"
"12/19/2023","134.460","134.544","134.735","134.135","","-0.06%"
"12/18/2023","134.544","134.449","134.764","134.294","","0.15%"
"12/15/2023","134.347","134.387","134.637","134.021","","-0.03%"
"12/14/2023","134.387","134.604","134.607","134.030","","-0.16%"
"12/13/2023","134.604","134.591","134.853","134.064","","0.01%"
"12/12/2023","134.591","134.743","134.915","134.208","","-0.11%"
"12/11/2023","134.742","134.469","135.003","134.347","","0.03%"
"12/08/2023","134.701","134.712","134.960","134.271","","-0.01%"
"12/07/2023","134.712","134.676","134.923","134.155","","0.19%"
"12/06/2023","134.454","134.620","134.935","134.219","","0.00%"
"12/05/2023","134.450","134.568","135.062","134.031","","-0.09%"
"12/04/2023","134.573","134.525","135.115","134.282","","-0.24%"
"12/01/2023","134.903","134.685","134.921","134.570","","0.17%"
"11/30/2023","134.671","134.287","134.806","133.971","","0.28%"
"11/29/2023","134.291","134.179","134.445","133.869","","0.06%"
"11/28/2023","134.205","133.987","134.482","133.831","","0.16%"
"11/27/2023","133.986","134.188","134.408","133.861","","-0.20%"
"11/24/2023","134.258","134.424","134.468","134.223","","-0.12%"
"11/23/2023","134.420","134.472","134.616","134.017","","0.05%"
"11/22/2023","134.347","134.110","134.754","133.944","","0.17%"
"11/21/2023","134.114","134.200","134.527","133.796","","0.10%"
"11/20/2023","133.974","133.955","134.359","133.679","","-0.28%"
"11/17/2023","134.352","134.448","134.647","133.996","","-0.07%"
"11/16/2023","134.448","134.460","134.634","133.840","","-0.01%"
"11/15/2023","134.459","133.822","134.643","133.609","","0.48%"
"11/14/2023","133.820","134.658","134.993","133.788","","-0.62%"
"11/13/2023","134.653","134.815","135.094","134.428","","0.04%"
"11/10/2023","134.602","134.968","135.296","134.523","","-0.27%"
"11/09/2023","134.967","135.087","135.204","134.461","","-0.09%"
"11/08/2023","135.086","134.552","135.284","134.486","","0.40%"
"11/07/2023","134.554","135.045","135.230","134.389","","-0.20%"
"11/06/2023","134.818","134.954","135.225","134.584","","-0.47%"
"11/03/2023","135.456","135.824","135.995","134.949","","-0.27%"
"11/02/2023","135.820","135.982","136.267","135.442","","-0.12%"
"11/01/2023","135.987","136.006","136.384","135.672","","-0.02%"
"10/31/2023","136.020","135.975","136.287","135.461","","0.03%"
"10/30/2023","135.980","136.399","136.918","135.766","","-0.23%"
"10/27/2023","136.288","136.710","136.747","136.246","","-0.42%"
"10/26/2023","136.864","137.021","137.154","136.724","","-0.06%"
"10/25/2023","136.949","136.967","137.247","136.655","","-0.01%"
"10/24/2023","136.966","137.274","137.402","136.600","","-0.22%"
"10/23/2023","137.274","137.521","137.721","136.835","","-0.20%"
"10/20/2023","137.545","137.673","137.827","137.351","","-0.09%"
"10/19/2023","137.673","137.696","137.988","137.345","","-0.11%"
"10/18/2023","137.826","137.597","138.013","137.395","","0.17%"
"10/17/2023","137.597","137.785","137.956","137.372","","-0.14%"
"10/16/2023","137.784","137.776","138.096","137.489","","-0.07%"
"10/13/2023","137.886","137.557","138.098","137.353","","0.24%"
"10/12/2023","137.557","137.141","137.790","136.917","","0.30%"
"10/11/2023","137.141","137.357","137.606","136.917","","-0.16%"
"10/10/2023","137.357","137.581","137.821","137.015","","-0.24%"
"10/09/2023","137.683","137.558","137.980","137.331","","0.06%"
"10/06/2023","137.604","137.727","137.963","137.319","","-0.09%"
"10/05/2023","137.727","137.817","138.011","137.439","","0.02%"
"10/04/2023","137.701","138.024","138.199","137.469","","-0.23%"
"10/03/2023","138.024","137.823","138.249","137.385","","0.15%"
"10/02/2023","137.823","137.362","138.107","137.150","","0.33%"
"09/29/2023","137.363","137.702","137.828","137.137","","-0.25%"
"09/28/2023","137.702","137.547","137.975","137.349","","0.11%"
"09/27/2023","137.547","137.416","137.559","136.875","","0.10%"
"09/26/2023","137.416","137.668","137.737","136.961","","-0.11%"
"09/25/2023","137.565","137.320","137.721","137.035","","0.19%"
"09/22/2023","137.306","137.262","137.609","137.091","","-0.04%"
"09/21/2023","137.358","137.007","137.585","136.844","","0.26%"
"09/20/2023","137.007","137.094","137.445","136.753","","-0.06%"
"09/19/2023","137.094","137.292","137.508","136.823","","-0.14%"
"09/18/2023","137.292","137.204","137.571","136.979","","0.01%"
"09/15/2023","137.282","137.671","137.830","136.993","","-0.29%"
"09/14/2023","137.676","137.256","137.832","136.889","","0.42%"
"09/13/2023","137.104","137.170","137.523","136.828","","-0.09%"
"09/12/2023","137.224","136.944","137.547","136.845","","0.21%"
"09/11/2023","136.940","137.274","137.274","136.843","","-0.20%"
"09/08/2023","137.211","137.258","137.488","136.972","","-0.03%"
"09/07/2023","137.258","137.022","137.510","136.901","","0.14%"
"09/06/2023","137.072","137.051","137.397","136.846","","0.02%"
"09/05/2023","137.051","136.702","137.341","136.533","","0.26%"
"09/04/2023","136.702","136.687","136.976","136.463","","-0.08%"
"09/01/2023","136.811","136.458","136.829","136.334","","0.22%"
"08/31/2023","136.508","136.075","136.622","135.953","","0.32%"
"08/30/2023","136.075","136.776","136.841","135.865","","-0.51%"
"08/29/2023","136.776","136.715","136.997","136.432","","0.04%"
"08/28/2023","136.715","136.744","136.953","136.465","","-0.12%"
"08/25/2023","136.883","136.757","136.911","136.570","","0.21%"
"08/24/2023","136.597","136.463","136.611","135.734","","0.12%"
"08/23/2023","136.440","136.397","136.690","135.814","","-0.01%"
"08/22/2023","136.455","136.158","136.568","136.095","","0.12%"
"08/21/2023","136.298","136.335","136.368","136.165","","-0.03%"
"08/18/2023","136.340","136.330","136.489","136.312","","0.28%"
"08/17/2023","135.963","135.961","136.401","135.818","","0.00%"
"08/16/2023","135.965","135.878","136.279","135.787","","0.06%"
"08/15/2023","135.881","135.901","136.248","135.761","","-0.01%"
"08/14/2023","135.897","136.025","136.308","135.727","","-0.03%"
"08/11/2023","135.940","135.688","135.940","135.652","","0.24%"
"08/10/2023","135.612","135.824","135.861","135.410","","-0.16%"
"08/09/2023","135.827","135.883","135.924","135.714","","-0.04%"
"08/08/2023","135.878","135.713","136.043","135.683","","0.11%"
"08/07/2023","135.722","135.744","135.862","135.620","","0.13%"
"08/04/2023","135.541","135.938","135.993","135.519","","-0.25%"
"08/03/2023","135.879","135.792","136.089","135.764","","0.06%"
"08/02/2023","135.801","135.676","136.051","135.602","","0.09%"
"08/01/2023","135.674","135.579","135.867","135.554","","0.07%"
"07/31/2023","135.574","135.529","135.645","135.396","","-0.14%"
"07/28/2023","135.769","135.560","135.989","135.283","","0.15%"
"07/27/2023","135.560","135.086","135.887","134.490","","0.35%"
"07/26/2023","135.086","135.181","135.451","134.704","","-0.07%"
"07/25/2023","135.181","134.902","135.451","134.801","","0.21%"
"07/24/2023","134.902","134.659","135.174","134.502","","0.12%"
"07/21/2023","134.742","134.816","134.960","134.681","","-0.07%"
"07/20/2023","134.833","134.440","134.881","134.432","","0.34%"
"07/19/2023","134.375","134.375","134.375","134.375","","0.00%"
"07/18/2023","134.375","134.435","134.601","134.057","","-0.04%"
"07/17/2023","134.435","134.302","134.632","134.130","","0.01%"
"07/14/2023","134.423","134.713","134.793","134.155","","-0.22%"
"07/13/2023","134.713","134.909","135.232","134.412","","-0.15%"
"07/12/2023","134.909","135.405","135.545","134.807","","-0.37%"
"07/11/2023","135.405","135.139","135.614","135.048","","0.10%"
"07/10/2023","135.271","135.351","135.463","135.231","","-0.35%"
"07/07/2023","135.746","135.946","136.106","135.411","","-0.15%"
"07/06/2023","135.946","135.915","136.172","135.513","","0.03%"
"07/05/2023","135.910","135.782","135.924","135.693","","0.08%"
"07/04/2023","135.795","135.604","135.926","135.439","","0.14%"
"07/03/2023","135.604","135.841","136.191","135.395","","-0.26%"
"06/30/2023","135.952","135.567","135.952","135.567","","0.28%"
"06/29/2023","135.567","135.538","135.684","135.273","","0.02%"
"06/28/2023","135.538","135.474","135.539","135.474","","0.05%"
"06/27/2023","135.474","135.592","135.753","135.207","","-0.09%"
"06/26/2023","135.592","135.677","135.874","135.388","","-0.10%"
"06/23/2023","135.731","135.772","135.904","135.686","","0.26%"
"06/22/2023","135.382","135.504","135.538","135.089","","-0.09%"
"06/21/2023","135.509","135.815","135.959","135.283","","-0.07%"
"06/20/2023","135.598","135.832","135.983","135.266","","0.07%"
"06/19/2023","135.503","135.433","136.058","135.269","","-0.12%"
"06/16/2023","135.665","135.665","135.665","135.665","","0.00%"
"06/15/2023","135.665","135.981","136.223","135.631","","-0.23%"
"06/14/2023","135.981","136.152","136.393","135.712","","-0.13%"
"06/13/2023","136.152","136.293","136.530","135.855","","-0.10%"
"06/12/2023","136.293","136.313","136.603","135.976","","-0.02%"
"06/09/2023","136.320","136.316","136.557","136.046","","0.00%"
"06/08/2023","136.316","136.416","136.801","136.085","","-0.22%"
"06/07/2023","136.617","136.800","137.002","136.259","","-0.13%"
"06/06/2023","136.800","136.620","137.073","136.364","","0.16%"
"06/05/2023","136.576","136.690","136.972","136.349","","0.02%"
"06/02/2023","136.550","136.499","136.711","136.174","","0.04%"
"06/01/2023","136.499","136.859","137.080","136.234","","-0.08%"
"05/31/2023","136.611","136.722","137.270","136.544","","-0.08%"
"05/30/2023","136.724","136.845","137.207","136.509","","-0.09%"
"05/29/2023","136.845","136.767","137.066","136.590","","0.06%"
"05/26/2023","136.762","136.778","136.920","136.644","","-0.01%"
"05/25/2023","136.769","136.760","136.974","136.602","","0.00%"
"05/24/2023","136.765","136.517","136.841","136.392","","0.09%"
"05/23/2023","136.639","136.425","136.691","136.266","","0.16%"
"05/22/2023","136.421","136.385","136.576","136.219","","0.05%"
"05/19/2023","136.355","136.360","136.762","136.114","","0.00%"
"05/18/2023","136.360","136.352","136.731","136.081","","0.01%"
"05/17/2023","136.352","136.203","136.666","136.014","","0.18%"
"05/16/2023","136.107","136.064","136.204","135.923","","0.03%"
"05/15/2023","136.069","136.017","136.145","135.914","","-0.06%"
"05/12/2023","136.144","135.992","136.144","135.733","","0.11%"
"05/11/2023","135.996","135.471","136.132","135.324","","0.39%"
"05/10/2023","135.471","135.554","135.947","135.245","","-0.06%"
"05/09/2023","135.554","135.146","135.913","135.060","","0.30%"
"05/08/2023","135.146","135.214","135.454","134.951","","-0.06%"
"05/05/2023","135.229","135.323","135.627","135.049","","-0.07%"
"05/04/2023","135.323","135.204","135.601","134.960","","-0.07%"
"05/03/2023","135.421","135.736","135.882","135.017","","-0.18%"
"05/02/2023","135.661","135.510","136.018","135.336","","0.15%"
"05/01/2023","135.460","135.460","135.460","135.460","","0.00%"
"04/28/2023","135.460","135.436","135.754","135.175","","0.02%"
"04/27/2023","135.436","135.223","135.768","134.929","","0.16%"
"04/26/2023","135.223","135.423","135.837","134.929","","-0.15%"
"04/25/2023","135.423","135.467","135.818","135.059","","0.02%"
"04/24/2023","135.395","135.648","135.858","135.117","","-0.08%"
"04/21/2023","135.499","135.582","135.971","135.313","","-0.02%"
"04/20/2023","135.524","135.819","135.927","135.317","","-0.11%"
"04/19/2023","135.679","135.519","135.962","135.318","","0.12%"
"04/18/2023","135.519","135.600","136.006","135.306","","-0.06%"
"04/17/2023","135.600","135.399","136.065","135.211","","0.31%"
"04/14/2023","135.181","135.207","135.611","134.925","","-0.15%"
"04/13/2023","135.379","135.445","135.675","135.040","","-0.05%"
"04/12/2023","135.450","135.646","135.975","135.319","","-0.14%"
"04/11/2023","135.646","135.935","136.164","135.460","","-0.21%"
"04/10/2023","135.935","135.772","136.223","135.389","","0.13%"
"04/07/2023","135.754","135.655","135.952","135.409","","0.07%"
"04/06/2023","135.655","135.383","135.886","135.243","","0.20%"
"04/05/2023","135.383","135.632","135.829","135.155","","-0.18%"
"04/04/2023","135.632","135.649","135.890","135.217","","-0.03%"
"04/03/2023","135.668","136.012","136.059","135.562","","-0.18%"
"03/31/2023","135.917","135.562","135.988","135.324","","0.29%"
"03/30/2023","135.525","135.673","135.924","135.292","","-0.11%"
"03/29/2023","135.673","135.690","135.996","135.438","","-0.01%"
"03/28/2023","135.687","135.880","135.940","135.608","","-0.14%"
"03/27/2023","135.877","136.068","136.212","135.850","","-0.17%"
"03/24/2023","136.105","135.477","136.269","135.377","","0.46%"
"03/23/2023","135.477","135.758","136.036","135.109","","-0.21%"
"03/22/2023","135.758","135.556","136.028","135.207","","0.15%"
"03/21/2023","135.556","135.820","136.254","135.342","","-0.19%"
"03/20/2023","135.820","136.227","136.485","135.623","","-0.30%"
"03/17/2023","136.225","136.459","136.652","135.943","","-0.17%"
"03/16/2023","136.459","136.669","136.907","136.162","","-0.15%"
"03/15/2023","136.669","135.808","136.995","135.546","","0.63%"
"03/14/2023","135.808","135.914","136.246","135.587","","-0.08%"
"03/13/2023","135.914","136.584","136.690","135.531","","-0.49%"
"03/10/2023","136.583","136.682","136.920","136.144","","-0.07%"
"03/09/2023","136.682","136.915","137.068","136.468","","-0.17%"
"03/08/2023","136.912","136.866","137.226","136.329","","0.03%"
"03/07/2023","136.871","136.316","136.940","136.228","","0.43%"
"03/06/2023","136.283","136.446","136.775","136.096","","-0.14%"
"03/03/2023","136.471","136.686","136.751","136.456","","-0.16%"
"03/02/2023","136.691","136.335","136.835","136.307","","0.26%"
"03/01/2023","136.330","136.541","136.722","136.055","","-0.07%"
"02/28/2023","136.431","136.714","136.939","136.248","","-0.21%"
"02/27/2023","136.714","137.050","137.260","136.466","","-0.05%"
"02/24/2023","136.789","137.034","137.120","136.560","","0.02%"
"02/23/2023","136.756","136.974","137.416","136.625","","-0.16%"
"02/22/2023","136.974","137.006","137.313","136.633","","-0.12%"
"02/21/2023","137.135","136.933","137.175","136.629","","0.15%"
"02/20/2023","136.936","136.817","136.997","136.641","","0.07%"
"02/17/2023","136.844","136.997","137.195","136.830","","0.01%"
"02/16/2023","136.835","136.778","136.971","136.626","","0.03%"
"02/15/2023","136.791","136.521","137.097","136.305","","0.21%"
"02/14/2023","136.501","136.757","136.972","136.062","","-0.16%"
"02/13/2023","136.723","136.719","137.008","136.456","","0.13%"
"02/10/2023","136.550","136.178","136.871","136.084","","0.27%"
"02/09/2023","136.178","136.527","136.770","135.999","","-0.26%"
"02/08/2023","136.527","136.687","136.850","136.190","","-0.12%"
"02/07/2023","136.687","136.367","137.015","136.200","","0.23%"
"02/06/2023","136.367","136.115","136.692","135.754","","0.62%"
"02/03/2023","135.521","135.424","136.048","135.215","","0.07%"
"02/02/2023","135.424","135.574","135.827","134.952","","-0.11%"
"02/01/2023","135.575","135.927","136.077","135.377","","-0.26%"
"01/31/2023","135.927","136.005","136.121","135.662","","0.13%"
"01/30/2023","135.752","135.802","135.948","135.546","","0.08%"
"01/27/2023","135.642","135.666","135.996","135.434","","-0.02%"
"01/26/2023","135.666","135.558","136.016","135.328","","0.07%"
"01/25/2023","135.567","135.772","136.048","135.424","","-0.15%"
"01/24/2023","135.772","135.707","136.120","135.472","68.13K","0.05%"
"01/23/2023","135.707","135.997","136.300","135.474","38.77K","-0.22%"
"01/20/2023","136.001","136.055","136.237","135.758","1.06K","-0.04%"
"01/19/2023","136.055","135.931","136.330","135.750","55.54K","0.09%"
"01/18/2023","135.931","136.083","136.213","135.621","23.03K","-0.14%"
"01/17/2023","136.119","135.981","136.151","135.803","3.10K","-0.24%"
"01/16/2023","136.452","136.452","136.452","136.452","","0.00%"
"01/13/2023","136.452","136.451","136.452","136.451","","0.00%"
"01/12/2023","136.451","136.522","136.522","136.450","53.00K","-0.05%"
"01/11/2023","136.522","136.539","136.569","136.521","48.86K","-0.01%"
"01/10/2023","136.539","136.876","136.877","136.539","51.63K","-0.25%"
"01/09/2023","136.876","137.316","137.316","136.876","29.54K","-0.32%"
"01/06/2023","137.314","137.812","138.064","137.260","41.72K","-0.36%"
"01/05/2023","137.810","137.185","137.845","137.040","27.63K","0.46%"
"01/04/2023","137.175","137.610","137.664","137.059","19.23K","-0.33%"
"01/03/2023","137.628","137.495","138.118","137.248","40.72K","0.11%"
"01/02/2023","137.476","137.156","137.621","137.091","7.98K","0.09%"
"12/30/2022","137.352","137.280","137.608","137.023","4.11K","-0.06%"
"12/29/2022","137.434","137.375","137.688","137.069","4.24K","0.04%"
"12/28/2022","137.375","137.376","137.670","137.092","4.32K","0.01%"
"12/27/2022","137.361","137.482","137.686","137.093","5.68K","-0.09%"
"12/26/2022","137.482","137.535","137.803","137.224","7.58K","-0.04%"
"12/23/2022","137.535","137.745","137.799","137.213","17.23K","-0.15%"
"12/22/2022","137.747","137.506","137.862","137.089","29.02K","0.26%"
"12/21/2022","137.396","137.453","137.743","137.152","8.96K","-0.03%"
"12/20/2022","137.444","137.556","137.776","137.158","4.24K","-0.08%"
"12/19/2022","137.556","137.384","137.556","137.384","0.54K","0.04%"
"12/16/2022","137.496","137.390","137.756","137.126","3.70K","0.08%"
"12/15/2022","137.390","137.140","137.773","136.937","37.49K","-0.01%"
"12/14/2022","137.409","137.620","137.942","137.030","42.26K","-0.15%"
"12/13/2022","137.620","138.071","138.210","137.268","35.35K","-0.33%"
"12/12/2022","138.074","137.984","138.219","137.716","20.73K","-0.08%"
"12/09/2022","138.190","137.831","138.310","137.681","40.19K","0.06%"
"12/08/2022","138.104","138.365","138.435","137.713","45.43K","-0.20%"
"12/07/2022","138.375","138.016","138.627","137.752","30.84K","0.26%"
"12/06/2022","138.016","138.349","138.461","137.770","36.53K","-0.24%"
"12/05/2022","138.351","138.219","138.424","137.634","30.40K","0.16%"
"12/02/2022","138.128","138.055","138.659","137.953","36.78K","0.05%"
"12/01/2022","138.054","138.462","138.849","137.953","29.94K","-0.29%"
"11/30/2022","138.457","138.822","139.145","138.386","15.22K","-0.27%"
"11/29/2022","138.827","138.219","139.005","138.120","16.75K","0.44%"
"11/28/2022","138.219","138.498","138.832","137.876","9.69K","-0.14%"
"11/25/2022","138.412","138.337","138.619","138.241","5.98K","0.06%"
"11/24/2022","138.332","138.483","138.750","138.048","17.73K","-0.26%"
"11/23/2022","138.698","139.000","139.210","138.485","26.35K","-0.22%"
"11/22/2022","139.004","139.351","139.579","138.855","30.36K","-0.34%"
"11/21/2022","139.473","139.147","139.618","138.315","27.17K","0.30%"
"11/18/2022","139.054","138.906","139.112","138.524","39.78K","0.11%"
"11/17/2022","138.901","138.460","139.207","138.403","28.86K","0.33%"
"11/16/2022","138.450","138.898","138.981","138.076","36.24K","-0.34%"
"11/15/2022","138.924","139.002","139.319","138.016","48.17K","-0.04%"
"11/14/2022","138.986","139.031","139.375","138.667","24.00K","0.02%"
"11/11/2022","138.960","139.144","139.592","138.819","23.11K","-0.13%"
"11/10/2022","139.146","140.486","140.876","139.084","53.07K","-0.97%"
"11/09/2022","140.506","140.201","140.706","139.767","47.35K","0.22%"
"11/08/2022","140.201","140.194","140.490","139.640","53.49K","0.19%"
"11/07/2022","139.936","140.259","140.560","139.846","27.29K","-0.22%"
"11/04/2022","140.243","140.457","140.677","140.004","9.32K","-0.15%"
"11/03/2022","140.457","140.865","141.351","140.106","12.14K","-0.30%"
"11/02/2022","140.875","140.710","140.891","140.013","17.06K","0.12%"
"11/01/2022","140.710","140.508","140.798","140.193","3.60K","0.13%"
"10/31/2022","140.524","140.345","140.779","140.143","20.05K","0.21%"
"10/28/2022","140.236","140.824","140.993","140.010","6.49K","-0.41%"
"10/27/2022","140.814","139.988","140.967","139.890","28.40K","0.61%"
"10/26/2022","139.967","140.375","140.685","139.735","30.89K","-0.29%"
"10/25/2022","140.370","140.326","140.690","139.668","30.91K","0.12%"
"10/24/2022","140.199","140.775","140.801","139.886","13.97K","-0.25%"
"10/21/2022","140.546","140.676","140.976","140.216","4.82K","0.16%"
"10/20/2022","140.326","140.469","140.864","140.128","40.75K","-0.10%"
"10/19/2022","140.471","140.208","140.936","140.035","58.68K","0.07%"
"10/18/2022","140.375","140.107","140.693","139.862","77.34K","0.09%"
"10/17/2022","140.255","140.406","140.834","139.938","54.37K","-0.11%"
"10/14/2022","140.406","140.059","140.796","139.822","6.10K","0.25%"
"10/13/2022","140.051","140.726","141.007","139.797","33.68K","-0.54%"
"10/12/2022","140.811","140.662","140.929","140.165","50.78K","0.09%"
"10/11/2022","140.678","140.438","140.859","140.057","63.48K","-0.02%"
"10/10/2022","140.705","140.355","140.814","140.199","30.70K","0.19%"
"10/07/2022","140.434","140.414","141.053","140.293","38.32K","-0.20%"
"10/06/2022","140.715","140.464","141.051","140.089","45.27K","0.18%"
"10/05/2022","140.464","139.899","141.080","139.707","51.28K","0.40%"
"10/04/2022","139.907","140.432","140.703","139.603","34.75K","-0.35%"
"10/03/2022","140.397","140.836","141.042","140.153","29.05K","-0.30%"
"09/30/2022","140.824","140.454","141.387","140.196","4.36K","0.26%"
"09/29/2022","140.454","142.363","142.363","140.195","15.23K","-1.34%"
"09/28/2022","142.361","142.577","142.903","142.360","5.15K","1.28%"
"09/27/2022","140.560","140.560","141.227","140.465","6.97K","0.00%"
"09/26/2022","140.559","140.896","141.149","140.441","13.29K","-0.02%"
"09/23/2022","140.586","140.718","141.299","140.381","43.53K","-0.10%"
"09/22/2022","140.726","141.062","141.289","140.258","63.09K","-0.23%"
"09/21/2022","141.056","140.585","141.320","140.292","58.46K","0.21%"
"09/20/2022","140.758","140.313","140.937","139.962","33.89K","0.32%"
"09/19/2022","140.313","140.407","140.758","140.102","23.41K","-0.07%"
"09/16/2022","140.408","140.447","140.795","140.016","29.53K","-0.03%"
"09/15/2022","140.452","140.840","140.997","140.029","37.27K","-0.28%"
"09/14/2022","140.849","141.543","141.694","140.259","41.11K","-0.51%"
"09/13/2022","141.569","140.580","141.673","140.184","45.08K","0.70%"
"09/12/2022","140.580","140.494","141.061","140.071","29.10K","-0.25%"
"09/09/2022","140.931","140.708","140.979","139.944","37.44K","0.16%"
"09/08/2022","140.703","140.157","141.039","140.021","56.37K","0.17%"
"09/07/2022","140.458","140.332","141.013","140.020","67.44K","-0.23%"
"09/06/2022","140.776","140.384","141.158","140.093","56.03K","0.28%"
"09/05/2022","140.384","141.025","141.059","140.200","25.69K","-0.25%"
"09/02/2022","140.733","140.820","141.055","140.332","24.69K","-0.06%"
"09/01/2022","140.820","140.273","141.210","140.273","27.86K","0.37%"
"08/31/2022","140.298","140.613","141.012","140.174","34.65K","-0.20%"
"08/30/2022","140.580","140.420","140.923","140.220","40.48K","0.11%"
"08/29/2022","140.420","140.427","140.622","140.116","10.89K","-0.30%"
"08/26/2022","140.837","141.060","141.207","140.243","4.06K","-0.17%"
"08/25/2022","141.070","141.138","141.193","140.819","3.42K","-0.05%"
"08/24/2022","141.142","141.332","141.506","141.122","4.27K","-0.13%"
"08/23/2022","141.327","141.676","141.893","141.123","4.57K","-0.25%"
"08/22/2022","141.681","141.745","141.852","141.261","2.95K","0.05%"
"08/19/2022","141.617","141.785","141.881","141.460","4.31K","-0.13%"
"08/18/2022","141.800","142.025","142.206","141.532","3.07K","-0.17%"
"08/17/2022","142.040","142.322","142.408","141.989","4.37K","-0.18%"
"08/16/2022","142.296","142.667","142.789","142.181","3.62K","-0.39%"
"08/15/2022","142.856","142.856","142.856","142.856","","0.00%"
"08/12/2022","142.856","143.038","143.228","142.651","4.45K","-0.12%"
"08/11/2022","143.028","143.333","143.611","142.828","16.93K","-0.22%"
"08/10/2022","143.343","143.851","143.907","142.994","13.05K","-0.36%"
"08/09/2022","143.856","143.806","143.907","143.755","0.92K","-0.09%"
"08/08/2022","143.991","144.409","144.526","144.014","0.62K","-0.38%"
"08/05/2022","144.536","144.680","144.812","144.241","4.62K","-0.09%"
"08/04/2022","144.670","146.186","146.231","144.580","18.88K","-0.78%"
"08/03/2022","145.800","145.630","146.399","145.386","44.47K","0.11%"
"08/02/2022","145.640","145.547","146.084","145.225","29.44K","0.06%"
"08/01/2022","145.557","145.846","145.918","145.481","4.61K","-0.25%"
"07/29/2022","145.918","146.038","146.069","145.707","3.04K","-0.08%"
"07/28/2022","146.033","146.066","146.577","145.425","12.19K","-0.04%"
"07/27/2022","146.097","146.488","146.661","145.760","9.82K","-0.04%"
"07/26/2022","146.160","145.919","146.562","145.498","7.58K","0.17%"
"07/25/2022","145.913","146.070","146.174","145.722","2.91K","-0.07%"
"07/22/2022","146.009","145.960","146.520","145.664","27.88K","0.03%"
"07/21/2022","145.960","145.749","146.387","145.293","35.92K","0.14%"
"07/20/2022","145.749","145.887","146.282","145.339","22.38K","-0.09%"
"07/19/2022","145.877","146.416","146.551","145.389","14.08K","-0.36%"
"07/18/2022","146.411","146.070","146.536","146.024","1.95K","-0.51%"
"07/15/2022","147.155","147.155","147.155","147.155","","0.00%"
"07/14/2022","147.155","147.280","147.280","147.155","14.14K","-0.08%"
"07/13/2022","147.280","147.039","147.280","146.975","14.47K","0.13%"
"07/12/2022","147.090","146.750","147.282","146.715","8.05K","0.12%"
"07/11/2022","146.910","146.565","146.920","146.550","0.06K","0.14%"
"07/08/2022","146.703","147.031","147.264","146.622","47.68K","-0.22%"
"07/07/2022","147.033","147.278","147.303","146.905","42.24K","-0.17%"
"07/06/2022","147.280","146.600","147.326","146.470","42.17K","0.46%"
"07/05/2022","146.600","146.350","147.020","146.026","50.06K","0.17%"
"07/04/2022","146.355","146.554","146.709","146.035","15.35K","-0.14%"
"07/01/2022","146.554","146.305","146.850","146.284","2.57K","0.18%"
"06/30/2022","146.295","146.582","146.934","146.191","3.61K","-0.20%"
"06/29/2022","146.587","146.138","146.659","145.773","20.21K","0.31%"
"06/28/2022","146.128","145.614","146.359","145.394","21.60K","0.36%"
"06/27/2022","145.611","145.816","145.995","145.368","10.54K","-0.12%"
"06/24/2022","145.781","145.863","146.248","145.590","35.42K","-0.06%"
"06/23/2022","145.867","145.792","146.427","145.590","42.71K","0.05%"
"06/22/2022","145.794","145.831","146.377","145.500","34.03K","-0.02%"
"06/21/2022","145.828","145.919","146.279","145.435","34.13K","-0.07%"
"06/20/2022","145.924","146.038","146.360","145.610","34.80K","-0.22%"
"06/17/2022","146.250","146.027","146.487","145.968","4.44K","0.16%"
"06/16/2022","146.022","146.492","146.791","145.771","4.68K","-0.31%"
"06/15/2022","146.481","146.546","146.903","145.931","35.83K","-0.05%"
"06/14/2022","146.548","146.762","146.955","146.140","28.11K","-0.12%"
"06/13/2022","146.727","146.660","146.899","145.930","2.19K","0.14%"
"06/10/2022","146.518","146.294","146.574","146.074","3.70K","0.16%"
"06/09/2022","146.289","145.110","146.319","145.065","17.18K","0.81%"
"06/08/2022","145.110","145.848","145.996","145.050","16.87K","-0.50%"
"06/07/2022","145.832","145.175","146.090","145.130","10.59K","0.46%"
"06/06/2022","145.170","145.657","145.865","145.035","12.00K","-0.17%"
"06/03/2022","145.410","144.870","145.805","144.850","16.58K","0.37%"
"06/02/2022","144.870","145.757","146.052","144.830","28.93K","-0.16%"
"06/01/2022","145.105","145.593","146.202","145.050","36.13K","-0.27%"
"05/31/2022","145.495","145.352","145.959","145.166","20.55K","0.10%"
"05/30/2022","145.343","145.354","145.591","145.309","2.28K","-0.08%"
"05/27/2022","145.466","145.531","145.642","145.337","4.14K","-0.03%"
"05/26/2022","145.507","145.630","145.984","145.320","19.43K","-0.09%"
"05/25/2022","145.632","145.276","146.046","145.151","41.55K","0.24%"
"05/24/2022","145.279","145.251","145.782","144.802","50.64K","0.27%"
"05/23/2022","144.895","145.375","145.933","144.870","41.78K","-0.59%"
"05/20/2022","145.749","145.661","145.825","145.610","2.77K","0.05%"
"05/19/2022","145.681","145.676","146.169","145.279","24.61K","0.00%"
"05/18/2022","145.674","145.501","146.104","145.313","40.02K","0.12%"
"05/17/2022","145.506","146.354","146.374","145.347","17.06K","-0.57%"
"05/16/2022","146.339","146.414","146.727","146.031","26.88K","-0.04%"
"05/13/2022","146.397","146.350","146.865","146.124","42.11K","-0.15%"
"05/12/2022","146.622","145.636","146.795","145.523","47.73K","0.68%"
"05/11/2022","145.636","145.928","146.052","145.359","30.85K","-0.02%"
"05/10/2022","145.667","145.622","146.024","145.346","6.02K","0.03%"
"05/09/2022","145.620","146.276","146.296","145.491","0.89K","0.39%"
"05/06/2022","145.060","145.045","145.190","144.920","35.99K","0.01%"
"05/05/2022","145.050","144.485","145.175","144.460","22.74K","0.21%"
"05/04/2022","144.750","144.750","144.750","144.750","","0.00%"
"05/03/2022","144.750","144.750","144.750","144.750","","0.00%"
"05/02/2022","144.750","144.750","144.750","144.750","","0.00%"
"04/29/2022","144.750","144.749","144.980","144.379","1.89K","0.00%"
"04/28/2022","144.746","144.621","144.808","144.050","3.33K","0.08%"
"04/27/2022","144.629","144.477","144.966","144.015","4.88K","0.10%"
"04/26/2022","144.478","144.561","144.824","144.113","8.70K","0.13%"
"04/25/2022","144.288","144.411","144.692","144.033","5.59K","0.27%"
"04/22/2022","143.895","143.440","144.296","143.346","29.20K","0.31%"
"04/21/2022","143.449","143.463","143.878","142.810","52.70K","-0.01%"
"04/20/2022","143.461","143.958","143.992","143.236","28.55K","-0.35%"
"04/19/2022","143.963","143.947","144.049","143.085","10.23K","0.01%"
"04/18/2022","143.943","143.820","144.005","143.090","4.09K","0.11%"
"04/15/2022","143.778","143.700","143.844","143.686","3.71K","0.06%"
"04/14/2022","143.696","143.411","143.983","142.808","40.12K","0.20%"
"04/13/2022","143.403","143.411","143.926","143.001","45.34K","0.00%"
"04/12/2022","143.405","143.317","143.864","143.070","40.67K","0.06%"
"04/11/2022","143.321","143.502","143.685","142.920","22.46K","-0.05%"
"04/08/2022","143.388","142.850","143.834","142.820","62.70K","0.10%"
"04/07/2022","143.244","142.790","143.719","142.595","54.15K","0.33%"
"04/06/2022","142.770","143.040","143.866","142.575","55.53K","-0.19%"
"04/05/2022","143.045","142.810","143.747","142.710","42.30K","0.16%"
"04/04/2022","142.810","143.269","143.541","142.565","19.28K","-0.26%"
"04/01/2022","143.189","143.055","143.278","142.705","7.18K","0.27%"
"03/31/2022","142.808","142.449","143.164","142.217","52.07K","0.25%"
"03/30/2022","142.447","142.650","143.010","142.080","59.68K","-0.14%"
"03/29/2022","142.652","142.995","143.320","142.120","49.39K","-0.24%"
"03/28/2022","142.991","143.228","143.394","142.510","31.06K","0.33%"
"03/25/2022","142.520","142.480","143.209","142.305","29.65K","-0.25%"
"03/24/2022","142.880","142.430","143.290","142.355","37.72K","0.34%"
"03/23/2022","142.395","142.285","143.272","142.220","45.13K","0.01%"
"03/22/2022","142.380","142.900","143.230","142.210","39.05K","0.04%"
"03/21/2022","142.325","142.692","142.933","142.240","5.49K","-0.15%"
"03/18/2022","142.535","142.396","142.995","142.173","13.91K","0.10%"
"03/17/2022","142.386","142.608","142.864","142.124","5.27K","-0.16%"
"03/16/2022","142.611","143.005","143.098","142.251","4.88K","-0.27%"
"03/15/2022","143.001","142.410","143.219","142.095","15.06K","0.41%"
"03/14/2022","142.420","143.237","143.304","142.330","6.13K","-0.51%"
"03/11/2022","143.147","142.986","143.235","142.470","13.81K","0.32%"
"03/10/2022","142.694","142.549","143.072","142.151","19.77K","0.18%"
"03/09/2022","142.440","142.967","143.091","142.106","20.16K","-0.20%"
"03/08/2022","142.719","143.122","143.190","142.321","18.46K","-0.06%"
"03/07/2022","142.804","142.715","143.713","142.596","11.48K","0.13%"
"03/04/2022","142.619","142.345","143.221","142.018","40.31K","0.35%"
"03/03/2022","142.126","142.084","142.543","141.769","19.47K","0.02%"
"03/02/2022","142.102","141.765","142.484","141.485","23.20K","0.24%"
"03/01/2022","141.767","141.323","142.211","141.113","27.59K","0.31%"
"02/28/2022","141.323","141.373","141.786","140.700","13.28K","0.10%"
"02/25/2022","141.175","141.386","141.737","140.944","10.99K","-0.15%"
"02/24/2022","141.385","140.658","141.794","140.577","19.94K","0.52%"
"02/23/2022","140.656","140.665","141.031","140.265","35.90K","0.00%"
"02/22/2022","140.663","140.939","141.123","140.330","44.63K","-0.02%"
"02/21/2022","140.696","140.623","141.035","140.170","15.72K","0.08%"
"02/18/2022","140.581","140.701","140.943","140.341","8.45K","0.06%"
"02/17/2022","140.495","140.180","140.930","140.125","10.38K","0.23%"
"02/16/2022","140.175","140.751","140.869","140.075","21.31K","-0.40%"
"02/15/2022","140.742","140.769","141.096","140.225","46.12K","0.17%"
"02/14/2022","140.510","141.068","141.226","140.355","37.69K","-0.23%"
"02/11/2022","140.831","140.235","140.932","140.215","3.42K","0.43%"
"02/10/2022","140.230","140.696","140.995","139.935","31.35K","-0.33%"
"02/09/2022","140.701","140.759","140.813","140.110","17.42K","-0.03%"
"02/08/2022","140.750","140.608","140.824","140.190","22.36K","0.10%"
"02/07/2022","140.613","140.661","140.754","140.554","2.86K","-0.01%"
"02/04/2022","140.625","140.373","140.736","140.228","3.66K","0.18%"
"02/03/2022","140.368","140.607","140.763","139.630","32.72K","0.09%"
"02/02/2022","140.245","140.020","140.657","139.860","27.71K","0.17%"
"02/01/2022","140.010","140.353","140.717","139.635","24.22K","-0.25%"
"01/31/2022","140.358","140.517","140.750","139.940","13.09K","-0.12%"
"01/28/2022","140.526","140.602","140.706","140.486","3.87K","-0.05%"
"01/27/2022","140.597","140.065","140.711","139.955","26.08K","0.38%"
"01/26/2022","140.060","140.126","140.412","139.750","35.20K","0.19%"
"01/25/2022","139.800","139.710","140.538","139.660","39.59K","0.06%"
"01/24/2022","139.710","140.159","140.410","139.683","28.33K","-0.25%"
"01/21/2022","140.066","139.945","140.292","139.764","5.01K","0.09%"
"01/20/2022","139.942","139.740","140.294","139.420","18.46K","0.15%"
"01/19/2022","139.738","139.911","140.129","139.535","13.45K","-0.08%"
"01/18/2022","139.844","139.570","140.166","139.503","46.59K","0.20%"
"01/17/2022","139.570","140.028","140.141","139.380","20.98K","-0.28%"
"01/14/2022","139.964","139.702","139.978","139.580","3.66K","0.18%"
"01/13/2022","139.707","138.980","139.862","138.815","27.66K","0.53%"
"01/12/2022","138.970","139.614","139.788","138.925","31.72K","-0.16%"
"01/11/2022","139.190","139.695","139.855","139.115","21.80K","-0.35%"
"01/10/2022","139.678","139.537","139.865","138.985","8.41K","0.13%"
"01/07/2022","139.493","139.359","139.715","139.270","3.17K","0.11%"
"01/06/2022","139.342","139.090","139.400","139.029","4.33K","0.18%"
"01/05/2022","139.094","139.227","139.272","138.944","4.25K","-0.10%"
"01/04/2022","139.231","139.162","139.320","139.064","4.21K","0.06%"
"01/03/2022","139.149","138.977","139.238","138.620","2.76K","0.25%"
"12/31/2021","138.806","139.050","139.143","138.806","2.64K","-0.17%"
"12/30/2021","139.046","138.945","139.167","138.897","3.84K","0.07%"
"12/29/2021","138.950","139.109","139.287","138.862","4.05K","-0.12%"
"12/28/2021","139.113","139.040","139.202","139.007","3.83K","0.05%"
"12/27/2021","139.044","139.057","139.156","139.022","2.51K","0.15%"
"12/24/2021","138.831","139.034","139.245","138.617","31.56K","-0.07%"
"12/23/2021","138.926","139.087","139.313","138.622","39.31K","-0.11%"
"12/22/2021","139.079","139.286","139.522","138.651","20.83K","-0.13%"
"12/21/2021","139.264","139.310","139.493","138.807","22.27K","-0.04%"
"12/20/2021","139.314","139.387","139.565","138.872","14.96K","0.21%"
"12/17/2021","139.022","138.849","139.032","138.809","30.57K","0.12%"
"12/16/2021","138.849","139.264","139.373","138.526","29.12K","-0.27%"
"12/15/2021","139.224","139.362","139.593","138.757","10.10K","-0.10%"
"12/14/2021","139.367","139.081","139.481","138.666","75.76K","0.20%"
"12/13/2021","139.085","139.004","139.506","138.781","45.20K","0.06%"
"12/10/2021","139.006","138.920","139.438","138.759","65.12K","0.03%"
"12/09/2021","138.964","138.967","139.359","138.624","45.94K","0.06%"
"12/08/2021","138.882","139.312","139.430","138.607","23.90K","-0.30%"
"12/07/2021","139.303","139.243","139.598","138.743","31.03K","0.05%"
"12/06/2021","139.238","139.254","139.435","138.707","20.87K","0.29%"
"12/03/2021","138.835","138.890","139.445","138.650","44.56K","-0.04%"
"12/02/2021","138.890","139.076","139.266","138.565","30.18K","-0.13%"
"12/01/2021","139.071","138.970","139.277","138.533","18.28K","0.07%"
"11/30/2021","138.970","139.088","139.415","138.313","37.70K","0.11%"
"11/29/2021","138.815","139.194","139.387","138.609","35.07K","-0.20%"
"11/26/2021","139.096","139.474","139.478","139.096","1.04K","-0.27%"
"11/25/2021","139.478","139.429","139.646","138.986","18.17K","-0.02%"
"11/24/2021","139.509","139.082","139.704","138.625","72.92K","0.61%"
"11/23/2021","138.660","139.014","139.423","138.530","73.74K","-0.25%"
"11/22/2021","139.010","139.243","139.372","138.770","22.25K","-0.13%"
"11/19/2021","139.194","138.776","139.328","138.526","7.02K","0.37%"
"11/18/2021","138.681","138.814","139.150","138.521","14.75K","-0.10%"
"11/17/2021","138.816","138.730","139.200","138.640","7.84K","0.06%"
"11/16/2021","138.734","138.580","139.120","138.191","8.20K","0.10%"
"11/15/2021","138.589","138.224","138.659","137.580","21.24K","0.23%"
"11/12/2021","138.276","138.550","138.620","138.194","3.91K","-0.20%"
"11/11/2021","138.559","138.370","138.590","137.745","23.15K","0.14%"
"11/10/2021","138.366","137.854","138.379","137.185","20.09K","0.38%"
"11/09/2021","137.842","137.803","137.957","137.215","19.71K","0.03%"
"11/08/2021","137.798","137.983","137.983","137.210","11.54K","-0.01%"
"11/05/2021","137.807","137.940","138.226","137.619","34.26K","0.03%"
"11/04/2021","137.763","137.396","138.126","137.005","44.31K","0.27%"
"11/03/2021","137.391","137.478","137.558","136.825","21.03K","0.41%"
"11/02/2021","136.825","137.401","137.548","136.800","18.58K","-0.43%"
"11/01/2021","137.409","137.165","137.608","137.165","5.62K","-0.16%"
"10/29/2021","137.634","136.475","137.634","136.435","29.84K","0.85%"
"10/28/2021","136.480","136.835","137.474","136.425","29.57K","-0.26%"
"10/27/2021","136.835","137.383","137.478","136.790","25.57K","0.00%"
"10/26/2021","136.830","137.352","137.442","136.750","16.86K","-0.37%"
"10/25/2021","137.339","137.000","137.498","136.615","31.03K","0.22%"
"10/22/2021","137.035","136.770","137.376","136.630","50.28K","0.19%"
"10/21/2021","136.770","137.177","137.311","136.610","31.59K","-0.29%"
"10/20/2021","137.168","137.237","137.406","136.620","38.60K","-0.05%"
"10/19/2021","137.237","137.191","137.471","136.808","25.75K","0.03%"
"10/18/2021","137.193","137.217","137.603","136.785","45.59K","-0.01%"
"10/15/2021","137.211","137.416","137.548","137.040","23.99K","-0.02%"
"10/14/2021","137.236","137.462","137.608","136.730","25.07K","-0.15%"
"10/13/2021","137.445","137.748","137.837","136.945","43.80K","-0.05%"
"10/12/2021","137.517","137.638","137.843","136.985","53.27K","0.33%"
"10/11/2021","137.070","137.382","137.725","136.930","33.05K","-0.24%"
"10/08/2021","137.398","137.455","137.780","137.241","18.83K","-0.04%"
"10/07/2021","137.453","137.630","137.759","136.980","37.72K","0.00%"
"10/06/2021","137.455","137.445","137.830","136.905","54.26K","0.35%"
"10/05/2021","136.980","136.850","137.616","136.845","46.82K","0.09%"
"10/04/2021","136.850","137.442","137.467","136.740","15.41K","-0.47%"
"10/01/2021","137.493","137.558","137.639","137.425","4.27K","-0.06%"
"09/30/2021","137.575","137.468","137.643","136.840","16.70K","0.51%"
"09/29/2021","136.880","136.530","137.498","136.485","42.16K","0.26%"
"09/28/2021","136.520","136.998","137.152","136.405","33.99K","-0.35%"
"09/27/2021","136.993","136.998","137.020","136.919","1.41K","0.08%"
"09/24/2021","136.888","136.781","137.084","136.300","4.02K","0.07%"
"09/23/2021","136.790","137.049","137.181","136.281","4.35K","-0.18%"
"09/22/2021","137.041","136.871","137.172","136.329","4.12K","0.13%"
"09/21/2021","136.863","136.872","137.087","136.321","4.22K","0.00%"
"09/20/2021","136.868","137.184","137.270","136.394","2.36K","-0.13%"
"09/17/2021","137.048","135.754","137.056","136.387","4.51K","0.12%"
"09/16/2021","136.890","136.667","137.161","136.261","3.34K","0.17%"
"09/15/2021","136.659","136.734","136.918","136.157","2.27K","0.49%"
"09/14/2021","135.990","135.990","135.990","135.990","","0.00%"
"09/13/2021","135.990","135.990","135.990","135.990","","0.00%"
"09/10/2021","135.990","135.990","135.990","135.990","","0.00%"
"09/09/2021","135.990","136.135","136.155","135.960","6.15K","-0.11%"
"09/08/2021","136.140","136.010","136.140","135.955","26.03K","0.10%"
"09/07/2021","136.005","135.880","136.020","135.810","41.06K","0.10%"
"09/06/2021","135.875","135.515","135.930","135.515","18.55K","0.15%"
"09/03/2021","135.670","135.260","135.750","135.215","45.79K","0.30%"
"09/02/2021","135.260","135.616","135.624","135.110","27.15K","-0.26%"
"09/01/2021","135.616","135.571","135.695","135.060","43.36K","0.03%"
"08/31/2021","135.571","135.140","135.596","134.800","41.23K","0.32%"
"08/30/2021","135.140","135.085","135.250","134.935","17.72K","-0.25%"
"08/27/2021","135.480","135.568","135.594","135.463","14.82K","-0.07%"
"08/26/2021","135.570","135.220","135.579","135.130","31.78K","0.22%"
"08/25/2021","135.270","135.220","135.330","135.175","37.78K","0.04%"
"08/24/2021","135.220","135.275","135.350","135.175","18.15K","-0.09%"
"08/23/2021","135.340","135.300","135.435","135.265","13.30K","-0.07%"
"08/20/2021","135.430","135.430","135.430","135.430","","0.00%"
"08/19/2021","135.430","135.430","135.430","135.430","","0.00%"
"08/18/2021","135.430","135.395","135.430","135.280","31.68K","0.03%"
"08/17/2021","135.390","135.175","135.400","135.060","19.23K","0.10%"
"08/16/2021","135.260","135.260","135.260","135.260","","0.00%"
"08/13/2021","135.260","135.260","135.260","135.260","","0.00%"
"08/12/2021","135.260","135.265","135.325","135.215","25.49K","0.00%"
"08/11/2021","135.260","135.185","135.465","135.095","17.95K","-0.05%"
"08/10/2021","135.330","135.330","135.330","135.330","","0.00%"
"08/09/2021","135.330","135.075","135.335","135.000","16.58K","-0.03%"
"08/06/2021","135.366","135.160","135.384","135.151","27.13K","0.16%"
"08/05/2021","135.156","134.805","135.182","134.630","25.67K","0.25%"
"08/04/2021","134.815","134.645","134.830","134.545","24.51K","0.20%"
"08/03/2021","134.550","134.590","134.605","134.455","13.03K","-0.07%"
"08/02/2021","134.650","134.708","134.717","134.335","27.26K","-0.03%"
"07/30/2021","134.694","134.678","134.730","134.599","33.03K","0.01%"
"07/29/2021","134.678","134.645","134.816","134.460","24.14K","-0.09%"
"07/28/2021","134.795","134.855","134.920","134.710","24.80K","0.06%"
"07/27/2021","134.710","134.595","134.935","134.455","15.39K","0.19%"
"07/26/2021","134.460","134.600","134.605","134.410","15.56K","-0.13%"
"07/23/2021","134.635","134.620","134.710","134.550","45.62K","0.00%"
"07/22/2021","134.630","134.570","134.680","134.287","40.95K","0.05%"
"07/21/2021","134.560","134.610","134.730","134.520","46.37K","-0.03%"
"07/20/2021","134.605","134.540","134.715","134.510","57.23K","0.05%"
"07/19/2021","134.535","134.555","134.575","134.525","6.90K","-0.23%"
"07/16/2021","134.848","134.828","134.876","134.796","4.38K","0.14%"
"07/15/2021","134.655","134.370","134.700","134.315","11.15K","0.21%"
"07/14/2021","134.370","134.795","134.810","134.365","35.31K","-0.31%"
"07/13/2021","134.790","134.525","134.820","134.460","23.11K","0.19%"
"07/12/2021","134.535","134.560","134.640","134.455","19.34K","-0.09%"
"07/09/2021","134.660","134.660","134.660","134.660","","0.00%"
"07/08/2021","134.660","134.660","134.660","134.660","","0.00%"
"07/07/2021","134.660","134.420","134.690","134.380","12.51K","0.12%"
"07/06/2021","134.505","134.420","134.540","134.275","18.66K","0.13%"
"07/05/2021","134.330","134.330","134.330","134.330","","0.00%"
"07/02/2021","134.330","134.370","134.570","134.290","46.49K","-0.03%"
"07/01/2021","134.370","134.360","134.425","134.230","18.55K","0.02%"
"06/30/2021","134.345","134.085","134.355","134.060","17.79K","0.16%"
"06/29/2021","134.130","134.030","134.240","134.005","27.53K","0.08%"
"06/28/2021","134.025","133.900","134.110","133.755","18.54K","0.01%"
"06/25/2021","134.010","134.010","134.010","134.010","","0.00%"
"06/24/2021","134.010","133.940","134.040","133.725","16.23K","0.05%"
"06/23/2021","133.940","133.840","134.025","133.730","41.20K","0.08%"
"06/22/2021","133.835","134.070","134.105","133.780","16.65K","-0.06%"
"06/21/2021","133.920","134.025","134.055","133.880","14.20K","-0.31%"
"06/18/2021","134.330","133.680","134.400","133.600","49.14K","0.49%"
"06/17/2021","133.680","133.825","134.050","133.515","23.91K","-0.03%"
"06/16/2021","133.720","133.680","133.765","133.665","12.97K","0.01%"
"06/15/2021","133.705","133.850","133.895","133.615","27.18K","-0.11%"
"06/14/2021","133.850","134.075","134.090","133.795","21.23K","-0.17%"
"06/11/2021","134.080","133.835","134.120","133.740","25.94K","0.18%"
"06/10/2021","133.840","133.680","133.960","133.655","29.23K","0.16%"
"06/09/2021","133.626","133.694","133.737","133.290","24.13K","-0.05%"
"06/08/2021","133.696","133.295","133.718","133.275","36.15K","0.30%"
"06/07/2021","133.300","133.888","133.926","133.245","19.54K","-0.09%"
"06/04/2021","133.425","133.565","134.002","133.350","45.75K","-0.11%"
"06/03/2021","133.570","133.320","133.895","133.245","35.93K","0.19%"
"06/02/2021","133.320","133.280","133.624","133.230","40.80K","0.03%"
"06/01/2021","133.285","133.255","133.529","133.120","25.35K","0.08%"
"05/31/2021","133.185","133.345","133.390","133.180","14.81K","-0.12%"
"05/28/2021","133.350","133.340","133.585","133.300","43.27K","0.02%"
"05/27/2021","133.330","133.445","133.632","133.255","46.34K","-0.09%"
"05/26/2021","133.445","133.185","133.625","133.080","35.08K","0.19%"
"05/25/2021","133.190","133.385","133.520","132.990","29.21K","-0.21%"
"05/24/2021","133.470","133.295","133.595","133.140","20.99K","0.26%"
"05/21/2021","133.120","133.120","133.120","133.120","","0.00%"
"05/20/2021","133.120","133.380","133.400","133.120","52.75K","-0.19%"
"05/19/2021","133.375","133.240","133.435","133.125","28.53K","0.12%"
"05/18/2021","133.220","133.065","133.265","132.930","2.00K","0.09%"
"05/17/2021","133.100","133.155","133.220","133.040","23.59K","-0.03%"
"05/14/2021","133.140","133.420","133.460","133.110","45.05K","-0.21%"
"05/13/2021","133.420","133.420","133.510","133.280","53.05K","0.00%"
"05/12/2021","133.425","133.180","133.445","133.085","54.78K","0.18%"
"05/11/2021","133.180","133.500","133.530","133.050","56.55K","-0.24%"
"05/10/2021","133.500","133.270","133.550","133.130","35.78K","0.07%"
"05/07/2021","133.400","133.400","133.400","133.400","","0.00%"
"05/06/2021","133.400","133.585","133.690","133.225","15.39K","-0.05%"
"05/05/2021","133.471","133.640","133.813","133.242","24.01K","-0.21%"
"05/04/2021","133.750","133.485","133.785","133.305","19.50K","0.15%"
"05/03/2021","133.550","133.555","133.734","133.224","17.34K","0.18%"
"04/30/2021","133.309","133.264","133.657","133.137","0.01K","-0.07%"
"04/29/2021","133.400","133.205","133.552","133.092","1.71K","-0.11%"
"04/28/2021","133.550","133.310","133.636","133.197","23.78K","0.18%"
"04/27/2021","133.310","133.220","133.501","132.950","38.79K","0.06%"
"04/26/2021","133.235","133.145","133.503","132.615","29.56K","0.37%"
"04/23/2021","132.750","133.138","133.138","132.750","0.00K","-0.11%"
"04/22/2021","132.900","132.685","133.286","132.585","40.36K","0.17%"
"04/21/2021","132.680","132.200","132.919","132.150","24.17K","0.08%"
"04/20/2021","132.580","132.250","132.640","132.065","23.90K","0.25%"
"04/19/2021","132.250","132.290","132.555","132.080","21.97K","0.03%"
"04/16/2021","132.210","132.280","132.555","132.170","55.52K","-0.05%"
"04/15/2021","132.280","132.345","132.550","132.180","55.71K","-0.05%"
"04/14/2021","132.340","132.300","132.775","132.155","47.59K","0.02%"
"04/13/2021","132.310","132.450","132.795","132.230","41.77K","-0.11%"
"04/12/2021","132.450","132.640","132.755","132.350","20.91K","-0.03%"
"04/09/2021","132.490","132.490","132.490","132.490","","0.00%"
"04/08/2021","132.490","132.650","132.680","132.480","23.18K","-0.12%"
"04/07/2021","132.650","133.010","133.070","132.460","0.65K","-0.04%"
"04/06/2021","132.700","133.030","133.090","132.680","28.32K","-0.25%"
"04/05/2021","133.030","133.450","133.725","132.980","8.23K","-0.33%"
"04/02/2021","133.470","133.500","133.670","133.275","11.72K","-0.02%"
"04/01/2021","133.500","133.790","133.860","133.290","36.15K","-0.22%"
"03/31/2021","133.790","133.930","133.980","133.380","43.40K","-0.10%"
"03/30/2021","133.930","133.450","133.940","133.450","26.09K","0.09%"
"03/29/2021","133.810","133.450","133.975","133.450","22.26K","0.27%"
"03/26/2021","133.450","133.450","133.450","133.450","","-0.40%"
"03/25/2021","133.990","133.945","134.090","133.450","43.06K","0.03%"
"03/24/2021","133.950","133.450","134.010","133.450","34.64K","0.13%"
"03/23/2021","133.774","133.310","133.908","133.255","25.41K","0.36%"
"03/22/2021","133.300","133.450","133.850","133.235","31.91K","-0.26%"
"03/19/2021","133.650","133.450","133.713","133.416","0.01K","0.24%"
"03/18/2021","133.330","133.450","133.800","133.210","25.74K","-0.08%"
"03/17/2021","133.440","133.405","133.800","133.255","47.90K","0.03%"
"03/16/2021","133.400","133.330","133.775","132.930","56.64K","0.06%"
"03/15/2021","133.320","133.450","133.700","133.255","25.58K","0.07%"
"03/12/2021","133.230","133.090","133.565","133.065","56.40K","0.12%"
"03/11/2021","133.075","133.450","133.535","133.055","37.27K","-0.28%"
"03/10/2021","133.450","133.450","133.450","133.450","","-0.02%"
"03/09/2021","133.475","133.450","133.620","133.305","0.07K","0.27%"
"03/08/2021","133.122","133.450","133.685","133.017","5.02K","0.00%"
"03/05/2021","133.122","133.450","133.455","133.017","0.01K","-0.06%"
"03/04/2021","133.200","133.450","133.455","133.060","28.45K","-0.04%"
"03/03/2021","133.250","132.935","133.450","132.870","8.93K","0.23%"
"03/02/2021","132.940","133.340","133.435","132.920","20.70K","0.29%"
"03/01/2021","132.550","133.190","133.265","132.550","14.02K","-0.29%"
"02/26/2021","132.940","132.710","132.965","132.455","76.96K","0.18%"
"02/25/2021","132.705","132.680","132.740","132.680","13.21K","0.12%"
"02/24/2021","132.550","132.670","132.815","132.450","0.02K","-0.08%"
"02/23/2021","132.650","132.851","132.984","132.618","0.01K","-0.23%"
"02/22/2021","132.950","133.250","133.264","132.950","0.00K","0.26%"
"02/19/2021","132.605","132.830","132.850","132.570","28.59K","-0.17%"
"02/18/2021","132.830","133.300","133.350","132.830","34.86K","-0.17%"
"02/17/2021","133.050","132.775","133.050","132.775","0.00K","0.21%"
"02/16/2021","132.775","132.950","132.990","132.665","22.29K","-0.13%"
"02/15/2021","132.950","132.925","133.000","132.840","37.76K","-0.02%"
"02/12/2021","132.970","132.890","133.120","132.705","50.30K","0.06%"
"02/11/2021","132.890","132.765","133.025","132.660","53.39K","0.10%"
"02/10/2021","132.760","132.920","133.170","132.675","37.58K","-0.29%"
"02/09/2021","133.150","133.275","133.450","132.875","0.01K","-0.08%"
"02/08/2021","133.250","133.450","133.495","132.900","0.04K","-0.01%"
"02/05/2021","133.262","133.450","133.649","133.117","1.64K","-0.14%"
"02/04/2021","133.450","133.290","133.718","133.040","10.73K","0.15%"
"02/03/2021","133.250","133.228","133.500","132.988","13.22K","0.04%"
"02/02/2021","133.200","133.088","133.270","132.750","0.01K","0.30%"
"02/01/2021","132.800","132.834","133.004","132.671","0.01K","-0.15%"
"01/29/2021","133.000","132.919","133.066","132.686","0.01K","0.19%"
"01/28/2021","132.750","132.985","133.143","132.526","0.01K","0.02%"
"01/27/2021","132.727","132.676","133.120","132.459","0.01K","-0.13%"
"01/26/2021","132.900","132.901","133.014","132.469","0.01K","0.22%"
"01/25/2021","132.611","132.640","132.933","132.441","0.01K","-0.05%"
"01/22/2021","132.681","132.701","132.885","132.460","0.01K","-0.09%"
"01/21/2021","132.800","132.804","132.898","132.619","0.01K","-0.06%"
"01/20/2021","132.875","132.767","133.140","132.637","0.01K","-0.09%"
"01/19/2021","133.000","132.931","133.112","132.557","0.01K","0.08%"
"01/18/2021","132.890","133.046","133.190","132.787","0.01K","-0.01%"
"01/15/2021","132.900","132.755","132.957","132.631","0.01K","0.09%"
"01/14/2021","132.775","132.779","133.040","132.550","0.01K","0.21%"
"01/13/2021","132.500","132.470","132.907","132.356","0.01K","-0.30%"
"01/12/2021","132.900","132.707","133.007","132.475","0.01K","0.19%"
"01/11/2021","132.650","132.200","132.782","132.200","0.00K","0.30%"
"01/08/2021","132.250","132.512","132.663","132.200","0.01K","0.03%"
"01/07/2021","132.211","132.215","132.607","131.979","0.01K","-0.03%"
"01/06/2021","132.250","132.252","132.372","132.105","0.00K","0.00%"
"01/05/2021","132.250","132.301","132.469","132.000","0.01K","0.05%"
"01/04/2021","132.188","132.267","132.482","132.004","0.02K","0.08%"
"01/01/2021","132.080","132.070","132.090","132.070","","0.01%"
"12/31/2020","132.070","132.150","132.411","131.810","4.70K","-0.13%"
"12/30/2020","132.246","132.086","132.358","131.900","28.84K","0.12%"
"12/29/2020","132.086","132.250","132.428","131.914","5.73K","-0.04%"
"12/28/2020","132.135","132.216","132.492","131.967","0.01K","-0.17%"
"12/25/2020","132.356","132.295","132.356","132.295","0.00K","0.13%"
"12/24/2020","132.187","132.270","132.520","132.007","0.01K","-0.12%"
"12/23/2020","132.350","132.370","132.534","132.238","0.00K","-0.11%"
"12/22/2020","132.500","132.140","132.608","131.986","63.39K","0.27%"
"12/21/2020","132.140","132.150","132.630","132.070","44.34K","0.19%"
"12/18/2020","131.892","131.710","131.909","131.685","26.54K","0.14%"
"12/17/2020","131.705","131.650","131.855","131.635","40.83K","-0.19%"
"12/16/2020","131.960","131.855","131.970","131.820","18.92K","0.06%"
"12/15/2020","131.875","131.490","131.930","131.410","33.49K","0.29%"
"12/14/2020","131.500","131.517","131.893","131.237","21.93K","0.00%"
"12/11/2020","131.500","131.522","131.814","131.308","0.01K","0.35%"
"12/10/2020","131.045","131.122","131.185","131.040","2.10K","-0.03%"
"12/09/2020","131.085","130.905","131.090","130.765","31.05K","0.14%"
"12/08/2020","130.900","130.759","130.930","130.699","37.97K","0.15%"
"12/07/2020","130.700","130.760","130.760","130.685","1.28K","0.72%"
"12/04/2020","129.760","129.760","129.760","129.760","","0.00%"
"12/03/2020","129.760","129.135","129.940","128.497","41.97K","0.48%"
"12/02/2020","129.140","128.920","129.375","128.497","56.98K","0.18%"
"12/01/2020","128.910","128.497","129.491","128.497","37.68K","-0.22%"
"11/30/2020","129.200","128.497","129.312","128.367","29.42K","0.18%"
"11/27/2020","128.970","128.430","129.170","128.322","43.81K","0.43%"
"11/26/2020","128.420","128.497","128.630","128.138","27.26K","0.08%"
"11/25/2020","128.320","128.497","128.632","128.029","20.52K","0.00%"
"11/24/2020","128.320","128.520","128.713","128.197","56.94K","-0.16%"
"11/23/2020","128.525","128.497","128.740","128.103","34.69K","-0.02%"
"11/20/2020","128.550","128.497","128.728","128.305","0.01K","0.00%"
"11/19/2020","128.550","128.525","128.833","128.299","48.06K","0.02%"
"11/18/2020","128.525","128.500","128.695","128.169","32.77K","0.01%"
"11/17/2020","128.514","128.515","128.925","128.203","33.96K","0.01%"
"11/16/2020","128.505","128.497","129.000","128.334","31.92K","-0.35%"
"11/13/2020","128.950","128.497","128.950","128.429","0.01K","0.26%"
"11/12/2020","128.615","128.497","128.978","128.309","31.52K","-0.14%"
"11/11/2020","128.796","128.497","129.079","128.404","26.49K","0.17%"
"11/10/2020","128.572","128.497","128.996","128.299","22.78K","0.11%"
"11/09/2020","128.425","128.497","128.880","128.048","30.44K","-0.45%"
"11/06/2020","129.000","128.660","129.000","128.369","0.03K","0.20%"
"11/05/2020","128.740","129.135","129.189","128.412","22.13K","-0.28%"
"11/04/2020","129.100","129.135","129.494","128.944","8.93K","-0.08%"
"11/03/2020","129.200","129.375","129.419","128.938","21.03K","-0.14%"
"11/02/2020","129.375","129.096","129.550","129.096","29.68K","0.37%"
"10/30/2020","128.900","129.096","129.586","128.900","0.01K","0.08%"
"10/29/2020","128.800","128.565","129.225","128.565","0.02K","-0.19%"
"10/28/2020","129.045","128.565","129.345","128.565","28.26K","0.35%"
"10/27/2020","128.600","128.730","128.912","128.450","21.07K","-0.10%"
"10/26/2020","128.730","128.627","128.929","128.370","27.51K","0.16%"
"10/23/2020","128.530","128.765","128.848","128.323","48.76K","-0.17%"
"10/22/2020","128.755","128.585","128.916","128.322","47.43K","0.13%"
"10/21/2020","128.590","128.880","128.970","128.314","50.03K","-0.23%"
"10/20/2020","128.880","128.880","129.135","128.528","23.77K","0.02%"
"10/19/2020","128.855","128.945","129.264","128.669","20.40K","-0.21%"
"10/16/2020","129.130","128.945","129.312","128.856","24.51K","0.06%"
"10/15/2020","129.050","128.945","129.455","128.840","23.37K","0.18%"
"10/14/2020","128.819","129.000","129.298","128.611","42.36K","-0.14%"
"10/13/2020","129.000","128.710","129.209","128.573","54.49K","0.22%"
"10/12/2020","128.715","129.070","129.080","128.597","31.48K","-0.03%"
"10/09/2020","128.750","129.030","129.103","128.595","50.95K","-0.22%"
"10/08/2020","129.030","128.980","129.170","128.709","65.68K","0.04%"
"10/07/2020","128.980","129.070","129.350","128.702","61.20K","-0.07%"
"10/06/2020","129.075","128.880","129.296","128.606","65.16K","0.16%"
"10/05/2020","128.865","129.296","129.411","128.623","32.70K","-0.15%"
"10/02/2020","129.053","129.010","129.426","128.865","0.02K","0.03%"
"10/01/2020","129.017","129.180","129.302","128.746","48.64K","-0.12%"
"09/30/2020","129.175","129.142","129.381","128.910","29.98K","-0.01%"
"09/29/2020","129.191","129.525","129.690","128.934","20.80K","-0.32%"
"09/28/2020","129.600","129.525","129.736","129.146","9.70K","0.06%"
"09/25/2020","129.520","129.525","129.733","129.179","0.33K","-0.02%"
"09/24/2020","129.550","129.415","129.682","129.219","31.67K","0.11%"
"09/23/2020","129.410","128.786","129.539","128.786","26.76K","0.36%"
"09/22/2020","128.950","128.786","129.079","128.779","0.02K","0.20%"
"09/21/2020","128.695","128.775","129.074","128.446","0.58K","-0.06%"
"09/18/2020","128.770","128.775","128.903","128.464","0.01K","-0.02%"
"09/17/2020","128.800","128.710","129.020","128.635","13.92K","0.07%"
"09/16/2020","128.710","128.518","128.839","128.205","9.48K","0.09%"
"09/15/2020","128.589","128.515","128.756","128.178","7.65K","0.05%"
"09/14/2020","128.520","128.531","128.772","128.221","10.63K","-0.02%"
"09/11/2020","128.544","128.720","128.839","128.354","12.33K","-0.14%"
"09/10/2020","128.720","128.760","128.934","128.218","11.19K","-0.13%"
"09/09/2020","128.888","128.709","129.132","128.483","6.14K","0.11%"
"09/08/2020","128.750","128.635","129.068","128.448","5.75K","0.09%"
"09/07/2020","128.630","128.319","128.780","128.285","3.04K","0.24%"
"09/04/2020","128.319","128.319","128.319","128.319","","0.00%"
"09/03/2020","128.319","127.871","128.319","127.871","0.01K","0.35%"
"09/02/2020","127.871","127.929","127.980","127.821","0.07K","0.08%"
"09/01/2020","127.772","127.929","127.988","127.544","0.00K","-0.05%"
"08/31/2020","127.830","128.077","128.196","127.608","0.02K","-0.12%"
"08/28/2020","127.984","128.230","128.266","127.764","0.02K","-0.19%"
"08/27/2020","128.232","128.265","128.517","127.978","10.18K","-0.02%"
"08/26/2020","128.260","128.310","128.693","128.074","9.58K","-0.09%"
"08/25/2020","128.371","128.670","128.690","128.048","10.94K","-0.25%"
"08/24/2020","128.690","128.178","128.700","128.045","12.86K","0.26%"
"08/21/2020","128.356","128.093","128.519","128.005","5.00K","0.20%"
"08/20/2020","128.094","128.158","128.321","127.802","4.58K","-0.05%"
"08/19/2020","128.154","127.808","128.209","127.627","7.90K","0.27%"
"08/18/2020","127.804","128.365","128.418","127.492","10.07K","-0.38%"
"08/17/2020","128.294","128.365","128.596","127.949","4.53K","0.00%"
"08/14/2020","128.295","128.350","128.739","128.274","22.91K","-0.05%"
"08/13/2020","128.355","128.595","128.742","128.086","23.02K","-0.18%"
"08/12/2020","128.590","128.760","128.953","128.263","23.45K","-0.13%"
"08/11/2020","128.760","128.710","128.948","128.298","22.51K","0.04%"
"08/10/2020","128.710","128.454","128.828","128.340","9.93K","0.12%"
"08/07/2020","128.550","128.235","128.603","128.156","0.02K","0.27%"
"08/06/2020","128.209","128.175","128.584","127.939","14.88K","0.03%"
"08/05/2020","128.170","128.671","128.763","127.921","13.23K","-0.39%"
"08/04/2020","128.671","128.650","128.917","128.255","8.86K","0.02%"
"08/03/2020","128.650","127.950","129.124","127.950","9.05K","0.55%"
"07/31/2020","127.950","127.825","128.470","127.625","6.75K","0.10%"
"07/30/2020","127.825","127.927","128.279","127.680","34.06K","0.11%"
"07/29/2020","127.685","127.875","128.113","127.539","40.85K","-0.15%"
"07/28/2020","127.880","127.680","128.092","127.499","32.48K","0.16%"
"07/27/2020","127.680","127.564","128.329","127.489","21.62K","-0.22%"
"07/24/2020","127.961","127.680","128.088","127.377","1.15K","0.33%"
"07/23/2020","127.542","127.630","128.050","127.408","14.11K","-0.17%"
"07/22/2020","127.760","128.206","128.229","127.500","33.51K","-0.35%"
"07/21/2020","128.206","128.121","128.426","127.705","46.91K","-0.01%"
"07/20/2020","128.225","128.162","128.479","127.912","17.25K","-0.08%"
"07/17/2020","128.330","128.369","128.558","128.086","24.48K","-0.13%"
"07/16/2020","128.500","128.360","128.650","128.077","25.73K","0.11%"
"07/15/2020","128.360","128.445","128.593","127.989","24.73K","-0.06%"
"07/14/2020","128.440","128.580","128.877","128.209","25.56K","-0.10%"
"07/13/2020","128.575","128.774","128.976","128.318","13.34K","-0.17%"
"07/10/2020","128.790","128.830","129.129","128.482","25.09K","-0.03%"
"07/09/2020","128.825","128.589","129.111","128.351","25.44K","0.11%"
"07/08/2020","128.680","128.822","129.152","128.443","25.38K","-0.17%"
"07/07/2020","128.900","128.770","129.188","128.570","14.94K","0.10%"
"07/06/2020","128.770","129.025","129.159","128.463","11.36K","-0.24%"
"07/03/2020","129.075","129.050","129.264","128.779","24.88K","0.02%"
"07/02/2020","129.055","128.911","129.211","128.638","25.32K","0.01%"
"07/01/2020","129.040","128.988","129.362","128.736","13.38K","0.04%"
"06/30/2020","128.986","128.971","129.384","128.834","12.69K","0.03%"
"06/29/2020","128.952","129.022","129.371","128.693","8.55K","-0.20%"
"06/26/2020","129.209","129.052","129.419","128.884","1.50K","0.12%"
"06/25/2020","129.048","128.913","129.360","128.630","9.81K","0.11%"
"06/24/2020","128.909","128.663","129.078","128.513","9.03K","0.19%"
"06/23/2020","128.661","128.909","129.121","128.414","11.11K","-0.20%"
"06/22/2020","128.914","129.000","129.516","128.793","9.18K","-0.27%"
"06/19/2020","129.263","129.260","129.400","128.907","8.12K","0.00%"
"06/18/2020","129.267","128.827","129.470","128.758","12.38K","0.34%"
"06/17/2020","128.830","128.712","129.226","128.468","4.39K","0.09%"
"06/16/2020","128.710","128.481","129.066","128.280","4.58K","0.18%"
"06/15/2020","128.483","128.836","129.316","128.428","3.01K","-0.01%"
"06/12/2020","128.500","128.524","128.918","128.299","3.57K","-0.02%"
"06/11/2020","128.529","128.200","128.651","127.991","4.73K","0.27%"
"06/10/2020","128.189","128.493","128.534","127.910","10.20K","-0.24%"
"06/09/2020","128.493","128.390","128.848","128.105","35.09K","-0.05%"
"06/08/2020","128.556","128.331","128.809","128.175","19.96K","0.18%"
"06/05/2020","128.331","128.149","128.743","127.948","24.32K","-0.19%"
"06/04/2020","128.570","128.364","128.870","128.052","27.60K","0.03%"
"06/03/2020","128.530","128.340","128.751","128.154","10.43K","0.14%"
"06/02/2020","128.346","128.348","128.663","128.053","4.39K","0.00%"
"06/01/2020","128.346","128.466","128.711","128.243","2.41K","-0.24%"
"05/29/2020","128.650","128.214","128.741","128.060","3.10K","0.34%"
"05/28/2020","128.216","128.449","128.803","128.152","2.61K","-0.17%"
"05/27/2020","128.431","128.418","128.836","128.073","4.86K","0.01%"
"05/26/2020","128.413","128.882","129.012","128.317","3.42K","-0.36%"
"05/25/2020","128.882","128.765","128.950","128.720","0.02K","0.04%"
"05/22/2020","128.836","128.520","129.167","128.370","11.75K","0.25%"
"05/21/2020","128.520","128.290","128.748","128.131","25.30K","0.16%"
"05/20/2020","128.320","128.530","128.826","128.112","17.68K","-0.18%"
"05/19/2020","128.555","128.346","128.855","128.127","23.96K","0.18%"
"05/18/2020","128.320","129.001","129.118","128.224","13.07K","-0.52%"
"05/15/2020","128.987","128.812","129.131","128.576","2.95K","0.13%"
"05/14/2020","128.816","128.760","129.229","128.644","5.82K","0.05%"
"05/13/2020","128.756","128.635","129.010","128.360","13.17K","-0.06%"
"05/12/2020","128.835","128.822","129.104","128.419","10.68K","0.01%"
"05/11/2020","128.824","128.877","129.139","128.550","10.29K","-0.04%"
"05/08/2020","128.881","128.707","129.125","128.508","19.96K","-0.11%"
"05/07/2020","129.022","128.856","129.216","128.622","27.09K","-0.01%"
"05/06/2020","129.041","128.663","129.237","128.501","25.80K","0.05%"
"05/05/2020","128.975","128.578","129.054","128.220","17.72K","0.29%"
"05/04/2020","128.598","128.544","128.844","128.220","15.96K","0.29%"
"05/01/2020","128.220","127.830","128.650","127.730","24.18K","0.31%"
"04/30/2020","127.830","128.226","128.650","127.765","17.95K","-0.31%"
"04/29/2020","128.226","128.449","128.700","128.126","24.97K","-0.15%"
"04/28/2020","128.420","128.450","128.546","128.035","19.57K","0.00%"
"04/27/2020","128.420","128.745","128.755","128.152","14.87K","-0.05%"
"04/24/2020","128.485","128.716","129.090","128.337","24.56K","-0.16%"
"04/23/2020","128.690","128.460","128.966","128.327","21.34K","0.18%"
"04/22/2020","128.465","128.345","128.707","128.143","21.40K","0.10%"
"04/21/2020","128.340","128.100","128.650","128.008","23.29K","0.19%"
"04/20/2020","128.100","128.310","128.451","127.951","15.50K","0.00%"
"04/17/2020","128.104","127.955","128.555","127.790","10.59K","0.12%"
"04/16/2020","127.950","127.371","128.234","127.356","13.46K","0.46%"
"04/15/2020","127.362","126.968","127.669","126.922","10.68K","0.31%"
"04/14/2020","126.964","127.008","127.350","126.881","10.24K","-0.09%"
"04/13/2020","127.077","126.594","127.313","126.594","1.79K","0.05%"
"04/10/2020","127.016","126.620","127.050","126.525","3.52K","0.32%"
"04/09/2020","126.616","126.822","127.233","126.487","4.91K","-0.17%"
"04/08/2020","126.833","126.556","127.125","126.509","9.78K","0.22%"
"04/07/2020","126.550","126.877","127.114","126.354","17.99K","-0.26%"
"04/06/2020","126.877","126.746","126.971","126.400","21.01K","0.20%"
"04/03/2020","126.620","125.980","126.908","125.921","24.83K","0.51%"
"04/02/2020","125.980","125.065","126.193","125.014","16.11K","0.72%"
"04/01/2020","125.081","124.680","125.488","124.611","22.95K","0.33%"
"03/31/2020","124.665","124.000","125.090","123.885","22.23K","0.54%"
"03/30/2020","123.990","123.697","124.358","123.584","14.01K","0.23%"
"03/27/2020","123.700","123.557","124.291","123.328","7.20K","0.13%"
"03/26/2020","123.544","123.218","124.092","122.924","16.43K","-0.03%"
"03/25/2020","123.584","123.218","123.657","122.879","13.00K","0.30%"
"03/24/2020","123.214","123.505","123.557","122.752","23.93K","-0.22%"
"03/23/2020","123.480","123.315","123.933","123.034","16.48K","0.00%"
"03/20/2020","123.475","123.227","123.777","122.594","28.30K","0.22%"
"03/19/2020","123.200","121.638","123.410","121.296","14.27K","1.28%"
"03/18/2020","121.642","121.055","122.148","120.840","25.21K","0.48%"
"03/17/2020","121.055","120.339","121.611","120.273","17.70K","0.59%"
"03/16/2020","120.347","120.660","120.835","120.065","22.14K","-0.14%"
"03/13/2020","120.520","120.224","120.788","119.685","25.85K","0.27%"
"03/12/2020","120.190","119.795","120.751","119.486","26.46K","0.36%"
"03/11/2020","119.760","119.727","120.023","119.352","17.54K","0.03%"
"03/10/2020","119.730","119.036","119.800","118.937","22.66K","0.61%"
"03/09/2020","119.005","118.350","119.434","118.311","17.15K","0.18%"
"03/06/2020","118.797","119.096","119.304","118.794","1.06K","-0.26%"
"03/05/2020","119.109","119.555","119.747","119.046","30.09K","-0.33%"
"03/04/2020","119.505","119.650","119.777","119.252","50.78K","-0.12%"
"03/03/2020","119.650","119.525","119.850","119.180","50.57K","0.00%"
"03/02/2020","119.651","119.743","120.155","119.301","31.27K","-0.26%"
"02/28/2020","119.960","120.100","120.339","119.822","24.74K","-0.11%"
"02/27/2020","120.095","120.580","120.680","120.053","25.53K","-0.40%"
"02/26/2020","120.580","120.580","120.927","120.134","25.90K","0.00%"
"02/25/2020","120.580","120.710","121.036","120.440","25.64K","-0.10%"
"02/24/2020","120.700","120.927","121.193","120.525","15.64K","-0.04%"
"02/21/2020","120.750","120.990","121.287","120.545","24.57K","-0.20%"
"02/20/2020","120.990","120.880","121.342","120.773","24.98K","0.10%"
"02/19/2020","120.875","120.895","121.297","120.648","27.83K","-0.02%"
"02/18/2020","120.900","120.730","121.188","120.655","23.56K","0.14%"
"02/17/2020","120.730","120.752","121.091","120.583","28.18K","-0.18%"
"02/14/2020","120.944","120.710","121.045","120.455","7.04K","0.19%"
"02/13/2020","120.718","120.588","120.972","120.380","21.03K","0.08%"
"02/12/2020","120.620","120.450","120.716","120.137","27.94K","0.15%"
"02/11/2020","120.445","120.425","120.681","120.137","23.53K","-0.01%"
"02/10/2020","120.455","120.280","120.645","119.933","41.03K","0.15%"
"02/07/2020","120.275","120.114","120.540","119.970","57.94K","0.14%"
"02/06/2020","120.110","120.056","120.358","119.878","44.59K","0.04%"
"02/05/2020","120.056","119.937","120.306","119.724","48.68K","0.10%"
"02/04/2020","119.937","119.810","120.212","119.668","55.63K","0.04%"
"02/03/2020","119.890","120.048","120.134","119.473","38.47K","-0.13%"
"01/31/2020","120.049","119.893","120.241","119.600","38.74K","0.13%"
"01/30/2020","119.895","120.186","120.314","119.783","30.66K","-0.24%"
"01/29/2020","120.186","120.144","120.246","119.852","34.36K","0.03%"
"01/28/2020","120.144","120.068","120.205","119.795","33.51K","0.06%"
"01/27/2020","120.068","119.875","120.135","119.525","37.48K","0.17%"
"01/24/2020","119.860","119.745","120.142","119.525","23.33K","0.10%"
"01/23/2020","119.735","119.600","120.061","119.480","29.20K","0.11%"
"01/22/2020","119.600","119.781","120.034","119.485","22.22K","-0.04%"
"01/21/2020","119.642","119.680","120.019","119.397","17.76K","-0.03%"
"01/20/2020","119.680","119.618","120.022","119.477","16.13K","0.00%"
"01/17/2020","119.675","119.480","119.761","119.311","36.12K","0.16%"
"01/16/2020","119.480","119.392","119.741","119.213","36.63K","0.07%"
"01/15/2020","119.392","119.478","119.790","119.270","39.47K","-0.10%"
"01/14/2020","119.510","119.459","119.753","119.312","21.93K","0.05%"
"01/13/2020","119.455","119.761","119.839","119.339","11.37K","-0.08%"
"01/10/2020","119.545","119.580","119.947","119.433","25.06K","-0.03%"
"01/09/2020","119.575","119.555","119.920","119.200","26.75K","0.02%"
"01/08/2020","119.555","119.322","119.819","119.178","18.21K","0.03%"
"01/07/2020","119.521","119.165","119.625","119.063","31.16K","0.29%"
"01/06/2020","119.175","119.310","119.486","119.023","25.15K","-0.02%"
"01/03/2020","119.200","119.232","119.598","119.146","2.79K","-0.03%"
"01/02/2020","119.234","119.083","119.435","118.954","8.93K","0.12%"
"01/01/2020","119.086","119.086","119.113","119.044","0.17K","0.00%"
"12/31/2019","119.083","119.200","119.309","118.924","19.37K","-0.10%"
"12/30/2019","119.200","119.685","119.685","119.007","14.72K","-0.07%"
"12/27/2019","119.289","119.618","119.733","119.227","24.51K","-0.30%"
"12/26/2019","119.650","119.628","119.849","119.483","14.40K","0.02%"
"12/25/2019","119.630","119.671","119.897","119.478","2.74K","-0.04%"
"12/24/2019","119.673","119.678","119.903","119.561","9.71K","0.00%"
"12/23/2019","119.672","119.685","119.929","119.555","8.18K","-0.04%"
"12/20/2019","119.720","119.516","119.825","119.406","24.21K","0.15%"
"12/19/2019","119.545","119.559","119.736","119.330","29.50K","-0.04%"
"12/18/2019","119.590","119.416","119.758","119.308","19.74K","0.17%"
"12/17/2019","119.384","119.425","119.620","119.225","20.91K","-0.03%"
"12/16/2019","119.425","119.387","119.680","119.260","22.99K","-0.07%"
"12/13/2019","119.505","119.500","119.671","119.123","24.52K","0.01%"
"12/12/2019","119.495","119.535","119.998","119.298","24.81K","-0.04%"
"12/11/2019","119.540","119.675","120.046","119.446","16.41K","-0.11%"
"12/10/2019","119.675","119.768","120.040","119.550","16.29K","-0.08%"
"12/09/2019","119.771","119.971","120.103","119.615","9.81K","-0.01%"
"12/06/2019","119.780","119.596","119.982","119.457","3.49K","0.15%"
"12/05/2019","119.598","119.732","120.003","119.445","17.50K","-0.24%"
"12/04/2019","119.885","119.717","120.201","119.447","28.65K","-0.01%"
"12/03/2019","119.901","119.910","120.200","119.505","31.16K","-0.01%"
"12/02/2019","119.910","120.200","120.343","119.592","14.90K","-0.29%"
"11/29/2019","120.255","120.205","120.409","119.920","24.33K","-0.02%"
"11/28/2019","120.275","120.078","120.405","119.901","15.62K","-0.01%"
"11/27/2019","120.291","120.006","120.409","119.904","21.03K","0.11%"
"11/26/2019","120.155","120.180","120.386","119.774","25.78K","-0.02%"
"11/25/2019","120.180","120.120","120.393","119.706","23.70K","0.16%"
"11/22/2019","119.986","119.877","120.233","119.651","15.50K","0.15%"
"11/21/2019","119.807","119.762","120.086","119.581","33.44K","-0.09%"
"11/20/2019","119.915","119.725","120.172","119.636","17.09K","0.03%"
"11/19/2019","119.875","119.759","120.081","119.598","16.10K","0.10%"
"11/18/2019","119.761","119.875","120.258","119.625","11.08K","-0.24%"
"11/15/2019","120.045","119.979","120.310","119.804","19.28K","-0.07%"
"11/14/2019","120.135","120.053","120.402","119.828","17.32K","0.07%"
"11/13/2019","120.050","120.034","120.366","119.812","13.06K","0.01%"
"11/12/2019","120.036","119.941","120.337","119.767","12.13K","-0.08%"
"11/11/2019","120.138","120.120","120.294","119.770","23.38K","0.01%"
"11/08/2019","120.125","120.000","120.246","119.723","32.09K","0.10%"
"11/07/2019","120.000","119.953","120.141","119.575","26.15K","0.19%"
"11/06/2019","119.776","119.865","120.049","119.551","28.61K","-0.07%"
"11/05/2019","119.865","119.652","119.993","119.342","24.11K","0.18%"
"11/04/2019","119.652","119.785","119.811","119.228","13.10K","0.13%"
"11/01/2019","119.495","119.394","119.819","119.243","24.21K","-0.04%"
"10/31/2019","119.545","119.434","119.822","119.194","25.50K","-0.03%"
"10/30/2019","119.580","119.730","119.959","119.364","24.62K","-0.13%"
"10/29/2019","119.735","119.704","120.014","119.491","21.83K","0.10%"
"10/28/2019","119.620","119.669","119.866","119.499","10.42K","-0.06%"
"10/25/2019","119.694","119.553","119.815","119.426","2.84K","0.12%"
"10/24/2019","119.549","119.513","119.834","119.347","12.21K","0.03%"
"10/23/2019","119.511","119.504","119.902","119.374","27.32K","-0.04%"
"10/22/2019","119.555","119.391","119.824","119.279","34.54K","0.10%"
"10/21/2019","119.440","119.357","119.714","119.181","17.84K","0.05%"
"10/18/2019","119.385","119.595","119.706","119.294","23.48K","-0.18%"
"10/17/2019","119.595","119.830","120.090","119.398","29.19K","-0.37%"
"10/16/2019","120.043","120.010","120.262","119.689","26.36K","0.02%"
"10/15/2019","120.015","119.982","120.429","119.812","16.76K","0.03%"
"10/14/2019","119.980","119.985","120.339","119.822","20.87K","0.00%"
"10/11/2019","119.980","120.114","120.373","119.814","27.25K","-0.15%"
"10/10/2019","120.160","120.300","120.520","119.901","35.39K","-0.17%"
"10/09/2019","120.363","120.311","120.578","120.030","31.12K","0.01%"
"10/08/2019","120.355","120.300","120.582","120.054","17.47K","-0.08%"
"10/07/2019","120.450","120.515","120.595","119.980","10.59K","0.02%"
"10/04/2019","120.423","120.259","120.576","120.063","5.70K","0.13%"
"10/03/2019","120.262","120.553","120.689","120.027","32.69K","-0.08%"
"10/02/2019","120.360","120.443","120.806","120.218","18.81K","-0.07%"
"10/01/2019","120.447","120.568","120.795","120.341","21.49K","-0.14%"
"09/30/2019","120.615","120.416","120.778","120.268","13.85K","-0.03%"
"09/27/2019","120.657","120.610","120.808","120.284","11.29K","0.04%"
"09/26/2019","120.610","120.390","120.773","120.158","26.03K","0.18%"
"09/25/2019","120.390","120.220","120.453","119.879","26.92K","0.14%"
"09/24/2019","120.220","119.650","120.431","119.650","14.48K","-0.10%"
"09/23/2019","120.340","120.001","120.503","119.913","9.69K","0.16%"
"09/20/2019","120.152","119.927","120.300","119.683","8.60K","0.18%"
"09/19/2019","119.939","120.160","120.300","119.702","22.27K","-0.04%"
"09/18/2019","119.986","119.828","120.327","119.729","14.97K","0.13%"
"09/17/2019","119.826","120.100","120.369","119.761","20.76K","-0.33%"
"09/16/2019","120.220","119.839","120.373","119.733","13.21K","0.21%"
"09/13/2019","119.965","120.167","120.300","119.524","11.53K","-0.11%"
"09/12/2019","120.100","120.071","120.600","119.729","14.09K","0.02%"
"09/11/2019","120.075","119.937","120.441","119.777","11.33K","0.11%"
"09/10/2019","119.939","119.906","120.305","119.748","9.25K","-0.15%"
"09/09/2019","120.115","120.196","120.340","119.752","16.09K","-0.07%"
"09/06/2019","120.195","119.957","120.324","119.787","11.18K","0.10%"
"09/05/2019","120.072","120.233","120.334","119.662","17.57K","-0.13%"
"09/04/2019","120.234","120.601","120.610","119.889","31.02K","-0.30%"
"09/03/2019","120.601","120.318","120.762","120.260","24.96K","0.04%"
"09/02/2019","120.547","119.954","120.645","119.936","15.49K","0.35%"
"08/30/2019","120.121","120.080","120.480","119.794","35.18K","0.10%"
"08/29/2019","119.999","119.816","120.205","119.676","34.89K","0.01%"
"08/28/2019","119.990","119.751","120.174","119.625","26.48K","0.04%"
"08/27/2019","119.942","119.901","120.149","119.538","19.02K","0.03%"
"08/26/2019","119.905","120.149","120.150","119.478","12.62K","0.12%"
"08/23/2019","119.760","119.985","120.229","119.647","21.52K","-0.19%"
"08/22/2019","119.985","119.980","120.195","119.677","22.38K","0.00%"
"08/21/2019","119.980","120.149","120.155","119.700","11.99K","0.03%"
"08/20/2019","119.940","120.020","120.192","119.710","15.46K","-0.07%"
"08/19/2019","120.020","120.149","120.169","119.613","13.78K","0.04%"
"08/16/2019","119.970","119.726","120.177","119.589","9.82K","0.12%"
"08/15/2019","119.830","119.775","120.022","119.417","23.73K","0.04%"
"08/14/2019","119.780","119.615","119.897","119.255","25.09K","0.14%"
"08/13/2019","119.615","119.550","119.664","119.205","11.43K","0.14%"
"08/12/2019","119.445","119.360","119.624","119.241","0.00K","-0.05%"
"08/09/2019","119.510","119.590","119.666","119.203","8.75K","0.03%"
"08/08/2019","119.470","119.347","119.658","119.138","12.91K","0.10%"
"08/07/2019","119.345","119.548","119.722","119.118","13.92K","0.01%"
"08/06/2019","119.332","119.323","119.715","119.037","20.16K","-0.14%"
"08/05/2019","119.495","120.149","120.149","119.210","14.61K","-0.39%"
"08/02/2019","119.960","120.148","120.225","119.620","9.67K","-0.06%"
"08/01/2019","120.030","120.010","120.392","119.695","17.67K","0.25%"
"07/31/2019","119.736","119.715","120.070","119.402","15.27K","0.16%"
"07/30/2019","119.547","119.578","119.952","119.433","13.64K","-0.18%"
"07/29/2019","119.764","119.687","120.005","119.467","7.63K","0.06%"
"07/26/2019","119.687","119.654","119.873","119.368","8.69K","-0.01%"
"07/25/2019","119.700","119.731","119.961","119.335","16.70K","-0.03%"
"07/24/2019","119.731","119.511","119.868","119.208","14.79K","0.19%"
"07/23/2019","119.509","119.383","119.760","119.148","12.65K","0.22%"
"07/22/2019","119.248","119.367","119.589","119.079","14.23K","-0.09%"
"07/19/2019","119.360","119.180","119.464","118.859","35.54K","0.30%"
"07/18/2019","119.005","119.362","119.579","118.944","25.72K","-0.37%"
"07/17/2019","119.442","119.351","119.585","119.096","17.54K","0.16%"
"07/16/2019","119.251","119.128","119.556","118.913","14.07K","0.17%"
"07/15/2019","119.044","119.210","119.441","118.825","14.90K","-0.19%"
"07/12/2019","119.265","119.230","119.481","118.899","34.80K","0.16%"
"07/11/2019","119.080","119.325","119.478","118.846","33.39K","-0.16%"
"07/10/2019","119.265","119.495","119.623","118.979","31.17K","-0.20%"
"07/09/2019","119.505","119.380","119.659","118.972","16.07K","0.10%"
"07/08/2019","119.382","119.405","119.599","118.960","24.58K","0.28%"
"07/05/2019","119.050","118.939","119.338","118.854","2.34K","0.09%"
"07/04/2019","118.941","119.175","119.303","118.792","13.06K","-0.03%"
"07/03/2019","118.974","118.963","119.320","118.634","15.44K","-0.15%"
"07/02/2019","119.155","118.939","119.272","118.601","21.33K","0.24%"
"07/01/2019","118.874","118.785","119.407","118.529","15.49K","0.19%"
"06/28/2019","118.653","118.799","118.838","118.560","2.37K","-0.12%"
"06/27/2019","118.799","118.761","119.033","118.466","12.16K","0.04%"
"06/26/2019","118.750","118.616","119.020","118.485","19.24K","0.10%"
"06/25/2019","118.631","118.526","118.960","118.379","26.44K","-0.08%"
"06/24/2019","118.725","118.853","118.956","118.411","15.39K","-0.13%"
"06/21/2019","118.885","118.987","119.366","118.716","28.95K","-0.25%"
"06/20/2019","119.185","119.428","119.475","118.777","22.14K","-0.15%"
"06/19/2019","119.361","119.445","119.734","118.983","20.37K","-0.10%"
"06/18/2019","119.480","119.545","119.793","118.983","25.47K","0.12%"
"06/17/2019","119.340","119.237","119.703","119.129","20.97K","0.12%"
"06/14/2019","119.196","119.050","119.577","118.880","27.23K","-0.05%"
"06/13/2019","119.255","119.007","119.418","118.851","29.34K","0.04%"
"06/12/2019","119.205","118.863","119.294","118.718","26.43K","0.10%"
"06/11/2019","119.085","118.938","119.267","118.742","16.85K","0.12%"
"06/10/2019","118.946","119.115","119.404","118.803","19.61K","-0.11%"
"06/07/2019","119.075","119.295","119.685","118.825","23.66K","-0.18%"
"06/06/2019","119.295","119.223","119.732","118.896","13.69K","0.06%"
"06/05/2019","119.223","119.263","119.795","119.035","2.36K","-0.03%"
"06/04/2019","119.256","119.475","119.690","119.103","15.32K","-0.18%"
"06/03/2019","119.475","119.775","119.903","119.260","23.70K","-0.25%"
"05/31/2019","119.775","119.738","120.028","119.466","14.57K","0.01%"
"05/30/2019","119.762","119.725","120.080","119.490","28.18K","-0.14%"
"05/29/2019","119.935","119.800","120.039","119.455","24.85K","0.13%"
"05/28/2019","119.775","119.503","119.866","119.322","26.41K","0.11%"
"05/27/2019","119.640","119.658","119.808","119.289","11.92K","0.02%"
"05/24/2019","119.617","119.561","119.913","119.322","8.26K","-0.20%"
"05/23/2019","119.851","119.825","120.105","119.410","18.08K","0.18%"
"05/22/2019","119.631","119.579","119.957","119.368","13.54K","-0.09%"
"05/21/2019","119.736","119.617","120.003","119.370","18.72K","0.09%"
"05/20/2019","119.628","119.530","119.942","119.383","7.58K","0.11%"
"05/17/2019","119.500","119.458","119.770","119.295","2.61K","0.00%"
"05/16/2019","119.501","119.397","119.808","119.240","9.71K","-0.08%"
"05/15/2019","119.595","119.398","119.839","119.229","12.83K","0.16%"
"05/14/2019","119.409","119.283","119.693","119.105","9.40K","0.10%"
"05/13/2019","119.284","119.470","119.587","119.035","9.23K","-0.14%"
"05/10/2019","119.450","119.472","119.695","119.144","18.44K","0.08%"
"05/09/2019","119.357","119.610","119.785","119.168","14.28K","-0.07%"
"05/08/2019","119.441","119.443","119.840","119.256","19.40K","-0.14%"
"05/07/2019","119.610","119.595","119.870","119.220","22.22K","0.00%"
"05/06/2019","119.610","119.817","119.880","119.290","10.50K","0.00%"
"05/03/2019","119.610","119.700","119.950","119.367","19.51K","0.07%"
"05/02/2019","119.526","119.389","119.805","119.221","15.22K","0.09%"
"05/01/2019","119.419","119.445","119.571","119.101","7.17K","0.04%"
"04/30/2019","119.368","119.508","119.825","119.088","13.06K","-0.31%"
"04/29/2019","119.739","119.816","119.959","119.320","9.61K","0.04%"
"04/26/2019","119.697","119.736","120.049","119.506","9.80K","-0.18%"
"04/25/2019","119.910","119.780","120.053","119.370","19.83K","0.09%"
"04/24/2019","119.800","119.321","119.896","119.080","13.69K","0.33%"
"04/23/2019","119.404","119.365","119.767","118.998","11.73K","0.03%"
"04/22/2019","119.365","119.410","119.588","119.014","14.17K","0.08%"
"04/19/2019","119.271","119.289","119.377","118.679","3.62K","0.00%"
"04/18/2019","119.268","119.011","119.593","118.972","7.79K","0.23%"
"04/17/2019","118.994","119.250","119.377","118.786","13.06K","-0.08%"
"04/16/2019","119.086","118.967","119.390","118.826","13.18K","-0.01%"
"04/15/2019","119.092","119.257","119.303","118.818","6.57K","-0.07%"
"04/12/2019","119.170","119.177","119.443","118.798","13.85K","-0.16%"
"04/11/2019","119.360","119.086","119.492","118.933","12.11K","0.22%"
"04/10/2019","119.098","119.136","119.517","118.926","10.33K","-0.18%"
"04/09/2019","119.310","119.120","119.466","118.937","10.36K","0.15%"
"04/08/2019","119.137","119.356","119.627","119.012","9.62K","-0.17%"
"04/05/2019","119.338","119.316","119.568","119.134","5.24K","0.02%"
"04/04/2019","119.312","119.273","119.685","119.099","12.42K","-0.07%"
"04/03/2019","119.399","119.401","119.679","119.020","19.35K","-0.14%"
"04/02/2019","119.565","119.351","119.764","119.214","15.54K","0.18%"
"04/01/2019","119.349","119.525","119.643","119.102","9.34K","-0.15%"
"03/29/2019","119.530","119.248","119.651","119.093","13.18K","0.23%"
"03/28/2019","119.252","119.245","119.532","118.924","17.41K","0.01%"
"03/27/2019","119.235","119.140","119.336","118.792","13.18K","0.18%"
"03/26/2019","119.019","118.797","119.252","118.500","15.12K","0.04%"
"03/25/2019","118.970","118.970","119.185","118.500","14.04K","-0.05%"
"03/22/2019","119.030","118.548","119.184","118.392","5.61K","0.42%"
"03/21/2019","118.538","118.450","118.926","118.230","14.16K","0.09%"
"03/20/2019","118.435","118.815","118.988","118.252","12.49K","-0.32%"
"03/19/2019","118.810","118.865","119.001","118.487","16.50K","0.13%"
"03/18/2019","118.660","118.950","119.044","118.495","12.44K","-0.33%"
"03/15/2019","119.050","118.997","119.306","118.608","3.07K","0.03%"
"03/14/2019","119.016","119.110","119.360","118.804","16.97K","-0.08%"
"03/13/2019","119.115","119.293","119.597","118.874","16.35K","-0.30%"
"03/12/2019","119.470","119.485","119.764","119.143","9.35K","-0.01%"
"03/11/2019","119.479","119.690","119.856","119.311","13.50K","-0.16%"
"03/08/2019","119.670","119.196","119.947","119.122","21.56K","0.40%"
"03/07/2019","119.195","118.738","119.550","118.478","15.95K","0.40%"
"03/06/2019","118.719","118.706","119.095","118.481","14.24K","0.01%"
"03/05/2019","118.706","118.578","119.053","118.452","14.94K","-0.03%"
"03/04/2019","118.741","118.496","118.972","118.347","7.65K","0.11%"
"03/01/2019","118.610","118.358","118.803","118.235","7.70K","0.21%"
"02/28/2019","118.364","118.412","118.720","118.120","11.75K","-0.02%"
"02/27/2019","118.388","118.555","118.778","118.181","16.29K","-0.14%"
"02/26/2019","118.555","118.498","118.965","118.283","17.47K","-0.10%"
"02/25/2019","118.670","118.965","118.987","118.365","10.52K","-0.11%"
"02/22/2019","118.800","118.592","119.030","118.417","7.19K","0.19%"
"02/21/2019","118.579","118.612","119.035","118.373","10.94K","-0.15%"
"02/20/2019","118.762","118.635","119.060","118.409","8.04K","0.14%"
"02/19/2019","118.592","118.915","119.164","118.546","7.22K","-0.28%"
"02/18/2019","118.920","119.030","119.130","118.555","6.17K","-0.09%"
"02/15/2019","119.027","118.785","119.296","118.695","13.32K","0.04%"
"02/14/2019","118.985","119.110","119.272","118.638","16.08K","-0.10%"
"02/13/2019","119.110","118.875","119.152","118.565","15.84K","0.21%"
"02/12/2019","118.865","119.035","119.243","118.630","12.52K","-0.14%"
"02/11/2019","119.030","118.739","119.145","118.603","8.49K","0.17%"
"02/08/2019","118.830","118.795","119.011","118.486","16.87K","0.06%"
"02/07/2019","118.755","118.480","118.977","118.214","16.40K","0.21%"
"02/06/2019","118.504","118.316","118.762","118.155","11.86K","0.14%"
"02/05/2019","118.334","118.132","118.641","117.883","11.50K","0.18%"
"02/04/2019","118.123","118.365","118.435","117.884","4.38K","0.10%"
"02/01/2019","118.002","118.001","118.365","117.999","8.17K","-0.07%"
"01/31/2019","118.084","118.348","118.424","117.811","10.09K","-0.22%"
"01/30/2019","118.348","118.311","118.627","118.004","6.98K","0.03%"
"01/29/2019","118.311","118.219","118.726","118.011","13.99K","0.10%"
"01/28/2019","118.191","118.715","118.873","118.093","6.14K","-0.35%"
"01/25/2019","118.610","118.696","119.015","118.347","12.52K","-0.08%"
"01/24/2019","118.702","118.494","119.014","118.344","21.93K","0.09%"
"01/23/2019","118.595","118.667","118.888","118.154","20.34K","-0.09%"
"01/22/2019","118.700","118.489","118.923","118.145","22.52K","0.03%"
"01/21/2019","118.670","118.425","118.847","118.124","18.26K","0.20%"
"01/18/2019","118.435","118.550","118.773","118.089","18.37K","0.03%"
"01/17/2019","118.394","118.560","118.754","118.096","23.69K","0.00%"
"01/16/2019","118.390","118.445","118.808","118.027","","-0.05%"
"01/15/2019","118.445","118.205","118.645","117.933","","0.19%"
"01/14/2019","118.220","118.058","118.749","117.817","","0.22%"
"01/11/2019","117.959","117.935","118.293","117.687","3.78K","-0.13%"
"01/10/2019","118.110","117.802","118.394","117.650","","0.26%"
"01/09/2019","117.798","118.188","118.553","117.733","","-0.44%"
"01/08/2019","118.323","118.163","118.553","117.968","0.76K","0.21%"
"01/07/2019","118.071","118.720","118.749","117.992","0.71K","-0.28%"
"01/04/2019","118.405","118.765","118.871","118.217","9.88K","-0.04%"
"01/03/2019","118.453","118.642","118.972","118.237","0.85K","-0.14%"
"01/02/2019","118.623","118.159","118.874","117.983","0.74K","0.31%"
"01/01/2019","118.259","118.139","118.412","117.857","0.46K","0.00%"