"Date","Price","Open","High","Low","Vol.","Change %"
"12/30/2025","2,174.45","2,160.44","2,177.48","2,158.00","99.41M","0.65%"
"12/29/2025","2,160.44","2,153.71","2,172.48","2,153.71","217.59M","0.31%"
"12/23/2025","2,153.71","2,133.17","2,153.71","2,129.23","75.39M","0.96%"
"12/22/2025","2,133.17","2,131.51","2,133.17","2,120.67","83.06M","0.08%"
"12/19/2025","2,131.51","2,126.17","2,138.55","2,123.66","342.24M","0.25%"
"12/18/2025","2,126.17","2,137.26","2,140.45","2,126.17","306.56M","-0.52%"
"12/17/2025","2,137.26","2,136.92","2,142.30","2,132.05","215.62M","0.02%"
"12/16/2025","2,136.92","2,143.91","2,143.91","2,133.36","134.66M","-0.33%"
"12/15/2025","2,143.91","2,159.08","2,159.08","2,140.43","341.18M","-0.70%"
"12/12/2025","2,159.08","2,136.48","2,159.08","2,136.48","161.79M","1.06%"
"12/11/2025","2,136.48","2,143.39","2,150.00","2,135.65","85.00M","-0.32%"
"12/10/2025","2,143.39","2,148.97","2,151.88","2,132.70","95.00M","-0.26%"
"12/09/2025","2,148.97","2,154.98","2,154.98","2,131.40","168.68M","-0.28%"
"12/08/2025","2,154.98","2,135.02","2,157.98","2,135.02","202.46M","0.93%"
"12/05/2025","2,135.02","2,093.34","2,139.51","2,093.34","319.83M","1.99%"
"12/04/2025","2,093.34","2,056.06","2,093.34","2,056.06","186.70M","1.81%"
"12/03/2025","2,056.06","2,061.51","2,067.02","2,050.81","133.66M","-0.26%"
"12/02/2025","2,061.51","2,056.71","2,062.25","2,048.91","122.67M","0.23%"
"12/01/2025","2,056.71","2,077.49","2,079.20","2,055.13","123.63M","-1.00%"
"11/28/2025","2,077.49","2,068.73","2,077.49","2,066.14","128.32M","0.42%"
"11/27/2025","2,068.73","2,057.81","2,086.42","2,057.81","163.78M","0.53%"
"11/26/2025","2,057.81","2,056.67","2,062.14","2,053.86","172.59M","0.06%"
"11/25/2025","2,056.67","2,054.22","2,070.04","2,054.22","76.42M","0.12%"
"11/24/2025","2,054.22","2,033.90","2,054.22","2,033.90","66.98M","1.00%"
"11/21/2025","2,033.90","2,036.15","2,037.40","2,025.94","86.70M","-0.11%"
"11/20/2025","2,036.15","2,037.37","2,046.52","2,034.36","149.11M","-0.06%"
"11/19/2025","2,037.37","2,020.84","2,050.24","2,020.84","158.80M","0.82%"
"11/18/2025","2,020.84","2,048.81","2,048.81","2,020.84","50.09M","-1.37%"
"11/17/2025","2,048.81","2,048.22","2,055.94","2,045.39","77.94M","0.03%"
"11/14/2025","2,048.22","2,054.03","2,068.49","2,045.90","93.85M","-0.28%"
"11/13/2025","2,054.03","2,058.87","2,060.52","2,028.48","81.86M","-0.24%"
"11/12/2025","2,058.87","2,051.71","2,058.87","2,048.78","52.59M","0.35%"
"11/11/2025","2,051.71","2,056.29","2,058.48","2,049.84","115.99M","-0.22%"
"11/10/2025","2,056.29","2,042.78","2,083.73","2,042.78","118.95M","0.66%"
"11/07/2025","2,042.78","2,024.44","2,043.67","2,021.02","68.95M","0.91%"
"11/06/2025","2,024.44","1,981.97","2,025.65","1,981.97","397.95M","2.14%"
"11/05/2025","1,981.97","1,977.92","1,982.72","1,972.95","112.13M","0.20%"
"11/04/2025","1,977.92","1,990.15","1,990.15","1,968.67","154.81M","-0.61%"
"11/03/2025","1,990.15","2,091.90","2,091.90","1,985.09","","-4.86%"
"10/31/2025","2,091.90","2,113.36","2,113.36","2,091.90","83.34M","-1.02%"
"10/30/2025","2,113.36","2,123.11","2,125.58","2,108.57","41.47M","-0.46%"
"10/29/2025","2,123.11","2,127.01","2,127.01","2,110.47","74.31M","-0.18%"
"10/28/2025","2,127.01","2,147.78","2,152.14","2,122.27","51.54M","-0.97%"
"10/27/2025","2,147.78","2,143.15","2,161.97","2,143.15","148.53M","0.22%"
"10/24/2025","2,143.15","2,134.12","2,143.15","2,129.32","255.06M","0.42%"
"10/23/2025","2,134.12","2,128.34","2,134.52","2,123.58","250.42M","0.27%"
"10/22/2025","2,128.34","2,147.92","2,147.92","2,127.32","241.31M","-0.91%"
"10/21/2025","2,147.92","2,157.75","2,157.75","2,141.48","459.37M","-0.46%"
"10/20/2025","2,157.75","2,162.46","2,166.59","2,155.11","297.31M","-0.22%"
"10/17/2025","2,162.46","2,181.09","2,181.09","2,146.85","235.14M","-0.85%"
"10/16/2025","2,181.09","2,196.27","2,196.96","2,177.36","312.56M","-0.69%"
"10/15/2025","2,196.27","2,173.76","2,206.35","2,173.76","186.12M","1.04%"
"10/14/2025","2,173.76","2,137.69","2,173.76","2,127.52","271.53M","1.69%"
"10/13/2025","2,137.69","2,155.53","2,155.53","2,135.21","90.15M","-0.83%"
"10/10/2025","2,155.53","2,164.63","2,168.50","2,153.72","116.15M","-0.42%"
"10/09/2025","2,164.63","2,169.76","2,176.00","2,164.51","157.70M","-0.24%"
"10/08/2025","2,169.76","2,154.43","2,172.19","2,154.43","106.59M","0.71%"
"10/07/2025","2,154.43","2,132.63","2,168.56","2,132.63","190.62M","1.02%"
"10/06/2025","2,132.63","2,114.57","2,138.07","2,114.57","157.12M","0.85%"
"10/03/2025","2,114.57","2,088.99","2,116.80","2,088.99","451.73M","1.22%"
"10/02/2025","2,088.99","2,089.89","2,096.19","2,086.11","151.98M","-0.04%"
"10/01/2025","2,089.89","2,092.67","2,098.55","2,088.64","448.53M","-0.13%"
"09/30/2025","2,092.67","2,107.05","2,110.13","2,092.67","238.47M","-0.68%"
"09/29/2025","2,107.05","2,101.36","2,113.51","2,098.53","654.12M","0.27%"
"09/26/2025","2,101.36","2,097.40","2,101.36","2,087.51","93.83M","0.19%"
"09/25/2025","2,097.40","2,116.37","2,117.12","2,089.15","42.18M","-0.90%"
"09/24/2025","2,116.37","2,130.96","2,130.96","2,112.63","124.46M","-0.68%"
"09/23/2025","2,130.96","2,094.68","2,140.07","2,094.68","107.39M","1.73%"
"09/22/2025","2,094.68","2,097.43","2,098.54","2,086.06","29.94M","-0.13%"
"09/19/2025","2,097.43","2,105.09","2,105.90","2,097.43","76.96M","-0.36%"
"09/18/2025","2,105.09","2,104.98","2,107.37","2,100.85","29.63M","0.01%"
"09/17/2025","2,104.98","2,127.35","2,127.35","2,101.07","63.40M","-1.05%"
"09/16/2025","2,127.35","2,128.02","2,138.31","2,127.35","87.80M","-0.03%"
"09/15/2025","2,128.02","2,126.14","2,132.30","2,124.80","164.43M","0.09%"
"09/12/2025","2,126.14","2,123.63","2,131.27","2,122.68","160.93M","0.12%"
"09/11/2025","2,123.63","2,119.80","2,126.76","2,118.26","150.50M","0.18%"
"09/10/2025","2,119.80","2,085.86","2,120.37","2,085.86","111.63M","1.63%"
"09/09/2025","2,085.86","2,090.36","2,092.26","2,083.40","106.14M","-0.22%"
"09/08/2025","2,090.36","2,097.95","2,102.28","2,090.36","85.43M","-0.36%"
"09/05/2025","2,097.95","2,075.98","2,098.42","2,075.98","67.34M","1.06%"
"09/04/2025","2,075.98","2,068.41","2,084.39","2,065.88","128.61M","0.37%"
"09/03/2025","2,068.41","2,058.97","2,068.41","2,054.90","68.49M","0.46%"
"09/02/2025","2,058.97","2,053.58","2,058.97","2,051.37","67.21M","0.26%"
"09/01/2025","2,053.58","2,043.95","2,053.58","2,043.01","85.35M","0.47%"
"08/29/2025","2,043.95","2,045.19","2,048.78","2,039.51","70.41M","-0.06%"
"08/28/2025","2,045.19","2,060.90","2,065.09","2,045.19","79.25M","-0.76%"
"08/27/2025","2,060.90","2,073.61","2,073.61","2,056.37","166.98M","-0.61%"
"08/26/2025","2,073.61","2,096.45","2,096.45","2,073.61","77.89M","-1.09%"
"08/25/2025","2,096.45","2,098.18","2,100.92","2,095.22","76.68M","-0.08%"
"08/22/2025","2,098.18","2,078.65","2,099.45","2,078.47","82.36M","0.94%"
"08/21/2025","2,078.65","2,080.44","2,082.54","2,072.99","81.57M","-0.09%"
"08/20/2025","2,080.44","2,100.50","2,105.33","2,074.27","116.04M","-0.96%"
"08/19/2025","2,100.50","2,111.08","2,116.55","2,100.50","63.43M","-0.50%"
"08/18/2025","2,111.08","2,098.60","2,112.84","2,086.81","24.70M","0.59%"
"08/15/2025","2,098.60","2,091.46","2,100.42","2,085.82","83.97M","0.34%"
"08/14/2025","2,091.46","2,131.43","2,146.01","2,083.23","63.95M","-1.88%"
"08/13/2025","2,131.43","2,120.74","2,131.53","2,118.33","54.62M","0.50%"
"08/12/2025","2,120.74","2,119.76","2,132.38","2,119.76","73.99M","0.05%"
"08/11/2025","2,119.76","2,096.92","2,119.76","2,095.42","44.73M","1.09%"
"08/08/2025","2,096.92","2,087.47","2,099.43","2,081.35","63.61M","0.45%"
"08/07/2025","2,087.47","2,085.58","2,087.47","2,075.55","76.28M","0.09%"
"08/06/2025","2,085.58","2,093.44","2,100.89","2,082.40","84.17M","-0.38%"
"08/05/2025","2,093.44","2,102.60","2,102.60","2,085.71","42.05M","-0.44%"
"08/01/2025","2,102.60","2,121.83","2,121.83","2,097.13","36.21M","-0.91%"
"07/31/2025","2,121.83","2,126.34","2,130.51","2,119.39","82.48M","-0.21%"
"07/30/2025","2,126.34","2,141.65","2,141.94","2,122.36","79.95M","0.09%"
"07/29/2025","2,124.36","2,134.19","2,151.46","2,124.36","145.79M","-0.46%"
"07/28/2025","2,134.19","2,103.67","2,134.19","2,103.67","68.61M","1.45%"
"07/25/2025","2,103.67","2,096.07","2,105.88","2,095.52","102.90M","0.36%"
"07/24/2025","2,096.07","2,080.00","2,096.91","2,080.00","48.58M","0.77%"
"07/23/2025","2,080.00","2,079.63","2,083.77","2,078.03","173.73M","0.02%"
"07/22/2025","2,079.63","2,087.45","2,087.45","2,075.67","112.39M","-0.37%"
"07/21/2025","2,087.45","2,084.64","2,093.27","2,083.35","188.15M","0.13%"
"07/18/2025","2,084.64","2,082.30","2,084.64","2,070.85","392.03M","0.11%"
"07/17/2025","2,082.30","2,073.87","2,082.30","2,073.26","127.39M","0.41%"
"07/16/2025","2,073.87","2,083.66","2,083.66","2,072.50","126.92M","-0.47%"
"07/15/2025","2,083.66","2,071.66","2,083.66","2,071.66","60.94M","0.58%"
"07/14/2025","2,071.66","2,088.71","2,088.71","2,071.66","103.25M","-0.82%"
"07/11/2025","2,088.71","2,089.77","2,094.24","2,087.66","140.62M","-0.05%"
"07/10/2025","2,089.77","2,092.92","2,092.92","2,084.80","191.26M","-0.15%"
"07/09/2025","2,092.92","2,100.21","2,103.10","2,090.06","207.71M","-0.35%"
"07/08/2025","2,100.21","2,101.22","2,103.82","2,096.08","383.38M","-0.05%"
"07/07/2025","2,101.22","2,097.94","2,107.68","2,096.77","174.64M","0.16%"
"07/04/2025","2,097.94","2,085.94","2,097.94","2,078.72","79.34M","0.58%"
"07/03/2025","2,085.94","2,085.29","2,085.95","2,078.12","100.52M","0.03%"
"07/02/2025","2,085.29","2,079.98","2,085.29","2,074.23","77.40M","0.26%"
"07/01/2025","2,079.98","2,064.74","2,079.98","2,062.42","127.78M","0.74%"
"06/30/2025","2,064.74","2,066.04","2,070.62","2,062.32","115.92M","-0.06%"
"06/27/2025","2,066.04","2,069.44","2,071.41","2,064.15","422.56M","-0.16%"
"06/26/2025","2,069.44","2,071.56","2,079.07","2,064.54","159.66M","-0.10%"
"06/25/2025","2,071.56","2,075.42","2,078.36","2,067.85","135.67M","-0.19%"
"06/24/2025","2,075.42","2,068.87","2,087.05","2,068.87","136.70M","0.32%"
"06/23/2025","2,068.87","2,049.62","2,078.66","2,049.62","154.88M","0.94%"
"06/20/2025","2,049.62","2,066.61","2,067.82","2,049.62","91.95M","-0.82%"
"06/19/2025","2,066.61","2,106.95","2,106.95","2,066.61","121.14M","-1.91%"
"06/18/2025","2,106.95","2,120.86","2,121.06","2,104.08","86.92M","-0.66%"
"06/16/2025","2,120.86","2,145.00","2,145.00","2,112.67","63.88M","-1.13%"
"06/13/2025","2,145.00","2,169.80","2,169.80","2,139.95","193.98M","-1.14%"
"06/12/2025","2,169.80","2,187.43","2,187.43","2,169.80","92.84M","-0.81%"
"06/11/2025","2,187.43","2,205.88","2,205.88","2,182.42","174.87M","-0.84%"
"06/10/2025","2,205.88","2,234.75","2,234.75","2,204.07","40.50M","-1.29%"
"06/06/2025","2,234.75","2,230.19","2,237.99","2,222.18","206.60M","0.20%"
"06/05/2025","2,230.19","2,253.24","2,253.24","2,222.29","218.00M","-1.02%"
"06/04/2025","2,253.24","2,236.78","2,256.46","2,236.78","217.13M","0.74%"
"06/03/2025","2,236.78","2,236.77","2,236.78","2,219.08","364.23M","0.00%"
"06/02/2025","2,236.77","2,248.30","2,254.99","2,230.49","264.64M","-0.51%"
"05/30/2025","2,248.30","2,247.76","2,252.60","2,239.18","183.58M","0.02%"
"05/28/2025","2,247.76","2,217.44","2,268.08","2,217.44","457.39M","1.37%"
"05/27/2025","2,217.44","2,196.19","2,218.41","2,196.19","189.49M","0.97%"
"05/26/2025","2,196.19","2,154.99","2,197.08","2,154.99","129.47M","1.91%"
"05/23/2025","2,154.99","2,159.56","2,169.01","2,148.78","197.06M","-0.21%"
"05/22/2025","2,159.56","2,158.15","2,167.44","2,155.72","197.40M","0.07%"
"05/21/2025","2,158.15","2,129.26","2,158.15","2,129.26","302.48M","1.36%"
"05/20/2025","2,129.26","2,161.03","2,161.03","2,125.02","209.16M","-1.47%"
"05/19/2025","2,161.03","2,174.63","2,174.63","2,150.30","110.01M","-0.63%"
"05/16/2025","2,174.63","2,121.62","2,181.94","2,121.62","1.22B","2.50%"
"05/15/2025","2,121.62","2,137.56","2,152.86","2,118.96","181.68M","-0.75%"
"05/14/2025","2,137.56","2,118.01","2,147.08","2,118.01","160.55M","0.92%"
"05/13/2025","2,118.01","2,150.03","2,150.03","2,115.64","76.09M","-1.49%"
"05/12/2025","2,150.03","2,113.21","2,152.69","2,110.87","115.33M","1.74%"
"05/09/2025","2,113.21","2,064.29","2,122.76","2,064.29","119.25M","2.37%"
"05/08/2025","2,064.29","2,012.48","2,093.19","2,012.48","85.56M","2.57%"
"05/07/2025","2,012.48","1,999.82","2,012.48","1,991.63","140.55M","0.63%"
"05/06/2025","1,999.82","2,019.78","2,019.78","1,988.02","106.32M","-0.99%"
"05/05/2025","2,019.78","2,010.75","2,034.67","2,010.75","171.05M","0.45%"
"05/02/2025","2,010.75","1,984.46","2,014.96","1,982.95","190.40M","1.32%"
"04/30/2025","1,984.46","2,008.65","2,008.65","1,984.46","149.33M","-1.20%"
"04/29/2025","2,008.65","2,018.00","2,018.00","2,005.45","124.02M","-0.46%"
"04/28/2025","2,018.00","2,043.30","2,043.30","2,016.80","40.39M","-1.24%"
"04/25/2025","2,043.30","2,034.29","2,051.38","2,030.07","106.29M","0.44%"
"04/23/2025","2,034.29","2,003.51","2,036.71","2,003.51","117.96M","1.54%"
"04/22/2025","2,003.51","2,023.27","2,023.27","1,996.12","81.07M","-0.98%"
"04/16/2025","2,023.27","2,020.62","2,027.93","2,018.06","63.76M","0.13%"
"04/15/2025","2,020.62","1,993.92","2,020.62","1,993.92","107.63M","1.34%"
"04/14/2025","1,993.92","1,971.53","2,001.99","1,971.53","72.63M","1.14%"
"04/11/2025","1,971.53","1,959.03","1,974.88","1,938.99","389.69M","0.64%"
"04/10/2025","1,959.03","1,926.73","2,016.01","1,926.73","209.71M","1.68%"
"04/09/2025","1,926.73","1,977.39","1,977.39","1,904.51","292.54M","-2.56%"
"04/08/2025","1,977.39","1,940.71","1,986.21","1,940.71","288.97M","1.89%"
"04/07/2025","1,940.71","1,990.08","1,990.08","1,900.51","560.67M","-2.48%"
"04/04/2025","1,990.08","2,054.52","2,054.52","1,976.18","317.63M","-3.14%"
"04/03/2025","2,054.52","2,112.27","2,112.27","2,053.10","203.85M","-2.73%"
"04/02/2025","2,112.27","2,116.37","2,116.37","2,097.50","192.87M","-0.19%"
"04/01/2025","2,116.37","2,116.49","2,116.49","2,100.98","108.27M","-0.01%"
"03/31/2025","2,116.49","2,150.79","2,150.79","2,102.27","173.51M","-1.59%"
"03/28/2025","2,150.79","2,211.17","2,211.17","2,146.01","255.68M","-2.73%"
"03/27/2025","2,211.17","2,272.69","2,272.69","2,200.55","170.49M","-2.71%"
"03/26/2025","2,272.69","2,250.40","2,272.69","2,250.40","305.29M","0.99%"
"03/25/2025","2,250.40","2,246.67","2,251.73","2,234.43","304.22M","0.17%"
"03/24/2025","2,246.67","2,215.43","2,246.67","2,209.49","157.95M","0.67%"
"03/21/2025","2,231.81","2,242.02","2,242.17","2,210.73","382.07M","-0.97%"
"03/20/2025","2,253.69","2,210.65","2,242.02","2,201.60","407.44M","1.68%"
"03/19/2025","2,216.35","2,222.87","2,225.55","2,208.77","97.87M","-0.29%"
"03/18/2025","2,222.87","2,212.67","2,224.23","2,203.76","258.96M","0.46%"
"03/17/2025","2,212.67","2,212.66","2,216.19","2,198.57","287.07M","0.00%"
"03/14/2025","2,212.66","2,208.39","2,212.85","2,198.82","437.92M","0.19%"
"03/13/2025","2,208.39","2,245.88","2,245.88","2,206.42","111.21M","-1.67%"
"03/12/2025","2,245.88","2,212.83","2,249.97","2,212.83","309.40M","1.49%"
"03/11/2025","2,212.83","2,277.86","2,277.86","2,203.62","167.95M","-2.85%"
"03/10/2025","2,277.86","2,299.68","2,299.68","2,274.26","131.73M","-0.95%"
"03/07/2025","2,299.68","2,273.38","2,300.65","2,272.14","462.44M","1.16%"
"03/06/2025","2,273.38","2,290.15","2,290.15","2,262.20","181.25M","-0.73%"
"03/05/2025","2,290.15","2,244.87","2,298.36","2,244.87","385.04M","2.02%"
"03/04/2025","2,244.87","2,333.89","2,333.89","2,241.60","179.64M","-3.81%"
"03/03/2025","2,333.89","2,334.74","2,341.89","2,324.19","86.11M","-0.04%"
"02/28/2025","2,334.74","2,382.32","2,382.32","2,334.74","214.41M","-2.00%"
"02/27/2025","2,382.32","2,397.57","2,398.83","2,376.77","85.94M","-0.64%"
"02/26/2025","2,397.57","2,383.23","2,397.90","2,383.23","132.09M","0.60%"
"02/25/2025","2,383.23","2,365.80","2,386.58","2,339.35","178.43M","0.74%"
"02/24/2025","2,365.80","2,400.58","2,403.20","2,365.80","143.35M","-1.45%"
"02/21/2025","2,400.58","2,388.08","2,408.25","2,378.68","207.65M","0.52%"
"02/20/2025","2,388.08","2,410.34","2,410.34","2,383.51","119.15M","-0.92%"
"02/19/2025","2,410.34","2,441.60","2,443.72","2,402.43","151.94M","-1.28%"
"02/18/2025","2,441.60","2,454.52","2,454.52","2,432.72","167.92M","-0.53%"
"02/17/2025","2,454.52","2,445.85","2,463.93","2,445.85","154.94M","0.35%"
"02/14/2025","2,445.85","2,466.62","2,467.71","2,441.38","244.30M","-0.84%"
"02/13/2025","2,466.62","2,470.05","2,475.25","2,460.09","179.45M","-0.14%"
"02/12/2025","2,470.05","2,483.62","2,483.62","2,468.04","273.52M","-0.55%"
"02/11/2025","2,483.62","2,481.23","2,484.44","2,471.11","203.79M","0.10%"
"02/10/2025","2,481.23","2,485.15","2,486.39","2,471.40","173.73M","-0.16%"
"02/07/2025","2,485.15","2,467.05","2,487.33","2,467.05","204.79M","0.73%"
"02/06/2025","2,467.05","2,436.12","2,467.05","2,436.12","296.45M","1.27%"
"02/05/2025","2,436.12","2,446.44","2,457.11","2,436.03","143.84M","-0.42%"
"02/04/2025","2,446.44","2,437.69","2,446.44","2,432.33","208.58M","0.36%"
"02/03/2025","2,437.69","2,466.44","2,466.44","2,423.66","188.97M","-1.17%"
"01/31/2025","2,466.44","2,437.71","2,468.51","2,437.71","681.40M","1.18%"
"01/30/2025","2,437.71","2,435.05","2,441.36","2,425.07","187.83M","0.11%"
"01/29/2025","2,435.05","2,444.42","2,444.42","2,422.18","96.13M","-0.38%"
"01/28/2025","2,444.42","2,446.74","2,456.77","2,443.67","235.52M","-0.09%"
"01/27/2025","2,446.74","2,463.31","2,463.31","2,419.10","188.60M","-0.67%"
"01/24/2025","2,463.31","2,485.72","2,485.72","2,462.99","173.39M","-0.90%"
"01/23/2025","2,485.72","2,477.56","2,497.42","2,477.56","326.40M","0.33%"
"01/22/2025","2,477.56","2,450.85","2,487.82","2,450.85","327.18M","1.09%"
"01/21/2025","2,450.85","2,451.16","2,458.02","2,437.71","192.77M","-0.01%"
"01/20/2025","2,451.16","2,447.82","2,463.33","2,443.71","428.32M","0.14%"
"01/17/2025","2,447.82","2,457.13","2,457.13","2,434.65","399.89M","-0.38%"
"01/16/2025","2,457.13","2,431.84","2,457.13","2,431.84","147.30M","1.04%"
"01/15/2025","2,431.84","2,457.00","2,457.00","2,430.72","153.10M","-1.02%"
"01/14/2025","2,457.00","2,467.09","2,467.09","2,440.26","331.86M","-0.41%"
"01/13/2025","2,467.09","2,452.39","2,467.09","2,439.11","164.93M","0.60%"
"01/10/2025","2,452.39","2,445.39","2,462.34","2,438.41","224.75M","0.29%"
"01/09/2025","2,445.39","2,404.57","2,445.39","2,404.57","299.84M","1.70%"
"01/08/2025","2,404.57","2,419.63","2,426.40","2,404.57","138.70M","-0.62%"
"01/07/2025","2,419.63","2,420.48","2,428.37","2,413.25","221.26M","-0.04%"
"01/06/2025","2,420.48","2,414.65","2,432.38","2,414.53","201.47M","0.24%"
"01/03/2025","2,414.65","2,416.25","2,416.25","2,402.39","324.95M","-0.07%"
"01/02/2025","2,416.25","2,388.76","2,416.25","2,388.76","111.61M","1.15%"
"12/30/2024","2,388.76","2,408.76","2,413.15","2,378.59","226.71M","-0.83%"
"12/27/2024","2,408.76","2,381.02","2,408.76","2,375.74","61.70M","1.17%"
"12/23/2024","2,381.02","2,324.19","2,381.02","2,324.19","591.40M","2.45%"
"12/20/2024","2,324.19","2,339.90","2,344.99","2,323.84","271.16M","-0.67%"
"12/19/2024","2,339.90","2,349.39","2,349.39","2,315.72","223.87M","-0.40%"
"12/18/2024","2,349.39","2,353.91","2,358.64","2,344.89","329.38M","-0.19%"
"12/17/2024","2,353.91","2,349.33","2,359.53","2,343.03","453.69M","0.19%"
"12/16/2024","2,349.33","2,365.44","2,365.44","2,338.60","280.59M","-0.68%"
"12/13/2024","2,365.44","2,314.92","2,370.87","2,314.92","656.46M","2.18%"
"12/12/2024","2,314.92","2,300.35","2,314.92","2,300.03","256.68M","0.63%"
"12/11/2024","2,300.35","2,287.33","2,307.48","2,287.33","223.81M","0.57%"
"12/10/2024","2,287.33","2,276.63","2,287.33","2,264.88","202.23M","0.47%"
"12/09/2024","2,276.63","2,268.80","2,281.82","2,268.04","109.95M","0.35%"
"12/06/2024","2,268.80","2,273.45","2,275.49","2,263.14","225.00M","-0.20%"
"12/05/2024","2,273.45","2,300.69","2,300.69","2,271.88","271.22M","-1.18%"
"12/04/2024","2,300.69","2,311.74","2,315.35","2,297.35","165.92M","-0.48%"
"12/03/2024","2,311.74","2,305.45","2,311.74","2,296.90","438.45M","0.27%"
"12/02/2024","2,305.45","2,307.19","2,307.19","2,293.11","145.79M","-0.08%"
"11/29/2024","2,307.19","2,305.55","2,309.90","2,297.85","233.64M","0.07%"
"11/28/2024","2,305.55","2,302.14","2,316.02","2,295.59","270.53M","0.15%"
"11/27/2024","2,302.14","2,283.09","2,302.14","2,275.71","452.45M","0.83%"
"11/26/2024","2,283.09","2,271.44","2,283.09","2,271.44","175.97M","0.51%"
"11/25/2024","2,271.44","2,280.30","2,283.06","2,264.99","156.96M","-0.39%"
"11/22/2024","2,280.30","2,286.95","2,286.95","2,267.89","85.39M","-0.29%"
"11/21/2024","2,286.95","2,281.56","2,291.33","2,279.35","328.08M","0.24%"
"11/20/2024","2,281.56","2,283.36","2,300.65","2,278.64","251.39M","-0.08%"
"11/19/2024","2,283.36","2,264.87","2,286.34","2,264.87","153.10M","0.82%"
"11/18/2024","2,264.87","2,279.33","2,279.33","2,256.49","117.45M","-0.63%"
"11/15/2024","2,279.33","2,289.42","2,289.72","2,270.52","328.14M","-0.44%"
"11/14/2024","2,289.42","2,288.09","2,304.65","2,282.69","318.78M","0.06%"
"11/13/2024","2,288.09","2,281.61","2,289.25","2,272.34","499.63M","0.28%"
"11/12/2024","2,281.61","2,287.95","2,294.77","2,274.06","242.88M","-0.28%"
"11/11/2024","2,287.95","2,296.81","2,302.17","2,286.72","187.76M","-0.39%"
"11/08/2024","2,296.81","2,307.86","2,307.86","2,288.70","170.54M","-0.48%"
"11/07/2024","2,307.86","2,320.75","2,324.56","2,300.38","111.78M","-0.56%"
"11/06/2024","2,320.75","2,299.73","2,328.94","2,299.73","408.34M","0.91%"
"11/05/2024","2,299.73","2,301.57","2,301.57","2,287.18","144.61M","-0.08%"
"11/04/2024","2,301.57","2,311.97","2,311.97","2,288.83","378.37M","-0.45%"
"11/01/2024","2,311.97","2,289.87","2,311.97","2,288.09","158.98M","0.97%"
"10/31/2024","2,289.87","2,255.40","2,296.15","2,255.40","183.00M","1.53%"
"10/30/2024","2,255.40","2,276.73","2,278.52","2,254.35","149.36M","-0.94%"
"10/29/2024","2,276.73","2,272.30","2,282.82","2,267.58","144.41M","0.19%"
"10/28/2024","2,272.30","2,255.87","2,278.55","2,249.18","189.70M","0.73%"
"10/25/2024","2,255.87","2,254.24","2,276.68","2,254.24","290.28M","0.07%"
"10/24/2024","2,254.24","2,242.23","2,269.35","2,242.23","276.07M","0.54%"
"10/23/2024","2,242.23","2,183.51","2,248.52","2,172.89","414.81M","2.69%"
"10/22/2024","2,183.51","2,160.70","2,193.52","2,160.70","325.70M","1.06%"
"10/21/2024","2,160.70","2,150.27","2,163.76","2,142.41","332.12M","0.49%"
"10/18/2024","2,150.27","2,163.08","2,163.08","2,147.88","357.00M","-0.59%"
"10/17/2024","2,163.08","2,162.20","2,164.19","2,155.30","1.00B","0.04%"
"10/16/2024","2,162.20","2,162.41","2,171.78","2,159.93","199.07M","-0.01%"
"10/15/2024","2,162.41","2,165.29","2,167.00","2,157.77","221.14M","-0.13%"
"10/14/2024","2,165.29","2,177.17","2,177.87","2,159.39","80.50M","-0.55%"
"10/11/2024","2,177.17","2,199.95","2,199.95","2,177.17","138.89M","-1.04%"
"10/10/2024","2,199.95","2,215.82","2,216.57","2,191.98","266.90M","-0.72%"
"10/09/2024","2,215.82","2,212.04","2,217.21","2,202.77","253.32M","0.17%"
"10/08/2024","2,212.04","2,203.55","2,224.82","2,193.29","374.63M","0.39%"
"10/07/2024","2,203.55","2,161.36","2,203.55","2,161.36","269.48M","1.95%"
"10/04/2024","2,161.36","2,150.19","2,161.36","2,149.58","303.50M","0.52%"
"10/03/2024","2,150.19","2,173.02","2,177.06","2,150.19","382.68M","-1.05%"
"10/02/2024","2,173.02","2,134.71","2,182.50","2,134.71","329.91M","1.79%"
"10/01/2024","2,134.71","2,123.25","2,149.44","2,123.25","742.47M","0.54%"
"09/30/2024","2,123.25","2,109.70","2,123.25","2,095.56","374.41M","0.64%"
"09/27/2024","2,109.70","2,069.96","2,110.20","2,069.96","422.68M","1.92%"
"09/26/2024","2,069.96","2,058.44","2,070.68","2,058.44","758.19M","0.56%"
"09/25/2024","2,058.44","2,044.47","2,067.99","2,044.43","247.06M","0.68%"
"09/24/2024","2,044.47","2,019.84","2,044.47","2,013.87","404.78M","1.22%"
"09/23/2024","2,019.84","2,015.39","2,022.64","2,011.17","723.18M","0.22%"
"09/20/2024","2,015.39","2,018.77","2,024.77","2,009.61","434.39M","-0.17%"
"09/19/2024","2,018.77","2,001.17","2,019.93","2,001.17","239.95M","0.88%"
"09/18/2024","2,001.17","2,007.06","2,007.06","1,995.49","133.01M","-0.29%"
"09/17/2024","2,007.06","1,995.89","2,007.06","1,993.15","191.61M","0.56%"
"09/16/2024","1,995.89","1,988.65","1,995.89","1,980.57","137.66M","0.36%"
"09/13/2024","1,988.65","1,989.01","1,993.54","1,983.53","38.15M","-0.02%"
"09/12/2024","1,989.01","1,978.60","1,989.34","1,977.14","59.29M","0.53%"
"09/11/2024","1,978.60","1,998.00","1,998.65","1,977.32","154.13M","-0.97%"
"09/10/2024","1,998.00","2,013.66","2,014.16","1,997.75","64.05M","-0.78%"
"09/09/2024","2,013.66","2,026.75","2,026.75","2,010.15","210.04M","-0.65%"
"09/06/2024","2,026.75","2,025.77","2,030.90","2,020.91","404.12M","0.05%"
"09/05/2024","2,025.77","2,016.14","2,030.85","2,013.02","293.09M","0.48%"
"09/04/2024","2,016.14","2,032.43","2,032.43","2,002.99","76.47M","-0.80%"
"09/03/2024","2,032.43","2,035.50","2,039.25","2,026.83","184.64M","-0.15%"
"09/02/2024","2,035.50","2,042.48","2,044.29","2,033.97","88.45M","-0.34%"
"08/30/2024","2,042.48","2,058.41","2,058.41","2,042.12","242.45M","-0.77%"
"08/29/2024","2,058.41","2,048.68","2,061.97","2,045.84","125.23M","0.47%"
"08/28/2024","2,048.68","2,054.92","2,056.80","2,044.78","106.54M","-0.30%"
"08/27/2024","2,054.92","2,052.53","2,057.97","2,045.07","63.92M","0.12%"
"08/26/2024","2,052.53","2,057.76","2,057.76","2,046.27","80.99M","-0.25%"
"08/23/2024","2,057.76","2,054.83","2,060.07","2,048.32","151.53M","0.14%"
"08/22/2024","2,054.83","2,080.44","2,080.44","2,048.13","108.69M","-1.23%"
"08/21/2024","2,080.44","2,108.44","2,108.44","2,079.55","107.23M","-1.33%"
"08/20/2024","2,108.44","2,102.81","2,113.27","2,085.08","109.96M","0.27%"
"08/19/2024","2,102.81","2,098.74","2,139.24","2,098.74","451.32M","0.19%"
"08/16/2024","2,098.74","2,033.66","2,098.74","2,033.66","165.01M","3.20%"
"08/15/2024","2,033.66","1,985.07","2,033.66","1,985.07","265.65M","2.45%"
"08/14/2024","1,985.07","1,974.68","1,993.30","1,974.68","107.81M","0.53%"
"08/13/2024","1,974.68","1,972.61","1,975.59","1,964.57","144.35M","0.10%"
"08/12/2024","1,972.61","1,985.70","1,986.51","1,972.18","43.96M","-0.66%"
"08/09/2024","1,985.70","1,974.00","1,985.70","1,974.00","35.06M","0.59%"
"08/08/2024","1,974.00","1,989.47","1,989.79","1,964.28","123.77M","-0.78%"
"08/07/2024","1,989.47","1,984.93","1,989.50","1,980.78","115.53M","0.23%"
"08/06/2024","1,984.93","2,005.36","2,005.36","1,968.58","84.18M","-1.02%"
"08/02/2024","2,005.36","2,014.03","2,014.04","1,999.51","46.91M","-0.43%"
"08/01/2024","2,014.03","2,018.19","2,019.82","2,010.51","34.24M","-0.21%"
"07/31/2024","2,018.19","2,021.34","2,021.86","2,009.31","31.50M","-0.16%"
"07/30/2024","2,021.34","2,021.66","2,024.96","2,015.26","79.78M","-0.02%"
"07/29/2024","2,021.66","2,001.71","2,023.07","2,001.71","78.56M","1.00%"
"07/26/2024","2,001.71","1,981.63","2,001.71","1,972.96","76.31M","1.01%"
"07/25/2024","1,981.63","1,996.48","1,996.48","1,973.37","30.51M","-0.74%"
"07/24/2024","1,996.48","2,017.87","2,017.87","1,984.86","83.72M","-1.06%"
"07/23/2024","2,017.87","2,024.16","2,027.65","2,009.25","26.13M","-0.31%"
"07/22/2024","2,024.16","2,019.44","2,024.16","2,004.51","89.00M","0.23%"
"07/19/2024","2,019.44","2,016.19","2,020.27","2,011.77","115.11M","0.16%"
"07/18/2024","2,016.19","2,012.35","2,017.32","2,009.11","88.45M","0.19%"
"07/17/2024","2,012.35","2,004.83","2,019.35","2,004.83","108.83M","0.38%"
"07/16/2024","2,004.83","1,994.54","2,004.83","1,986.25","100.50M","0.52%"
"07/15/2024","1,994.54","1,996.77","1,997.86","1,984.46","236.22M","-0.11%"
"07/12/2024","1,996.77","1,990.26","1,996.77","1,980.02","65.86M","0.33%"
"07/11/2024","1,990.26","1,990.46","1,999.60","1,988.34","60.63M","-0.01%"
"07/10/2024","1,990.46","1,998.36","2,001.44","1,984.09","64.93M","-0.40%"
"07/09/2024","1,998.36","2,006.79","2,006.79","1,993.18","162.27M","-0.42%"
"07/08/2024","2,006.79","2,017.69","2,017.69","1,996.29","140.17M","-0.54%"
"07/05/2024","2,017.69","2,009.66","2,017.69","2,005.25","59.77M","0.40%"
"07/04/2024","2,009.66","2,001.94","2,014.34","1,996.05","81.81M","0.39%"
"07/03/2024","2,001.94","2,000.86","2,002.55","1,990.55","42.20M","0.05%"
"07/02/2024","2,000.86","1,996.46","2,007.70","1,994.24","44.24M","0.22%"
"07/01/2024","1,996.46","1,986.97","2,006.56","1,985.77","","0.48%"
"06/28/2024","1,986.97","2,002.49","2,004.84","1,985.91","57.18M","-0.78%"
"06/27/2024","2,002.49","1,999.86","2,009.74","1,999.27","41.34M","0.13%"
"06/26/2024","1,999.86","2,043.17","2,043.17","1,996.15","103.42M","-2.12%"
"06/25/2024","2,043.17","2,061.32","2,063.08","2,036.13","137.25M","-0.88%"
"06/24/2024","2,061.32","2,058.95","2,061.72","2,048.67","34.67M","0.12%"
"06/21/2024","2,058.95","2,060.30","2,067.65","2,055.68","143.08M","-0.07%"
"06/20/2024","2,060.30","2,055.76","2,068.45","2,055.76","129.62M","0.22%"
"06/19/2024","2,055.76","2,054.13","2,058.15","2,047.18","90.89M","0.08%"
"06/18/2024","2,054.13","2,063.81","2,063.81","2,045.88","54.04M","-0.47%"
"06/14/2024","2,063.81","2,078.66","2,081.65","2,059.13","66.12M","-0.71%"
"06/13/2024","2,078.66","2,080.33","2,080.33","2,072.18","180.86M","-0.08%"
"06/12/2024","2,080.33","2,067.13","2,084.04","2,067.13","191.16M","0.64%"
"06/11/2024","2,067.13","2,049.40","2,072.23","2,049.40","56.85M","0.87%"
"06/10/2024","2,049.40","2,047.54","2,053.82","2,045.09","83.65M","0.09%"
"06/07/2024","2,047.54","2,035.64","2,049.10","2,035.64","116.76M","0.58%"
"06/06/2024","2,035.64","2,036.84","2,038.58","2,030.07","111.11M","-0.06%"
"06/05/2024","2,036.84","2,038.47","2,039.72","2,032.13","128.51M","-0.08%"
"06/04/2024","2,038.47","2,035.35","2,045.89","2,032.39","172.80M","0.15%"
"06/03/2024","2,035.35","2,031.92","2,039.77","2,029.45","104.42M","0.17%"
"05/31/2024","2,031.92","2,018.18","2,031.92","2,018.18","197.07M","0.68%"
"05/30/2024","2,018.18","2,024.54","2,024.54","2,002.02","387.23M","-0.31%"
"05/29/2024","2,024.54","2,050.93","2,050.97","2,018.70","397.34M","-1.29%"
"05/28/2024","2,050.93","2,063.16","2,067.65","2,048.64","167.71M","-0.59%"
"05/27/2024","2,063.16","2,057.13","2,073.46","2,057.13","138.69M","0.29%"
"05/24/2024","2,057.13","2,071.33","2,074.31","2,051.50","351.30M","-0.69%"
"05/23/2024","2,071.33","2,083.15","2,089.01","2,068.53","158.04M","-0.57%"
"05/22/2024","2,083.15","2,080.34","2,096.14","2,080.34","212.75M","0.14%"
"05/21/2024","2,080.34","2,079.49","2,087.43","2,072.35","143.24M","0.04%"
"05/17/2024","2,079.49","2,076.50","2,083.15","2,072.64","67.32M","0.14%"
"05/16/2024","2,076.50","2,063.42","2,076.50","2,059.78","64.50M","0.63%"
"05/15/2024","2,063.42","2,059.91","2,063.42","2,052.89","60.75M","0.17%"
"05/14/2024","2,059.91","2,050.79","2,059.91","2,049.61","68.23M","0.44%"
"05/13/2024","2,050.79","2,055.66","2,057.97","2,041.89","85.69M","-0.24%"
"05/10/2024","2,055.66","2,040.99","2,059.45","2,038.53","122.73M","0.72%"
"05/08/2024","2,040.99","2,082.35","2,082.35","2,040.99","259.18M","-1.99%"
"05/07/2024","2,082.35","2,091.17","2,091.17","2,074.91","168.88M","-0.42%"
"05/06/2024","2,091.17","2,099.35","2,101.31","2,087.49","46.68M","-0.39%"
"05/03/2024","2,099.35","2,111.07","2,113.49","2,097.92","248.21M","-0.56%"
"05/02/2024","2,111.07","2,136.97","2,136.97","2,102.98","102.98M","-1.21%"
"04/30/2024","2,136.97","2,108.52","2,136.97","2,108.52","323.82M","1.35%"
"04/29/2024","2,108.52","2,112.90","2,116.36","2,101.61","356.55M","-0.21%"
"04/26/2024","2,112.90","2,103.50","2,115.72","2,103.50","98.47M","0.45%"
"04/24/2024","2,103.50","2,093.09","2,110.41","2,093.09","273.44M","0.50%"
"04/23/2024","2,093.09","2,090.49","2,097.59","2,086.97","221.45M","0.12%"
"04/22/2024","2,090.49","2,105.58","2,105.58","2,081.16","63.77M","-0.72%"
"04/19/2024","2,105.58","2,086.81","2,120.80","2,086.81","269.30M","0.90%"
"04/18/2024","2,086.81","2,092.34","2,094.12","2,083.14","225.94M","-0.26%"
"04/17/2024","2,092.34","2,077.68","2,098.15","2,077.68","126.27M","0.71%"
"04/16/2024","2,077.68","2,083.83","2,084.61","2,068.65","191.24M","-0.30%"
"04/15/2024","2,083.83","2,063.07","2,083.83","2,063.07","82.98M","1.01%"
"04/12/2024","2,063.07","2,065.41","2,077.21","2,061.21","100.26M","-0.11%"
"04/11/2024","2,065.41","2,073.27","2,075.13","2,061.73","142.77M","-0.38%"
"04/10/2024","2,073.27","2,072.06","2,076.95","2,068.29","199.34M","0.06%"
"04/09/2024","2,072.06","2,082.18","2,082.18","2,058.51","164.26M","-0.49%"
"04/08/2024","2,082.18","2,083.78","2,085.89","2,074.22","326.62M","-0.08%"
"04/05/2024","2,083.78","2,044.96","2,091.07","2,044.96","431.16M","1.90%"
"04/04/2024","2,044.96","2,024.77","2,046.99","2,022.21","192.73M","1.00%"
"04/03/2024","2,024.77","2,024.85","2,051.41","2,007.37","248.04M","0.00%"
"04/02/2024","2,024.85","2,065.09","2,067.38","2,015.52","353.51M","-1.95%"
"03/27/2024","2,065.09","2,047.13","2,067.02","2,035.75","214.17M","0.88%"
"03/26/2024","2,047.13","2,089.59","2,089.59","2,032.42","153.76M","-2.03%"
"03/25/2024","2,089.59","2,144.25","2,145.12","2,085.35","148.69M","-2.55%"
"03/22/2024","2,144.25","2,155.47","2,157.81","2,129.88","82.44M","-0.52%"
"03/21/2024","2,155.47","2,157.15","2,170.81","2,145.85","158.84M","-0.08%"
"03/20/2024","2,157.15","2,173.44","2,173.44","2,143.79","356.57M","-0.75%"
"03/19/2024","2,173.44","2,186.73","2,186.73","2,160.76","86.10M","-0.61%"
"03/18/2024","2,186.73","2,185.65","2,188.44","2,175.11","119.20M","0.05%"
"03/15/2024","2,185.65","2,192.03","2,196.98","2,184.78","81.08M","-0.29%"
"03/14/2024","2,192.03","2,192.37","2,201.24","2,181.88","129.36M","-0.02%"
"03/13/2024","2,192.37","2,216.07","2,216.07","2,186.52","154.84M","-1.07%"
"03/12/2024","2,216.07","2,205.82","2,216.07","2,204.35","84.76M","0.46%"
"03/11/2024","2,205.82","2,233.37","2,233.37","2,189.95","106.82M","-1.23%"
"03/08/2024","2,233.37","2,237.20","2,241.83","2,225.19","226.16M","-0.17%"
"03/07/2024","2,237.20","2,234.66","2,240.88","2,228.99","322.80M","0.11%"
"03/06/2024","2,234.66","2,250.47","2,250.47","2,232.23","220.41M","-0.70%"
"03/05/2024","2,250.47","2,236.54","2,256.49","2,227.86","69.01M","0.62%"
"03/04/2024","2,236.54","2,242.34","2,248.97","2,235.89","108.86M","-0.26%"
"03/01/2024","2,242.34","2,221.49","2,244.46","2,216.67","172.05M","0.94%"
"02/29/2024","2,221.49","2,220.64","2,232.90","2,207.59","86.64M","0.04%"
"02/28/2024","2,220.64","2,240.96","2,247.33","2,217.10","186.70M","-0.91%"
"02/27/2024","2,240.96","2,321.59","2,321.59","2,239.42","248.89M","-3.47%"
"02/26/2024","2,321.59","2,271.57","2,348.94","2,271.57","125.06M","2.20%"
"02/23/2024","2,271.57","2,262.84","2,276.18","2,261.78","121.55M","0.39%"
"02/22/2024","2,262.84","2,268.27","2,269.99","2,256.98","110.64M","-0.24%"
"02/21/2024","2,268.27","2,279.25","2,284.94","2,265.13","95.45M","-0.48%"
"02/20/2024","2,279.25","2,291.43","2,297.39","2,271.79","100.45M","-0.53%"
"02/19/2024","2,291.43","2,275.09","2,294.67","2,275.09","163.90M","0.72%"
"02/16/2024","2,275.09","2,297.14","2,297.14","2,275.09","182.11M","-0.96%"
"02/15/2024","2,297.14","2,274.80","2,297.19","2,274.80","236.46M","0.98%"
"02/14/2024","2,274.80","2,281.53","2,285.31","2,250.87","100.91M","-0.29%"
"02/13/2024","2,281.53","2,305.25","2,307.74","2,277.84","178.06M","-1.03%"
"02/12/2024","2,305.25","2,311.10","2,311.10","2,298.66","77.17M","-0.25%"
"02/09/2024","2,311.10","2,276.81","2,311.10","2,272.69","408.63M","1.51%"
"02/08/2024","2,276.81","2,312.55","2,313.11","2,261.80","283.23M","-1.55%"
"02/07/2024","2,312.55","2,311.23","2,314.54","2,298.03","107.54M","0.06%"
"02/06/2024","2,311.23","2,302.89","2,314.26","2,295.97","236.22M","0.36%"
"02/05/2024","2,302.89","2,315.81","2,325.67","2,302.89","260.88M","-0.56%"
"02/02/2024","2,315.81","2,334.04","2,334.51","2,312.61","306.82M","-0.78%"
"02/01/2024","2,334.04","2,335.00","2,343.18","2,327.81","127.97M","-0.04%"
"01/31/2024","2,335.00","2,312.61","2,343.10","2,305.27","192.44M","0.97%"
"01/30/2024","2,312.61","2,316.48","2,339.80","2,301.21","227.76M","-0.17%"
"01/29/2024","2,316.48","2,290.21","2,326.50","2,290.21","550.02M","1.15%"
"01/26/2024","2,290.21","2,292.11","2,293.96","2,283.12","304.76M","-0.08%"
"01/25/2024","2,292.11","2,305.11","2,305.11","2,278.20","312.70M","-0.56%"
"01/24/2024","2,305.11","2,301.82","2,316.02","2,295.26","520.57M","0.14%"
"01/23/2024","2,301.82","2,301.55","2,306.04","2,281.91","222.50M","0.01%"
"01/22/2024","2,301.55","2,210.81","2,318.25","2,210.81","624.48M","4.10%"
"01/19/2024","2,210.81","2,184.99","2,229.61","2,184.99","278.77M","1.18%"
"01/18/2024","2,184.99","2,171.78","2,188.04","2,153.41","178.97M","0.61%"
"01/17/2024","2,171.78","2,191.49","2,191.49","2,161.03","100.66M","-0.90%"
"01/16/2024","2,191.49","2,180.76","2,196.06","2,177.96","246.96M","0.49%"
"01/15/2024","2,180.76","2,183.22","2,183.22","2,172.92","513.28M","-0.11%"
"01/12/2024","2,183.22","2,181.17","2,184.64","2,169.47","153.32M","0.09%"
"01/11/2024","2,181.17","2,179.28","2,191.82","2,179.28","205.73M","0.09%"
"01/10/2024","2,179.28","2,207.52","2,229.89","2,169.40","129.46M","-1.28%"
"01/09/2024","2,207.52","2,224.67","2,246.83","2,201.43","286.53M","-0.77%"
"01/08/2024","2,224.67","2,201.32","2,228.05","2,201.11","275.15M","1.06%"
"01/05/2024","2,201.32","2,172.08","2,216.16","2,172.08","583.21M","1.35%"
"01/04/2024","2,172.08","2,128.25","2,172.08","2,126.48","232.73M","2.06%"
"01/03/2024","2,128.25","2,115.46","2,130.16","2,112.70","125.85M","0.60%"
"01/02/2024","2,115.46","2,124.25","2,133.01","2,111.48","91.05M","-0.41%"
"12/29/2023","2,124.25","2,116.07","2,131.13","2,115.32","158.25M","0.39%"
"12/28/2023","2,116.07","2,106.01","2,121.36","2,097.06","78.62M","0.48%"
"12/27/2023","2,106.01","2,091.17","2,108.57","2,086.68","116.59M","0.71%"
"12/22/2023","2,091.17","2,097.23","2,101.56","2,086.97","548.56M","-0.29%"
"12/21/2023","2,097.23","2,067.74","2,098.73","2,067.50","259.37M","1.43%"
"12/20/2023","2,067.74","2,041.09","2,067.74","2,034.70","210.56M","1.31%"
"12/19/2023","2,041.09","2,031.66","2,044.66","2,031.66","240.90M","0.46%"
"12/18/2023","2,031.66","2,018.08","2,032.08","2,018.08","170.26M","0.67%"
"12/15/2023","2,018.08","2,022.89","2,029.34","2,010.34","116.42M","-0.24%"
"12/14/2023","2,022.89","1,955.57","2,033.71","1,955.57","227.73M","3.44%"
"12/13/2023","1,955.57","1,944.22","1,958.62","1,943.75","122.20M","0.58%"
"12/12/2023","1,944.22","1,948.33","1,948.33","1,929.06","240.74M","-0.21%"
"12/11/2023","1,948.33","1,965.80","1,965.80","1,947.73","175.37M","-0.89%"
"12/08/2023","1,965.80","1,971.25","1,990.23","1,961.32","107.86M","-0.28%"
"12/07/2023","1,971.25","1,961.16","1,978.33","1,958.68","341.35M","0.51%"
"12/06/2023","1,961.16","1,973.74","1,973.74","1,958.48","125.56M","-0.64%"
"12/05/2023","1,973.74","1,959.65","1,976.57","1,959.65","254.48M","0.72%"
"12/04/2023","1,959.65","1,952.15","1,978.85","1,952.15","199.90M","0.38%"
"12/01/2023","1,952.15","1,921.25","1,953.82","1,921.25","125.53M","1.61%"
"11/30/2023","1,921.25","1,901.60","1,921.25","1,899.56","462.61M","1.03%"
"11/29/2023","1,901.60","1,915.78","1,915.78","1,888.61","161.14M","-0.74%"
"11/28/2023","1,915.78","1,921.50","1,922.82","1,907.73","147.65M","-0.30%"
"11/27/2023","1,921.50","1,925.22","1,940.84","1,920.58","88.48M","-0.19%"
"11/24/2023","1,925.22","1,826.68","1,971.80","1,826.68","237.57M","5.39%"
"11/23/2023","1,826.68","1,818.64","1,828.61","1,811.35","186.48M","0.44%"
"11/22/2023","1,818.64","1,824.38","1,824.38","1,802.58","479.30M","-0.31%"
"11/21/2023","1,824.38","1,811.52","1,824.38","1,809.78","158.99M","0.71%"
"11/20/2023","1,811.52","1,839.52","1,841.76","1,811.52","65.52M","-1.52%"
"11/17/2023","1,839.52","1,824.19","1,842.09","1,824.19","205.54M","0.84%"
"11/16/2023","1,824.19","1,782.99","1,825.22","1,782.99","194.42M","2.31%"
"11/15/2023","1,782.99","1,801.51","1,801.85","1,772.97","188.38M","-1.03%"
"11/14/2023","1,801.51","1,790.11","1,802.17","1,786.37","179.35M","0.64%"
"11/13/2023","1,790.11","1,821.30","1,821.30","1,784.37","252.24M","-1.71%"
"11/10/2023","1,821.30","1,782.78","1,821.30","1,782.78","197.63M","2.16%"
"11/09/2023","1,782.78","1,800.69","1,800.69","1,782.78","77.22M","-0.99%"
"11/08/2023","1,800.69","1,821.12","1,821.12","1,798.23","133.51M","-1.12%"
"11/07/2023","1,821.12","1,817.75","1,825.09","1,811.53","275.86M","0.19%"
"11/06/2023","1,817.75","1,832.85","1,832.85","1,813.65","142.16M","-0.82%"
"11/03/2023","1,832.85","1,826.96","1,837.49","1,819.60","604.68M","0.32%"
"11/02/2023","1,826.96","1,808.02","1,826.96","1,808.02","309.25M","1.05%"
"11/01/2023","1,808.02","1,831.34","1,833.66","1,808.02","113.12M","-1.27%"
"10/31/2023","1,831.34","1,835.60","1,839.96","1,828.22","111.80M","-0.23%"
"10/30/2023","1,835.60","1,823.25","1,840.99","1,823.25","74.13M","0.68%"
"10/27/2023","1,823.25","1,822.95","1,827.73","1,814.54","56.29M","0.02%"
"10/26/2023","1,822.95","1,803.32","1,831.74","1,803.32","175.31M","1.09%"
"10/25/2023","1,803.32","1,816.10","1,816.10","1,797.01","84.78M","-0.70%"
"10/24/2023","1,816.10","1,832.16","1,832.16","1,813.52","54.84M","-0.88%"
"10/23/2023","1,832.16","1,833.87","1,833.87","1,808.44","93.67M","-0.09%"
"10/20/2023","1,833.87","1,834.58","1,841.15","1,828.99","295.95M","-0.04%"
"10/19/2023","1,834.58","1,834.42","1,836.78","1,818.30","97.20M","0.01%"
"10/18/2023","1,834.42","1,854.65","1,854.65","1,830.89","210.95M","-1.09%"
"10/17/2023","1,854.65","1,875.09","1,875.09","1,850.53","76.20M","-1.09%"
"10/16/2023","1,875.09","1,888.99","1,895.71","1,871.50","98.05M","-0.74%"
"10/13/2023","1,888.99","1,883.27","1,894.56","1,878.62","206.50M","0.30%"
"10/12/2023","1,883.27","1,899.23","1,899.23","1,877.88","92.61M","-0.84%"
"10/11/2023","1,899.23","1,881.01","1,899.23","1,881.01","153.91M","0.97%"
"10/10/2023","1,881.01","1,887.84","1,903.55","1,875.35","111.50M","-0.36%"
"10/09/2023","1,887.84","1,904.31","1,905.05","1,882.65","120.15M","-0.86%"
"10/06/2023","1,904.31","1,897.16","1,906.30","1,890.30","508.19M","0.38%"
"10/05/2023","1,897.16","1,916.35","1,923.62","1,897.16","320.70M","-1.00%"
"10/04/2023","1,916.35","1,917.54","1,941.26","1,916.35","377.28M","-0.06%"
"10/03/2023","1,917.54","1,934.59","1,938.12","1,916.86","119.43M","-0.88%"
"10/02/2023","1,934.59","1,930.72","1,937.96","1,926.41","39.28M","0.20%"
"09/29/2023","1,930.72","1,901.80","1,935.65","1,901.80","239.58M","1.52%"
"09/28/2023","1,901.80","1,917.17","1,917.17","1,896.79","102.61M","-0.80%"
"09/27/2023","1,917.17","1,914.45","1,918.35","1,904.64","432.47M","0.14%"
"09/26/2023","1,914.45","1,944.26","1,944.26","1,908.04","209.10M","-1.53%"
"09/25/2023","1,944.26","1,946.74","1,955.02","1,937.22","154.07M","-0.13%"
"09/22/2023","1,946.74","1,936.60","1,946.74","1,935.85","172.65M","0.52%"
"09/21/2023","1,936.60","1,948.82","1,954.24","1,935.82","227.95M","-0.63%"
"09/20/2023","1,948.82","1,956.66","1,965.18","1,940.34","257.71M","-0.40%"
"09/19/2023","1,956.66","1,963.04","1,963.66","1,947.19","307.93M","-0.33%"
"09/18/2023","1,963.04","1,964.42","1,972.52","1,961.89","82.83M","-0.07%"
"09/15/2023","1,964.42","1,951.79","1,966.64","1,951.79","253.06M","0.65%"
"09/14/2023","1,951.79","1,967.23","1,967.23","1,937.45","1.24B","-0.78%"
"09/13/2023","1,967.23","1,994.53","1,994.53","1,959.73","185.38M","-1.37%"
"09/12/2023","1,994.53","1,997.56","2,000.09","1,985.70","477.31M","-0.15%"
"09/11/2023","1,997.56","2,009.22","2,011.78","1,988.03","298.15M","-0.58%"
"09/08/2023","2,009.22","2,011.64","2,015.70","2,004.89","267.83M","-0.12%"
"09/07/2023","2,011.64","2,028.92","2,029.49","2,004.08","469.02M","-0.85%"
"09/06/2023","2,028.92","2,055.18","2,055.18","2,021.98","431.29M","-1.28%"
"09/05/2023","2,055.18","2,073.68","2,074.11","2,049.97","251.62M","-0.89%"
"09/04/2023","2,073.68","2,071.99","2,077.14","2,065.27","142.14M","0.08%"
"09/01/2023","2,071.99","2,075.91","2,079.56","2,064.84","34.07M","-0.19%"
"08/31/2023","2,075.91","2,075.79","2,080.39","2,067.46","250.05M","0.01%"
"08/30/2023","2,075.79","2,074.51","2,075.79","2,058.61","257.72M","0.06%"
"08/29/2023","2,074.51","2,070.74","2,074.51","2,055.12","129.38M","0.18%"
"08/28/2023","2,070.74","2,064.52","2,070.74","2,052.35","344.11M","0.30%"
"08/25/2023","2,064.52","2,081.17","2,081.17","2,053.05","364.63M","-0.80%"
"08/24/2023","2,081.17","2,098.83","2,101.00","2,069.97","110.97M","-0.84%"
"08/23/2023","2,098.83","2,115.11","2,115.11","2,088.37","38.28M","-0.77%"
"08/22/2023","2,115.11","2,093.77","2,115.11","2,088.16","144.75M","1.02%"
"08/21/2023","2,093.77","2,078.91","2,109.62","2,078.91","111.50M","0.71%"
"08/18/2023","2,078.91","2,078.07","2,078.91","2,057.22","138.53M","0.04%"
"08/17/2023","2,078.07","2,084.94","2,085.84","2,070.05","312.71M","-0.33%"
"08/16/2023","2,084.94","2,068.94","2,090.91","2,067.27","51.15M","0.77%"
"08/15/2023","2,068.94","2,057.19","2,070.66","2,049.61","113.99M","0.57%"
"08/14/2023","2,057.19","2,057.09","2,060.37","2,050.16","125.48M","0.00%"
"08/11/2023","2,057.09","2,066.47","2,066.47","2,048.26","22.97M","-0.45%"
"08/10/2023","2,066.47","2,070.21","2,070.37","2,056.89","102.60M","-0.18%"
"08/09/2023","2,070.21","2,058.66","2,071.72","2,052.90","189.53M","0.56%"
"08/08/2023","2,058.66","2,049.25","2,058.66","2,040.10","259.21M","0.46%"
"08/04/2023","2,049.25","2,037.14","2,050.21","2,037.14","97.66M","0.59%"
"08/03/2023","2,037.14","2,052.32","2,057.58","2,035.33","107.47M","-0.74%"
"08/02/2023","2,052.32","2,065.34","2,065.34","2,032.97","270.19M","-0.63%"
"08/01/2023","2,065.34","2,082.50","2,082.50","2,061.22","274.56M","-0.82%"
"07/31/2023","2,082.50","2,078.36","2,096.07","2,071.75","124.24M","0.20%"
"07/28/2023","2,078.36","2,087.78","2,088.24","2,072.49","89.15M","-0.45%"
"07/27/2023","2,087.78","2,090.75","2,091.24","2,075.54","95.08M","-0.14%"
"07/26/2023","2,090.75","2,116.52","2,116.52","2,087.55","147.76M","-1.22%"
"07/25/2023","2,116.52","2,111.35","2,117.42","2,095.94","212.42M","0.24%"
"07/24/2023","2,111.35","2,125.13","2,143.20","2,106.51","149.75M","-0.65%"
"07/21/2023","2,125.13","2,104.92","2,126.57","2,100.60","190.84M","0.96%"
"07/20/2023","2,104.92","2,089.06","2,111.75","2,078.45","343.61M","0.76%"
"07/19/2023","2,089.06","2,048.89","2,100.00","2,048.89","157.68M","1.96%"
"07/18/2023","2,048.89","2,018.02","2,050.18","2,014.59","134.41M","1.53%"
"07/17/2023","2,018.02","2,011.10","2,027.38","2,011.10","86.93M","0.34%"
"07/14/2023","2,011.10","2,004.21","2,012.02","1,990.50","74.62M","0.34%"
"07/13/2023","2,004.21","1,999.65","2,006.58","1,991.25","118.22M","0.23%"
"07/12/2023","1,999.65","2,009.34","2,011.86","1,995.11","52.04M","-0.48%"
"07/11/2023","2,009.34","2,023.94","2,027.94","2,005.23","131.32M","-0.72%"
"07/10/2023","2,023.94","2,033.35","2,034.82","2,014.98","32.37M","-0.46%"
"07/07/2023","2,033.35","1,998.32","2,044.35","1,998.32","344.58M","1.75%"
"07/06/2023","1,998.32","2,004.60","2,032.43","1,988.63","621.50M","-0.31%"
"07/05/2023","2,004.60","2,029.79","2,030.15","2,000.05","227.20M","-1.24%"
"07/04/2023","2,029.79","2,004.17","2,034.17","2,003.75","322.88M","1.28%"
"07/03/2023","2,004.17","1,973.02","2,040.63","1,973.02","312.33M","1.58%"
"06/30/2023","1,973.02","1,880.32","1,984.68","1,880.32","472.80M","4.93%"
"06/29/2023","1,880.32","1,897.70","1,897.70","1,847.01","219.64M","-0.92%"
"06/28/2023","1,897.70","1,899.04","1,907.16","1,892.33","137.27M","-0.07%"
"06/27/2023","1,899.04","1,918.81","1,919.94","1,899.04","300.82M","-1.03%"
"06/26/2023","1,918.81","1,934.09","1,935.51","1,918.66","109.58M","-0.79%"
"06/23/2023","1,934.09","1,929.24","1,945.01","1,928.27","195.53M","0.25%"
"06/22/2023","1,929.24","1,938.84","1,938.84","1,923.13","97.59M","-0.50%"
"06/21/2023","1,938.84","1,939.37","1,939.43","1,925.02","394.63M","-0.03%"
"06/20/2023","1,939.37","1,936.01","1,942.85","1,933.09","232.67M","0.17%"
"06/19/2023","1,936.01","1,944.96","1,947.67","1,932.91","173.94M","-0.46%"
"06/16/2023","1,944.96","1,950.10","1,951.34","1,938.66","172.87M","-0.26%"
"06/15/2023","1,950.10","1,951.55","1,962.32","1,945.37","263.13M","-0.07%"
"06/14/2023","1,951.55","1,951.48","1,955.22","1,947.57","413.58M","0.00%"
"06/13/2023","1,951.48","1,968.88","1,968.88","1,934.84","132.27M","-0.88%"
"06/12/2023","1,968.88","1,980.00","1,984.18","1,968.88","170.30M","-0.56%"
"06/09/2023","1,980.00","1,967.54","1,982.74","1,967.54","396.39M","0.63%"
"06/08/2023","1,967.54","1,940.36","1,967.54","1,940.36","267.40M","1.40%"
"06/07/2023","1,940.36","1,958.14","1,965.73","1,940.02","178.02M","-0.91%"
"06/06/2023","1,958.14","1,961.48","1,971.99","1,954.32","110.99M","-0.17%"
"06/05/2023","1,961.48","1,976.84","1,978.77","1,957.53","116.14M","-0.78%"
"06/02/2023","1,976.84","1,987.87","1,989.07","1,976.72","93.86M","-0.55%"
"06/01/2023","1,987.87","1,982.62","1,996.08","1,982.42","80.85M","0.26%"
"05/31/2023","1,982.62","1,997.35","2,004.50","1,979.45","97.50M","-0.74%"
"05/30/2023","1,997.35","1,968.47","1,998.74","1,968.47","217.27M","1.47%"
"05/26/2023","1,968.47","1,954.95","1,972.22","1,954.17","111.19M","0.69%"
"05/25/2023","1,954.95","1,961.44","1,963.68","1,946.85","145.93M","-0.33%"
"05/24/2023","1,961.44","1,977.05","1,989.99","1,944.85","102.59M","-0.79%"
"05/23/2023","1,977.05","2,026.78","2,027.54","1,977.05","115.82M","-2.45%"
"05/22/2023","2,026.78","2,018.50","2,033.92","2,018.50","140.25M","0.41%"
"05/19/2023","2,018.50","2,027.16","2,027.16","1,974.28","173.24M","-0.43%"
"05/17/2023","2,027.16","2,015.53","2,052.56","2,015.53","455.77M","0.58%"
"05/16/2023","2,015.53","2,030.63","2,035.68","2,001.55","489.21M","-0.74%"
"05/15/2023","2,030.63","2,051.83","2,054.71","2,029.12","195.74M","-1.03%"
"05/12/2023","2,051.83","2,063.00","2,070.37","2,050.32","128.45M","-0.54%"
"05/11/2023","2,063.00","2,054.46","2,063.00","2,047.49","444.18M","0.42%"
"05/10/2023","2,054.46","2,048.23","2,062.13","2,038.21","129.98M","0.30%"
"05/09/2023","2,048.23","2,083.32","2,085.29","2,040.96","256.37M","-1.68%"
"05/08/2023","2,083.32","2,095.07","2,101.94","2,075.82","227.43M","-0.56%"
"05/05/2023","2,095.07","2,093.58","2,105.24","2,093.58","118.62M","0.07%"
"05/04/2023","2,093.58","2,213.92","2,213.92","2,092.58","507.98M","-5.44%"
"05/03/2023","2,213.92","2,178.99","2,215.03","2,178.99","74.39M","1.60%"
"05/02/2023","2,178.99","2,240.03","2,240.03","2,178.99","71.05M","-2.72%"
"04/28/2023","2,240.03","2,245.85","2,265.03","2,231.50","227.13M","-0.26%"
"04/27/2023","2,245.85","2,224.43","2,250.78","2,207.24","387.78M","0.96%"
"04/26/2023","2,224.43","2,190.41","2,224.43","2,182.07","275.55M","1.55%"
"04/25/2023","2,190.41","2,129.90","2,190.41","2,125.41","368.38M","2.84%"
"04/24/2023","2,129.90","2,152.66","2,152.66","2,114.66","178.83M","-1.06%"
"04/21/2023","2,152.66","2,164.62","2,164.62","2,148.07","136.66M","-0.55%"
"04/19/2023","2,164.62","2,188.44","2,188.44","2,138.23","145.94M","-1.09%"
"04/18/2023","2,188.44","2,141.32","2,193.87","2,141.32","287.52M","2.20%"
"04/17/2023","2,141.32","2,230.85","2,230.85","2,138.58","135.94M","-4.01%"
"04/14/2023","2,230.85","2,360.46","2,360.46","2,200.79","707.19M","-5.49%"
"04/13/2023","2,360.46","2,372.38","2,389.34","2,360.46","260.32M","-0.50%"
"04/12/2023","2,372.38","2,307.13","2,385.75","2,307.13","780.99M","2.83%"
"04/11/2023","2,307.13","2,300.72","2,318.34","2,300.44","129.40M","0.28%"
"04/05/2023","2,300.72","2,306.37","2,309.24","2,294.44","236.41M","-0.24%"
"04/04/2023","2,306.37","2,305.23","2,310.88","2,295.20","122.06M","0.05%"
"04/03/2023","2,305.23","2,303.33","2,311.44","2,288.46","115.35M","0.08%"
"03/31/2023","2,303.33","2,286.06","2,317.22","2,282.37","417.16M","0.76%"
"03/30/2023","2,286.06","2,262.64","2,294.68","2,255.79","255.86M","1.04%"
"03/29/2023","2,262.64","2,248.27","2,262.64","2,232.71","127.55M","0.64%"
"03/28/2023","2,248.27","2,258.64","2,262.16","2,242.04","139.78M","-0.46%"
"03/27/2023","2,258.64","2,262.40","2,263.46","2,250.42","76.78M","-0.17%"
"03/24/2023","2,262.40","2,291.42","2,291.42","2,254.14","217.80M","-1.27%"
"03/23/2023","2,291.42","2,282.80","2,295.65","2,282.80","78.86M","0.38%"
"03/22/2023","2,282.80","2,308.73","2,308.73","2,267.84","87.12M","-1.12%"
"03/21/2023","2,308.73","2,278.63","2,311.05","2,278.63","344.68M","1.32%"
"03/20/2023","2,278.63","2,298.56","2,298.56","2,259.18","74.93M","-0.87%"
"03/17/2023","2,298.56","2,278.91","2,298.56","2,265.86","680.42M","0.86%"
"03/16/2023","2,278.91","2,280.45","2,280.83","2,260.13","143.46M","-0.07%"
"03/15/2023","2,280.45","2,325.78","2,325.78","2,257.23","114.50M","-1.95%"
"03/14/2023","2,325.78","2,284.03","2,325.78","2,277.97","249.70M","1.83%"
"03/13/2023","2,284.03","2,326.73","2,326.73","2,263.37","165.98M","-1.84%"
"03/10/2023","2,326.73","2,343.09","2,343.09","2,292.10","175.48M","-0.70%"
"03/09/2023","2,343.09","2,362.05","2,364.82","2,328.64","122.12M","-0.80%"
"03/08/2023","2,362.05","2,361.05","2,366.17","2,343.17","152.55M","0.04%"
"03/07/2023","2,361.05","2,383.52","2,384.73","2,356.81","368.15M","-0.94%"
"03/06/2023","2,383.52","2,385.71","2,386.79","2,370.26","225.50M","-0.09%"
"03/03/2023","2,385.71","2,361.83","2,398.59","2,361.83","763.22M","1.01%"
"03/02/2023","2,361.83","2,373.80","2,384.31","2,348.36","115.02M","-0.50%"
"03/01/2023","2,373.80","2,387.68","2,410.24","2,373.80","363.67M","-0.58%"
"02/28/2023","2,387.68","2,419.28","2,429.71","2,376.63","142.48M","-1.31%"
"02/27/2023","2,419.28","2,424.74","2,453.73","2,403.42","228.00M","-0.23%"
"02/24/2023","2,424.74","2,406.81","2,426.31","2,402.93","217.59M","0.74%"
"02/23/2023","2,406.81","2,402.15","2,411.51","2,389.92","211.61M","0.19%"
"02/22/2023","2,402.15","2,393.18","2,406.42","2,374.64","135.31M","0.37%"
"02/21/2023","2,393.18","2,404.99","2,408.04","2,388.80","167.92M","-0.49%"
"02/20/2023","2,404.99","2,402.26","2,404.99","2,386.73","133.66M","0.11%"
"02/17/2023","2,402.26","2,407.70","2,410.08","2,400.64","123.13M","-0.23%"
"02/16/2023","2,407.70","2,413.38","2,416.79","2,398.49","68.04M","-0.24%"
"02/15/2023","2,413.38","2,398.54","2,413.38","2,388.04","207.67M","0.62%"
"02/14/2023","2,398.54","2,428.05","2,428.05","2,392.10","308.59M","-1.22%"
"02/13/2023","2,428.05","2,425.91","2,431.66","2,417.17","175.50M","0.09%"
"02/10/2023","2,425.91","2,421.03","2,434.57","2,420.29","224.31M","0.20%"
"02/09/2023","2,421.03","2,370.61","2,437.01","2,370.61","256.70M","2.13%"
"02/08/2023","2,370.61","2,380.88","2,380.88","2,357.04","350.86M","-0.43%"
"02/07/2023","2,380.88","2,344.97","2,380.88","2,340.68","218.38M","1.53%"
"02/06/2023","2,344.97","2,337.99","2,346.50","2,332.36","273.28M","0.30%"
"02/03/2023","2,337.99","2,317.40","2,371.78","2,317.40","1.19B","0.89%"
"02/02/2023","2,317.40","2,293.38","2,329.70","2,293.38","565.25M","1.05%"
"02/01/2023","2,293.38","2,304.21","2,306.84","2,289.87","80.83M","-0.47%"
"01/31/2023","2,304.21","2,299.68","2,309.27","2,298.64","168.33M","0.20%"
"01/30/2023","2,299.68","2,329.36","2,330.11","2,299.21","272.02M","-1.27%"
"01/27/2023","2,329.36","2,321.62","2,331.14","2,317.59","141.22M","0.33%"
"01/26/2023","2,321.62","2,329.74","2,334.15","2,320.25","305.27M","-0.35%"
"01/25/2023","2,329.74","2,325.63","2,342.65","2,323.58","1.01B","0.18%"
"01/24/2023","2,325.63","2,293.89","2,329.93","2,293.89","210.65M","1.38%"
"01/23/2023","2,293.89","2,294.52","2,296.98","2,280.39","938.61M","-0.03%"
"01/20/2023","2,294.52","2,327.12","2,327.12","2,292.15","134.50M","-1.40%"
"01/19/2023","2,327.12","2,353.94","2,365.89","2,326.82","176.48M","-1.14%"
"01/18/2023","2,353.94","2,319.45","2,355.26","2,316.87","462.35M","1.49%"
"01/17/2023","2,319.45","2,325.74","2,331.49","2,308.36","75.42M","-0.27%"
"01/16/2023","2,325.74","2,338.89","2,354.80","2,325.74","162.54M","-0.56%"
"01/13/2023","2,338.89","2,328.26","2,342.37","2,323.56","64.77M","0.46%"
"01/12/2023","2,328.26","2,343.98","2,351.36","2,326.70","138.44M","-0.67%"
"01/11/2023","2,343.98","2,326.80","2,354.44","2,326.80","102.82M","0.74%"
"01/10/2023","2,326.80","2,313.57","2,347.89","2,313.57","83.89M","0.57%"
"01/09/2023","2,313.57","2,263.57","2,354.08","2,263.57","117.19M","2.21%"
"01/06/2023","2,263.57","2,210.59","2,265.80","2,210.59","189.35M","2.40%"
"01/05/2023","2,210.59","2,210.04","2,215.67","2,193.65","234.94M","0.02%"
"01/04/2023","2,210.04","2,206.07","2,221.71","2,206.07","145.46M","0.18%"
"01/03/2023","2,206.07","2,188.77","2,220.86","2,188.77","197.76M","0.79%"
"01/02/2023","2,188.77","2,199.39","2,205.27","2,186.21","170.14M","-0.48%"
"12/30/2022","2,199.39","2,189.92","2,218.44","2,189.92","202.24M","0.43%"
"12/29/2022","2,189.92","2,188.24","2,198.79","2,176.50","141.52M","0.08%"
"12/28/2022","2,188.24","2,207.74","2,212.09","2,188.24","132.42M","-0.88%"
"12/27/2022","2,207.74","2,201.98","2,212.78","2,201.98","44.11M","0.26%"
"12/23/2022","2,201.98","2,217.14","2,242.06","2,197.91","69.82M","-0.68%"
"12/22/2022","2,217.14","2,140.98","2,243.54","2,140.98","147.21M","3.56%"
"12/21/2022","2,140.98","2,112.43","2,140.98","2,112.43","86.50M","1.35%"
"12/20/2022","2,112.43","2,136.27","2,137.65","2,106.22","288.88M","-1.12%"
"12/19/2022","2,136.27","2,134.42","2,143.00","2,133.03","102.31M","0.09%"
"12/16/2022","2,134.42","2,145.68","2,151.68","2,134.42","620.90M","-0.52%"
"12/15/2022","2,145.68","2,181.45","2,181.45","2,141.99","92.89M","-1.64%"
"12/14/2022","2,181.45","2,221.68","2,221.68","2,170.75","66.59M","-1.81%"
"12/13/2022","2,221.68","2,219.11","2,239.85","2,194.45","88.77M","0.12%"
"12/12/2022","2,219.11","2,193.27","2,219.11","2,192.53","129.14M","1.18%"
"12/09/2022","2,193.27","2,189.80","2,208.29","2,181.84","106.10M","0.16%"
"12/08/2022","2,189.80","2,191.25","2,191.25","2,167.70","123.19M","-0.07%"
"12/07/2022","2,191.25","2,227.84","2,227.84","2,174.41","110.70M","-1.64%"
"12/06/2022","2,227.84","2,251.41","2,251.41","2,220.41","68.74M","-1.05%"
"12/05/2022","2,251.41","2,246.60","2,251.94","2,237.65","66.49M","0.21%"
"12/02/2022","2,246.60","2,265.94","2,267.22","2,238.75","59.81M","-0.85%"
"12/01/2022","2,265.94","2,258.79","2,278.04","2,258.79","124.72M","0.32%"
"11/30/2022","2,258.79","2,257.59","2,258.79","2,226.68","162.52M","0.05%"
"11/29/2022","2,257.59","2,260.66","2,266.86","2,234.16","109.33M","-0.14%"
"11/28/2022","2,260.66","2,294.30","2,294.30","2,256.96","146.74M","-1.47%"
"11/25/2022","2,294.30","2,310.17","2,310.17","2,282.79","45.69M","-0.69%"
"11/24/2022","2,310.17","2,306.39","2,322.03","2,303.64","275.86M","0.16%"
"11/23/2022","2,306.39","2,273.91","2,306.61","2,267.19","300.63M","1.43%"
"11/22/2022","2,273.91","2,273.11","2,274.18","2,249.41","231.02M","0.04%"
"11/21/2022","2,273.11","2,271.19","2,274.06","2,257.62","154.68M","0.08%"
"11/18/2022","2,271.19","2,260.49","2,276.10","2,260.06","151.14M","0.47%"
"11/17/2022","2,260.49","2,288.13","2,288.15","2,245.76","238.30M","-1.21%"
"11/16/2022","2,288.13","2,295.96","2,299.22","2,286.33","444.92M","-0.34%"
"11/15/2022","2,295.96","2,257.93","2,295.96","2,257.93","491.66M","1.68%"
"11/14/2022","2,257.93","2,269.32","2,272.50","2,247.94","241.70M","-0.50%"
"11/11/2022","2,269.32","2,229.67","2,287.78","2,229.67","751.97M","1.78%"
"11/10/2022","2,229.67","2,191.53","2,231.11","2,170.69","339.37M","1.74%"
"11/09/2022","2,191.53","2,191.62","2,196.32","2,180.19","509.80M","0.00%"
"11/08/2022","2,191.62","2,167.80","2,191.62","2,164.18","175.85M","1.10%"
"11/07/2022","2,167.80","2,191.39","2,191.39","2,160.26","108.98M","-1.08%"
"11/04/2022","2,191.39","2,180.49","2,194.02","2,175.38","90.75M","0.50%"
"11/03/2022","2,180.49","2,239.11","2,239.11","2,173.77","120.59M","-2.62%"
"11/02/2022","2,239.11","2,282.13","2,282.13","2,230.37","102.78M","-1.89%"
"11/01/2022","2,282.13","2,268.42","2,320.35","2,268.42","130.85M","0.60%"
"10/31/2022","2,268.42","2,236.87","2,279.66","2,236.87","232.13M","1.41%"
"10/28/2022","2,236.87","2,219.30","2,236.87","2,208.31","79.41M","0.79%"
"10/27/2022","2,219.30","2,212.37","2,228.20","2,192.47","137.10M","0.31%"
"10/26/2022","2,212.37","2,147.15","2,212.37","2,147.15","245.82M","3.04%"
"10/25/2022","2,147.15","2,118.61","2,149.32","2,113.56","178.94M","1.35%"
"10/24/2022","2,118.61","2,120.38","2,123.78","2,112.32","61.37M","-0.08%"
"10/21/2022","2,120.38","2,149.04","2,149.04","2,112.67","336.39M","-1.33%"
"10/20/2022","2,149.04","2,163.51","2,163.51","2,146.39","100.50M","-0.67%"
"10/19/2022","2,163.51","2,180.98","2,180.98","2,160.85","116.59M","-0.80%"
"10/18/2022","2,180.98","2,142.78","2,184.06","2,141.60","259.65M","1.78%"
"10/17/2022","2,142.78","2,135.22","2,144.38","2,131.60","102.61M","0.35%"
"10/14/2022","2,135.22","2,114.25","2,170.89","2,114.16","155.26M","0.99%"
"10/13/2022","2,114.25","2,109.59","2,121.04","2,086.22","254.03M","0.22%"
"10/12/2022","2,109.59","2,140.26","2,140.26","2,083.45","131.00M","-1.43%"
"10/11/2022","2,140.26","2,171.98","2,171.98","2,131.76","109.88M","-1.46%"
"10/10/2022","2,171.98","2,196.46","2,196.46","2,161.80","98.49M","-1.11%"
"10/07/2022","2,196.46","2,206.57","2,219.14","2,193.47","157.35M","-0.46%"
"10/06/2022","2,206.57","2,168.83","2,206.57","2,168.83","185.51M","1.74%"
"10/05/2022","2,168.83","2,174.22","2,190.15","2,160.71","224.20M","-0.25%"
"10/04/2022","2,174.22","2,136.93","2,175.44","2,136.93","197.18M","1.75%"
"10/03/2022","2,136.93","2,157.04","2,157.04","2,112.26","171.74M","-0.93%"
"09/30/2022","2,157.04","2,112.91","2,162.31","2,112.91","263.35M","2.09%"
"09/29/2022","2,112.91","2,137.69","2,137.69","2,108.25","137.64M","-1.16%"
"09/28/2022","2,137.69","2,168.31","2,168.31","2,110.29","144.58M","-1.41%"
"09/27/2022","2,168.31","2,193.13","2,193.13","2,149.92","194.17M","-1.13%"
"09/26/2022","2,193.13","2,216.78","2,216.78","2,188.16","68.23M","-1.07%"
"09/23/2022","2,216.78","2,193.25","2,216.78","2,178.49","150.38M","1.07%"
"09/22/2022","2,193.25","2,262.23","2,262.23","2,193.25","114.82M","-3.05%"
"09/21/2022","2,262.23","2,270.87","2,271.96","2,253.47","107.28M","-0.38%"
"09/20/2022","2,270.87","2,322.92","2,322.93","2,245.01","162.80M","-2.24%"
"09/19/2022","2,322.92","2,342.22","2,348.86","2,318.85","305.24M","-0.82%"
"09/16/2022","2,342.22","2,420.43","2,420.43","2,342.22","694.78M","-3.23%"
"09/15/2022","2,420.43","2,403.67","2,431.43","2,396.68","469.27M","0.70%"
"09/14/2022","2,403.67","2,423.99","2,423.99","2,390.79","100.25M","-0.84%"
"09/13/2022","2,423.99","2,436.86","2,443.59","2,414.15","171.22M","-0.53%"
"09/12/2022","2,436.86","2,435.52","2,446.09","2,427.66","333.38M","0.06%"
"09/09/2022","2,435.52","2,418.45","2,437.21","2,415.76","241.20M","0.71%"
"09/08/2022","2,418.45","2,401.60","2,422.31","2,401.60","211.98M","0.70%"
"09/07/2022","2,401.60","2,377.46","2,401.60","2,375.65","282.09M","1.02%"
"09/06/2022","2,377.46","2,343.16","2,395.74","2,343.16","208.71M","1.46%"
"09/05/2022","2,343.16","2,356.85","2,356.85","2,328.21","86.72M","-0.58%"
"09/02/2022","2,356.85","2,317.31","2,356.85","2,317.29","71.05M","1.71%"
"09/01/2022","2,317.31","2,351.90","2,351.90","2,313.51","104.33M","-1.47%"
"08/31/2022","2,351.90","2,364.69","2,366.33","2,348.17","98.83M","-0.54%"
"08/30/2022","2,364.69","2,356.50","2,368.25","2,356.16","113.20M","0.35%"
"08/29/2022","2,356.50","2,405.85","2,405.85","2,351.87","117.11M","-2.05%"
"08/26/2022","2,405.85","2,431.89","2,440.73","2,402.33","124.09M","-1.07%"
"08/25/2022","2,431.89","2,425.16","2,437.66","2,409.40","236.27M","0.28%"
"08/24/2022","2,425.16","2,434.47","2,434.47","2,391.98","195.27M","-0.38%"
"08/23/2022","2,434.47","2,431.27","2,445.53","2,425.97","104.33M","0.13%"
"08/22/2022","2,431.27","2,471.25","2,471.25","2,420.91","137.95M","-1.62%"
"08/19/2022","2,471.25","2,472.60","2,487.88","2,461.42","368.78M","-0.05%"
"08/18/2022","2,472.60","2,452.75","2,476.93","2,452.75","351.46M","0.81%"
"08/17/2022","2,452.75","2,441.44","2,465.45","2,439.05","72.70M","0.46%"
"08/16/2022","2,441.44","2,427.13","2,445.62","2,426.30","361.70M","0.59%"
"08/15/2022","2,427.13","2,430.52","2,430.52","2,411.62","107.02M","-0.14%"
"08/12/2022","2,430.52","2,417.42","2,432.50","2,416.55","121.89M","0.54%"
"08/11/2022","2,417.42","2,443.29","2,447.80","2,415.17","145.73M","-1.06%"
"08/10/2022","2,443.29","2,436.65","2,447.13","2,429.06","142.71M","0.27%"
"08/09/2022","2,436.65","2,428.24","2,448.96","2,428.24","133.47M","0.35%"
"08/08/2022","2,428.24","2,404.85","2,430.09","2,404.85","144.60M","0.97%"
"08/05/2022","2,404.85","2,406.47","2,408.41","2,394.46","153.42M","-0.07%"
"08/04/2022","2,406.47","2,390.10","2,406.81","2,390.10","240.75M","0.68%"
"08/03/2022","2,390.10","2,383.63","2,390.80","2,377.18","192.48M","0.27%"
"08/02/2022","2,383.63","2,409.29","2,409.29","2,381.81","","-1.07%"
"07/29/2022","2,409.29","2,378.95","2,409.29","2,375.46","369.76M","1.28%"
"07/28/2022","2,378.95","2,358.62","2,384.16","2,358.62","149.42M","0.86%"
"07/27/2022","2,358.62","2,360.34","2,360.34","2,344.61","161.14M","-0.07%"
"07/26/2022","2,360.34","2,362.63","2,365.80","2,351.82","103.24M","-0.10%"
"07/25/2022","2,362.63","2,366.57","2,384.21","2,355.65","214.31M","-0.17%"
"07/22/2022","2,366.57","2,384.23","2,389.87","2,365.23","188.55M","-0.74%"
"07/21/2022","2,384.23","2,363.20","2,387.55","2,358.82","99.58M","0.89%"
"07/20/2022","2,363.20","2,440.53","2,440.53","2,349.81","197.83M","-3.17%"
"07/19/2022","2,440.53","2,435.87","2,440.77","2,423.01","173.46M","0.19%"
"07/18/2022","2,435.87","2,430.31","2,439.29","2,413.99","124.50M","0.23%"
"07/15/2022","2,430.31","2,435.33","2,444.09","2,427.91","40.46M","-0.21%"
"07/14/2022","2,435.33","2,468.18","2,468.18","2,424.06","121.51M","-1.33%"
"07/13/2022","2,468.18","2,447.58","2,468.18","2,437.41","336.16M","0.84%"
"07/12/2022","2,447.58","2,427.66","2,447.58","2,417.40","89.15M","0.82%"
"07/11/2022","2,427.66","2,404.52","2,439.47","2,403.47","176.95M","0.96%"
"07/08/2022","2,404.52","2,363.59","2,420.26","2,356.78","79.05M","1.73%"
"07/07/2022","2,363.59","2,313.37","2,364.71","2,313.37","261.14M","2.17%"
"07/06/2022","2,313.37","2,258.79","2,313.37","2,251.09","290.64M","2.42%"
"07/05/2022","2,258.79","2,257.56","2,265.00","2,249.22","47.18M","0.05%"
"07/04/2022","2,257.56","2,256.15","2,262.91","2,255.09","40.86M","0.06%"
"07/01/2022","2,256.15","2,251.99","2,264.38","2,251.99","164.92M","0.18%"
"06/30/2022","2,251.99","2,279.92","2,279.92","2,250.28","154.43M","-1.23%"
"06/29/2022","2,279.92","2,314.79","2,314.79","2,276.59","59.52M","-1.51%"
"06/28/2022","2,314.79","2,309.30","2,332.85","2,309.03","150.48M","0.24%"
"06/27/2022","2,309.30","2,252.04","2,312.66","2,252.04","201.90M","2.54%"
"06/24/2022","2,252.04","2,216.22","2,254.06","2,212.63","148.43M","1.62%"
"06/23/2022","2,216.22","2,214.00","2,217.50","2,208.00","61.36M","0.10%"
"06/22/2022","2,214.00","2,217.90","2,220.10","2,199.08","129.13M","-0.18%"
"06/21/2022","2,217.90","2,204.48","2,220.69","2,199.76","205.64M","0.61%"
"06/20/2022","2,204.48","2,208.32","2,208.32","2,191.44","144.33M","-0.17%"
"06/16/2022","2,208.32","2,265.41","2,269.11","2,203.47","177.46M","-2.52%"
"06/15/2022","2,265.41","2,271.23","2,279.88","2,257.34","52.66M","-0.26%"
"06/14/2022","2,271.23","2,282.77","2,283.69","2,259.06","171.12M","-0.51%"
"06/13/2022","2,282.77","2,320.45","2,320.45","2,273.07","83.74M","-1.62%"
"06/10/2022","2,320.45","2,300.09","2,320.85","2,296.72","250.70M","0.89%"
"06/09/2022","2,300.09","2,300.58","2,300.58","2,288.40","62.87M","-0.02%"
"06/08/2022","2,300.58","2,291.13","2,300.58","2,281.18","107.24M","0.41%"
"06/07/2022","2,291.13","2,301.56","2,302.01","2,285.95","52.22M","-0.45%"
"06/03/2022","2,301.56","2,311.74","2,311.74","2,297.01","59.36M","-0.44%"
"06/02/2022","2,311.74","2,308.48","2,313.15","2,302.31","50.13M","0.14%"
"06/01/2022","2,308.48","2,300.58","2,317.57","2,300.58","131.83M","0.34%"
"05/31/2022","2,300.58","2,323.30","2,323.30","2,289.89","89.03M","-0.98%"
"05/30/2022","2,323.30","2,311.09","2,332.42","2,311.09","163.96M","0.53%"
"05/27/2022","2,311.09","2,287.98","2,324.51","2,287.98","81.15M","1.01%"
"05/25/2022","2,287.98","2,286.40","2,298.51","2,280.32","117.37M","0.07%"
"05/24/2022","2,286.40","2,332.07","2,332.07","2,286.40","398.41M","-1.96%"
"05/23/2022","2,332.07","2,309.22","2,332.07","2,309.22","196.62M","0.99%"
"05/20/2022","2,309.22","2,299.05","2,330.68","2,299.05","180.00M","0.44%"
"05/19/2022","2,299.05","2,342.07","2,342.07","2,279.21","298.20M","-1.84%"
"05/18/2022","2,342.07","2,383.22","2,389.77","2,336.28","125.32M","-1.73%"
"05/17/2022","2,383.22","2,384.60","2,398.07","2,382.07","50.53M","-0.06%"
"05/16/2022","2,384.60","2,396.84","2,405.85","2,379.07","26.39M","-0.51%"
"05/13/2022","2,396.84","2,349.92","2,407.12","2,349.92","287.02M","2.00%"
"05/12/2022","2,349.92","2,377.68","2,377.68","2,319.86","155.46M","-1.17%"
"05/11/2022","2,377.68","2,372.58","2,395.90","2,372.58","129.19M","0.21%"
"05/10/2022","2,372.58","2,369.48","2,404.45","2,369.48","167.36M","0.13%"
"05/09/2022","2,369.48","2,441.72","2,441.72","2,366.73","221.43M","-2.96%"
"05/06/2022","2,441.72","2,471.95","2,471.95","2,429.31","130.02M","-1.22%"
"05/05/2022","2,471.95","2,483.70","2,509.69","2,471.95","292.49M","-0.47%"
"05/04/2022","2,483.70","2,519.66","2,529.68","2,474.12","234.80M","-1.43%"
"05/03/2022","2,519.66","2,507.10","2,522.88","2,499.18","169.73M","0.50%"
"05/02/2022","2,507.10","2,553.79","2,553.79","2,481.97","222.30M","-1.83%"
"04/29/2022","2,553.79","2,590.38","2,590.38","2,544.20","176.37M","-1.41%"
"04/28/2022","2,590.38","2,579.99","2,615.67","2,579.99","182.43M","0.40%"
"04/27/2022","2,579.99","2,579.97","2,581.69","2,565.85","111.76M","0.00%"
"04/26/2022","2,579.97","2,580.99","2,595.49","2,578.96","220.52M","-0.04%"
"04/25/2022","2,580.99","2,597.60","2,597.60","2,554.68","340.47M","-0.64%"
"04/22/2022","2,597.60","2,596.01","2,611.67","2,593.36","269.30M","0.06%"
"04/20/2022","2,596.01","2,597.98","2,598.73","2,586.85","178.59M","-0.08%"
"04/19/2022","2,597.98","2,609.74","2,612.16","2,594.85","70.73M","-0.45%"
"04/13/2022","2,609.74","2,596.30","2,612.98","2,596.30","161.42M","0.52%"
"04/12/2022","2,596.30","2,610.95","2,610.95","2,582.34","126.60M","-0.56%"
"04/11/2022","2,610.95","2,618.30","2,626.43","2,600.72","87.15M","-0.28%"
"04/08/2022","2,618.30","2,600.58","2,618.30","2,597.70","161.36M","0.68%"
"04/07/2022","2,600.58","2,597.18","2,604.41","2,581.63","279.47M","0.13%"
"04/06/2022","2,597.18","2,633.27","2,633.27","2,587.57","199.48M","-1.37%"
"04/05/2022","2,633.27","2,634.75","2,643.63","2,633.01","217.59M","-0.06%"
"04/04/2022","2,634.75","2,605.53","2,649.34","2,605.53","340.57M","1.12%"
"04/01/2022","2,605.53","2,591.95","2,605.53","2,587.12","167.58M","0.52%"
"03/31/2022","2,591.95","2,585.38","2,599.74","2,584.36","204.87M","0.25%"
"03/30/2022","2,585.38","2,575.43","2,588.40","2,558.42","169.70M","0.39%"
"03/29/2022","2,575.43","2,545.36","2,577.87","2,545.36","416.75M","1.18%"
"03/28/2022","2,545.36","2,535.55","2,557.30","2,533.54","147.20M","0.39%"
"03/25/2022","2,535.55","2,535.20","2,540.20","2,527.85","227.38M","0.01%"
"03/24/2022","2,535.20","2,531.31","2,536.94","2,514.71","257.83M","0.15%"
"03/23/2022","2,531.31","2,517.68","2,562.41","2,517.28","634.55M","0.54%"
"03/22/2022","2,517.68","2,526.84","2,533.07","2,504.30","123.57M","-0.36%"
"03/21/2022","2,526.84","2,549.67","2,549.67","2,524.62","130.46M","-0.90%"
"03/18/2022","2,549.67","2,553.55","2,553.55","2,524.20","235.55M","-0.15%"
"03/17/2022","2,553.55","2,601.28","2,603.23","2,547.51","120.54M","-1.83%"
"03/16/2022","2,601.28","2,543.74","2,623.22","2,543.74","538.86M","2.26%"
"03/15/2022","2,543.74","2,532.97","2,543.74","2,495.96","325.82M","0.43%"
"03/14/2022","2,532.97","2,494.95","2,536.90","2,494.95","256.76M","1.52%"
"03/11/2022","2,494.95","2,424.95","2,506.61","2,424.32","530.87M","2.89%"
"03/10/2022","2,424.95","2,376.00","2,437.54","2,376.00","314.39M","2.06%"
"03/09/2022","2,376.00","2,326.47","2,385.81","2,326.47","528.50M","2.13%"
"03/08/2022","2,326.47","2,366.50","2,371.45","2,326.47","741.36M","-1.69%"
"03/07/2022","2,366.50","2,415.28","2,415.28","2,307.68","738.57M","-2.02%"
"03/04/2022","2,415.28","2,469.43","2,469.43","2,404.15","277.62M","-2.19%"
"03/03/2022","2,469.43","2,441.47","2,469.43","2,441.47","316.85M","1.15%"
"03/02/2022","2,441.47","2,437.74","2,454.78","2,422.41","269.50M","0.15%"
"03/01/2022","2,437.74","2,486.77","2,487.44","2,419.25","346.86M","-1.97%"
"02/28/2022","2,486.77","2,554.78","2,554.78","2,463.11","239.98M","-2.66%"
"02/25/2022","2,554.78","2,457.69","2,558.12","2,457.69","294.43M","3.95%"
"02/24/2022","2,457.69","2,592.63","2,592.63","2,455.38","446.72M","-5.20%"
"02/23/2022","2,592.63","2,581.74","2,605.30","2,572.39","207.08M","0.42%"
"02/22/2022","2,581.74","2,596.31","2,596.31","2,547.96","212.68M","-0.56%"
"02/21/2022","2,596.31","2,631.76","2,632.45","2,590.37","319.53M","-1.35%"
"02/18/2022","2,631.76","2,636.21","2,639.00","2,622.90","272.42M","-0.17%"
"02/17/2022","2,636.21","2,629.85","2,646.67","2,622.20","286.13M","0.24%"
"02/16/2022","2,629.85","2,613.07","2,633.93","2,613.07","291.60M","0.64%"
"02/15/2022","2,613.07","2,595.32","2,621.60","2,595.32","214.78M","0.68%"
"02/14/2022","2,595.32","2,612.59","2,612.59","2,556.27","344.07M","-0.66%"
"02/11/2022","2,612.59","2,590.45","2,623.07","2,590.45","282.80M","0.85%"
"02/10/2022","2,590.45","2,584.77","2,592.70","2,573.61","360.62M","0.22%"
"02/09/2022","2,584.77","2,554.48","2,585.17","2,554.48","615.47M","1.19%"
"02/08/2022","2,554.48","2,533.12","2,554.48","2,517.51","183.14M","0.84%"
"02/07/2022","2,533.12","2,526.84","2,535.58","2,523.36","244.58M","0.25%"
"02/04/2022","2,526.84","2,546.52","2,549.33","2,518.68","342.34M","-0.77%"
"02/03/2022","2,546.52","2,561.16","2,564.10","2,533.33","260.95M","-0.57%"
"02/02/2022","2,561.16","2,550.26","2,570.84","2,550.26","323.40M","0.43%"
"02/01/2022","2,550.26","2,555.82","2,563.11","2,548.72","162.37M","-0.22%"
"01/31/2022","2,555.82","2,536.66","2,561.03","2,536.66","294.68M","0.76%"
"01/28/2022","2,536.66","2,558.97","2,561.50","2,536.30","220.80M","-0.87%"
"01/27/2022","2,558.97","2,557.41","2,559.21","2,537.46","284.00M","0.06%"
"01/26/2022","2,557.41","2,514.53","2,568.71","2,514.53","288.91M","1.71%"
"01/25/2022","2,514.53","2,526.87","2,531.77","2,512.65","161.07M","-0.49%"
"01/24/2022","2,526.87","2,578.38","2,582.20","2,520.31","289.65M","-2.00%"
"01/21/2022","2,578.38","2,602.42","2,602.86","2,578.38","108.12M","-0.92%"
"01/20/2022","2,602.42","2,606.36","2,608.92","2,594.83","98.57M","-0.15%"
"01/19/2022","2,606.36","2,594.71","2,606.36","2,584.42","170.63M","0.45%"
"01/18/2022","2,594.71","2,595.26","2,598.32","2,580.27","123.85M","-0.02%"
"01/17/2022","2,595.26","2,588.57","2,600.81","2,582.59","156.40M","0.26%"
"01/14/2022","2,588.57","2,592.79","2,603.81","2,586.66","129.75M","-0.16%"
"01/13/2022","2,592.79","2,590.37","2,598.95","2,587.48","217.08M","0.09%"
"01/12/2022","2,590.37","2,581.59","2,596.98","2,577.16","112.21M","0.34%"
"01/11/2022","2,581.59","2,599.64","2,617.94","2,580.75","194.95M","-0.69%"
"01/10/2022","2,599.64","2,618.05","2,637.65","2,596.67","272.93M","-0.70%"
"01/07/2022","2,618.05","2,619.10","2,624.73","2,615.00","544.08M","-0.04%"
"01/06/2022","2,619.10","2,635.42","2,635.42","2,610.57","720.45M","-0.62%"
"01/05/2022","2,635.42","2,654.84","2,656.18","2,630.29","262.17M","-0.73%"
"01/04/2022","2,654.84","2,653.42","2,664.33","2,639.40","292.14M","0.05%"
"01/03/2022","2,653.42","2,642.82","2,660.25","2,640.25","","0.40%"
"12/30/2021","2,642.82","2,637.77","2,648.42","2,632.84","351.38M","0.19%"
"12/29/2021","2,637.77","2,629.14","2,644.82","2,628.11","159.98M","0.33%"
"12/28/2021","2,629.14","2,617.74","2,635.65","2,617.74","884.88M","0.44%"
"12/27/2021","2,617.74","2,609.70","2,624.83","2,608.05","138.16M","0.31%"
"12/23/2021","2,609.70","2,578.45","2,610.76","2,578.45","244.95M","1.21%"
"12/22/2021","2,578.45","2,563.39","2,587.10","2,561.99","221.74M","0.59%"
"12/21/2021","2,563.39","2,535.08","2,564.22","2,535.08","221.65M","1.12%"
"12/20/2021","2,535.08","2,570.59","2,570.59","2,527.76","189.02M","-1.38%"
"12/17/2021","2,570.59","2,570.46","2,581.22","2,565.17","129.71M","0.01%"
"12/16/2021","2,570.46","2,560.52","2,579.09","2,560.52","167.12M","0.39%"
"12/15/2021","2,560.52","2,552.85","2,568.90","2,552.00","89.24M","0.30%"
"12/14/2021","2,552.85","2,567.70","2,578.91","2,552.40","340.52M","-0.58%"
"12/13/2021","2,567.70","2,596.37","2,607.86","2,567.70","235.77M","-1.10%"
"12/10/2021","2,596.37","2,601.72","2,606.94","2,588.51","500.25M","-0.21%"
"12/09/2021","2,601.72","2,601.77","2,612.56","2,600.00","354.75M","0.00%"
"12/08/2021","2,601.77","2,595.89","2,610.01","2,592.84","393.09M","0.23%"
"12/07/2021","2,595.89","2,576.73","2,601.78","2,576.73","657.25M","0.74%"
"12/06/2021","2,576.73","2,564.70","2,579.33","2,561.56","288.09M","0.47%"
"12/03/2021","2,564.70","2,564.16","2,571.65","2,549.90","68.13M","0.02%"
"12/02/2021","2,564.16","2,577.26","2,577.26","2,540.98","183.01M","-0.51%"
"12/01/2021","2,577.26","2,544.14","2,580.96","2,544.14","421.03M","1.30%"
"11/30/2021","2,544.14","2,544.57","2,544.57","2,515.78","122.11M","-0.02%"
"11/29/2021","2,544.57","2,534.53","2,548.28","2,524.11","417.49M","0.40%"
"11/26/2021","2,534.53","2,588.32","2,588.32","2,531.59","400.26M","-2.08%"
"11/25/2021","2,588.32","2,595.17","2,605.79","2,583.57","213.51M","-0.26%"
"11/24/2021","2,595.17","2,597.89","2,604.00","2,582.62","120.73M","-0.10%"
"11/23/2021","2,597.89","2,620.97","2,620.97","2,591.19","223.64M","-0.88%"
"11/22/2021","2,620.97","2,608.05","2,625.06","2,605.80","132.63M","0.50%"
"11/19/2021","2,608.05","2,613.21","2,629.72","2,604.29","169.53M","-0.20%"
"11/18/2021","2,613.21","2,621.47","2,627.85","2,607.60","120.10M","-0.32%"
"11/17/2021","2,621.47","2,600.95","2,621.59","2,599.73","145.07M","0.79%"
"11/16/2021","2,600.95","2,603.13","2,610.92","2,598.19","106.48M","-0.08%"
"11/15/2021","2,603.13","2,581.28","2,606.67","2,581.28","92.55M","0.85%"
"11/12/2021","2,581.28","2,589.81","2,591.21","2,569.80","243.51M","-0.33%"
"11/11/2021","2,589.81","2,587.36","2,600.94","2,586.93","149.48M","0.09%"
"11/10/2021","2,587.36","2,596.01","2,600.26","2,561.13","120.20M","-0.33%"
"11/09/2021","2,596.01","2,608.12","2,621.34","2,593.75","265.35M","-0.46%"
"11/08/2021","2,608.12","2,616.31","2,618.81","2,603.72","138.68M","-0.31%"
"11/05/2021","2,616.31","2,624.84","2,630.30","2,614.18","158.08M","-0.32%"
"11/04/2021","2,624.84","2,635.52","2,644.61","2,623.11","264.12M","-0.41%"
"11/03/2021","2,635.52","2,635.12","2,646.96","2,621.68","187.49M","0.02%"
"11/02/2021","2,635.12","2,593.99","2,635.12","2,593.99","246.83M","1.59%"
"11/01/2021","2,593.99","2,608.19","2,618.56","2,593.99","147.64M","-0.54%"
"10/29/2021","2,608.19","2,596.43","2,608.19","2,580.58","249.93M","0.45%"
"10/28/2021","2,596.43","2,581.59","2,597.74","2,580.34","246.06M","0.57%"
"10/27/2021","2,581.59","2,562.73","2,583.30","2,553.95","268.09M","0.74%"
"10/26/2021","2,562.73","2,548.89","2,566.12","2,548.61","226.59M","0.54%"
"10/25/2021","2,548.89","2,528.93","2,559.61","2,528.93","551.55M","0.79%"
"10/22/2021","2,528.93","2,541.13","2,552.80","2,528.93","531.54M","-0.48%"
"10/21/2021","2,541.13","2,551.01","2,551.01","2,531.75","628.25M","-0.39%"
"10/20/2021","2,551.01","2,573.93","2,574.21","2,548.13","89.02M","-0.89%"
"10/19/2021","2,573.93","2,595.15","2,598.78","2,557.58","145.19M","-0.82%"
"10/18/2021","2,595.15","2,603.20","2,610.94","2,585.84","583.88M","-0.31%"
"10/15/2021","2,603.20","2,579.37","2,613.78","2,578.37","175.96M","0.92%"
"10/14/2021","2,579.37","2,533.06","2,584.36","2,533.06","174.04M","1.83%"
"10/13/2021","2,533.06","2,513.30","2,538.86","2,513.30","204.21M","0.79%"
"10/12/2021","2,513.30","2,490.73","2,516.96","2,490.73","129.78M","0.91%"
"10/11/2021","2,490.73","2,497.34","2,510.85","2,490.73","140.56M","-0.26%"
"10/08/2021","2,497.34","2,495.17","2,504.14","2,491.32","117.97M","0.09%"
"10/07/2021","2,495.17","2,470.33","2,500.57","2,468.43","325.95M","1.01%"
"10/06/2021","2,470.33","2,479.52","2,479.52","2,450.44","242.73M","-0.37%"
"10/05/2021","2,479.52","2,487.77","2,494.45","2,475.78","284.35M","-0.33%"
"10/04/2021","2,487.77","2,509.28","2,514.36","2,487.77","706.58M","-0.86%"
"10/01/2021","2,509.28","2,483.85","2,524.27","2,483.85","185.53M","1.02%"
"09/30/2021","2,483.85","2,446.50","2,483.85","2,444.10","220.67M","1.53%"
"09/29/2021","2,446.50","2,462.59","2,462.59","2,438.06","107.88M","-0.65%"
"09/28/2021","2,462.59","2,455.43","2,475.37","2,453.81","231.19M","0.29%"
"09/27/2021","2,455.43","2,375.64","2,471.32","2,375.64","211.90M","3.36%"
"09/24/2021","2,375.64","2,344.53","2,377.18","2,344.10","105.43M","1.33%"
"09/23/2021","2,344.53","2,372.93","2,381.37","2,337.58","99.79M","-1.20%"
"09/22/2021","2,372.93","2,338.31","2,373.04","2,338.31","171.82M","1.48%"
"09/21/2021","2,338.31","2,369.49","2,386.29","2,327.64","209.20M","-1.32%"
"09/20/2021","2,369.49","2,440.83","2,440.83","2,351.48","343.99M","-2.92%"
"09/17/2021","2,440.83","2,446.53","2,448.30","2,438.26","171.86M","-0.23%"
"09/16/2021","2,446.53","2,412.42","2,447.51","2,409.59","158.87M","1.41%"
"09/15/2021","2,412.42","2,445.33","2,445.33","2,412.42","193.88M","-1.35%"
"09/14/2021","2,445.33","2,466.43","2,474.49","2,442.09","101.76M","-0.86%"
"09/13/2021","2,466.43","2,488.83","2,494.85","2,458.97","122.41M","-0.90%"
"09/10/2021","2,488.83","2,499.01","2,501.32","2,484.24","107.92M","-0.41%"
"09/09/2021","2,499.01","2,500.92","2,500.92","2,485.36","106.19M","-0.08%"
"09/08/2021","2,500.92","2,513.82","2,513.82","2,489.88","192.39M","-0.51%"
"09/07/2021","2,513.82","2,512.69","2,532.87","2,512.69","252.52M","0.04%"
"09/06/2021","2,512.69","2,497.20","2,521.01","2,497.20","225.33M","0.62%"
"09/03/2021","2,497.20","2,479.18","2,499.04","2,479.18","159.63M","0.73%"
"09/02/2021","2,479.18","2,475.80","2,487.63","2,466.16","139.24M","0.14%"
"09/01/2021","2,475.80","2,486.77","2,489.52","2,467.25","121.03M","-0.44%"
"08/31/2021","2,486.77","2,479.19","2,488.00","2,461.56","139.31M","0.31%"
"08/30/2021","2,479.19","2,473.74","2,485.06","2,463.73","203.02M","0.22%"
"08/27/2021","2,473.74","2,457.18","2,473.74","2,457.18","113.74M","0.67%"
"08/26/2021","2,457.18","2,456.59","2,465.81","2,449.81","106.36M","0.02%"
"08/25/2021","2,456.59","2,460.85","2,460.85","2,437.67","93.20M","-0.17%"
"08/24/2021","2,460.85","2,449.66","2,466.44","2,449.66","166.88M","0.46%"
"08/23/2021","2,449.66","2,441.94","2,452.71","2,436.93","165.24M","0.32%"
"08/20/2021","2,441.94","2,437.43","2,455.56","2,437.43","135.41M","0.19%"
"08/19/2021","2,437.43","2,448.10","2,448.10","2,412.37","227.93M","-0.44%"
"08/18/2021","2,448.10","2,466.73","2,471.66","2,448.10","80.50M","-0.76%"
"08/17/2021","2,466.73","2,471.08","2,472.42","2,452.92","326.19M","-0.18%"
"08/16/2021","2,471.08","2,467.21","2,486.41","2,465.20","65.98M","0.16%"
"08/13/2021","2,467.21","2,454.23","2,468.47","2,446.52","147.63M","0.53%"
"08/12/2021","2,454.23","2,412.73","2,454.23","2,411.29","228.11M","1.72%"
"08/11/2021","2,412.73","2,405.48","2,415.43","2,405.48","167.60M","0.30%"
"08/10/2021","2,405.48","2,391.24","2,405.48","2,382.49","92.83M","0.60%"
"08/09/2021","2,391.24","2,395.23","2,404.95","2,382.36","71.07M","-0.17%"
"08/06/2021","2,395.23","2,400.62","2,416.13","2,392.66","166.38M","-0.22%"
"08/05/2021","2,400.62","2,384.05","2,404.36","2,383.01","148.70M","0.70%"
"08/04/2021","2,384.05","2,366.75","2,385.17","2,366.75","148.73M","0.73%"
"08/03/2021","2,366.75","2,371.33","2,379.41","2,365.13","175.45M","-0.19%"
"07/30/2021","2,371.33","2,368.92","2,371.89","2,360.53","30.63M","0.10%"
"07/29/2021","2,368.92","2,365.86","2,380.03","2,365.86","96.04M","0.13%"
"07/28/2021","2,365.86","2,358.72","2,375.60","2,350.03","106.88M","0.30%"
"07/27/2021","2,358.72","2,348.57","2,359.77","2,343.25","75.69M","0.43%"
"07/26/2021","2,348.57","2,346.29","2,357.33","2,346.29","91.32M","0.10%"
"07/23/2021","2,346.29","2,317.99","2,349.67","2,317.49","231.15M","1.22%"
"07/22/2021","2,317.99","2,344.78","2,344.78","2,313.44","134.51M","-1.14%"
"07/21/2021","2,344.78","2,331.02","2,349.85","2,330.18","147.24M","0.59%"
"07/20/2021","2,331.02","2,340.41","2,356.43","2,330.22","139.54M","-0.40%"
"07/19/2021","2,340.41","2,381.99","2,381.99","2,339.80","245.47M","-1.75%"
"07/16/2021","2,381.99","2,367.43","2,385.50","2,365.94","108.72M","0.62%"
"07/15/2021","2,367.43","2,374.53","2,381.63","2,363.53","97.74M","-0.30%"
"07/14/2021","2,374.53","2,372.65","2,377.41","2,364.17","121.32M","0.08%"
"07/13/2021","2,372.65","2,360.72","2,379.60","2,360.72","57.77M","0.51%"
"07/12/2021","2,360.72","2,361.41","2,365.41","2,353.92","52.17M","-0.03%"
"07/09/2021","2,361.41","2,345.03","2,366.97","2,345.03","101.82M","0.70%"
"07/08/2021","2,345.03","2,340.58","2,349.55","2,333.45","90.22M","0.19%"
"07/07/2021","2,340.58","2,343.56","2,356.29","2,335.31","88.11M","-0.13%"
"07/06/2021","2,343.56","2,338.78","2,346.56","2,335.32","76.19M","0.20%"
"07/05/2021","2,338.78","2,319.46","2,338.78","2,316.73","145.78M","0.83%"
"07/02/2021","2,319.46","2,297.17","2,321.92","2,297.17","306.99M","0.97%"
"07/01/2021","2,297.17","2,271.34","2,304.73","2,271.34","197.74M","1.14%"
"06/30/2021","2,271.34","2,252.12","2,275.61","2,252.12","519.65M","0.85%"
"06/29/2021","2,252.12","2,217.50","2,255.62","2,217.08","173.62M","1.56%"
"06/28/2021","2,217.50","2,219.86","2,226.67","2,215.19","180.50M","-0.11%"
"06/25/2021","2,219.86","2,207.66","2,221.20","2,199.57","372.64M","0.55%"
"06/24/2021","2,207.66","2,199.42","2,223.24","2,199.42","322.90M","0.37%"
"06/23/2021","2,199.42","2,185.71","2,205.01","2,185.05","188.81M","0.63%"
"06/22/2021","2,185.71","2,194.34","2,201.78","2,185.71","261.75M","-0.39%"
"06/21/2021","2,194.34","2,186.64","2,202.27","2,181.85","171.10M","0.35%"
"06/18/2021","2,186.64","2,181.67","2,194.66","2,180.27","236.07M","0.23%"
"06/16/2021","2,181.67","2,211.45","2,219.37","2,181.67","181.47M","-1.35%"
"06/15/2021","2,211.45","2,199.79","2,213.82","2,197.27","161.86M","0.53%"
"06/14/2021","2,199.79","2,207.63","2,213.72","2,196.47","120.93M","-0.36%"
"06/11/2021","2,207.63","2,205.08","2,209.72","2,195.30","159.49M","0.12%"
"06/10/2021","2,205.08","2,188.41","2,205.61","2,188.41","235.13M","0.76%"
"06/09/2021","2,188.41","2,190.08","2,198.94","2,181.16","220.90M","-0.08%"
"06/08/2021","2,190.08","2,185.18","2,195.16","2,185.18","239.27M","0.22%"
"06/07/2021","2,185.18","2,176.74","2,193.45","2,175.59","104.98M","0.39%"
"06/04/2021","2,176.74","2,171.74","2,180.74","2,169.98","242.31M","0.23%"
"06/03/2021","2,171.74","2,184.15","2,187.04","2,169.27","209.46M","-0.57%"
"06/02/2021","2,184.15","2,189.55","2,200.05","2,172.69","155.97M","-0.25%"
"06/01/2021","2,189.55","2,202.66","2,207.16","2,189.26","258.74M","-0.60%"
"05/31/2021","2,202.66","2,198.29","2,203.00","2,183.82","154.49M","0.20%"
"05/28/2021","2,198.29","2,232.35","2,234.30","2,196.53","229.86M","-1.53%"
"05/27/2021","2,232.35","2,240.70","2,244.32","2,217.60","155.13M","-0.37%"
"05/26/2021","2,240.70","2,243.60","2,260.71","2,239.48","143.84M","-0.13%"
"05/25/2021","2,243.60","2,218.62","2,248.52","2,218.62","176.80M","1.13%"
"05/21/2021","2,218.62","2,198.89","2,218.98","2,198.89","243.97M","0.90%"
"05/20/2021","2,198.89","2,182.58","2,200.55","2,177.37","135.84M","0.75%"
"05/19/2021","2,182.58","2,176.46","2,189.90","2,176.46","67.22M","0.28%"
"05/18/2021","2,176.46","2,170.16","2,178.75","2,161.51","201.23M","0.29%"
"05/17/2021","2,170.16","2,153.45","2,172.91","2,153.45","145.22M","0.78%"
"05/14/2021","2,153.45","2,147.73","2,163.00","2,147.73","70.46M","0.27%"
"05/12/2021","2,147.73","2,133.60","2,147.90","2,129.40","264.25M","0.66%"
"05/11/2021","2,133.60","2,151.34","2,151.34","2,121.48","71.05M","-0.82%"
"05/10/2021","2,151.34","2,167.39","2,169.68","2,151.34","104.44M","-0.74%"
"05/07/2021","2,167.39","2,172.21","2,181.22","2,166.06","67.63M","-0.22%"
"05/06/2021","2,172.21","2,168.60","2,176.19","2,161.51","109.94M","0.17%"
"05/05/2021","2,168.60","2,140.32","2,168.60","2,136.05","110.68M","1.32%"
"05/04/2021","2,140.32","2,176.29","2,178.67","2,136.74","201.36M","-1.65%"
"05/03/2021","2,176.29","2,194.02","2,197.97","2,171.41","176.84M","-0.81%"
"04/30/2021","2,194.02","2,209.50","2,209.50","2,187.76","207.49M","-0.70%"
"04/29/2021","2,209.50","2,218.87","2,218.87","2,197.35","190.12M","-0.42%"
"04/28/2021","2,218.87","2,221.80","2,224.72","2,202.53","226.13M","-0.13%"
"04/27/2021","2,221.80","2,221.66","2,223.42","2,206.48","159.48M","0.01%"
"04/26/2021","2,221.66","2,186.31","2,231.26","2,186.31","492.24M","1.62%"
"04/23/2021","2,186.31","2,181.13","2,196.07","2,173.29","222.88M","0.24%"
"04/21/2021","2,181.13","2,154.07","2,181.30","2,147.84","371.68M","1.26%"
"04/20/2021","2,154.07","2,159.49","2,168.26","2,148.43","152.54M","-0.25%"
"04/19/2021","2,159.49","2,160.68","2,160.68","2,125.58","102.82M","-0.06%"
"04/16/2021","2,160.68","2,146.19","2,162.49","2,146.19","180.07M","0.68%"
"04/15/2021","2,146.19","2,135.78","2,153.33","2,132.85","114.83M","0.49%"
"04/14/2021","2,135.78","2,137.93","2,141.06","2,125.73","233.27M","-0.10%"
"04/13/2021","2,137.93","2,126.22","2,139.84","2,125.15","254.87M","0.56%"
"04/12/2021","2,126.09","2,126.35","2,136.75","2,118.41","510.21M","-0.01%"
"04/09/2021","2,126.35","2,113.16","2,129.04","2,112.44","188.00M","0.62%"
"04/08/2021","2,113.16","2,113.80","2,131.44","2,113.16","340.69M","-0.03%"
"04/07/2021","2,113.80","2,094.63","2,115.00","2,094.63","144.13M","0.92%"
"04/06/2021","2,094.63","2,064.94","2,094.63","2,064.94","262.34M","1.44%"
"03/31/2021","2,064.94","2,049.47","2,064.94","2,049.47","166.25M","0.75%"
"03/30/2021","2,049.47","2,064.72","2,064.72","2,045.47","81.38M","-0.74%"
"03/29/2021","2,064.72","2,054.43","2,075.72","2,054.43","257.50M","0.50%"
"03/26/2021","2,054.43","2,023.74","2,063.74","2,023.74","221.28M","1.52%"
"03/25/2021","2,023.74","2,001.32","2,025.35","2,001.32","95.60M","1.12%"
"03/24/2021","2,001.32","2,017.18","2,026.47","1,996.63","359.11M","-0.79%"
"03/23/2021","2,017.18","2,031.54","2,031.54","2,006.75","77.92M","-0.71%"
"03/22/2021","2,031.54","2,063.87","2,064.58","2,028.49","130.58M","-1.57%"
"03/19/2021","2,063.87","2,067.08","2,067.08","2,053.11","118.08M","-0.16%"
"03/18/2021","2,067.08","2,054.16","2,078.79","2,054.16","90.57M","0.63%"
"03/17/2021","2,054.16","2,062.10","2,065.75","2,045.98","346.16M","-0.39%"
"03/16/2021","2,062.10","2,045.87","2,066.34","2,038.40","178.90M","0.79%"
"03/15/2021","2,045.87","2,070.32","2,076.08","2,040.13","114.69M","-1.18%"
"03/12/2021","2,070.32","2,085.22","2,086.71","2,070.14","139.23M","-0.71%"
"03/11/2021","2,085.22","2,080.60","2,090.38","2,079.40","117.01M","0.22%"
"03/10/2021","2,080.60","2,071.34","2,080.69","2,065.72","173.35M","0.45%"
"03/09/2021","2,071.34","2,059.29","2,072.63","2,059.29","132.38M","0.59%"
"03/08/2021","2,059.29","2,075.79","2,076.27","2,056.70","74.81M","-0.79%"
"03/05/2021","2,075.79","2,095.86","2,096.59","2,067.75","153.40M","-0.96%"
"03/04/2021","2,095.86","2,091.12","2,097.33","2,085.42","254.28M","0.23%"
"03/03/2021","2,091.12","2,090.48","2,110.55","2,078.13","332.49M","0.03%"
"03/02/2021","2,090.48","2,110.46","2,113.07","2,080.77","231.67M","-0.95%"
"03/01/2021","2,110.46","2,103.24","2,131.09","2,103.24","124.45M","0.34%"
"02/26/2021","2,103.24","2,122.31","2,122.31","2,102.36","119.82M","-0.90%"
"02/25/2021","2,122.31","2,129.69","2,137.56","2,119.50","87.86M","-0.35%"
"02/24/2021","2,129.69","2,139.25","2,146.28","2,128.22","125.58M","-0.45%"
"02/23/2021","2,139.25","2,157.02","2,161.15","2,138.30","113.18M","-0.82%"
"02/22/2021","2,157.02","2,169.46","2,169.46","2,147.90","81.45M","-0.57%"
"02/19/2021","2,169.46","2,162.67","2,172.01","2,157.65","228.54M","0.31%"
"02/18/2021","2,162.67","2,153.52","2,181.17","2,153.18","281.56M","0.42%"
"02/17/2021","2,153.52","2,133.76","2,153.52","2,133.76","315.98M","0.93%"
"02/16/2021","2,133.76","2,103.64","2,135.57","2,103.64","267.24M","1.43%"
"02/15/2021","2,103.64","2,095.88","2,125.13","2,095.88","233.13M","0.37%"
"02/12/2021","2,095.88","2,112.05","2,116.27","2,081.14","359.82M","-0.77%"
"02/11/2021","2,112.05","2,095.62","2,119.75","2,095.62","514.60M","0.78%"
"02/10/2021","2,095.62","2,089.80","2,095.72","2,053.76","525.14M","0.28%"
"02/09/2021","2,089.80","2,070.15","2,103.84","2,070.15","374.24M","0.95%"
"02/08/2021","2,070.15","2,048.06","2,074.31","2,048.06","339.69M","1.08%"
"02/05/2021","2,048.06","2,032.90","2,054.41","2,032.90","367.57M","0.75%"
"02/04/2021","2,032.90","1,996.34","2,034.04","1,996.34","375.24M","1.83%"
"02/03/2021","1,996.34","1,996.06","2,004.80","1,993.06","339.87M","0.01%"
"02/02/2021","1,996.06","1,975.35","1,998.65","1,975.35","474.62M","1.05%"
"02/01/2021","1,975.35","1,956.12","1,980.62","1,956.12","189.23M","0.98%"
"01/29/2021","1,956.12","1,949.37","1,960.62","1,946.80","130.40M","0.35%"
"01/28/2021","1,949.37","1,928.96","1,954.59","1,907.20","272.47M","1.06%"
"01/27/2021","1,928.96","1,953.95","1,954.42","1,919.06","252.69M","-1.28%"
"01/26/2021","1,953.95","1,939.84","1,953.95","1,938.62","212.47M","0.73%"
"01/25/2021","1,939.84","1,971.45","1,971.45","1,934.17","223.12M","-1.60%"
"01/22/2021","1,971.45","1,997.33","1,997.33","1,971.16","390.91M","-1.30%"
"01/21/2021","1,997.33","2,001.21","2,004.07","1,997.28","259.56M","-0.19%"
"01/20/2021","2,001.21","1,988.43","2,002.60","1,984.16","279.71M","0.64%"
"01/19/2021","1,988.43","1,963.85","1,988.43","1,963.85","196.94M","1.25%"
"01/18/2021","1,963.85","1,942.39","1,964.81","1,942.39","288.58M","1.10%"
"01/15/2021","1,942.39","1,947.42","1,947.42","1,937.00","171.00M","-0.26%"
"01/14/2021","1,947.42","1,939.58","1,952.89","1,939.58","141.51M","0.40%"
"01/13/2021","1,939.58","1,935.61","1,939.58","1,924.40","186.49M","0.21%"
"01/12/2021","1,935.61","1,930.86","1,939.36","1,930.86","164.38M","0.25%"
"01/11/2021","1,930.86","1,946.44","1,948.43","1,922.33","278.02M","-0.80%"
"01/08/2021","1,946.44","1,946.38","1,946.80","1,923.87","365.51M","0.00%"
"01/07/2021","1,946.38","1,966.99","1,981.21","1,943.23","330.19M","-1.05%"
"01/06/2021","1,966.99","1,952.37","1,966.99","1,945.21","572.23M","0.75%"
"01/05/2021","1,952.37","1,953.45","1,954.10","1,941.58","219.56M","-0.06%"
"01/04/2021","1,953.45","1,885.56","1,957.34","1,885.56","531.91M","3.60%"
"12/30/2020","1,885.56","1,878.44","1,885.56","1,867.94","272.20M","0.38%"
"12/29/2020","1,878.44","1,833.72","1,878.80","1,833.72","405.45M","2.44%"
"12/28/2020","1,833.72","1,809.19","1,837.78","1,809.19","287.09M","1.36%"
"12/23/2020","1,809.19","1,810.21","1,814.13","1,801.31","144.65M","-0.06%"
"12/22/2020","1,810.21","1,779.15","1,816.55","1,779.15","222.35M","1.75%"
"12/21/2020","1,779.15","1,801.70","1,801.70","1,771.17","223.60M","-1.25%"
"12/18/2020","1,801.70","1,790.37","1,809.49","1,790.25","245.91M","0.63%"
"12/17/2020","1,790.37","1,805.20","1,806.54","1,776.00","520.96M","-0.82%"
"12/16/2020","1,805.20","1,834.72","1,834.88","1,804.02","286.72M","-1.61%"
"12/15/2020","1,834.72","1,824.64","1,836.50","1,824.64","297.10M","0.55%"
"12/14/2020","1,824.64","1,799.75","1,828.43","1,799.75","281.55M","1.38%"
"12/11/2020","1,799.75","1,805.26","1,806.11","1,789.17","365.36M","-0.31%"
"12/10/2020","1,805.26","1,804.74","1,810.92","1,796.08","641.93M","0.03%"
"12/09/2020","1,804.74","1,784.53","1,806.89","1,784.53","574.86M","1.13%"
"12/08/2020","1,784.53","1,761.30","1,784.53","1,761.30","702.21M","1.32%"
"12/07/2020","1,761.30","1,746.37","1,761.77","1,746.37","461.80M","0.85%"
"12/04/2020","1,746.37","1,736.01","1,759.60","1,736.01","698.20M","0.60%"
"12/03/2020","1,736.01","1,710.44","1,736.01","1,705.38","520.96M","1.49%"
"12/02/2020","1,710.44","1,708.41","1,717.38","1,700.51","354.14M","0.12%"
"12/01/2020","1,708.41","1,698.66","1,708.82","1,698.28","598.54M","0.57%"
"11/30/2020","1,698.66","1,696.81","1,706.37","1,692.92","206.02M","0.11%"
"11/27/2020","1,696.81","1,703.36","1,703.72","1,693.48","296.61M","-0.38%"
"11/26/2020","1,703.36","1,712.66","1,714.04","1,697.39","357.58M","-0.54%"
"11/25/2020","1,712.66","1,712.80","1,729.39","1,706.48","243.39M","-0.01%"
"11/24/2020","1,712.80","1,687.73","1,718.56","1,687.73","188.56M","1.49%"
"11/23/2020","1,687.73","1,695.85","1,696.54","1,687.46","201.48M","-0.48%"
"11/20/2020","1,695.85","1,706.34","1,711.59","1,695.74","309.07M","-0.61%"
"11/19/2020","1,706.34","1,710.61","1,710.97","1,699.76","578.32M","-0.25%"
"11/18/2020","1,710.61","1,706.68","1,715.21","1,705.00","545.37M","0.23%"
"11/17/2020","1,706.68","1,697.44","1,710.39","1,695.84","530.23M","0.54%"
"11/16/2020","1,697.44","1,671.43","1,702.21","1,671.43","783.72M","1.56%"
"11/13/2020","1,671.43","1,680.08","1,680.08","1,665.30","463.42M","-0.51%"
"11/12/2020","1,680.08","1,691.15","1,694.30","1,673.51","317.04M","-0.65%"
"11/11/2020","1,691.15","1,681.55","1,694.84","1,680.31","680.44M","0.57%"
"11/10/2020","1,681.55","1,685.41","1,697.17","1,680.41","527.86M","-0.23%"
"11/09/2020","1,685.41","1,616.96","1,692.53","1,616.96","426.65M","4.23%"
"11/06/2020","1,616.96","1,596.39","1,617.63","1,596.39","124.81M","1.29%"
"11/05/2020","1,596.39","1,601.00","1,601.00","1,590.70","162.52M","-0.29%"
"11/04/2020","1,601.00","1,612.19","1,612.19","1,599.07","39.91M","-0.69%"
"11/03/2020","1,612.19","1,603.18","1,613.29","1,603.18","131.38M","0.56%"
"11/02/2020","1,603.18","1,595.16","1,606.33","1,588.79","62.43M","0.50%"
"10/30/2020","1,595.16","1,602.29","1,615.89","1,587.72","126.37M","-0.44%"
"10/29/2020","1,602.29","1,589.58","1,602.29","1,589.58","92.24M","0.80%"
"10/28/2020","1,589.58","1,625.62","1,625.62","1,583.85","157.11M","-2.22%"
"10/27/2020","1,625.62","1,623.34","1,631.21","1,623.02","148.60M","0.14%"
"10/26/2020","1,623.34","1,656.12","1,656.12","1,623.01","68.60M","-1.98%"
"10/23/2020","1,656.12","1,638.73","1,656.12","1,638.73","194.12M","1.06%"
"10/22/2020","1,638.73","1,633.34","1,640.28","1,631.52","120.94M","0.33%"
"10/21/2020","1,633.34","1,612.29","1,633.77","1,612.29","131.67M","1.31%"
"10/20/2020","1,612.29","1,607.81","1,615.70","1,607.81","119.73M","0.28%"
"10/19/2020","1,607.81","1,593.16","1,607.81","1,593.03","107.00M","0.92%"
"10/16/2020","1,593.16","1,590.01","1,604.84","1,590.01","690.60M","0.20%"
"10/15/2020","1,590.01","1,586.69","1,590.36","1,580.43","194.87M","0.21%"
"10/14/2020","1,586.69","1,566.70","1,589.94","1,566.70","121.93M","1.28%"
"10/13/2020","1,566.70","1,560.04","1,567.18","1,555.52","103.31M","0.43%"
"10/12/2020","1,560.04","1,562.68","1,562.81","1,555.90","81.87M","-0.17%"
"10/09/2020","1,562.68","1,538.94","1,562.68","1,538.94","290.79M","1.54%"
"10/08/2020","1,538.94","1,498.59","1,539.86","1,498.59","207.64M","2.69%"
"10/07/2020","1,498.59","1,469.78","1,498.59","1,465.88","74.17M","1.96%"
"10/06/2020","1,469.78","1,482.95","1,482.95","1,462.70","114.59M","-0.89%"
"10/05/2020","1,482.95","1,485.41","1,487.13","1,476.16","117.36M","-0.17%"
"10/02/2020","1,485.41","1,490.06","1,492.46","1,483.20","190.31M","-0.31%"
"10/01/2020","1,490.06","1,495.19","1,495.19","1,485.65","122.74M","-0.34%"
"09/30/2020","1,495.19","1,494.09","1,499.69","1,488.18","283.96M","0.07%"
"09/29/2020","1,494.09","1,493.27","1,506.92","1,487.20","218.52M","0.05%"
"09/28/2020","1,493.27","1,480.05","1,497.02","1,480.05","65.88M","0.89%"
"09/25/2020","1,480.05","1,479.82","1,484.81","1,469.31","72.52M","0.02%"
"09/24/2020","1,479.82","1,491.76","1,492.47","1,479.82","93.78M","-0.80%"
"09/23/2020","1,491.76","1,495.24","1,506.78","1,487.79","83.12M","-0.23%"
"09/22/2020","1,495.24","1,492.00","1,501.20","1,486.52","159.86M","0.22%"
"09/21/2020","1,492.00","1,522.08","1,522.08","1,488.55","71.38M","-1.98%"
"09/18/2020","1,522.08","1,540.49","1,543.76","1,522.08","68.60M","-1.20%"
"09/17/2020","1,540.49","1,517.28","1,546.46","1,514.36","107.73M","1.53%"
"09/16/2020","1,517.28","1,524.23","1,524.23","1,514.21","20.26M","-0.46%"
"09/15/2020","1,524.23","1,528.33","1,528.76","1,518.37","35.31M","-0.27%"
"09/14/2020","1,528.33","1,551.12","1,553.27","1,528.33","70.93M","-1.47%"
"09/11/2020","1,551.12","1,550.83","1,555.78","1,538.63","109.24M","0.02%"
"09/10/2020","1,550.83","1,563.36","1,569.22","1,550.09","99.77M","-0.80%"
"09/09/2020","1,563.36","1,552.59","1,564.64","1,551.25","57.17M","0.69%"
"09/08/2020","1,552.59","1,551.24","1,562.15","1,551.24","94.94M","0.09%"
"09/07/2020","1,551.24","1,528.06","1,551.24","1,528.06","56.17M","1.52%"
"09/04/2020","1,528.06","1,519.15","1,544.63","1,519.15","122.24M","0.59%"
"09/03/2020","1,519.15","1,519.94","1,528.28","1,519.15","139.30M","-0.05%"
"09/02/2020","1,519.94","1,503.21","1,519.94","1,499.90","122.68M","1.11%"
"09/01/2020","1,503.21","1,503.49","1,503.49","1,500.14","69.26M","-0.02%"
"08/31/2020","1,503.49","1,502.38","1,508.28","1,501.30","39.80M","0.07%"
"08/28/2020","1,502.38","1,496.23","1,507.22","1,495.94","123.81M","0.41%"
"08/27/2020","1,496.23","1,490.44","1,497.92","1,490.44","136.44M","0.39%"
"08/26/2020","1,490.44","1,479.42","1,491.56","1,478.89","52.37M","0.74%"
"08/25/2020","1,479.42","1,489.06","1,489.06","1,477.79","111.03M","-0.65%"
"08/24/2020","1,489.06","1,497.46","1,503.07","1,489.06","101.27M","-0.56%"
"08/21/2020","1,497.46","1,489.65","1,501.21","1,489.65","76.97M","0.52%"
"08/20/2020","1,489.65","1,499.96","1,500.77","1,489.53","104.90M","-0.69%"
"08/19/2020","1,499.96","1,491.02","1,501.16","1,491.02","66.86M","0.60%"
"08/18/2020","1,491.02","1,486.41","1,491.84","1,478.67","73.98M","0.31%"
"08/17/2020","1,486.41","1,500.22","1,500.22","1,483.27","66.92M","-0.92%"
"08/14/2020","1,500.22","1,511.83","1,511.83","1,500.22","72.57M","-0.77%"
"08/13/2020","1,511.83","1,515.34","1,519.12","1,510.36","86.61M","-0.23%"
"08/12/2020","1,515.34","1,521.60","1,524.72","1,512.95","67.97M","-0.41%"
"08/11/2020","1,521.60","1,502.92","1,535.85","1,502.92","145.37M","1.24%"
"08/10/2020","1,502.92","1,496.19","1,506.70","1,496.19","69.79M","0.45%"
"08/07/2020","1,496.19","1,516.55","1,528.77","1,493.86","120.68M","-1.34%"
"08/06/2020","1,516.55","1,503.42","1,517.80","1,503.42","109.96M","0.87%"
"08/05/2020","1,503.42","1,501.37","1,505.12","1,497.78","42.39M","0.14%"
"08/04/2020","1,501.37","1,496.74","1,501.56","1,492.54","63.17M","0.31%"
"07/31/2020","1,496.74","1,490.86","1,499.87","1,486.95","47.35M","0.39%"
"07/30/2020","1,490.86","1,519.50","1,520.38","1,489.94","45.80M","-1.88%"
"07/29/2020","1,519.50","1,548.12","1,548.12","1,511.92","92.09M","-1.85%"
"07/28/2020","1,548.12","1,562.77","1,567.93","1,548.12","60.67M","-0.94%"
"07/27/2020","1,562.77","1,537.22","1,562.77","1,537.15","27.14M","1.66%"
"07/24/2020","1,537.22","1,544.48","1,544.82","1,537.22","25.56M","-0.47%"
"07/23/2020","1,544.48","1,506.87","1,559.15","1,506.87","88.80M","2.50%"
"07/22/2020","1,506.87","1,492.88","1,506.89","1,492.52","40.03M","0.94%"
"07/21/2020","1,492.88","1,485.17","1,500.51","1,485.17","62.08M","0.52%"
"07/20/2020","1,485.17","1,491.99","1,495.10","1,484.42","46.41M","-0.46%"
"07/17/2020","1,491.99","1,488.80","1,495.21","1,488.80","34.59M","0.21%"
"07/16/2020","1,488.80","1,485.99","1,488.80","1,485.79","51.28M","0.19%"
"07/15/2020","1,485.99","1,480.91","1,487.67","1,480.91","33.86M","0.34%"
"07/14/2020","1,480.91","1,474.55","1,480.91","1,468.20","21.62M","0.43%"
"07/13/2020","1,474.55","1,461.16","1,477.01","1,459.94","10.06M","0.92%"
"07/10/2020","1,461.16","1,465.79","1,468.93","1,460.07","35.93M","-0.32%"
"07/09/2020","1,465.79","1,475.79","1,484.45","1,465.31","46.14M","-0.68%"
"07/08/2020","1,475.79","1,493.16","1,494.44","1,475.52","22.01M","-1.16%"
"07/07/2020","1,493.16","1,485.52","1,493.73","1,481.54","55.50M","0.51%"
"07/06/2020","1,485.52","1,479.64","1,494.35","1,479.64","12.70M","0.40%"
"07/03/2020","1,479.64","1,487.33","1,487.33","1,477.69","11.30M","-0.52%"
"07/02/2020","1,487.33","1,485.02","1,489.07","1,482.53","33.24M","0.16%"
"07/01/2020","1,485.02","1,494.24","1,494.24","1,485.02","47.89M","-0.58%"
"06/29/2020","1,493.66","1,505.68","1,505.68","1,493.66","22.68M","-0.80%"
"06/26/2020","1,505.68","1,517.22","1,524.17","1,505.68","76.81M","-0.76%"
"06/25/2020","1,517.22","1,546.60","1,548.06","1,511.26","77.17M","-1.90%"
"06/24/2020","1,546.60","1,517.85","1,556.93","1,517.85","203.99M","1.89%"
"06/23/2020","1,517.85","1,494.66","1,517.85","1,494.66","91.92M","1.55%"
"06/22/2020","1,494.66","1,472.45","1,494.66","1,465.89","81.25M","1.51%"
"06/19/2020","1,472.45","1,453.22","1,472.45","1,451.71","105.03M","1.32%"
"06/18/2020","1,453.22","1,442.77","1,454.09","1,435.92","64.79M","0.72%"
"06/16/2020","1,442.77","1,405.94","1,450.02","1,405.94","2.87B","2.62%"
"06/15/2020","1,405.94","1,400.98","1,405.94","1,387.95","117.28M","0.35%"
"06/12/2020","1,400.98","1,423.66","1,423.69","1,387.87","93.72M","-1.59%"
"06/11/2020","1,423.66","1,462.39","1,462.39","1,404.38","56.75M","-2.65%"
"06/10/2020","1,462.39","1,474.05","1,474.88","1,460.49","45.38M","-0.79%"
"06/09/2020","1,474.05","1,490.73","1,490.73","1,466.20","60.92M","-1.12%"
"06/08/2020","1,490.73","1,491.59","1,497.77","1,490.25","111.78M","-0.06%"
"06/05/2020","1,491.59","1,473.83","1,499.00","1,473.83","180.43M","1.21%"
"06/04/2020","1,473.83","1,477.48","1,477.70","1,465.96","48.83M","-0.25%"
"06/03/2020","1,477.48","1,479.68","1,489.47","1,477.48","112.72M","-0.15%"
"06/02/2020","1,479.68","1,461.94","1,483.82","1,461.94","86.80M","1.21%"
"05/29/2020","1,461.94","1,466.99","1,466.99","1,449.17","107.86M","-0.34%"
"05/28/2020","1,466.99","1,477.76","1,478.31","1,454.73","95.64M","-0.73%"
"05/27/2020","1,477.76","1,484.97","1,497.69","1,476.24","140.51M","-0.49%"
"05/26/2020","1,484.97","1,465.33","1,499.80","1,465.33","156.12M","1.34%"
"05/25/2020","1,465.33","1,443.38","1,465.60","1,437.36","54.35M","1.52%"
"05/22/2020","1,443.38","1,443.59","1,443.59","1,431.58","50.82M","-0.01%"
"05/20/2020","1,443.59","1,433.57","1,453.78","1,433.55","161.27M","0.70%"
"05/19/2020","1,433.57","1,437.30","1,439.76","1,433.57","46.67M","-0.26%"
"05/18/2020","1,437.30","1,419.46","1,439.21","1,414.32","115.93M","1.26%"
"05/15/2020","1,419.46","1,408.65","1,420.06","1,408.65","70.45M","0.77%"
"05/14/2020","1,408.65","1,421.56","1,423.00","1,402.25","96.33M","-0.91%"
"05/13/2020","1,421.56","1,391.72","1,422.38","1,391.72","127.60M","2.14%"
"05/12/2020","1,391.72","1,361.69","1,391.72","1,360.65","133.54M","2.21%"
"05/11/2020","1,361.69","1,344.23","1,362.44","1,342.25","35.74M","1.30%"
"05/08/2020","1,344.23","1,321.78","1,344.60","1,321.78","84.87M","1.70%"
"05/07/2020","1,321.78","1,325.41","1,335.81","1,321.78","139.93M","-0.27%"
"05/06/2020","1,325.41","1,309.10","1,325.41","1,308.07","85.86M","1.25%"
"05/05/2020","1,309.10","1,314.55","1,314.60","1,300.82","67.82M","-0.41%"
"05/04/2020","1,314.55","1,357.61","1,357.61","1,314.55","100.97M","-3.17%"
"04/30/2020","1,357.61","1,367.75","1,370.98","1,357.41","126.19M","-0.74%"
"04/29/2020","1,367.75","1,361.12","1,368.24","1,359.69","197.68M","0.49%"
"04/28/2020","1,361.12","1,354.48","1,366.15","1,354.48","107.16M","0.49%"
"04/27/2020","1,354.48","1,347.69","1,355.21","1,347.56","76.80M","0.50%"
"04/24/2020","1,347.69","1,357.21","1,358.27","1,343.39","85.71M","-0.70%"
"04/22/2020","1,357.21","1,342.92","1,369.07","1,341.49","54.41M","1.06%"
"04/21/2020","1,342.92","1,359.76","1,359.76","1,337.97","81.91M","-1.24%"
"04/20/2020","1,359.76","1,379.48","1,380.91","1,355.85","46.81M","-1.43%"
"04/17/2020","1,379.48","1,368.45","1,381.11","1,366.60","65.42M","0.81%"
"04/16/2020","1,368.45","1,351.64","1,368.45","1,351.64","58.42M","1.24%"
"04/15/2020","1,351.64","1,337.04","1,356.20","1,334.47","107.18M","1.09%"
"04/14/2020","1,337.04","1,331.62","1,339.73","1,328.04","56.15M","0.41%"
"04/08/2020","1,331.62","1,328.48","1,332.62","1,323.01","37.82M","0.24%"
"04/07/2020","1,328.48","1,295.65","1,332.10","1,295.27","125.20M","2.53%"
"04/06/2020","1,295.65","1,266.16","1,295.65","1,263.73","88.39M","2.33%"
"04/03/2020","1,266.16","1,268.50","1,270.95","1,265.26","144.57M","-0.18%"
"04/02/2020","1,268.50","1,271.10","1,271.10","1,260.23","44.52M","-0.20%"
"04/01/2020","1,271.10","1,290.05","1,290.05","1,271.10","27.68M","-1.47%"
"03/31/2020","1,290.05","1,276.04","1,295.96","1,276.04","149.65M","1.10%"
"03/30/2020","1,276.04","1,283.43","1,286.00","1,267.88","67.49M","-0.58%"
"03/27/2020","1,283.43","1,278.30","1,310.59","1,278.30","180.93M","0.40%"
"03/26/2020","1,278.30","1,228.07","1,278.30","1,228.07","96.98M","4.09%"
"03/25/2020","1,228.07","1,195.41","1,236.16","1,195.41","80.59M","2.73%"
"03/24/2020","1,195.41","1,181.87","1,202.19","1,180.91","61.19M","1.15%"
"03/23/2020","1,181.87","1,247.27","1,247.27","1,172.60","115.59M","-5.24%"
"03/20/2020","1,247.27","1,228.04","1,273.42","1,228.04","112.78M","1.57%"
"03/19/2020","1,228.04","1,193.35","1,228.04","1,193.35","239.54M","2.91%"
"03/18/2020","1,193.35","1,206.01","1,206.01","1,177.70","229.49M","-1.05%"
"03/17/2020","1,206.01","1,203.77","1,209.63","1,188.59","68.46M","0.19%"
"03/16/2020","1,203.77","1,260.94","1,260.94","1,175.13","157.75M","-4.53%"
"03/13/2020","1,260.94","1,223.30","1,269.50","1,216.83","215.48M","3.08%"
"03/12/2020","1,223.30","1,323.56","1,323.56","1,183.32","167.69M","-7.58%"
"03/11/2020","1,323.56","1,292.43","1,348.91","1,292.43","296.21M","2.41%"
"03/10/2020","1,292.43","1,271.64","1,334.48","1,271.64","3.29B","1.63%"
"03/09/2020","1,271.64","1,315.78","1,315.78","1,244.95","291.13M","-3.35%"
"03/06/2020","1,315.78","1,373.13","1,373.13","1,315.02","278.19M","-4.18%"
"03/05/2020","1,373.13","1,390.75","1,390.88","1,372.64","208.18M","-1.27%"
"03/04/2020","1,390.75","1,392.80","1,407.15","1,390.55","144.53M","-0.15%"
"03/03/2020","1,392.80","1,348.88","1,403.46","1,348.88","195.70M","3.26%"
"03/02/2020","1,348.88","1,388.97","1,407.14","1,348.84","207.22M","-2.89%"
"02/28/2020","1,388.97","1,422.62","1,422.62","1,383.51","290.25M","-2.37%"
"02/27/2020","1,422.62","1,464.31","1,464.31","1,420.71","250.50M","-2.85%"
"02/26/2020","1,464.31","1,473.16","1,473.16","1,434.51","370.31M","-0.60%"
"02/25/2020","1,473.16","1,503.47","1,503.47","1,471.63","310.35M","-2.02%"
"02/24/2020","1,503.47","1,556.75","1,556.75","1,503.47","185.29M","-3.42%"
"02/21/2020","1,556.75","1,542.32","1,559.57","1,542.32","221.94M","0.94%"
"02/20/2020","1,542.32","1,540.61","1,549.82","1,540.61","119.17M","0.11%"
"02/19/2020","1,540.61","1,520.30","1,541.70","1,520.30","245.99M","1.34%"
"02/18/2020","1,520.30","1,507.34","1,522.33","1,507.34","233.80M","0.86%"
"02/17/2020","1,507.34","1,508.96","1,511.22","1,501.66","93.39M","-0.11%"
"02/14/2020","1,508.96","1,504.56","1,509.43","1,502.48","113.97M","0.29%"
"02/13/2020","1,504.56","1,522.74","1,523.60","1,504.56","153.68M","-1.19%"
"02/12/2020","1,522.74","1,518.12","1,522.88","1,518.10","97.96M","0.30%"
"02/11/2020","1,518.12","1,522.15","1,527.54","1,517.97","78.54M","-0.26%"
"02/10/2020","1,522.15","1,534.15","1,534.15","1,514.40","90.55M","-0.78%"
"02/07/2020","1,534.15","1,521.73","1,537.17","1,521.73","168.87M","0.82%"
"02/06/2020","1,521.73","1,521.86","1,528.69","1,520.41","158.30M","-0.01%"
"02/05/2020","1,521.86","1,498.96","1,522.40","1,498.96","226.35M","1.53%"
"02/04/2020","1,498.96","1,488.79","1,501.77","1,488.79","166.14M","0.68%"
"02/03/2020","1,488.79","1,495.34","1,496.19","1,487.30","155.08M","-0.44%"
"01/31/2020","1,495.34","1,489.22","1,501.59","1,484.57","130.04M","0.41%"
"01/30/2020","1,489.22","1,501.21","1,501.21","1,483.89","98.21M","-0.80%"
"01/29/2020","1,501.21","1,507.11","1,512.94","1,501.21","113.15M","-0.39%"
"01/28/2020","1,507.11","1,505.90","1,509.44","1,504.95","45.94M","0.08%"
"01/27/2020","1,505.90","1,529.03","1,529.03","1,500.13","270.84M","-1.51%"
"01/24/2020","1,529.03","1,507.04","1,529.03","1,499.49","286.36M","1.46%"
"01/23/2020","1,507.04","1,537.69","1,537.69","1,505.57","141.23M","-1.99%"
"01/22/2020","1,537.69","1,550.96","1,550.96","1,535.84","49.90M","-0.86%"
"01/21/2020","1,550.96","1,556.65","1,560.13","1,550.96","173.32M","-0.37%"
"01/20/2020","1,556.65","1,584.76","1,584.76","1,537.74","1.42B","-1.77%"
"01/17/2020","1,584.76","1,568.89","1,593.76","1,568.89","262.73M","1.01%"
"01/16/2020","1,568.89","1,559.02","1,572.72","1,558.56","155.47M","0.63%"
"01/15/2020","1,559.02","1,555.40","1,560.38","1,550.30","228.99M","0.23%"
"01/14/2020","1,555.40","1,552.19","1,556.02","1,545.31","186.35M","0.21%"
"01/13/2020","1,552.19","1,555.34","1,555.68","1,549.37","114.47M","-0.20%"
"01/10/2020","1,555.34","1,535.44","1,555.60","1,535.44","186.65M","1.30%"
"01/09/2020","1,535.44","1,532.43","1,541.23","1,532.43","160.34M","0.20%"
"01/08/2020","1,532.43","1,534.22","1,535.73","1,529.36","112.35M","-0.12%"
"01/07/2020","1,534.22","1,518.95","1,538.90","1,518.95","226.97M","1.01%"
"01/06/2020","1,518.95","1,526.12","1,526.12","1,507.06","89.57M","-0.47%"
"01/03/2020","1,526.12","1,542.45","1,542.58","1,526.12","66.18M","-1.06%"
"01/02/2020","1,542.45","1,516.42","1,545.68","1,516.42","","1.72%"
"12/30/2019","1,516.42","1,517.79","1,519.73","1,511.37","52.48M","-0.09%"
"12/27/2019","1,517.79","1,522.06","1,522.06","1,510.56","22.04M","-0.28%"
"12/23/2019","1,522.06","1,515.45","1,525.93","1,515.45","127.78M","0.44%"
"12/20/2019","1,515.45","1,513.35","1,519.71","1,511.60","205.17M","0.14%"
"12/19/2019","1,513.35","1,510.17","1,517.04","1,510.07","94.87M","0.21%"
"12/18/2019","1,510.17","1,509.42","1,519.24","1,509.42","133.62M","0.05%"
"12/17/2019","1,509.42","1,514.85","1,514.85","1,499.93","174.35M","-0.36%"
"12/16/2019","1,514.85","1,523.65","1,524.00","1,505.27","111.34M","-0.58%"
"12/13/2019","1,523.65","1,518.82","1,536.50","1,518.82","147.54M","0.32%"
"12/12/2019","1,518.82","1,498.36","1,520.83","1,498.19","190.25M","1.37%"
"12/11/2019","1,498.36","1,509.98","1,509.98","1,493.56","247.76M","-0.77%"
"12/10/2019","1,509.98","1,512.17","1,512.17","1,501.69","66.81M","-0.14%"
"12/09/2019","1,512.17","1,508.07","1,512.82","1,507.45","118.31M","0.27%"
"12/06/2019","1,508.07","1,492.10","1,508.44","1,492.10","163.53M","1.07%"
"12/05/2019","1,492.10","1,489.59","1,494.49","1,486.40","341.56M","0.17%"
"12/04/2019","1,489.59","1,477.93","1,490.66","1,477.93","83.41M","0.79%"
"12/03/2019","1,477.93","1,492.16","1,498.94","1,477.20","172.90M","-0.95%"
"12/02/2019","1,492.16","1,499.17","1,499.17","1,478.82","157.59M","-0.47%"
"11/29/2019","1,499.17","1,490.94","1,499.28","1,483.73","152.14M","0.55%"
"11/28/2019","1,490.94","1,482.72","1,492.29","1,476.94","378.00M","0.55%"
"11/27/2019","1,482.72","1,457.56","1,482.76","1,457.56","267.19M","1.73%"
"11/26/2019","1,457.56","1,460.65","1,460.65","1,453.63","56.67M","-0.21%"
"11/25/2019","1,460.65","1,462.57","1,463.29","1,456.77","94.35M","-0.13%"
"11/22/2019","1,462.57","1,458.99","1,462.57","1,457.30","107.78M","0.25%"
"11/21/2019","1,458.99","1,456.80","1,460.44","1,452.61","305.15M","0.15%"
"11/20/2019","1,456.80","1,457.84","1,462.98","1,456.03","94.12M","-0.07%"
"11/19/2019","1,457.84","1,456.61","1,458.65","1,445.62","193.09M","0.08%"
"11/18/2019","1,456.61","1,456.70","1,459.16","1,456.45","159.25M","-0.01%"
"11/15/2019","1,456.70","1,450.98","1,461.68","1,450.98","243.26M","0.39%"
"11/14/2019","1,450.98","1,439.22","1,450.98","1,431.51","566.71M","0.82%"
"11/13/2019","1,439.22","1,458.62","1,458.62","1,439.22","128.75M","-1.33%"
"11/12/2019","1,458.62","1,461.04","1,466.13","1,454.14","86.87M","-0.17%"
"11/11/2019","1,461.04","1,452.69","1,465.71","1,452.69","971.68M","0.57%"
"11/08/2019","1,452.69","1,454.55","1,462.20","1,452.69","152.11M","-0.13%"
"11/07/2019","1,454.55","1,458.48","1,472.27","1,454.27","177.39M","-0.27%"
"11/06/2019","1,458.48","1,458.69","1,461.22","1,451.79","212.98M","-0.01%"
"11/05/2019","1,458.69","1,453.21","1,467.27","1,453.21","232.14M","0.38%"
"11/04/2019","1,453.21","1,425.56","1,453.21","1,425.56","312.79M","1.94%"
"11/01/2019","1,425.56","1,408.09","1,425.85","1,408.09","117.48M","1.24%"
"10/31/2019","1,408.09","1,394.51","1,411.14","1,394.51","254.57M","0.97%"
"10/30/2019","1,394.51","1,395.90","1,399.28","1,386.95","134.08M","-0.10%"
"10/29/2019","1,395.90","1,386.41","1,395.90","1,385.14","258.05M","0.68%"
"10/28/2019","1,386.41","1,367.57","1,387.98","1,367.57","109.63M","1.38%"
"10/25/2019","1,367.57","1,381.89","1,381.89","1,360.28","77.80M","-1.04%"
"10/24/2019","1,381.89","1,397.66","1,398.42","1,379.72","94.74M","-1.13%"
"10/23/2019","1,397.66","1,397.55","1,399.04","1,392.31","67.86M","0.01%"
"10/22/2019","1,397.55","1,377.55","1,398.84","1,377.55","95.23M","1.45%"
"10/21/2019","1,377.55","1,348.08","1,377.90","1,348.08","109.20M","2.19%"
"10/18/2019","1,348.08","1,334.54","1,348.08","1,328.07","145.40M","1.01%"
"10/17/2019","1,334.54","1,345.73","1,346.99","1,332.11","71.56M","-0.83%"
"10/16/2019","1,345.73","1,346.56","1,351.67","1,340.34","73.11M","-0.06%"
"10/15/2019","1,346.56","1,360.53","1,360.53","1,341.44","137.11M","-1.03%"
"10/14/2019","1,360.53","1,368.64","1,368.64","1,351.86","79.69M","-0.59%"
"10/11/2019","1,368.64","1,360.38","1,368.64","1,358.52","37.61M","0.61%"
"10/10/2019","1,360.38","1,364.89","1,375.98","1,360.38","146.15M","-0.33%"
"10/09/2019","1,364.89","1,361.33","1,364.89","1,346.83","134.04M","0.26%"
"10/08/2019","1,361.33","1,377.08","1,377.08","1,361.33","94.57M","-1.14%"
"10/07/2019","1,377.08","1,368.56","1,377.85","1,366.06","64.43M","0.62%"
"10/04/2019","1,368.56","1,364.56","1,368.56","1,358.10","49.79M","0.29%"
"10/03/2019","1,364.56","1,371.36","1,380.89","1,360.36","263.31M","-0.50%"
"10/02/2019","1,371.36","1,389.68","1,389.68","1,360.79","123.57M","-1.32%"
"10/01/2019","1,389.68","1,390.95","1,398.92","1,386.50","112.08M","-0.09%"
"09/30/2019","1,390.95","1,393.86","1,393.89","1,382.60","100.75M","-0.21%"
"09/27/2019","1,393.86","1,409.98","1,414.36","1,393.03","159.74M","-1.14%"
"09/26/2019","1,409.98","1,407.35","1,415.91","1,407.35","115.02M","0.19%"
"09/25/2019","1,407.35","1,424.04","1,425.05","1,406.53","82.13M","-1.17%"
"09/24/2019","1,424.04","1,424.25","1,430.20","1,423.77","209.53M","-0.01%"
"09/23/2019","1,424.25","1,425.61","1,426.50","1,415.15","137.79M","-0.10%"
"09/20/2019","1,425.61","1,413.68","1,425.82","1,413.68","223.25M","0.84%"
"09/19/2019","1,413.68","1,413.07","1,416.24","1,411.61","137.19M","0.04%"
"09/18/2019","1,413.07","1,401.70","1,413.07","1,401.70","38.66M","0.81%"
"09/17/2019","1,401.70","1,393.32","1,401.70","1,393.32","68.47M","0.60%"
"09/16/2019","1,393.32","1,422.40","1,422.40","1,392.76","99.49M","-2.04%"
"09/13/2019","1,422.40","1,425.00","1,425.35","1,420.91","14.92M","-0.18%"
"09/12/2019","1,425.00","1,423.60","1,430.03","1,423.60","61.17M","0.10%"
"09/11/2019","1,423.60","1,431.07","1,434.39","1,423.60","190.82M","-0.52%"
"09/10/2019","1,431.07","1,444.47","1,444.47","1,430.21","109.51M","-0.93%"
"09/09/2019","1,444.47","1,440.70","1,445.13","1,439.60","144.25M","0.26%"
"09/06/2019","1,440.70","1,441.02","1,441.02","1,434.07","196.58M","-0.02%"
"09/05/2019","1,441.02","1,437.31","1,441.08","1,434.54","22.89M","0.26%"
"09/04/2019","1,437.31","1,435.68","1,438.56","1,430.18","63.52M","0.11%"
"09/03/2019","1,435.68","1,436.62","1,438.41","1,430.65","113.42M","-0.07%"
"09/02/2019","1,436.62","1,427.31","1,436.73","1,426.97","78.42M","0.65%"
"08/30/2019","1,427.31","1,415.71","1,428.22","1,415.71","48.09M","0.82%"
"08/29/2019","1,415.71","1,416.30","1,419.09","1,407.76","144.90M","-0.04%"
"08/28/2019","1,416.30","1,419.89","1,420.03","1,415.61","193.59M","-0.25%"
"08/27/2019","1,419.89","1,419.48","1,426.91","1,418.05","136.26M","0.03%"
"08/26/2019","1,419.48","1,432.59","1,436.54","1,419.48","159.95M","-0.92%"
"08/23/2019","1,432.59","1,424.05","1,434.37","1,424.05","231.79M","0.60%"
"08/22/2019","1,424.05","1,414.18","1,424.05","1,414.18","496.84M","0.70%"
"08/21/2019","1,414.18","1,417.59","1,417.59","1,408.52","81.60M","-0.24%"
"08/20/2019","1,417.59","1,418.48","1,419.53","1,415.95","122.22M","-0.06%"
"08/19/2019","1,418.48","1,401.90","1,420.39","1,401.90","380.88M","1.18%"
"08/16/2019","1,401.90","1,402.91","1,411.60","1,401.90","69.89M","-0.07%"
"08/15/2019","1,402.91","1,446.05","1,446.05","1,402.91","97.41M","-2.98%"
"08/14/2019","1,446.05","1,455.97","1,457.31","1,445.70","78.65M","-0.53%"
"08/13/2019","1,453.80","1,455.04","1,459.07","1,450.00","175.00M","-0.09%"
"08/12/2019","1,455.04","1,455.65","1,456.51","1,451.17","242.37M","-0.04%"
"08/09/2019","1,455.65","1,451.27","1,456.07","1,448.97","51.62M","0.30%"
"08/08/2019","1,451.27","1,455.22","1,457.60","1,451.07","39.02M","-0.27%"
"08/07/2019","1,455.22","1,455.31","1,456.42","1,448.97","68.87M","-0.01%"
"08/06/2019","1,455.31","1,460.35","1,464.95","1,455.31","18.53M","-0.35%"
"08/02/2019","1,460.35","1,473.18","1,473.18","1,458.84","57.95M","-0.87%"
"08/01/2019","1,473.18","1,476.28","1,476.49","1,468.28","14.98M","-0.21%"
"07/31/2019","1,476.28","1,474.91","1,476.28","1,468.37","19.82M","0.09%"
"07/30/2019","1,474.91","1,476.46","1,476.46","1,468.98","12.50M","-0.10%"
"07/29/2019","1,476.46","1,475.65","1,478.76","1,472.32","19.99M","0.05%"
"07/26/2019","1,475.65","1,475.17","1,479.87","1,472.42","9.88M","0.03%"
"07/25/2019","1,475.17","1,482.05","1,488.40","1,475.17","406.01M","-0.46%"
"07/24/2019","1,482.05","1,487.26","1,487.26","1,475.91","76.98M","-0.35%"
"07/23/2019","1,487.26","1,500.61","1,500.61","1,484.28","80.22M","-0.89%"
"07/22/2019","1,500.61","1,490.41","1,505.03","1,490.41","72.67M","0.68%"
"07/19/2019","1,490.41","1,493.24","1,495.56","1,488.57","45.93M","-0.19%"
"07/18/2019","1,493.24","1,467.65","1,493.60","1,467.65","50.65M","1.74%"
"07/17/2019","1,467.65","1,452.75","1,469.19","1,452.74","86.08M","1.03%"
"07/16/2019","1,452.75","1,440.30","1,452.75","1,435.92","45.79M","0.86%"
"07/15/2019","1,440.30","1,433.59","1,440.30","1,433.59","54.80M","0.47%"
"07/12/2019","1,433.59","1,441.32","1,441.32","1,431.26","95.08M","-0.54%"
"07/11/2019","1,441.32","1,434.83","1,441.32","1,434.09","40.32M","0.45%"
"07/10/2019","1,434.83","1,446.39","1,446.39","1,434.62","94.78M","-0.80%"
"07/09/2019","1,446.39","1,435.47","1,447.23","1,432.33","482.80M","0.76%"
"07/08/2019","1,435.47","1,436.33","1,441.24","1,433.16","89.36M","-0.06%"
"07/05/2019","1,436.33","1,435.02","1,437.64","1,434.99","48.26M","0.09%"
"07/04/2019","1,435.02","1,425.71","1,436.03","1,425.71","37.54M","0.65%"
"07/03/2019","1,425.71","1,423.52","1,429.14","1,422.08","42.50M","0.15%"
"07/02/2019","1,423.52","1,429.16","1,430.10","1,419.06","64.52M","-0.39%"
"07/01/2019","1,429.16","1,445.26","1,446.54","1,422.84","190.76M","-1.11%"
"06/28/2019","1,445.26","1,446.96","1,448.93","1,445.26","90.36M","-0.12%"
"06/27/2019","1,446.96","1,449.77","1,449.77","1,441.70","85.05M","-0.19%"
"06/26/2019","1,449.77","1,459.20","1,459.85","1,449.77","63.91M","-0.65%"
"06/25/2019","1,459.20","1,459.48","1,468.39","1,455.58","96.28M","-0.02%"
"06/24/2019","1,459.48","1,467.29","1,467.91","1,459.48","54.68M","-0.53%"
"06/21/2019","1,467.29","1,458.47","1,467.29","1,458.47","104.20M","0.60%"
"06/20/2019","1,458.47","1,444.57","1,458.47","1,441.31","217.22M","0.96%"
"06/19/2019","1,444.57","1,437.11","1,448.18","1,437.11","55.91M","0.52%"
"06/18/2019","1,437.11","1,444.60","1,445.34","1,437.11","36.75M","-0.52%"
"06/14/2019","1,444.60","1,446.89","1,450.28","1,438.04","84.24M","-0.16%"
"06/13/2019","1,446.89","1,454.89","1,454.89","1,446.27","70.37M","-0.55%"
"06/12/2019","1,454.89","1,463.10","1,464.22","1,453.03","146.80M","-0.56%"
"06/11/2019","1,463.10","1,456.81","1,463.10","1,456.12","61.81M","0.43%"
"06/07/2019","1,456.81","1,476.49","1,476.49","1,443.45","60.27M","-1.33%"
"06/06/2019","1,476.49","1,477.89","1,481.03","1,473.12","75.15M","-0.09%"
"06/05/2019","1,477.89","1,484.43","1,484.43","1,472.56","70.81M","-0.44%"
"06/04/2019","1,484.43","1,470.10","1,486.90","1,470.10","64.93M","0.97%"
"06/03/2019","1,470.10","1,478.55","1,480.77","1,470.10","73.74M","-0.57%"
"05/31/2019","1,478.55","1,453.93","1,478.55","1,453.93","73.88M","1.69%"
"05/29/2019","1,453.93","1,476.54","1,476.54","1,433.52","85.16M","-1.53%"
"05/28/2019","1,476.54","1,488.55","1,489.54","1,475.75","130.12M","-0.81%"
"05/27/2019","1,488.55","1,496.94","1,500.81","1,484.55","183.12M","-0.56%"
"05/24/2019","1,496.94","1,484.22","1,496.94","1,483.95","293.09M","0.86%"
"05/23/2019","1,484.22","1,495.91","1,495.91","1,484.22","147.96M","-0.78%"
"05/22/2019","1,495.91","1,481.56","1,497.06","1,481.56","251.76M","0.97%"
"05/21/2019","1,481.56","1,473.46","1,481.56","1,473.46","125.70M","0.55%"
"05/20/2019","1,473.46","1,477.76","1,480.34","1,471.27","68.25M","-0.29%"
"05/17/2019","1,477.76","1,473.62","1,481.32","1,471.77","99.51M","0.28%"
"05/16/2019","1,473.62","1,466.61","1,475.27","1,465.73","108.40M","0.48%"
"05/15/2019","1,466.61","1,469.55","1,472.48","1,463.85","93.84M","-0.20%"
"05/14/2019","1,469.55","1,476.67","1,479.31","1,469.55","285.25M","-0.48%"
"05/13/2019","1,476.67","1,494.96","1,494.96","1,476.67","196.18M","-1.22%"
"05/10/2019","1,494.96","1,484.01","1,494.96","1,484.01","1.03B","0.74%"
"05/09/2019","1,484.01","1,471.57","1,485.10","1,466.31","125.39M","0.85%"
"05/08/2019","1,471.57","1,454.37","1,473.69","1,454.37","144.70M","1.18%"
"05/07/2019","1,454.37","1,441.70","1,454.61","1,441.70","127.18M","0.88%"
"05/06/2019","1,441.70","1,448.85","1,448.85","1,440.38","87.77M","-0.49%"
"05/03/2019","1,448.85","1,436.29","1,451.65","1,436.29","43.19M","0.87%"
"05/02/2019","1,436.29","1,425.99","1,436.29","1,424.66","86.02M","0.72%"
"04/30/2019","1,425.99","1,398.14","1,427.89","1,398.14","173.69M","1.99%"
"04/29/2019","1,398.14","1,390.07","1,400.72","1,389.95","250.34M","0.58%"
"04/26/2019","1,390.07","1,373.39","1,392.71","1,373.39","86.57M","1.21%"
"04/24/2019","1,373.39","1,366.16","1,379.29","1,366.11","90.38M","0.53%"
"04/23/2019","1,366.16","1,369.07","1,369.07","1,361.82","59.66M","-0.21%"
"04/17/2019","1,369.07","1,367.93","1,370.26","1,363.60","122.76M","0.08%"
"04/16/2019","1,367.93","1,372.01","1,372.01","1,366.54","187.40M","-0.30%"
"04/15/2019","1,372.01","1,372.65","1,374.49","1,365.81","30.38M","-0.05%"
"04/12/2019","1,372.65","1,372.64","1,375.84","1,368.91","234.48M","0.00%"
"04/11/2019","1,372.64","1,379.13","1,379.13","1,370.93","166.77M","-0.47%"
"04/10/2019","1,379.13","1,375.81","1,379.88","1,375.22","115.05M","0.24%"
"04/09/2019","1,375.81","1,367.61","1,377.40","1,367.61","202.34M","0.60%"
"04/08/2019","1,367.61","1,348.21","1,367.61","1,348.21","242.88M","1.44%"
"04/05/2019","1,348.21","1,341.37","1,350.45","1,337.57","113.14M","0.51%"
"04/04/2019","1,341.37","1,356.05","1,368.01","1,340.14","274.49M","-1.08%"
"04/03/2019","1,356.05","1,367.10","1,373.48","1,352.73","339.08M","-0.81%"
"04/02/2019","1,367.10","1,353.74","1,367.12","1,353.74","417.67M","0.99%"
"04/01/2019","1,353.74","1,349.09","1,354.43","1,346.74","189.75M","0.34%"
"03/29/2019","1,349.09","1,342.38","1,349.09","1,336.31","194.58M","0.50%"
"03/28/2019","1,342.38","1,358.00","1,362.28","1,334.95","188.44M","-1.15%"
"03/27/2019","1,358.00","1,349.95","1,362.20","1,348.85","73.77M","0.60%"
"03/26/2019","1,349.95","1,326.72","1,349.95","1,326.03","178.03M","1.75%"
"03/25/2019","1,326.72","1,348.59","1,348.59","1,322.42","107.17M","-1.62%"
"03/22/2019","1,348.59","1,348.62","1,366.43","1,331.56","239.41M","0.00%"
"03/21/2019","1,348.62","1,339.21","1,348.62","1,327.39","144.36M","0.70%"
"03/20/2019","1,339.21","1,352.92","1,352.92","1,339.21","185.33M","-1.01%"
"03/19/2019","1,352.92","1,353.14","1,363.64","1,352.09","109.98M","-0.02%"
"03/18/2019","1,353.14","1,348.89","1,353.44","1,340.75","69.98M","0.32%"
"03/15/2019","1,348.89","1,336.79","1,351.04","1,336.79","184.52M","0.91%"
"03/14/2019","1,336.79","1,308.55","1,336.79","1,308.55","202.08M","2.16%"
"03/13/2019","1,308.55","1,295.00","1,308.55","1,293.81","75.01M","1.05%"
"03/12/2019","1,295.00","1,301.10","1,302.13","1,288.48","187.06M","-0.47%"
"03/11/2019","1,301.10","1,308.15","1,311.11","1,293.26","113.61M","-0.54%"
"03/08/2019","1,308.15","1,328.10","1,328.78","1,307.44","47.89M","-1.50%"
"03/07/2019","1,328.10","1,338.05","1,347.94","1,326.90","119.91M","-0.74%"
"03/06/2019","1,338.05","1,326.54","1,338.05","1,326.23","211.24M","0.87%"
"03/05/2019","1,326.54","1,316.29","1,331.61","1,316.29","214.28M","0.78%"
"03/04/2019","1,316.29","1,311.70","1,318.68","1,311.70","58.55M","0.35%"
"03/01/2019","1,311.70","1,321.09","1,321.09","1,307.02","108.40M","-0.71%"
"02/28/2019","1,321.09","1,306.39","1,321.09","1,305.00","111.08M","1.13%"
"02/27/2019","1,306.39","1,306.28","1,311.52","1,306.28","130.16M","0.01%"
"02/26/2019","1,306.28","1,302.62","1,306.44","1,298.58","85.41M","0.28%"
"02/25/2019","1,302.62","1,291.75","1,303.05","1,291.73","37.27M","0.84%"
"02/22/2019","1,291.75","1,279.38","1,294.42","1,276.86","77.86M","0.97%"
"02/21/2019","1,279.38","1,285.14","1,286.06","1,277.64","73.82M","-0.45%"
"02/20/2019","1,285.14","1,281.28","1,287.35","1,277.55","33.11M","0.30%"
"02/19/2019","1,281.28","1,281.76","1,294.55","1,280.56","61.91M","-0.04%"
"02/18/2019","1,281.76","1,287.75","1,287.75","1,280.03","51.39M","-0.47%"
"02/15/2019","1,287.75","1,279.43","1,298.96","1,278.96","170.76M","0.65%"
"02/14/2019","1,279.43","1,275.15","1,279.81","1,257.86","50.10M","0.34%"
"02/13/2019","1,275.15","1,282.36","1,282.36","1,269.82","127.75M","-0.56%"
"02/12/2019","1,282.36","1,283.25","1,289.44","1,282.36","55.69M","-0.07%"
"02/11/2019","1,283.25","1,283.98","1,285.37","1,276.79","49.95M","-0.06%"
"02/08/2019","1,283.98","1,294.91","1,294.91","1,267.08","80.89M","-0.84%"
"02/07/2019","1,294.91","1,264.79","1,295.12","1,264.79","97.55M","2.38%"
"02/06/2019","1,264.79","1,271.19","1,275.58","1,264.79","57.78M","-0.50%"
"02/05/2019","1,271.19","1,273.07","1,277.39","1,270.38","67.26M","-0.15%"
"02/04/2019","1,273.07","1,269.33","1,274.91","1,269.33","34.77M","0.29%"
"02/01/2019","1,269.33","1,269.11","1,272.29","1,269.11","109.83M","0.02%"
"01/31/2019","1,269.11","1,277.29","1,277.29","1,269.11","68.99M","-0.64%"
"01/30/2019","1,277.29","1,278.47","1,294.23","1,277.29","157.61M","-0.09%"
"01/29/2019","1,278.47","1,273.93","1,280.02","1,272.62","47.14M","0.36%"
"01/28/2019","1,273.93","1,267.50","1,279.13","1,267.50","161.43M","0.51%"
"01/25/2019","1,267.50","1,253.28","1,267.93","1,253.22","135.72M","1.13%"
"01/24/2019","1,253.28","1,246.38","1,258.98","1,246.38","162.24M","0.55%"
"01/23/2019","1,246.38","1,229.43","1,246.38","1,229.43","161.09M","1.38%"
"01/22/2019","1,229.43","1,231.89","1,232.22","1,228.49","24.04M","-0.20%"
"01/21/2019","1,231.89","1,229.46","1,232.82","1,226.40","31.96M","0.20%"
"01/18/2019","1,229.46","1,231.68","1,232.08","1,226.80","41.16M","-0.18%"
"01/17/2019","1,231.68","1,224.79","1,239.70","1,224.79","72.04M","0.56%"
"01/16/2019","1,224.79","1,221.79","1,225.15","1,220.38","33.21M","0.25%"
"01/15/2019","1,221.79","1,227.03","1,235.65","1,221.79","163.94M","-0.43%"
"01/14/2019","1,227.03","1,217.32","1,227.03","1,215.45","105.62M","0.80%"
"01/11/2019","1,217.32","1,209.70","1,217.67","1,209.70","37.08M","0.63%"
"01/10/2019","1,209.70","1,215.62","1,216.82","1,209.70","97.59M","-0.49%"
"01/09/2019","1,215.62","1,182.60","1,218.78","1,182.60","201.00M","2.79%"
"01/08/2019","1,182.60","1,187.43","1,189.16","1,179.31","146.11M","-0.41%"
"01/07/2019","1,187.43","1,188.63","1,193.00","1,186.46","63.99M","-0.10%"
"01/04/2019","1,188.63","1,202.38","1,202.38","1,180.82","191.03M","-1.14%"
"01/03/2019","1,202.38","1,217.76","1,220.65","1,202.38","56.36M","-1.26%"
"01/02/2019","1,217.76","1,217.58","1,220.19","1,212.65","37.54M","0.01%"