"Date","Price","Open","High","Low","Vol.","Change %"
"12/31/2025","317,987","317,987","317,987","317,987","","0.69%"
"12/30/2025","315,800","315,800","315,800","315,800","","-0.07%"
"12/29/2025","316,034","316,034","316,034","316,034","","0.26%"
"12/24/2025","315,201","315,201","315,201","315,201","","0.71%"
"12/23/2025","312,973","312,973","312,973","312,973","","0.68%"
"12/22/2025","310,864","310,864","310,864","310,864","","-0.84%"
"12/19/2025","313,493","313,493","313,493","313,493","","-0.41%"
"12/18/2025","314,799","314,799","314,799","314,799","","-0.27%"
"12/17/2025","315,655","315,655","315,655","315,655","","0.20%"
"12/16/2025","315,015","315,015","315,015","315,015","","0.26%"
"12/15/2025","314,207","314,207","314,207","314,207","","0.37%"
"12/12/2025","313,036","313,036","313,036","313,036","","1.16%"
"12/11/2025","309,440","309,440","309,440","309,440","","-0.72%"
"12/10/2025","311,676","311,676","311,676","311,676","","-0.16%"
"12/09/2025","312,191","312,191","312,191","312,191","","0.67%"
"12/08/2025","310,112","310,112","310,112","310,112","","-1.11%"
"12/05/2025","313,597","313,597","313,597","313,597","","-0.37%"
"12/04/2025","314,748","314,748","314,748","314,748","","0.22%"
"12/03/2025","314,047","314,047","314,047","314,047","","0.11%"
"12/02/2025","313,695","313,695","313,695","313,695","","-0.82%"
"12/01/2025","316,296","316,296","316,296","316,296","","-0.74%"
"11/28/2025","318,658","318,658","318,658","318,658","","0.89%"
"11/27/2025","315,845","315,845","315,845","315,845","","0.33%"
"11/26/2025","314,791","314,791","314,791","314,791","","-0.03%"
"11/25/2025","314,895","314,895","314,895","314,895","","0.14%"
"11/24/2025","314,469","314,469","314,469","314,469","","0.63%"
"11/21/2025","312,487","312,487","312,487","312,487","","-0.45%"
"11/20/2025","313,888","313,888","313,888","313,888","","0.30%"
"11/19/2025","312,951","312,951","312,951","312,951","","0.86%"
"11/18/2025","310,286","310,286","310,286","310,286","","-0.70%"
"11/17/2025","312,473","312,473","312,473","312,473","","0.35%"
"11/14/2025","311,398","311,398","311,398","311,398","","0.66%"
"11/13/2025","309,355","309,355","309,355","309,355","","-0.92%"
"11/12/2025","312,212","312,212","312,212","312,212","","-0.56%"
"11/11/2025","313,975","313,975","313,975","313,975","","0.18%"
"11/10/2025","313,419","313,419","313,419","313,419","","-0.58%"
"11/07/2025","315,239","315,239","315,239","315,239","","-0.47%"
"11/06/2025","316,738","316,738","316,738","316,738","","-1.08%"
"11/05/2025","320,182","320,182","320,182","320,182","","-0.01%"
"11/04/2025","320,208","320,208","320,208","320,208","","0.14%"
"11/03/2025","319,773","319,773","319,773","319,773","","-0.94%"
"10/31/2025","322,821","322,821","322,821","322,821","","-0.32%"
"10/30/2025","323,842","323,842","323,842","323,842","","0.00%"
"10/24/2025","323,843","323,843","323,843","323,843","","1.02%"
"10/23/2025","320,562","320,562","320,562","320,562","","0.48%"
"10/22/2025","319,020","319,020","319,020","319,020","","-1.06%"
"10/21/2025","322,429","322,429","322,429","322,429","","-0.02%"
"10/17/2025","322,480","322,480","322,480","322,480","","0.27%"
"10/16/2025","321,599","321,599","321,599","321,599","","-0.29%"
"10/15/2025","322,530","322,530","322,530","322,530","","-0.01%"
"10/14/2025","322,554","322,554","322,554","322,554","","0.21%"
"10/13/2025","321,875","321,875","321,875","321,875","","-0.13%"
"10/10/2025","322,286","322,286","322,286","322,286","","0.09%"
"10/09/2025","321,996","321,996","321,996","321,996","","-0.31%"
"10/08/2025","322,981","322,981","322,981","322,981","","0.16%"
"10/07/2025","322,469","322,469","322,469","322,469","","0.02%"
"10/06/2025","322,402","322,402","322,402","322,402","","-0.34%"
"10/03/2025","323,499","323,499","323,499","323,499","","-0.36%"
"10/02/2025","324,680","324,680","324,680","324,680","","0.14%"
"10/01/2025","324,220","324,220","324,220","324,220","","-0.30%"
"09/30/2025","325,183","325,183","325,183","325,183","","1.28%"
"09/29/2025","321,078","321,078","321,078","321,078","","0.22%"
"09/26/2025","320,385","320,385","320,385","320,385","","1.36%"
"09/25/2025","316,086","316,086","316,086","316,086","","-0.62%"
"09/24/2025","318,055","318,055","318,055","318,055","","-0.21%"
"09/23/2025","318,738","318,738","318,738","318,738","","-0.14%"
"09/22/2025","319,200","319,200","319,200","319,200","","0.15%"
"09/19/2025","318,730","318,730","318,730","318,730","","0.00%"
"09/18/2025","318,729","318,729","318,729","318,729","","-0.19%"
"09/17/2025","319,336","319,336","319,336","319,336","","0.63%"
"09/16/2025","317,349","317,349","317,349","317,349","","-0.36%"
"09/15/2025","318,502","318,502","318,502","318,502","","0.17%"
"09/12/2025","317,960","317,960","317,960","317,960","","0.41%"
"09/11/2025","316,675","316,675","316,675","316,675","","-0.35%"
"09/10/2025","317,798","317,798","317,798","317,798","","0.05%"
"09/09/2025","317,640","317,640","317,640","317,640","","-0.26%"
"09/08/2025","318,478","318,478","318,478","318,478","","-0.67%"
"09/05/2025","320,623","320,623","320,623","320,623","","0.39%"
"09/04/2025","319,366","319,366","319,366","319,366","","0.61%"
"09/03/2025","317,416","317,416","317,416","317,416","","-0.31%"
"09/02/2025","318,405","318,405","318,405","318,405","11.44M","-0.32%"
"09/01/2025","319,426","319,426","319,426","319,426","7.48M","-0.45%"
"08/29/2025","320,858","320,858","320,858","320,858","22.72M","1.49%"
"08/28/2025","316,147","316,147","316,147","316,147","20.50M","0.13%"
"08/27/2025","315,726","315,726","315,726","315,726","15.85M","0.14%"
"08/26/2025","315,294","315,294","315,294","315,294","15.82M","0.49%"
"08/25/2025","313,769","313,769","313,769","313,769","16.53M","-0.50%"
"08/22/2025","315,338","315,338","315,338","315,338","17.92M","1.13%"
"08/21/2025","311,813","311,813","311,813","311,813","12.84M","-0.47%"
"08/20/2025","313,283","313,283","313,283","313,283","28.27M","0.05%"
"08/19/2025","313,132","313,132","313,132","313,132","12.65M","0.21%"
"08/18/2025","312,470","312,470","312,470","312,470","13.40M","-0.55%"
"08/15/2025","314,200","314,200","314,200","314,200","5.60M","0.62%"
"08/14/2025","312,267","312,267","312,267","312,267","9.33M","0.10%"
"08/13/2025","311,965","311,965","311,965","311,965","22.66M","0.37%"
"08/12/2025","310,829","310,829","310,829","310,829","5.43M","0.92%"
"08/11/2025","307,981","307,981","307,981","307,981","47.38M","-0.13%"
"08/08/2025","308,375","308,375","308,375","308,375","13.80M","0.51%"
"08/07/2025","306,813","306,813","306,813","306,813","7.58M","-0.30%"
"08/05/2025","307,743","307,743","307,743","307,743","307.74K","0.16%"
"08/04/2025","307,248","307,248","307,248","307,248","14.59M","-0.44%"
"07/31/2025","308,603","308,603","308,603","308,603","54.92M","0.39%"
"07/30/2025","307,389","307,389","307,389","307,389","55.02M","0.46%"
"07/29/2025","305,992","305,992","305,992","305,992","15.01M","0.62%"
"07/28/2025","304,111","304,111","304,111","304,111","13.50M","0.37%"
"07/25/2025","302,985","302,985","302,985","302,985","8.48M","-0.87%"
"07/24/2025","305,630","305,630","305,630","305,630","13.46M","0.16%"
"07/23/2025","305,151","305,151","305,151","305,151","5.38M","-0.14%"
"07/22/2025","305,567","305,567","305,567","305,567","9.20M","0.21%"
"07/21/2025","304,922","304,922","304,922","304,922","13.06M","-0.18%"
"07/18/2025","305,479","305,479","305,479","305,479","8.22M","0.16%"
"07/17/2025","305,004","305,004","305,004","305,004","8.37M","-0.02%"
"07/16/2025","305,068","305,068","305,068","305,068","8.19M","-0.26%"
"07/15/2025","305,863","305,863","305,863","305,863","6.83M","0.05%"
"07/14/2025","305,699","305,699","305,699","305,699","10.13M","-0.19%"
"07/11/2025","306,271","306,271","306,271","306,271","12.68M","-0.89%"
"07/10/2025","309,024","309,024","309,024","309,024","5.81M","0.70%"
"07/09/2025","306,866","306,866","306,866","306,866","5.93M","-0.62%"
"07/08/2025","308,775","308,775","308,775","308,775","8.96M","-0.03%"
"07/07/2025","308,855","308,855","308,855","308,855","34.39M","-1.32%"
"07/04/2025","312,991","312,991","312,991","312,991","18.54M","0.69%"
"07/03/2025","310,853","310,853","310,853","310,853","13.28M","-0.27%"
"07/02/2025","311,691","311,691","311,691","311,691","13.52M","-0.72%"
"07/01/2025","313,962","313,962","313,962","313,962","8.94M","-1.06%"
"06/30/2025","317,313","317,313","317,313","317,313","33.24M","1.48%"
"06/27/2025","312,697","312,697","312,697","312,697","17.40M","0.43%"
"06/26/2025","311,347","311,347","311,347","311,347","18.50M","0.58%"
"06/25/2025","309,555","309,555","309,555","309,555","11.89M","-0.36%"
"06/24/2025","310,675","310,675","310,675","310,675","8.68M","-0.68%"
"06/23/2025","312,804","312,804","312,804","312,804","7.00M","0.49%"
"06/20/2025","311,291","311,291","311,291","311,291","4.86M","0.38%"
"06/19/2025","310,120","310,120","310,120","310,120","6.63M","-0.30%"
"06/18/2025","311,055","311,055","311,055","311,055","7.39M","-0.19%"
"06/17/2025","311,654","311,654","311,654","311,654","11.07M","0.10%"
"06/16/2025","311,328","311,328","311,328","311,328","5.17M","-0.80%"
"06/13/2025","313,828","313,828","313,828","313,828","5.92M","0.42%"
"06/12/2025","312,504","312,504","312,504","312,504","12.26M","-0.11%"
"06/11/2025","312,833","312,833","312,833","312,833","14.54M","-1.14%"
"06/10/2025","316,451","316,451","316,451","316,451","7.33M","-0.20%"
"06/09/2025","317,091","317,091","317,091","317,091","5.60M","-1.62%"
"06/06/2025","322,307","322,307","322,307","322,307","5.73M","0.42%"
"06/05/2025","320,960","320,960","320,960","320,960","13.20M","0.68%"
"06/04/2025","318,785","318,785","318,785","318,785","5.44M","-0.50%"
"06/03/2025","320,380","320,380","320,380","320,380","6.58M","-1.26%"
"06/02/2025","324,480","324,480","324,480","324,480","10.17M","-0.11%"
"05/30/2025","324,832","324,832","324,832","324,832","22.97M","0.14%"
"05/29/2025","324,371","324,371","324,371","324,371","16.69M","1.07%"
"05/28/2025","320,945","320,945","320,945","320,945","14.98M","-0.18%"
"05/27/2025","321,515","321,515","321,515","321,515","9.58M","1.02%"
"05/26/2025","318,274","318,274","318,274","318,274","9.76M","-0.51%"
"05/22/2025","319,910","319,910","319,910","319,910","5.91M","0.07%"
"05/21/2025","319,696","319,696","319,696","319,696","9.85M","-0.15%"
"05/20/2025","320,169","320,169","320,169","320,169","29.37M","-0.41%"
"05/19/2025","321,475","321,475","321,475","321,475","14.85M","-0.67%"
"05/16/2025","323,656","323,656","323,656","323,656","15.33M","0.40%"
"05/15/2025","322,381","322,381","322,381","322,381","24.64M","-0.62%"
"05/13/2025","324,387","324,387","324,387","324,387","16.80M","0.14%"
"05/12/2025","323,936","323,936","323,936","323,936","11.21M","0.31%"
"05/09/2025","322,939","322,939","322,939","322,939","17.05M","0.18%"
"05/08/2025","322,361","322,361","322,361","322,361","21.47M","-0.63%"
"05/07/2025","324,416","324,416","324,416","324,416","5.33M","-0.20%"
"05/06/2025","325,050","325,050","325,050","325,050","10.67M","-0.41%"
"05/05/2025","326,401","326,401","326,401","326,401","6.03M","0.31%"
"05/02/2025","325,380","325,380","325,380","325,380","6.35M","0.16%"
"05/01/2025","324,861","324,861","324,861","324,861","14.47M","-1.03%"
"04/30/2025","328,254","328,254","328,254","328,254","20.92M","1.01%"
"04/29/2025","324,969","324,969","324,969","324,969","14.00M","1.18%"
"04/28/2025","321,171","321,171","321,171","321,171","13.18M","1.71%"
"04/25/2025","315,759","315,759","315,759","315,759","6.19M","-0.16%"
"04/24/2025","316,259","316,259","316,259","316,259","9.44M","0.34%"
"04/23/2025","315,191","315,191","315,191","315,191","7.81M","0.25%"
"04/22/2025","314,415","314,415","314,415","314,415","11.71M","0.62%"
"04/17/2025","312,488","312,488","312,488","312,488","14.00M","-0.37%"
"04/16/2025","313,641","313,641","313,641","313,641","26.13M","-0.41%"
"04/15/2025","314,944","314,944","314,944","314,944","13.30M","-0.35%"
"04/14/2025","316,048","316,048","316,048","316,048","8.17M","0.14%"
"04/11/2025","315,619","315,619","315,619","315,619","12.32M","-0.90%"
"04/10/2025","318,486","318,486","318,486","318,486","1.23B","-0.47%"
"04/09/2025","319,976","319,976","319,976","319,976","94.55M","0.00%"
"04/08/2025","319,974","319,974","319,974","319,974","10.90M","-0.66%"
"04/07/2025","322,095","322,095","322,095","322,095","14.56M","-0.70%"
"04/04/2025","324,376","324,376","324,376","324,376","69.18M","0.46%"
"04/03/2025","322,879","322,879","322,879","322,879","25.83M","-0.66%"
"04/02/2025","325,036","325,036","325,036","325,036","35.15M","-0.51%"
"04/01/2025","326,702","326,702","326,702","326,702","22.48M","-1.03%"
"03/31/2025","330,104","330,104","330,104","330,104","35.40M","1.34%"
"03/28/2025","325,739","325,739","325,739","325,739","211.55M","0.39%"
"03/27/2025","324,485","324,485","324,485","324,485","19.71M","-0.16%"
"03/26/2025","324,995","324,995","324,995","324,995","29.61M","-0.21%"
"03/25/2025","325,675","325,675","325,675","325,675","14.71M","0.28%"
"03/24/2025","324,757","324,757","324,757","324,757","21.70M","-0.09%"
"03/21/2025","325,040","325,040","325,040","325,040","15.07M","1.20%"
"03/20/2025","321,193","321,193","321,193","321,193","9.26M","-0.68%"
"03/19/2025","323,379","323,379","323,379","323,379","7.56M","-0.44%"
"03/18/2025","324,798","324,798","324,798","324,798","10.20M","-0.10%"
"03/17/2025","325,127","325,127","325,127","325,127","14.78M","-0.26%"
"03/14/2025","325,959","325,959","325,959","325,959","15.69M","0.08%"
"03/13/2025","325,695","325,695","325,695","325,695","7.39M","-0.43%"
"03/12/2025","327,116","327,116","327,116","327,116","41.54M","-0.46%"
"03/11/2025","328,614","328,614","328,614","328,614","18.52M","0.84%"
"03/10/2025","325,870","325,870","325,870","325,870","8.67M","-0.91%"
"03/07/2025","328,873","328,873","328,873","328,873","16.12M","0.53%"
"03/06/2025","327,139","327,139","327,139","327,139","10.01M","-0.14%"
"03/04/2025","327,610","327,610","327,610","327,610","357.44M","-0.65%"
"03/03/2025","329,758","329,758","329,758","329,758","13.38M","-0.49%"
"02/28/2025","331,370","331,370","331,370","331,370","22.31M","0.07%"
"02/27/2025","331,147","331,147","331,147","331,147","19.29M","0.76%"
"02/26/2025","328,634","328,634","328,634","328,634","24.97M","0.40%"
"02/25/2025","327,312","327,312","327,312","327,312","13.21M","-0.08%"
"02/24/2025","327,559","327,559","327,559","327,559","6.31M","-0.07%"
"02/21/2025","327,774","327,774","327,774","327,774","13.68M","0.17%"
"02/20/2025","327,213","327,213","327,213","327,213","6.73M","-0.36%"
"02/19/2025","328,382","328,382","328,382","328,382","12.75M","0.09%"
"02/18/2025","328,099","328,099","328,099","328,099","93.09M","-0.11%"
"02/17/2025","328,451","328,451","328,451","328,451","11.99M","-0.33%"
"02/14/2025","329,544","329,544","329,544","329,544","3.64M","-0.22%"
"02/13/2025","330,269","330,269","330,269","330,269","109.01M","0.28%"
"02/12/2025","329,336","329,336","329,336","329,336","6.90M","-0.46%"
"02/11/2025","330,873","330,873","330,873","330,873","73.16M","0.04%"
"02/10/2025","330,744","330,744","330,744","330,744","8.40M","0.28%"
"02/07/2025","329,810","329,810","329,810","329,810","17.55M","0.01%"
"02/06/2025","329,764","329,764","329,764","329,764","8.39M","-0.70%"
"02/05/2025","332,095","332,095","332,095","332,095","10.79M","-0.31%"
"02/04/2025","333,119","333,119","333,119","333,119","17.76M","-0.89%"
"02/03/2025","336,118","336,118","336,118","336,118","5.25M","0.57%"
"01/31/2025","334,219","334,219","334,219","334,219","21.16M","0.43%"
"01/30/2025","332,778","332,778","332,778","332,778","33.31M","0.04%"
"01/29/2025","332,660","332,660","332,660","332,660","20.26M","0.33%"
"01/28/2025","331,572","331,572","331,572","331,572","16.26M","-1.02%"
"01/27/2025","334,994","334,994","334,994","334,994","13.16M","0.71%"
"01/24/2025","332,617","332,617","332,617","332,617","14.73M","0.75%"
"01/23/2025","330,128","330,128","330,128","330,128","6.26M","-0.08%"
"01/22/2025","330,384","330,384","330,384","330,384","14.23M","-0.47%"
"01/21/2025","331,959","331,959","331,959","331,959","9.35M","-0.46%"
"01/20/2025","333,493","333,493","333,493","333,493","5.10M","0.13%"
"01/17/2025","333,074","333,074","333,074","333,074","25.42M","-0.21%"
"01/16/2025","333,760","333,760","333,760","333,760","12.97M","0.46%"
"01/15/2025","332,224","332,224","332,224","332,224","14.88M","0.75%"
"01/14/2025","329,740","329,740","329,740","329,740","7.78M","-0.42%"
"01/13/2025","331,117","331,117","331,117","331,117","13.40M","-0.78%"
"01/10/2025","333,720","333,720","333,720","333,720","8.56M","0.51%"
"01/09/2025","332,025","332,025","332,025","332,025","27.43M","-0.22%"
"01/08/2025","332,768","332,768","332,768","332,768","8.07M","-0.31%"
"01/07/2025","333,805","333,805","333,805","333,805","26.06M","0.27%"
"01/06/2025","332,911","332,911","332,911","332,911","13.26M","-1.16%"
"01/03/2025","336,801","336,801","336,801","336,801","19.42M","0.20%"
"01/02/2025","336,126","336,126","336,126","336,126","10.33M","0.10%"
"12/31/2024","335,795","335,795","335,795","335,795","31.20M","0.78%"
"12/30/2024","333,199","333,199","333,199","333,199","40.21M","0.52%"
"12/27/2024","331,480","331,480","331,480","331,480","43.84M","0.48%"
"12/24/2024","329,893","329,893","329,893","329,893","15.37M","1.45%"
"12/23/2024","325,188","325,188","325,188","325,188","429.82M","1.16%"
"12/20/2024","321,451","321,451","321,451","321,451","35.25M","-0.65%"
"12/19/2024","323,548","323,548","323,548","323,548","19.94M","-0.01%"
"12/18/2024","323,576","323,576","323,576","323,576","11.02M","-0.03%"
"12/17/2024","323,688","323,688","323,688","323,688","5.13M","0.75%"
"12/16/2024","321,282","321,282","321,282","321,282","22.31M","-0.23%"
"12/13/2024","322,012","322,012","322,012","322,012","30.42M","-0.31%"
"12/12/2024","323,008","323,008","323,008","323,008","8.00M","0.78%"
"12/11/2024","320,521","320,521","320,521","320,521","9.74M","0.56%"
"12/10/2024","318,741","318,741","318,741","318,741","23.61M","-0.51%"
"12/09/2024","320,366","320,366","320,366","320,366","10.26M","0.18%"
"12/06/2024","319,783","319,783","319,783","319,783","360.77M","-0.10%"
"12/05/2024","320,089","320,089","320,089","320,089","14.67M","-0.22%"
"12/04/2024","320,807","320,807","320,807","320,807","14.50M","-0.16%"
"12/03/2024","321,328","321,328","321,328","321,328","22.37M","-0.17%"
"12/02/2024","321,868","321,868","321,868","321,868","30.24M","0.09%"
"11/29/2024","321,592","321,592","321,592","321,592","25.06M","-0.14%"
"11/28/2024","322,049","322,049","322,049","322,049","20.50M","1.09%"
"11/27/2024","318,587","318,587","318,587","318,587","23.11M","0.12%"
"11/26/2024","318,220","318,220","318,220","318,220","26.50M","0.91%"
"11/25/2024","315,356","315,356","315,356","315,356","18.75M","1.08%"
"11/22/2024","311,974","311,974","311,974","311,974","5.89M","-0.26%"
"11/21/2024","312,778","312,778","312,778","312,778","23.03M","-0.49%"
"11/20/2024","314,307","314,307","314,307","314,307","26.35M","-0.16%"
"11/19/2024","314,825","314,825","314,825","314,825","314.50K","0.10%"
"11/18/2024","314,506","314,506","314,506","314,506","24.64M","0.32%"
"11/15/2024","313,489","313,489","313,489","313,489","14.41M","0.39%"
"11/14/2024","312,262","312,262","312,262","312,262","24.23M","0.32%"
"11/13/2024","311,272","311,272","311,272","311,272","10.95M","-0.98%"
"11/12/2024","314,354","314,354","314,354","314,354","5.97M","-0.63%"
"11/11/2024","316,354","316,354","316,354","316,354","11.95M","-0.43%"
"11/08/2024","317,717","317,717","317,717","317,717","16.57M","-0.50%"
"11/07/2024","319,322","319,322","319,322","319,322","7.27M","0.71%"
"11/06/2024","317,062","317,062","317,062","317,062","8.83M","-0.46%"
"11/05/2024","318,514","318,514","318,514","318,514","5.44M","0.24%"
"11/04/2024","317,745","317,745","317,745","317,745","34.12M","0.05%"
"11/01/2024","317,594","317,594","317,594","317,594","12.32M","0.83%"
"10/31/2024","314,993","314,993","314,993","314,993","27.50M","0.71%"
"10/30/2024","312,777","312,777","312,777","312,777","31.09M","-0.53%"
"10/29/2024","314,429","314,429","314,429","314,429","20.80M","1.15%"
"10/28/2024","310,848","310,848","310,848","310,848","21.63M","0.94%"
"10/25/2024","307,959","307,959","307,959","307,959","7.34M","0.20%"
"10/24/2024","307,340","307,340","307,340","307,340","4.70M","-1.34%"
"10/23/2024","311,524","311,524","311,524","311,524","11.42M","0.66%"
"10/22/2024","309,488","309,488","309,488","309,488","10.86M","-0.77%"
"10/18/2024","311,890","311,890","311,890","311,890","7.08M","-0.37%"
"10/17/2024","313,041","313,041","313,041","313,041","9.58M","-0.05%"
"10/16/2024","313,187","313,187","313,187","313,187","3.12M","0.65%"
"10/15/2024","311,174","311,174","311,174","311,174","6.03M","0.29%"
"10/14/2024","310,266","310,266","310,266","310,266","11.48M","-0.75%"
"10/11/2024","312,620","312,620","312,620","312,620","5.08M","0.35%"
"10/10/2024","311,525","311,525","311,525","311,525","8.37M","-0.09%"
"10/09/2024","311,816","311,816","311,816","311,816","10.55M","0.11%"
"10/08/2024","311,483","311,483","311,483","311,483","7.18M","-0.49%"
"10/07/2024","313,023","313,023","313,023","313,023","6.47M","-0.12%"
"10/04/2024","313,415","313,415","313,415","313,415","19.32M","-0.76%"
"10/03/2024","315,817","315,817","315,817","315,817","13.22M","0.41%"
"10/02/2024","314,538","314,538","314,538","314,538","11.76M","-0.88%"
"10/01/2024","317,347","317,347","317,347","317,347","12.79M","-0.31%"
"09/30/2024","318,326","318,326","318,326","318,326","48.45M","1.71%"
"09/27/2024","312,986","312,986","312,986","312,986","47.14M","1.02%"
"09/26/2024","309,826","309,826","309,826","309,826","19.36M","0.74%"
"09/25/2024","307,547","307,547","307,547","307,547","28.51M","-0.22%"
"09/24/2024","308,240","308,240","308,240","308,240","14.60M","-0.07%"
"09/23/2024","308,467","308,467","308,467","308,467","18.15M","0.90%"
"09/20/2024","305,717","305,717","305,717","305,717","127.87M","-0.42%"
"09/19/2024","306,997","306,997","306,997","306,997","33.59M","-0.39%"
"09/18/2024","308,213","308,213","308,213","308,213","19.39M","0.51%"
"09/17/2024","306,644","306,644","306,644","306,644","40.67M","-0.38%"
"09/16/2024","307,813","307,813","307,813","307,813","8.19M","0.78%"
"09/13/2024","305,441","305,441","305,441","305,441","210.47M","-0.90%"
"09/12/2024","308,226","308,226","308,226","308,226","5.17M","-0.35%"
"09/11/2024","309,304","309,304","309,304","309,304","6.65M","0.40%"
"09/10/2024","308,076","308,076","308,076","308,076","9.45M","0.00%"
"09/09/2024","308,078","308,078","308,078","308,078","18.20M","1.17%"
"09/06/2024","304,503","304,503","304,503","304,503","7.16M","0.00%"
"09/05/2024","304,488","304,488","304,488","304,488","45.41M","-1.42%"
"09/04/2024","308,870","308,870","308,870","308,870","5.51M","-0.55%"
"09/03/2024","310,586","310,586","310,586","310,586","5.76M","-0.30%"
"09/02/2024","311,534","311,534","311,534","311,534","6.27M","-0.31%"
"08/30/2024","312,499","312,499","312,499","312,499","10.19M","0.97%"
"08/29/2024","309,511","309,511","309,511","309,511","13.20M","-0.76%"
"08/28/2024","311,876","311,876","311,876","311,876","10.51M","1.32%"
"08/27/2024","307,821","307,821","307,821","307,821","18.65M","0.99%"
"08/26/2024","304,809","304,809","304,809","304,809","15.37M","-1.10%"
"08/23/2024","308,192","308,192","308,192","308,192","30.66M","0.82%"
"08/22/2024","305,700","305,700","305,700","305,700","6.22M","-0.09%"
"08/21/2024","305,974","305,974","305,974","305,974","5.51M","0.53%"
"08/20/2024","304,376","304,376","304,376","304,376","6.90M","0.02%"
"08/19/2024","304,317","304,317","304,317","304,317","7.76M","-0.67%"
"08/16/2024","306,384","306,384","306,384","306,384","48.61M","-0.79%"
"08/15/2024","308,835","308,835","308,835","308,835","8.64M","0.30%"
"08/14/2024","307,919","307,919","307,919","307,919","26.97M","-0.25%"
"08/13/2024","308,688","308,688","308,688","308,688","10.22M","-0.46%"
"08/12/2024","310,099","310,099","310,099","310,099","7.41M","0.05%"
"08/09/2024","309,959","309,959","309,959","309,959","10.94M","0.41%"
"08/08/2024","308,690","308,690","308,690","308,690","6.28M","-0.05%"
"08/07/2024","308,839","308,839","308,839","308,839","8.75M","-1.12%"
"08/05/2024","312,327","312,327","312,327","312,327","6.57M","0.15%"
"08/02/2024","311,870","311,870","311,870","311,870","78.79M","0.09%"
"07/31/2024","311,604","311,604","311,604","311,604","21.66M","-0.03%"
"07/30/2024","311,699","311,699","311,699","311,699","13.78M","-0.55%"
"07/29/2024","313,435","313,435","313,435","313,435","12.09M","-0.33%"
"07/26/2024","314,467","314,467","314,467","314,467","13.60M","0.33%"
"07/25/2024","313,422","313,422","313,422","313,422","12.88M","0.11%"
"07/24/2024","313,064","313,064","313,064","313,064","5.08M","-0.28%"
"07/23/2024","313,928","313,928","313,928","313,928","11.71M","0.11%"
"07/22/2024","313,590","313,590","313,590","313,590","17.74M","0.67%"
"07/19/2024","311,518","311,518","311,518","311,518","7.56M","-0.40%"
"07/18/2024","312,753","312,753","312,753","312,753","7.10M","-0.27%"
"07/17/2024","313,614","313,614","313,614","313,614","26.58M","0.16%"
"07/16/2024","313,117","313,117","313,117","313,117","5.85M","-1.05%"
"07/15/2024","316,451","316,451","316,451","316,451","3.15M","-0.77%"
"07/12/2024","318,898","318,898","318,898","318,898","26.18M","-0.21%"
"07/11/2024","319,573","319,573","319,573","319,573","8.18M","0.35%"
"07/10/2024","318,475","318,475","318,475","318,475","17.99M","0.06%"
"07/09/2024","318,271","318,271","318,271","318,271","496.13M","-0.10%"
"07/08/2024","318,586","318,586","318,586","318,586","4.67M","-0.21%"
"07/05/2024","319,257","319,257","319,257","319,257","2.86M","-0.39%"
"07/04/2024","320,506","320,506","320,506","320,506","3.64M","0.47%"
"07/02/2024","319,007","319,007","319,007","319,007","15.74M","-0.13%"
"07/01/2024","319,408","319,408","319,408","319,408","7.39M","0.15%"
"06/28/2024","318,920","318,920","318,920","318,920","27.06M","0.48%"
"06/27/2024","317,394","317,394","317,394","317,394","13.69M","-0.71%"
"06/26/2024","319,657","319,657","319,657","319,657","13.15M","0.45%"
"06/25/2024","318,222","318,222","318,222","318,222","11.38M","0.04%"
"06/24/2024","318,082","318,082","318,082","318,082","13.70M","1.53%"
"06/21/2024","313,276","313,276","313,276","313,276","18.28M","-0.84%"
"06/20/2024","315,933","315,933","315,933","315,933","6.26M","-0.15%"
"06/19/2024","316,410","316,410","316,410","316,410","9.54M","-0.40%"
"06/18/2024","317,675","317,675","317,675","317,675","6.82M","0.10%"
"06/17/2024","317,371","317,371","317,371","317,371","12.76M","-1.46%"
"06/14/2024","322,058","322,058","322,058","322,058","19.41M","0.64%"
"06/13/2024","319,996","319,996","319,996","319,996","15.76M","-0.26%"
"06/07/2024","320,830","320,830","320,830","320,830","28.05M","-0.18%"
"06/03/2024","321,414","321,414","321,414","321,414","12.95M","-0.31%"
"05/31/2024","322,398","322,398","322,398","322,398","24.21M","0.76%"
"05/30/2024","319,967","319,967","319,967","319,967","13.75M","0.06%"
"05/29/2024","319,760","319,760","319,760","319,760","7.68M","-0.01%"
"05/28/2024","319,800","319,800","319,800","319,800","16.81M","0.98%"
"05/27/2024","316,691","316,691","316,691","316,691","5.13M","-0.18%"
"05/24/2024","317,263","317,263","317,263","317,263","14.20M","-0.07%"
"05/22/2024","317,499","317,499","317,499","317,499","7.06M","-0.54%"
"05/21/2024","319,217","319,217","319,217","319,217","10.79M","-0.40%"
"05/20/2024","320,506","320,506","320,506","320,506","7.53M","-0.25%"
"05/17/2024","321,317","321,317","321,317","321,317","26.82M","0.27%"
"05/16/2024","320,463","320,463","320,463","320,463","6.15M","0.21%"
"05/15/2024","319,807","319,807","319,807","319,807","12.16M","1.13%"
"05/14/2024","316,245","316,245","316,245","316,245","31.49M","-0.95%"
"05/13/2024","319,280","319,280","319,280","319,280","176.82M","0.23%"
"05/10/2024","318,562","318,562","318,562","318,562","16.11M","-0.43%"
"05/09/2024","319,951","319,951","319,951","319,951","6.29M","0.14%"
"05/08/2024","319,512","319,512","319,512","319,512","6.01M","-0.01%"
"05/07/2024","319,557","319,557","319,557","319,557","8.13M","-0.34%"
"05/06/2024","320,662","320,662","320,662","320,662","11.03M","-0.04%"
"05/03/2024","320,794","320,794","320,794","320,794","4.66M","-0.65%"
"05/02/2024","322,888","322,888","322,888","322,888","11.01M","1.08%"
"04/26/2024","319,452","319,452","319,452","319,452","49.32M","-0.05%"
"04/25/2024","319,604","319,604","319,604","319,604","14.52M","0.77%"
"04/24/2024","317,152","317,152","317,152","317,152","13.27M","-0.03%"
"04/23/2024","317,239","317,239","317,239","317,239","13.02M","-0.32%"
"04/22/2024","318,255","318,255","318,255","318,255","35.46M","-1.18%"
"04/19/2024","322,042","322,042","322,042","322,042","4.65M","-0.66%"
"04/18/2024","324,184","324,184","324,184","324,184","8.72M","0.38%"
"04/17/2024","322,944","322,944","322,944","322,944","7.11M","-0.31%"
"04/16/2024","323,948","323,948","323,948","323,948","8.35M","-0.94%"
"04/15/2024","327,011","327,011","327,011","327,011","6.15M","0.08%"
"04/12/2024","326,755","326,755","326,755","326,755","10.93M","-0.47%"
"04/11/2024","328,303","328,303","328,303","328,303","16.09M","0.05%"
"04/10/2024","328,139","328,139","328,139","328,139","8.77M","0.42%"
"04/09/2024","326,763","326,763","326,763","326,763","10.15M","-0.30%"
"04/08/2024","327,756","327,756","327,756","327,756","12.15M","0.41%"
"04/05/2024","326,418","326,418","326,418","326,418","25.13M","-0.46%"
"04/04/2024","327,924","327,924","327,924","327,924","551.68M","0.46%"
"04/03/2024","326,413","326,413","326,413","326,413","26.70M","-0.38%"
"04/02/2024","327,663","327,663","327,663","327,663","11.77M","-0.04%"
"03/28/2024","327,799","327,799","327,799","327,799","15.75M","0.24%"
"03/27/2024","327,011","327,011","327,011","327,011","8.09M","-0.47%"
"03/26/2024","328,548","328,548","328,548","328,548","13.92M","1.66%"
"03/25/2024","323,171","323,171","323,171","323,171","25.85M","-1.75%"
"03/22/2024","328,923","328,923","328,923","328,923","9.44M","0.51%"
"03/21/2024","327,260","327,260","327,260","327,260","25.39M","-0.28%"
"03/20/2024","328,170","328,170","328,170","328,170","11.96M","0.30%"
"03/19/2024","327,201","327,201","327,201","327,201","22.83M","-0.92%"
"03/18/2024","330,256","330,256","330,256","330,256","20.60M","0.44%"
"03/15/2024","328,795","328,795","328,795","328,795","20.64M","0.56%"
"03/14/2024","326,974","326,974","326,974","326,974","23.60M","0.03%"
"03/13/2024","326,886","326,886","326,886","326,886","19.51M","-1.18%"
"03/12/2024","330,803","330,803","330,803","330,803","32.59M","0.62%"
"03/11/2024","328,753","328,753","328,753","328,753","30.75M","-1.11%"
"03/08/2024","332,428","332,428","332,428","332,428","24.19M","0.45%"
"03/07/2024","330,935","330,935","330,935","330,935","566.95M","-1.60%"
"03/06/2024","336,329","336,329","336,329","336,329","69.86M","0.12%"
"03/05/2024","335,927","335,927","335,927","335,927","9.98M","-0.20%"
"03/04/2024","336,597","336,597","336,597","336,597","15.14M","0.01%"
"03/01/2024","336,568","336,568","336,568","336,568","20.80M","0.14%"
"02/29/2024","336,105","336,105","336,105","336,105","25.52M","0.07%"
"02/28/2024","335,876","335,876","335,876","335,876","39.17M","0.68%"
"02/27/2024","333,600","333,600","333,600","333,600","18.21M","-0.78%"
"02/26/2024","336,232","336,232","336,232","336,232","42.93M","1.07%"
"02/23/2024","332,678","332,678","332,678","332,678","11.25M","-0.86%"
"02/22/2024","335,574","335,574","335,574","335,574","25.12M","0.45%"
"02/21/2024","334,062","334,062","334,062","334,062","33.83M","-1.00%"
"02/20/2024","337,439","337,439","337,439","337,439","44.55M","1.67%"
"02/19/2024","331,907","331,907","331,907","331,907","24.99M","-1.17%"
"02/16/2024","335,848","335,848","335,848","335,848","9.23M","0.24%"
"02/15/2024","335,041","335,041","335,041","335,041","38.59M","0.19%"
"02/13/2024","334,406","334,406","334,406","334,406","12.85M","-0.11%"
"02/12/2024","334,783","334,783","334,783","334,783","3.56M","-0.14%"
"02/09/2024","335,251","37,121","37,121","37,121","15.12M","0.66%"
"02/08/2024","333,056","368,613","368,613","368,613","10.67M","-0.41%"
"02/07/2024","334,434","370,557","370,557","370,557","6.04M","0.04%"
"02/06/2024","334,296","372,841","372,841","372,841","15.57M","0.28%"
"02/05/2024","333,378","369,214","369,214","369,214","11.36M","1.23%"
"02/02/2024","329,341","366,714","366,714","366,714","11.52M","0.08%"
"02/01/2024","329,084","365,562","365,562","365,562","10.82M","0.19%"
"01/31/2024","328,475","365,828","365,828","365,828","21.83M","1.15%"
"01/30/2024","324,725","361,663","361,663","361,663","16.92M","-0.38%"
"01/29/2024","325,956","363,230","363,230","363,230","29.60M","0.83%"
"01/26/2024","323,275","360,258","360,258","360,258","9.37M","0.48%"
"01/25/2024","321,726","359,057","359,057","359,057","20.84M","0.35%"
"01/24/2024","320,607","357,435","357,435","357,435","29.08M","0.30%"
"01/23/2024","319,662","355,719","355,719","355,719","9.89M","-0.20%"
"01/22/2024","320,310","357,172","357,172","357,172","28.09M","-0.33%"
"01/19/2024","321,376","356,594","356,594","356,594","7.61M","-0.22%"
"01/18/2024","322,099","357,060","357,060","357,060","9.95M","-0.30%"
"01/17/2024","323,070","358,939","358,939","358,939","17.30M","0.07%"
"01/16/2024","322,833","359,386","359,386","359,386","7.62M","0.46%"
"01/15/2024","321,365","356,985","356,985","356,985","15.89M","-10.69%"
"01/12/2024","359,839","359,839","359,839","359,839","15.10M","1.04%"
"01/11/2024","356,120","356,120","356,120","356,120","16.75M","-0.35%"
"01/10/2024","357,373","357,373","357,373","357,373","12.49M","-0.98%"
"01/09/2024","360,921","360,921","360,921","360,921","5.39M","0.25%"
"01/08/2024","360,021","360,021","360,021","360,021","11.53M","0.02%"
"01/05/2024","359,938","359,938","359,938","359,938","10.90M","-0.97%"
"01/04/2024","363,466","363,466","363,466","363,466","6.71M","-0.97%"
"12/29/2023","367,018","367,018","367,018","367,018","49.25M","3.81%"
"12/22/2023","353,539","353,539","353,539","353,539","24.19M","0.44%"
"12/21/2023","351,983","351,983","351,983","351,983","7.38M","0.16%"
"12/20/2023","351,412","351,412","351,412","351,412","3.94M","0.99%"
"12/19/2023","347,968","347,968","347,968","347,968","17.41M","-0.14%"
"12/18/2023","348,455","348,455","348,455","348,455","7.11M","0.70%"
"12/15/2023","346,036","346,036","346,036","346,036","5.31M","-0.13%"
"12/14/2023","346,488","346,488","346,488","346,488","2.77M","0.00%"
"12/13/2023","346,483","346,483","346,483","346,483","6.45M","0.11%"
"12/12/2023","346,098","346,098","346,098","346,098","6.42M","-0.02%"
"12/11/2023","346,161","346,161","346,161","346,161","6.65M","-0.21%"
"12/08/2023","346,873","346,873","346,873","346,873","5.86M","0.72%"
"12/07/2023","344,395","344,395","344,395","344,395","12.28M","-0.91%"
"12/06/2023","347,575","347,575","347,575","347,575","7.68M","0.06%"
"12/05/2023","347,378","347,378","347,378","347,378","13.01M","-0.95%"
"12/04/2023","350,725","350,725","350,725","350,725","5.61M","-0.19%"
"12/01/2023","351,375","351,375","351,375","351,375","6.38M","0.41%"
"11/30/2023","349,936","349,936","349,936","349,936","16.71M","0.86%"
"11/29/2023","346,967","346,967","346,967","346,967","9.95M","-0.06%"
"11/28/2023","347,161","347,161","347,161","347,161","5.11M","-1.12%"
"11/27/2023","351,092","351,092","351,092","351,092","6.63M","-0.35%"
"11/24/2023","352,308","352,308","352,308","352,308","11.36M","0.69%"
"11/23/2023","349,902","349,902","349,902","349,902","12.87M","1.08%"
"11/22/2023","346,163","346,163","346,163","346,163","54.37M","-0.48%"
"11/21/2023","347,845","347,845","347,845","347,845","4.53M","0.46%"
"11/20/2023","346,257","346,257","346,257","346,257","5.74M","-0.55%"
"11/17/2023","348,168","348,168","348,168","348,168","8.19M","-0.56%"
"11/16/2023","350,127","350,127","350,127","350,127","9.04M","0.26%"
"11/15/2023","349,209","349,209","349,209","349,209","7.73M","-0.12%"
"11/14/2023","349,629","349,629","349,629","349,629","6.64M","-0.21%"
"11/13/2023","350,358","350,358","350,358","350,358","6.17M","0.67%"
"11/10/2023","348,023","348,023","348,023","348,023","11.35M","-0.32%"
"11/09/2023","349,142","349,142","349,142","349,142","7.43M","-0.27%"
"11/08/2023","350,072","350,072","350,072","350,072","12.25M","1.18%"
"11/07/2023","346,001","346,001","346,001","346,001","17.10M","0.10%"
"11/06/2023","345,659","345,659","345,659","345,659","4.96M","-0.60%"
"11/03/2023","347,733","347,733","347,733","347,733","4.06M","-0.39%"
"11/02/2023","349,100","349,100","349,100","349,100","5.57M","0.11%"
"11/01/2023","348,712","348,712","348,712","348,712","8.29M","-0.78%"
"10/31/2023","351,459","351,459","351,459","351,459","7.45M","1.34%"
"10/30/2023","346,811","346,811","346,811","346,811","5.74M","0.00%"
"10/27/2023","346,820","346,820","346,820","346,820","5.39M","0.05%"
"10/26/2023","346,652","346,652","346,652","346,652","8.54M","-0.27%"
"10/25/2023","347,603","347,603","347,603","347,603","13.21M","0.09%"
"10/24/2023","347,294","347,294","347,294","347,294","7.19M","0.08%"
"10/23/2023","347,031","347,031","347,031","347,031","5.58M","0.24%"
"10/20/2023","346,217","346,217","346,217","346,217","2.72M","-0.46%"
"10/19/2023","347,822","347,822","347,822","347,822","6.36M","1.07%"
"10/18/2023","344,153","344,153","344,153","344,153","4.03M","-0.95%"
"10/17/2023","347,455","347,455","347,455","347,455","14.14M","0.33%"
"10/13/2023","346,307","346,307","346,307","346,307","10.52M","0.06%"
"10/12/2023","346,115","346,115","346,115","346,115","29.02M","0.61%"
"10/11/2023","344,012","344,012","344,012","344,012","55.42M","-0.92%"
"10/10/2023","347,217","347,217","347,217","347,217","8.23M","-0.32%"
"10/09/2023","348,317","348,317","348,317","348,317","8.72M","0.51%"
"10/06/2023","346,558","346,558","346,558","346,558","6.83M","-0.18%"
"10/05/2023","347,171","347,171","347,171","347,171","7.08M","-1.22%"
"10/04/2023","351,459","351,459","351,459","351,459","21.24M","-0.45%"
"10/03/2023","353,049","353,049","353,049","353,049","8.07M","0.23%"
"10/02/2023","352,223","352,223","352,223","352,223","10.27M","-1.00%"
"09/29/2023","355,792","355,792","355,792","355,792","22.18M","1.43%"
"09/28/2023","350,789","350,789","350,789","350,789","13.64M","0.11%"
"09/27/2023","350,421","350,421","350,421","350,421","45.66M","1.43%"
"09/26/2023","345,469","345,469","345,469","345,469","6.41M","0.31%"
"09/25/2023","344,392","344,392","344,392","344,392","14.06M","0.22%"
"09/22/2023","343,636","343,636","343,636","343,636","3.81M","-0.51%"
"09/21/2023","345,405","345,405","345,405","345,405","6.60M","-0.16%"
"09/20/2023","345,947","345,947","345,947","345,947","4.89M","-0.07%"
"09/19/2023","346,203","346,203","346,203","346,203","4.01M","-0.58%"
"09/18/2023","348,217","348,217","348,217","348,217","8.27M","0.52%"
"09/15/2023","346,428","346,428","346,428","346,428","5.38M","-0.77%"
"09/14/2023","349,133","349,133","349,133","349,133","50.80M","-0.40%"
"09/13/2023","350,524","350,524","350,524","350,524","5.47M","-0.03%"
"09/12/2023","350,631","350,631","350,631","350,631","5.32M","-0.49%"
"09/11/2023","352,342","352,342","352,342","352,342","9.13M","0.19%"
"09/08/2023","351,669","351,669","351,669","351,669","5.25M","-0.14%"
"09/07/2023","352,160","352,160","352,160","352,160","10.60M","-0.46%"
"09/06/2023","353,792","353,792","353,792","353,792","11.72M","-0.38%"
"09/05/2023","355,125","355,125","355,125","355,125","3.71M","-0.14%"
"09/04/2023","355,638","355,638","355,638","355,638","5.43M","-0.75%"
"09/01/2023","358,325","358,325","358,325","358,325","9.24M","0.99%"
"08/31/2023","354,824","354,824","354,824","354,824","18.66M","0.40%"
"08/25/2023","353,417","353,417","353,417","353,417","10.53M","-1.23%"
"08/21/2023","357,811","357,811","357,811","357,811","9.66M","1.24%"
"08/18/2023","353,438","353,438","353,438","353,438","10.24M","0.04%"
"08/17/2023","353,308","353,308","353,308","353,308","5.44M","-0.21%"
"08/16/2023","354,065","354,065","354,065","354,065","27.20M","0.06%"
"08/15/2023","353,837","353,837","353,837","353,837","12.57M","-0.17%"
"08/14/2023","354,449","322,252","322,252","322,252","10.91M","10.34%"
"08/11/2023","321,234","321,234","321,234","321,234","7.67M","-0.71%"
"08/10/2023","323,527","323,527","323,527","323,527","15.74M","-0.79%"
"08/09/2023","326,094","326,094","326,094","326,094","18.75M","-0.20%"
"08/08/2023","326,742","326,742","326,742","326,742","16.41M","0.20%"
"08/04/2023","326,088","326,088","326,088","326,088","10.89M","-0.13%"
"08/03/2023","326,525","326,525","326,525","326,525","124.69M","-0.77%"
"08/02/2023","329,060","329,060","329,060","329,060","14.11M","0.81%"
"07/31/2023","326,405","326,405","326,405","326,405","10.27M","0.35%"
"07/28/2023","325,270","325,270","325,270","325,270","10.23M","-1.10%"
"07/27/2023","328,878","328,878","328,878","328,878","16.12M","0.82%"
"07/26/2023","326,203","326,203","326,203","326,203","6.03M","-0.56%"
"07/25/2023","328,047","328,047","328,047","328,047","14.46M","-0.39%"
"07/24/2023","329,347","329,347","329,347","329,347","16.38M","0.45%"
"07/21/2023","327,868","327,868","327,868","327,868","17.42M","0.28%"
"07/20/2023","326,961","326,961","326,961","326,961","12.16M","1.12%"
"07/19/2023","323,346","323,346","323,346","323,346","10.34M","-0.21%"
"07/18/2023","324,023","324,023","324,023","324,023","7.66M","0.28%"
"07/17/2023","323,108","323,108","323,108","323,108","9.61M","0.26%"
"07/14/2023","322,270","322,270","322,270","322,270","7.60M","-0.64%"
"07/13/2023","324,343","324,343","324,343","324,343","8.70M","-0.27%"
"07/12/2023","325,206","325,206","325,206","325,206","15.31M","-0.02%"
"07/11/2023","325,284","325,284","325,284","325,284","9.13M","0.03%"
"07/10/2023","325,202","325,202","325,202","325,202","24.45M","-0.44%"
"07/07/2023","326,626","326,626","326,626","326,626","11.91M","-0.40%"
"07/06/2023","327,932","327,932","327,932","327,932","19.52M","-0.14%"
"07/05/2023","328,378","328,378","328,378","328,378","17.33M","-0.15%"
"07/04/2023","328,866","328,866","328,866","328,866","76.18M","-0.08%"
"07/03/2023","329,138","329,138","329,138","329,138","9.59M","-0.87%"
"06/30/2023","332,035","332,035","332,035","332,035","25.47M","0.50%"
"06/29/2023","330,389","330,389","330,389","330,389","22.31M","0.19%"
"06/28/2023","329,758","329,758","329,758","329,758","22.11M","0.27%"
"06/27/2023","328,855","328,855","328,855","328,855","33.79M","-0.16%"
"06/26/2023","329,374","329,374","329,374","329,374","15.47M","0.43%"
"06/23/2023","327,953","327,953","327,953","327,953","14.04M","0.80%"
"06/22/2023","325,358","325,358","325,358","325,358","24.71M","-0.60%"
"06/21/2023","327,310","327,310","327,310","327,310","7.77M","0.73%"
"06/20/2023","324,953","324,953","324,953","324,953","31.47M","-0.75%"
"06/19/2023","327,418","327,418","327,418","327,418","24.00M","1.52%"
"06/16/2023","322,531","322,531","322,531","322,531","14.34M","-0.26%"
"06/15/2023","323,374","323,374","323,374","323,374","20.66M","-1.15%"
"06/14/2023","327,139","327,139","327,139","327,139","29.21M","-0.57%"
"06/13/2023","329,001","329,001","329,001","329,001","54.34M","0.14%"
"06/12/2023","328,531","328,531","328,531","328,531","11.16M","0.37%"
"06/09/2023","327,334","327,334","327,334","327,334","35.82M","-0.75%"
"06/08/2023","329,820","329,820","329,820","329,820","13.06M","-1.72%"
"06/02/2023","335,598","335,598","335,598","335,598","24.04M","-0.79%"
"06/01/2023","338,283","338,283","338,283","338,283","8.89M","0.52%"
"05/31/2023","336,534","336,534","336,534","336,534","24.44M","0.21%"
"05/30/2023","335,838","335,838","335,838","335,838","8.50M","-0.35%"
"05/29/2023","337,003","337,003","337,003","337,003","19.06M","-0.02%"
"05/26/2023","337,061","337,061","337,061","337,061","14.04M","0.80%"
"05/25/2023","334,401","334,401","334,401","334,401","9.02M","-0.23%"
"05/24/2023","335,172","335,172","335,172","335,172","17.95M","0.90%"
"05/22/2023","332,183","332,183","332,183","332,183","9.13M","0.67%"
"05/19/2023","329,966","329,966","329,966","329,966","9.82M","-0.49%"
"05/18/2023","331,600","331,600","331,600","331,600","6.85M","-0.72%"
"05/17/2023","333,992","333,992","333,992","333,992","11.80M","-0.02%"
"05/16/2023","334,046","334,046","334,046","334,046","20.52M","0.42%"
"05/15/2023","332,634","332,634","332,634","332,634","17.84M","-0.32%"
"05/12/2023","333,708","333,708","333,708","333,708","8.92M","-0.23%"
"05/11/2023","334,484","334,484","334,484","334,484","6.19M","-0.03%"
"05/10/2023","334,568","334,568","334,568","334,568","7.58M","-0.76%"
"05/08/2023","337,145","337,145","337,145","337,145","11.48M","0.68%"
"05/05/2023","334,871","334,871","334,871","334,871","11.77M","0.43%"
"05/04/2023","333,427","333,427","333,427","333,427","3.82M","-1.04%"
"05/03/2023","336,939","336,939","336,939","336,939","6.35M","0.69%"
"05/02/2023","334,626","334,626","334,626","334,626","25.78M","-1.70%"
"05/01/2023","340,412","340,412","340,412","340,412","22.92M","0.69%"
"04/28/2023","338,082","338,082","338,082","338,082","15.51M","0.68%"
"04/27/2023","335,789","335,789","335,789","335,789","9.66M","0.29%"
"04/26/2023","334,834","334,834","334,834","334,834","27.09M","0.53%"
"04/25/2023","333,066","333,066","333,066","333,066","27.56M","-0.40%"
"04/24/2023","334,415","334,415","334,415","334,415","20.93M","0.77%"
"04/21/2023","331,861","331,861","331,861","331,861","9.48M","0.08%"
"04/20/2023","331,585","331,585","331,585","331,585","2.32M","0.08%"
"04/19/2023","331,310","331,310","331,310","331,310","19.17M","-1.00%"
"04/18/2023","334,662","334,662","334,662","334,662","8.07M","-0.41%"
"04/17/2023","336,049","336,049","336,049","336,049","9.37M","0.18%"
"04/14/2023","335,456","335,456","335,456","335,456","17.43M","1.00%"
"04/13/2023","332,139","332,139","332,139","332,139","20.05M","-0.43%"
"04/12/2023","333,585","333,585","333,585","333,585","12.89M","0.72%"
"04/11/2023","331,198","331,198","331,198","331,198","5.01M","-0.06%"
"04/06/2023","331,393","331,393","331,393","331,393","10.51M","0.36%"
"04/05/2023","330,218","330,218","330,218","330,218","12.99M","-0.35%"
"04/04/2023","331,377","331,377","331,377","331,377","9.56M","-0.12%"
"04/03/2023","331,767","331,767","331,767","331,767","18.21M","-2.57%"
"03/31/2023","340,536","340,536","340,536","340,536","24.57M","1.63%"
"03/30/2023","335,071","335,071","335,071","335,071","13.39M","2.56%"
"03/29/2023","326,723","326,723","326,723","326,723","60.11M","0.30%"
"03/28/2023","325,747","325,747","325,747","325,747","17.08M","0.79%"
"03/27/2023","323,200","323,200","323,200","323,200","83.62M","0.24%"
"03/24/2023","322,420","322,420","322,420","322,420","9.66M","0.39%"
"03/23/2023","321,158","321,158","321,158","321,158","5.71M","-0.79%"
"03/22/2023","323,709","323,709","323,709","323,709","15.40M","0.56%"
"03/21/2023","321,896","321,896","321,896","321,896","47.13M","-0.48%"
"03/20/2023","323,440","323,440","323,440","323,440","12.64M","-0.62%"
"03/17/2023","325,462","325,462","325,462","325,462","6.91M","-0.76%"
"03/16/2023","327,946","327,946","327,946","327,946","3.82M","0.09%"
"03/15/2023","327,642","327,642","327,642","327,642","33.02M","-0.10%"
"03/14/2023","327,983","327,983","327,983","327,983","8.14M","-0.27%"
"03/13/2023","328,860","328,860","328,860","328,860","10.37M","-0.48%"
"03/10/2023","330,441","330,441","330,441","330,441","10.86M","0.29%"
"03/09/2023","329,493","329,493","329,493","329,493","17.71M","-0.55%"
"03/08/2023","331,311","331,311","331,311","331,311","23.77M","-0.49%"
"03/07/2023","332,947","332,947","332,947","332,947","21.49M","-0.37%"
"03/06/2023","334,187","334,187","334,187","334,187","8.95M","-0.56%"
"03/03/2023","336,065","336,065","336,065","336,065","7.44M","0.07%"
"03/02/2023","335,838","335,838","335,838","335,838","11.51M","-0.41%"
"03/01/2023","337,221","337,221","337,221","337,221","5.39M","0.77%"
"02/28/2023","334,642","334,642","334,642","334,642","15.66M","1.19%"
"02/27/2023","330,715","330,715","330,715","330,715","5.88M","-0.78%"
"02/24/2023","333,321","333,321","333,321","333,321","9.59M","0.69%"
"02/23/2023","331,032","331,032","331,032","331,032","6.90M","-0.42%"
"02/21/2023","332,427","332,427","332,427","332,427","20.25M","-0.03%"
"02/20/2023","332,533","332,533","332,533","332,533","14.76M","0.69%"
"02/17/2023","330,245","330,245","330,245","330,245","6.59M","-1.35%"
"02/16/2023","334,774","334,774","334,774","334,774","6.87M","0.49%"
"02/15/2023","333,130","333,130","333,130","333,130","13.42M","-1.07%"
"02/14/2023","336,737","336,737","336,737","336,737","5.34M","0.47%"
"02/13/2023","335,147","335,147","335,147","335,147","11.45M","-0.34%"
"02/10/2023","336,285","336,285","336,285","336,285","11.84M","0.09%"
"02/09/2023","335,983","335,983","335,983","335,983","16.90M","0.45%"
"02/08/2023","334,462","334,462","334,462","334,462","9.51M","0.46%"
"02/07/2023","332,917","332,917","332,917","332,917","7.95M","-0.69%"
"02/06/2023","335,234","335,234","335,234","335,234","9.43M","-0.76%"
"02/03/2023","337,796","337,796","337,796","337,796","8.31M","0.24%"
"02/02/2023","336,999","336,999","336,999","336,999","5.61M","-0.23%"
"02/01/2023","337,783","337,783","337,783","337,783","9.46M","-0.75%"
"01/31/2023","340,327","340,327","340,327","340,327","16.07M","-0.10%"
"01/30/2023","340,663","340,663","340,663","340,663","18.19M","0.10%"
"01/27/2023","340,318","340,318","340,318","340,318","10.83M","0.58%"
"01/26/2023","338,350","338,350","338,350","338,350","16.68M","-0.51%"
"01/25/2023","340,093","340,093","340,093","340,093","32.91M","0.03%"
"01/24/2023","339,988","339,988","339,988","339,988","23.05M","-0.03%"
"01/23/2023","340,098","340,098","340,098","340,098","9.81M","-0.19%"
"01/20/2023","340,731","340,731","340,731","340,731","9.46M","-0.06%"
"01/19/2023","340,945","340,945","340,945","340,945","12.88M","-0.42%"
"01/18/2023","342,372","342,372","342,372","342,372","3.80M","-0.36%"
"01/17/2023","343,622","343,622","343,622","343,622","7.37M","0.54%"
"01/16/2023","341,761","341,761","341,761","341,761","5.92M","-1.08%"
"01/13/2023","345,497","345,497","345,497","345,497","5.51M","0.65%"
"01/12/2023","343,253","343,253","343,253","343,253","8.21M","0.64%"
"01/11/2023","341,084","341,084","341,084","341,084","9.84M","-0.83%"
"01/10/2023","343,925","343,925","343,925","343,925","8.36M","0.12%"
"01/09/2023","343,508","343,508","343,508","343,508","10.39M","-1.34%"
"01/06/2023","348,181","348,181","348,181","348,181","11.17M","0.80%"
"01/05/2023","345,412","345,412","345,412","345,412","6.06M","-0.50%"
"01/04/2023","347,150","347,150","347,150","347,150","7.40M","-2.55%"
"01/03/2023","356,239","356,239","356,239","356,239","8.25M","0.10%"
"12/30/2022","355,897","355,897","355,897","355,897","182.91M","1.33%"
"12/29/2022","351,224","351,224","351,224","351,224","10.93M","1.76%"
"12/28/2022","345,133","345,133","345,133","345,133","22.14M","0.05%"
"12/23/2022","344,963","344,963","344,963","344,963","21.21M","0.87%"
"12/22/2022","341,995","341,995","341,995","341,995","7.59M","0.45%"
"12/21/2022","340,468","340,468","340,468","340,468","68.37M","0.03%"
"12/20/2022","340,382","340,382","340,382","340,382","8.93M","0.51%"
"12/19/2022","338,666","338,666","338,666","338,666","6.96M","-0.03%"
"12/16/2022","338,774","338,774","338,774","338,774","27.45M","-0.30%"
"12/15/2022","339,806","339,806","339,806","339,806","7.12M","0.25%"
"12/14/2022","338,956","338,956","338,956","338,956","8.97M","-0.28%"
"12/13/2022","339,913","339,913","339,913","339,913","11.99M","0.11%"
"12/12/2022","339,549","339,549","339,549","339,549","6.49M","0.22%"
"12/09/2022","338,789","338,789","338,789","338,789","2.89M","-0.47%"
"12/08/2022","340,402","340,402","340,402","340,402","246.79M","-0.30%"
"12/07/2022","341,433","341,433","341,433","341,433","12.91M","0.92%"
"12/06/2022","338,307","338,307","338,307","338,307","11.96M","-0.59%"
"12/05/2022","340,301","340,301","340,301","340,301","6.35M","0.04%"
"12/02/2022","340,154","340,154","340,154","340,154","6.54M","-0.47%"
"12/01/2022","341,751","341,751","341,751","341,751","4.15M","0.87%"
"11/30/2022","338,795","338,795","338,795","338,795","9.96M","1.93%"
"11/29/2022","332,378","332,378","332,378","332,378","5.68M","-1.46%"
"11/28/2022","337,293","337,293","337,293","337,293","12.75M","-0.23%"
"11/25/2022","338,060","338,060","338,060","338,060","6.77M","0.59%"
"11/24/2022","336,061","336,061","336,061","336,061","19.68M","0.13%"
"11/23/2022","335,632","335,632","335,632","335,632","6.02M","-0.85%"
"11/22/2022","338,498","338,498","338,498","338,498","6.83M","0.17%"
"11/21/2022","337,924","337,924","337,924","337,924","12.07M","0.76%"
"11/18/2022","335,377","335,377","335,377","335,377","8.63M","-1.00%"
"11/17/2022","338,770","338,770","338,770","338,770","10.48M","-1.43%"
"11/16/2022","343,681","343,681","343,681","343,681","23.96M","0.45%"
"11/15/2022","342,155","342,155","342,155","342,155","12.14M","-0.17%"
"11/14/2022","342,725","342,725","342,725","342,725","10.95M","-0.39%"
"11/11/2022","344,073","344,073","344,073","344,073","7.72M","0.05%"
"11/10/2022","343,917","343,917","343,917","343,917","12.08M","-1.09%"
"11/09/2022","347,690","347,690","347,690","347,690","4.27M","0.58%"
"11/08/2022","345,693","345,693","345,693","345,693","15.48M","-0.38%"
"11/07/2022","347,023","347,023","347,023","347,023","16.15M","-0.61%"
"11/04/2022","349,150","349,150","349,150","349,150","10.07M","1.23%"
"11/03/2022","344,903","344,903","344,903","344,903","13.27M","-0.50%"
"11/02/2022","346,642","346,642","346,642","346,642","4.01M","0.17%"
"11/01/2022","346,045","346,045","346,045","346,045","10.08M","-0.46%"
"10/31/2022","347,651","347,651","347,651","347,651","42.37M","-0.16%"
"10/28/2022","348,204","348,204","348,204","348,204","38.32M","-0.53%"
"10/27/2022","350,042","350,042","350,042","350,042","7.73M","-0.35%"
"10/26/2022","351,279","351,279","351,279","351,279","18.80M","-0.11%"
"10/25/2022","351,665","351,665","351,665","351,665","6.50M","0.07%"
"10/24/2022","351,425","351,425","351,425","351,425","5.63M","-0.57%"
"10/21/2022","353,429","353,429","353,429","353,429","353.43K","-0.19%"
"10/20/2022","354,098","354,098","354,098","354,098","4.04M","0.24%"
"10/19/2022","353,247","353,247","353,247","353,247","21.25M","-0.26%"
"10/18/2022","354,154","354,154","354,154","354,154","7.42M","-0.44%"
"10/14/2022","355,737","355,737","355,737","355,737","9.14M","-0.10%"
"10/13/2022","356,096","356,096","356,096","356,096","10.65M","-0.44%"
"10/12/2022","357,667","357,667","357,667","357,667","7.39M","-0.51%"
"10/11/2022","359,503","359,503","359,503","359,503","5.86M","0.08%"
"10/10/2022","359,209","359,209","359,209","359,209","6.76M","0.13%"
"10/07/2022","358,760","358,760","358,760","358,760","11.09M","0.49%"
"10/06/2022","357,015","357,015","357,015","357,015","7.23M","0.56%"
"10/05/2022","355,012","355,012","355,012","355,012","10.74M","-1.19%"
"10/04/2022","359,273","359,273","359,273","359,273","7.68M","-0.40%"
"10/03/2022","360,702","360,702","360,702","360,702","11.57M","-0.27%"
"09/30/2022","361,692","361,692","361,692","361,692","212.54M","1.06%"
"09/29/2022","357,899","357,899","357,899","357,899","186.83M","0.52%"
"09/28/2022","356,047","356,047","356,047","356,047","28.25M","-0.59%"
"09/27/2022","358,151","358,151","358,151","358,151","10.53M","-0.06%"
"09/26/2022","358,370","358,370","358,370","358,370","12.29M","0.64%"
"09/23/2022","356,098","356,098","356,098","356,098","21.31M","0.08%"
"09/22/2022","355,814","355,814","355,814","355,814","6.86M","0.09%"
"09/21/2022","355,486","355,486","355,486","355,486","10.89M","0.59%"
"09/20/2022","353,391","353,391","353,391","353,391","13.35M","-1.63%"
"09/19/2022","359,229","359,229","359,229","359,229","8.45M","0.20%"
"09/16/2022","358,501","358,501","358,501","358,501","7.64M","-0.40%"
"09/15/2022","359,942","359,942","359,942","359,942","4.58M","0.11%"
"09/14/2022","359,538","359,538","359,538","359,538","11.77M","0.03%"
"09/13/2022","359,413","359,413","359,413","359,413","10.20M","0.46%"
"09/12/2022","357,752","357,752","357,752","357,752","8.67M","-0.02%"
"09/09/2022","357,819","357,819","357,819","357,819","9.58M","-0.73%"
"09/08/2022","360,448","360,448","360,448","360,448","15.88M","0.31%"
"09/07/2022","359,331","359,331","359,331","359,331","10.28M","0.33%"
"09/06/2022","358,151","358,151","358,151","358,151","4.72M","-0.27%"
"09/05/2022","359,108","359,108","359,108","359,108","11.11M","-0.26%"
"09/02/2022","360,039","360,039","360,039","360,039","13.24M","-0.20%"
"09/01/2022","360,759","360,759","360,759","360,759","31.63M","0.41%"
"08/31/2022","359,295","359,295","359,295","359,295","38.83M","-0.13%"
"08/30/2022","359,769","359,769","359,769","359,769","14.62M","0.17%"
"08/29/2022","359,147","359,147","359,147","359,147","22.91M","-0.94%"
"08/26/2022","362,545","362,545","362,545","362,545","17.04M","0.49%"
"08/25/2022","360,761","360,761","360,761","360,761","8.63M","2.14%"
"08/24/2022","353,219","353,219","353,219","353,219","15.12M","-1.28%"
"08/23/2022","357,814","357,814","357,814","357,814","10.04M","0.17%"
"08/22/2022","357,195","357,195","357,195","357,195","32.27M","-1.47%"
"08/19/2022","362,534","362,534","362,534","362,534","289.86M","-0.88%"
"08/18/2022","365,746","365,746","365,746","365,746","358.30M","-0.03%"
"08/17/2022","365,869","365,869","365,869","365,869","8.33M","-0.23%"
"08/16/2022","366,716","366,716","366,716","366,716","6.13M","-0.22%"
"08/15/2022","367,525","367,525","367,525","367,525","7.40M","0.05%"
"08/12/2022","367,336","367,336","367,336","367,336","4.96M","0.10%"
"08/11/2022","366,974","366,974","366,974","366,974","3.47M","-0.06%"
"08/10/2022","367,200","367,200","367,200","367,200","6.42M","-0.44%"
"08/09/2022","368,824","368,824","368,824","368,824","9.16M","-1.10%"
"08/08/2022","372,908","372,908","372,908","372,908","10.75M","-0.01%"
"08/05/2022","372,937","372,937","372,937","372,937","18.71M","0.97%"
"08/04/2022","369,336","369,336","369,336","369,336","16.73M","0.13%"
"08/03/2022","368,856","368,856","368,856","368,856","6.17M","-0.81%"
"08/02/2022","371,876","371,876","371,876","371,876","8.45M","-1.02%"
"07/29/2022","375,693","375,693","375,693","375,693","22.40M","0.28%"
"07/28/2022","374,662","374,662","374,662","374,662","6.74M","-0.51%"
"07/27/2022","376,569","376,569","376,569","376,569","11.32M","-0.16%"
"07/26/2022","377,168","377,168","377,168","377,168","7.89M","0.65%"
"07/25/2022","374,727","374,727","374,727","374,727","5.15M","-0.33%"
"07/22/2022","375,965","375,965","375,965","375,965","8.79M","-0.86%"
"07/21/2022","379,231","379,231","379,231","379,231","6.52M","-0.38%"
"07/20/2022","380,670","380,670","380,670","380,670","7.99M","0.01%"
"07/19/2022","380,636","380,636","380,636","380,636","11.31M","-0.29%"
"07/18/2022","381,728","381,728","381,728","381,728","6.75M","0.28%"
"07/15/2022","380,664","380,664","380,664","380,664","6.92M","-0.17%"
"07/14/2022","381,316","381,316","381,316","381,316","5.48M","0.01%"
"07/13/2022","381,286","381,286","381,286","381,286","16.02M","0.10%"
"07/12/2022","380,912","380,912","380,912","380,912","10.33M","0.33%"
"07/11/2022","379,659","379,659","379,659","379,659","8.98M","-0.28%"
"07/08/2022","380,738","380,738","380,738","380,738","9.62M","-0.31%"
"07/07/2022","381,903","381,903","381,903","381,903","10.33M","0.09%"
"07/06/2022","381,571","381,571","381,571","381,571","9.37M","-0.13%"
"07/05/2022","382,060","382,060","382,060","382,060","9.66M","0.17%"
"07/04/2022","381,429","381,429","381,429","381,429","8.60M","-1.27%"
"07/01/2022","386,327","386,327","386,327","386,327","13.17M","0.56%"
"06/30/2022","384,186","384,186","384,186","384,186","384.19K","0.30%"
"06/29/2022","383,033","383,033","383,033","383,033","16.78M","0.35%"
"06/28/2022","381,709","381,709","381,709","381,709","9.56M","-0.21%"
"06/27/2022","382,525","382,525","382,525","382,525","13.81M","0.35%"
"06/24/2022","381,187","381,187","381,187","381,187","16.87M","-0.56%"
"06/23/2022","383,351","383,351","383,351","383,351","16.71M","0.62%"
"06/22/2022","380,985","380,985","380,985","380,985","15.22M","-0.16%"
"06/21/2022","381,610","381,610","381,610","381,610","14.23M","0.16%"
"06/20/2022","381,007","381,007","381,007","381,007","13.83M","-0.14%"
"06/17/2022","381,528","381,528","381,528","381,528","17.49M","-0.09%"
"06/16/2022","381,853","381,853","381,853","381,853","12.50M","-0.39%"
"06/15/2022","383,331","383,331","383,331","383,331","8.30M","-0.06%"
"06/14/2022","383,551","383,551","383,551","383,551","9.56M","-0.45%"
"06/13/2022","385,284","385,284","385,284","385,284","10.72M","-0.32%"
"06/10/2022","386,531","386,531","386,531","386,531","34.03M","0.03%"
"06/09/2022","386,428","386,428","386,428","386,428","10.59M","-0.44%"
"06/08/2022","388,150","388,150","388,150","388,150","13.22M","1.05%"
"06/07/2022","384,123","384,123","384,123","384,123","8.86M","-1.06%"
"06/06/2022","388,227","388,227","388,227","388,227","14.68M","-0.34%"
"06/03/2022","389,558","389,558","389,558","389,558","7.44M","-0.44%"
"06/02/2022","391,263","391,263","391,263","391,263","17.74M","-0.49%"
"06/01/2022","393,197","393,197","393,197","393,197","17.84M","-0.31%"
"05/31/2022","394,413","394,413","394,413","394,413","19.19M","0.54%"
"05/30/2022","392,283","392,283","392,283","392,283","7.30M","1.15%"
"05/27/2022","387,817","387,817","387,817","387,817","11.04M","0.18%"
"05/26/2022","387,138","387,138","387,138","387,138","12.03M","0.18%"
"05/25/2022","386,445","386,445","386,445","386,445","12.34M","0.29%"
"05/24/2022","385,334","385,334","385,334","385,334","24.05M","-1.68%"
"05/20/2022","391,899","391,899","391,899","391,899","6.60M","-0.18%"
"05/19/2022","392,606","392,606","392,606","392,606","9.88M","0.27%"
"05/18/2022","391,568","391,568","391,568","391,568","12.25M","-1.24%"
"05/17/2022","396,480","396,480","396,480","396,480","16.62M","-0.34%"
"05/16/2022","397,821","397,821","397,821","397,821","13.95M","-1.18%"
"05/13/2022","402,589","402,589","402,589","402,589","9.63M","0.52%"
"05/12/2022","400,488","400,488","400,488","400,488","20.32M","-0.46%"
"05/11/2022","402,356","402,356","402,356","402,356","13.21M","0.17%"
"05/10/2022","401,689","401,689","401,689","401,689","13.99M","0.26%"
"05/09/2022","400,645","400,645","400,645","400,645","14.23M","-0.27%"
"05/06/2022","401,715","401,715","401,715","401,715","10.71M","0.30%"
"05/05/2022","400,505","400,505","400,505","400,505","9.85M","-0.23%"
"05/04/2022","401,426","401,426","401,426","401,426","11.78M","0.41%"
"05/03/2022","399,794","399,794","399,794","399,794","13.46M","-0.06%"
"05/02/2022","400,050","400,050","400,050","400,050","15.83M","-0.45%"
"04/29/2022","401,858","401,858","401,858","401,858","15.48M","0.16%"
"04/28/2022","401,200","401,200","401,200","401,200","10.24M","0.70%"
"04/27/2022","398,414","398,414","398,414","398,414","11.48M","0.73%"
"04/26/2022","395,520","395,520","395,520","395,520","15.18M","-1.01%"
"04/25/2022","399,555","399,555","399,555","399,555","16.23M","-0.54%"
"04/22/2022","401,741","401,741","401,741","401,741","15.18M","1.29%"
"04/21/2022","396,617","396,617","396,617","396,617","11.48M","1.69%"
"04/20/2022","390,042","390,042","390,042","390,042","25.69M","-1.38%"
"04/19/2022","395,484","395,484","395,484","395,484","14.39M","0.25%"
"04/14/2022","394,487","394,487","394,487","394,487","70.37M","-0.30%"
"04/13/2022","395,683","395,683","395,683","395,683","95.43M","0.05%"
"04/12/2022","395,487","395,487","395,487","395,487","18.63M","-0.14%"
"04/11/2022","396,028","396,028","396,028","396,028","16.15M","-0.24%"
"04/08/2022","396,968","396,968","396,968","396,968","35.21M","-0.58%"
"04/07/2022","399,282","399,282","399,282","399,282","31.30M","0.82%"
"04/06/2022","396,016","396,016","396,016","396,016","21.13M","0.92%"
"04/05/2022","392,407","392,407","392,407","392,407","122.57M","0.32%"
"04/04/2022","391,158","391,158","391,158","391,158","13.33M","0.36%"
"04/01/2022","389,774","389,774","389,774","389,774","13.11M","-0.37%"
"03/31/2022","391,232","391,232","391,232","391,232","44.14M","0.57%"
"03/30/2022","389,024","389,024","389,024","389,024","18.36M","0.88%"
"03/29/2022","385,640","385,640","385,640","385,640","20.76M","-0.50%"
"03/28/2022","387,566","387,566","387,566","387,566","14.04M","0.34%"
"03/25/2022","386,264","386,264","386,264","386,264","22.00M","0.54%"
"03/24/2022","384,197","384,197","384,197","384,197","206.93M","-0.44%"
"03/23/2022","385,876","385,876","385,876","385,876","33.97M","0.17%"
"03/22/2022","385,234","385,234","385,234","385,234","41.01M","-0.56%"
"03/21/2022","387,410","387,410","387,410","387,410","54.17M","0.80%"
"03/18/2022","384,351","384,351","384,351","384,351","22.97M","0.42%"
"03/17/2022","382,731","382,731","382,731","382,731","11.33M","-0.69%"
"03/16/2022","385,372","385,372","385,372","385,372","11.62M","-0.30%"
"03/15/2022","386,531","386,531","386,531","386,531","12.55M","-0.87%"
"03/14/2022","389,939","389,939","389,939","389,939","30.35M","-2.73%"
"03/11/2022","400,871","400,871","400,871","400,871","15.20M","0.22%"
"03/10/2022","399,995","399,995","399,995","399,995","14.51M","2.90%"
"03/09/2022","388,730","388,730","388,730","388,730","17.00M","-0.21%"
"03/08/2022","389,547","389,547","389,547","389,547","17.32M","0.40%"
"03/07/2022","387,990","387,990","387,990","387,990","26.28M","0.16%"
"03/04/2022","387,383","387,383","387,383","387,383","20.85M","-0.39%"
"03/03/2022","388,892","388,892","388,892","388,892","74.42M","-0.72%"
"03/01/2022","391,697","391,697","391,697","391,697","17.22M","0.15%"
"02/28/2022","391,123","391,123","391,123","391,123","14.93M","-0.02%"
"02/25/2022","391,193","391,193","391,193","391,193","114.22M","0.09%"
"02/24/2022","390,835","390,835","390,835","390,835","17.32M","-0.40%"
"02/23/2022","392,411","392,411","392,411","392,411","13.51M","-0.29%"
"02/22/2022","393,539","393,539","393,539","393,539","20.21M","-0.39%"
"02/21/2022","395,089","395,089","395,089","395,089","19.29M","-0.03%"
"02/18/2022","395,214","395,214","395,214","395,214","12.66M","0.35%"
"02/17/2022","393,844","393,844","393,844","393,844","24.47M","-1.48%"
"02/16/2022","399,751","399,751","399,751","399,751","25.68M","-0.40%"
"02/15/2022","401,355","401,355","401,355","401,355","25.08M","0.08%"
"02/14/2022","401,042","401,042","401,042","401,042","15.56M","0.22%"
"02/11/2022","400,155","400,155","400,155","400,155","13.34M","1.22%"
"02/10/2022","395,339","395,339","395,339","395,339","25.87M","0.19%"
"02/09/2022","394,578","394,578","394,578","394,578","15.99M","-0.89%"
"02/08/2022","398,133","398,133","398,133","398,133","16.43M","0.00%"
"02/07/2022","398,146","398,146","398,146","398,146","17.37M","0.34%"
"02/04/2022","396,802","396,802","396,802","396,802","12.88M","0.53%"
"02/03/2022","394,700","394,700","394,700","394,700","10.75M","-0.19%"
"02/02/2022","395,448","395,448","395,448","395,448","14.62M","-0.90%"
"02/01/2022","399,054","399,054","399,054","399,054","16.93M","-0.65%"
"01/31/2022","401,660","401,660","401,660","401,660","13.98M","0.30%"
"01/28/2022","400,465","400,465","400,465","400,465","43.06M","0.83%"
"01/27/2022","397,170","397,170","397,170","397,170","9.85M","0.42%"
"01/26/2022","395,499","395,499","395,499","395,499","23.55M","-0.69%"
"01/25/2022","398,238","398,238","398,238","398,238","30.43M","0.31%"
"01/24/2022","397,014","397,014","397,014","397,014","7.27M","0.22%"
"01/21/2022","396,141","396,141","396,141","396,141","15.54M","0.32%"
"01/20/2022","394,872","394,872","394,872","394,872","7.46M","0.32%"
"01/19/2022","393,621","393,621","393,621","393,621","11.07M","-0.14%"
"01/18/2022","394,164","394,164","394,164","394,164","8.13M","-0.17%"
"01/17/2022","394,838","394,838","394,838","394,838","9.68M","0.52%"
"01/14/2022","392,791","392,791","392,791","392,791","8.02M","-0.58%"
"01/13/2022","395,073","395,073","395,073","395,073","12.65M","-1.37%"
"01/12/2022","400,566","400,566","400,566","400,566","11.36M","0.81%"
"01/11/2022","397,355","397,355","397,355","397,355","5.00M","-0.65%"
"01/10/2022","399,954","399,954","399,954","399,954","11.15M","0.45%"
"01/07/2022","398,169","398,169","398,169","398,169","7.84M","-0.62%"
"01/06/2022","400,653","400,653","400,653","400,653","6.39M","0.47%"
"01/05/2022","398,792","398,792","398,792","398,792","5.45M","0.60%"
"01/04/2022","396,398","396,398","396,398","396,398","8.45M","0.06%"
"12/31/2021","396,156","396,156","396,156","396,156","49.01M","-0.78%"
"12/30/2021","399,276","399,276","399,276","399,276","85.89M","0.55%"
"12/29/2021","397,102","397,102","397,102","397,102","6.60M","1.79%"
"12/28/2021","390,132","390,132","390,132","390,132","4.04M","0.82%"
"12/24/2021","386,953","386,953","386,953","386,953","13.89M","0.13%"
"12/23/2021","386,440","386,440","386,440","386,440","13.41M","0.19%"
"12/22/2021","385,698","385,698","385,698","385,698","3.49M","-0.18%"
"12/21/2021","386,375","386,375","386,375","386,375","7.94M","-0.28%"
"12/20/2021","387,471","387,471","387,471","387,471","12.30M","0.11%"
"12/17/2021","387,048","387,048","387,048","387,048","9.90M","0.19%"
"12/16/2021","386,329","386,329","386,329","386,329","20.05M","-0.05%"
"12/15/2021","386,509","386,509","386,509","386,509","74.73M","-0.77%"
"12/14/2021","389,499","389,499","389,499","389,499","12.86M","-0.32%"
"12/13/2021","390,764","390,764","390,764","390,764","46.38M","-0.37%"
"12/10/2021","392,230","392,230","392,230","392,230","40.22M","0.33%"
"12/09/2021","390,947","390,947","390,947","390,947","7.65M","0.75%"
"12/08/2021","388,039","388,039","388,039","388,039","6.97M","-0.27%"
"12/07/2021","389,095","389,095","389,095","389,095","7.59M","0.18%"
"12/06/2021","388,388","388,388","388,388","388,388","9.01M","-0.40%"
"12/03/2021","389,946","389,946","389,946","389,946","7.48M","0.39%"
"12/02/2021","388,423","388,423","388,423","388,423","84.94M","-1.69%"
"12/01/2021","395,101","395,101","395,101","395,101","5.59M","-0.69%"
"11/30/2021","397,831","397,831","397,831","397,831","7.61M","1.28%"
"11/29/2021","392,794","392,794","392,794","392,794","10.51M","0.40%"
"11/26/2021","391,220","391,220","391,220","391,220","7.65M","0.11%"
"11/25/2021","390,805","390,805","390,805","390,805","9.49M","-0.50%"
"11/24/2021","392,764","392,764","392,764","392,764","12.59M","0.63%"
"11/23/2021","390,292","390,292","390,292","390,292","9.06M","0.19%"
"11/22/2021","389,556","389,556","389,556","389,556","8.61M","0.71%"
"11/19/2021","386,813","386,813","386,813","386,813","8.91M","-1.64%"
"11/18/2021","393,246","393,246","393,246","393,246","8.68M","-1.04%"
"11/17/2021","397,384","397,384","397,384","397,384","21.57M","0.00%"
"11/16/2021","397,380","397,380","397,380","397,380","10.04M","0.66%"
"11/15/2021","394,793","394,793","394,793","394,793","16.49M","-0.10%"
"11/12/2021","395,171","395,171","395,171","395,171","11.63M","-0.71%"
"11/11/2021","397,982","397,982","397,982","397,982","28.19M","0.48%"
"11/10/2021","396,065","396,065","396,065","396,065","9.46M","-0.99%"
"11/09/2021","400,024","400,024","400,024","400,024","12.27M","0.22%"
"11/08/2021","399,148","399,148","399,148","399,148","10.00M","-0.74%"
"11/05/2021","402,123","402,123","402,123","402,123","9.11M","0.13%"
"11/04/2021","401,601","401,601","401,601","401,601","11.64M","-0.36%"
"11/03/2021","403,071","403,071","403,071","403,071","8.13M","0.14%"
"11/02/2021","402,488","402,488","402,488","402,488","7.55M","-0.09%"
"11/01/2021","402,843","402,843","402,843","402,843","26.11M","-0.28%"
"10/29/2021","403,965","403,965","403,965","403,965","31.42M","0.14%"
"10/28/2021","403,394","403,394","403,394","403,394","14.75M","-0.92%"
"10/27/2021","407,121","407,121","407,121","407,121","8.95M","0.89%"
"10/26/2021","403,528","403,528","403,528","403,528","13.99M","0.07%"
"10/25/2021","403,251","403,251","403,251","403,251","7.11M","0.67%"
"10/22/2021","400,578","400,578","400,578","400,578","9.86M","-0.65%"
"10/21/2021","403,206","403,206","403,206","403,206","10.65M","0.20%"
"10/20/2021","402,404","402,404","402,404","402,404","10.82M","-0.07%"
"10/19/2021","402,673","402,673","402,673","402,673","4.88M","-0.33%"
"10/15/2021","403,999","403,999","403,999","403,999","20.48M","-0.17%"
"10/14/2021","404,707","404,707","404,707","404,707","6.49M","0.14%"
"10/13/2021","404,135","404,135","404,135","404,135","17.33M","-0.38%"
"10/12/2021","405,665","405,665","405,665","405,665","9.96M","-0.36%"
"10/11/2021","407,111","407,111","407,111","407,111","8.03M","-0.31%"
"10/08/2021","408,391","408,391","408,391","408,391","15.90M","0.52%"
"10/07/2021","406,297","406,297","406,297","406,297","12.79M","-0.34%"
"10/06/2021","407,697","407,697","407,697","407,697","13.72M","-0.73%"
"10/05/2021","410,680","410,680","410,680","410,680","11.67M","-0.13%"
"10/04/2021","411,208","411,208","411,208","411,208","11.19M","-0.81%"
"10/01/2021","414,578","414,578","414,578","414,578","15.90M","-0.08%"
"09/30/2021","414,890","414,890","414,890","414,890","18.55M","0.97%"
"09/29/2021","410,899","410,899","410,899","410,899","18.95M","0.66%"
"09/28/2021","408,198","408,198","408,198","408,198","50.86M","0.58%"
"09/27/2021","405,846","405,846","405,846","405,846","12.62M","0.49%"
"09/24/2021","403,871","403,871","403,871","403,871","11.34M","0.19%"
"09/23/2021","403,091","403,091","403,091","403,091","10.69M","-0.03%"
"09/22/2021","403,192","403,192","403,192","403,192","11.22M","-0.37%"
"09/21/2021","404,691","404,691","404,691","404,691","14.66M","-0.45%"
"09/20/2021","406,503","406,503","406,503","406,503","6.59M","-0.11%"
"09/17/2021","406,951","406,951","406,951","406,951","3.97M","0.08%"
"09/16/2021","406,641","406,641","406,641","406,641","10.98M","-0.11%"
"09/15/2021","407,088","407,088","407,088","407,088","5.21M","0.08%"
"09/14/2021","406,762","406,762","406,762","406,762","12.26M","-0.49%"
"09/13/2021","408,751","408,751","408,751","408,751","17.91M","0.07%"
"09/10/2021","408,462","408,462","408,462","408,462","13.47M","0.04%"
"09/09/2021","408,309","408,309","408,309","408,309","12.53M","-0.50%"
"09/08/2021","410,378","410,378","410,378","410,378","11.28M","-0.37%"
"09/07/2021","411,890","411,890","411,890","411,890","71.75M","-0.03%"
"09/06/2021","412,025","412,025","412,025","412,025","24.03M","-0.08%"
"09/03/2021","412,337","412,337","412,337","412,337","15.88M","-0.38%"
"09/02/2021","413,912","413,912","413,912","413,912","12.93M","-0.85%"
"09/01/2021","417,468","417,468","417,468","417,468","6.59M","-0.10%"
"08/31/2021","417,865","417,865","417,865","417,865","17.37M","0.64%"
"08/30/2021","415,195","415,195","415,195","415,195","15.59M","-0.13%"
"08/27/2021","415,715","415,715","415,715","415,715","15.66M","0.93%"
"08/26/2021","411,881","411,881","411,881","411,881","15.13M","-0.26%"
"08/25/2021","412,952","412,952","412,952","412,952","10.75M","0.83%"
"08/24/2021","409,567","409,567","409,567","409,567","18.30M","-0.70%"
"08/23/2021","412,453","412,453","412,453","412,453","11.08M","-0.46%"
"08/20/2021","414,361","414,361","414,361","414,361","148.85M","-0.19%"
"08/19/2021","415,166","415,166","415,166","415,166","22.30M","-0.14%"
"08/18/2021","415,753","415,753","415,753","415,753","","-0.07%"
"08/17/2021","416,061","416,061","416,061","416,061","84.14M","-0.18%"
"08/16/2021","416,824","416,824","416,824","416,824","32.95M","0.02%"
"08/13/2021","416,729","416,729","416,729","416,729","17.46M","-0.08%"
"08/12/2021","417,042","417,042","417,042","417,042","9.34M","0.23%"
"08/11/2021","416,088","416,088","416,088","416,088","12.71M","-0.47%"
"08/10/2021","418,049","418,049","418,049","418,049","5.41M","0.04%"
"08/09/2021","417,901","417,901","417,901","417,901","10.02M","-0.91%"
"08/05/2021","421,732","421,732","421,732","421,732","6.49M","0.02%"
"08/04/2021","421,658","421,658","421,658","421,658","6.34M","-0.04%"
"08/03/2021","421,847","421,847","421,847","421,847","7.49M","-0.54%"
"07/30/2021","424,135","424,135","424,135","424,135","16.89M","0.77%"
"07/29/2021","420,887","420,887","420,887","420,887","11.83M","-0.10%"
"07/28/2021","421,293","421,293","421,293","421,293","14.44M","0.95%"
"07/27/2021","417,326","417,326","417,326","417,326","13.71M","-0.28%"
"07/26/2021","418,503","418,503","418,503","418,503","7.71M","-0.20%"
"07/23/2021","419,356","419,356","419,356","419,356","15.68M","-0.01%"
"07/22/2021","419,409","419,409","419,409","419,409","12.50M","0.23%"
"07/21/2021","418,464","418,464","418,464","418,464","7.53M","0.51%"
"07/20/2021","416,337","416,337","416,337","416,337","45.48M","-0.14%"
"07/19/2021","416,933","416,933","416,933","416,933","14.27M","-0.75%"
"07/16/2021","420,072","420,072","420,072","420,072","15.82M","-0.19%"
"07/15/2021","420,868","420,868","420,868","420,868","6.43M","-0.27%"
"07/14/2021","422,022","422,022","422,022","422,022","7.53M","0.18%"
"07/13/2021","421,263","421,263","421,263","421,263","5.57M","-1.83%"
"07/12/2021","429,100","429,100","429,100","429,100","102.64M","0.58%"
"07/09/2021","426,626","426,626","426,626","426,626","9.33M","-0.02%"
"07/08/2021","426,698","426,698","426,698","426,698","8.89M","0.82%"
"07/07/2021","423,235","423,235","423,235","423,235","11.43M","-0.16%"
"07/06/2021","423,909","423,909","423,909","423,909","6.64M","-0.77%"
"07/05/2021","427,216","427,216","427,216","427,216","7.76M","0.72%"
"07/02/2021","424,163","424,163","424,163","424,163","5.76M","-0.56%"
"07/01/2021","426,551","426,551","426,551","426,551","4.81M","0.23%"
"06/30/2021","425,564","425,564","425,564","425,564","11.97M","1.43%"
"06/29/2021","419,563","419,563","419,563","419,563","9.51M","-1.41%"
"06/28/2021","425,549","425,549","425,549","425,549","18.85M","-1.29%"
"06/25/2021","431,110","431,110","431,110","431,110","19.12M","-0.14%"
"06/24/2021","431,734","431,734","431,734","431,734","7.92M","-0.89%"
"06/23/2021","435,628","435,628","435,628","435,628","10.42M","-0.16%"
"06/22/2021","436,333","436,333","436,333","436,333","9.14M","-0.54%"
"06/21/2021","438,693","438,693","438,693","438,693","6.57M","0.31%"
"06/18/2021","437,322","437,322","437,322","437,322","9.59M","0.70%"
"06/17/2021","434,266","434,266","434,266","434,266","23.42M","1.45%"
"06/16/2021","428,073","428,073","428,073","428,073","8.88M","0.37%"
"06/15/2021","426,477","426,477","426,477","426,477","22.24M","-0.57%"
"06/14/2021","428,932","428,932","428,932","428,932","13.86M","0.59%"
"06/11/2021","426,421","426,421","426,421","426,421","12.13M","-0.18%"
"06/10/2021","427,170","427,170","427,170","427,170","10.25M","0.86%"
"06/09/2021","423,530","423,530","423,530","423,530","11.26M","-0.29%"
"06/08/2021","424,777","424,777","424,777","424,777","12.60M","0.17%"
"06/07/2021","424,058","424,058","424,058","424,058","7.18M","-0.05%"
"06/04/2021","424,268","424,268","424,268","424,268","21.22M","-0.32%"
"06/03/2021","425,630","425,630","425,630","425,630","8.42M","1.30%"
"06/02/2021","420,160","420,160","420,160","420,160","12.08M","-0.05%"
"06/01/2021","420,360","420,360","420,360","420,360","7.21M","-0.41%"
"05/31/2021","422,099","422,099","422,099","422,099","23.17M","0.01%"
"05/28/2021","422,067","422,067","422,067","422,067","119.75M","0.18%"
"05/27/2021","421,312","421,312","421,312","421,312","12.33M","-0.04%"
"05/26/2021","421,497","421,497","421,497","421,497","27.18M","-0.46%"
"05/25/2021","423,431","423,431","423,431","423,431","12.56M","-0.21%"
"05/21/2021","424,303","424,303","424,303","424,303","13.54M","-0.06%"
"05/20/2021","424,560","424,560","424,560","424,560","26.26M","0.06%"
"05/18/2021","424,325","424,325","424,325","424,325","11.78M","-1.46%"
"05/17/2021","430,592","430,592","430,592","430,592","17.17M","0.60%"
"05/14/2021","428,015","428,015","428,015","428,015","31.70M","0.14%"
"05/13/2021","427,434","427,434","427,434","427,434","14.52M","0.17%"
"05/12/2021","426,702","426,702","426,702","426,702","12.30M","0.07%"
"05/11/2021","426,388","426,388","426,388","426,388","5.63M","0.41%"
"05/10/2021","424,663","424,663","424,663","424,663","10.08M","-1.13%"
"05/07/2021","429,532","429,532","429,532","429,532","9.06M","1.61%"
"05/06/2021","422,743","422,743","422,743","422,743","14.01M","4.16%"
"05/05/2021","405,873","405,873","405,873","405,873","14.40M","0.20%"
"05/04/2021","405,057","405,057","405,057","405,057","13.25M","2.08%"
"05/03/2021","396,803","396,803","396,803","396,803","37.97M","-2.75%"
"04/30/2021","408,023","408,023","408,023","408,023","16.98M","0.33%"
"04/29/2021","406,692","406,692","406,692","406,692","9.32M","0.48%"
"04/28/2021","404,765","404,765","404,765","404,765","12.98M","0.22%"
"04/27/2021","403,883","403,883","403,883","403,883","10.46M","0.06%"
"04/26/2021","403,647","403,647","403,647","403,647","7.98M","0.20%"
"04/23/2021","402,843","402,843","402,843","402,843","14.18M","0.05%"
"04/22/2021","402,637","402,637","402,637","402,637","7.90M","0.04%"
"04/21/2021","402,467","402,467","402,467","402,467","7.82M","0.73%"
"04/20/2021","399,558","399,558","399,558","399,558","17.60M","0.38%"
"04/19/2021","398,064","398,064","398,064","398,064","7.55M","0.08%"
"04/16/2021","397,748","397,748","397,748","397,748","15.47M","0.19%"
"04/15/2021","397,007","397,007","397,007","397,007","13.52M","0.08%"
"04/14/2021","396,684","396,684","396,684","396,684","9.91M","0.84%"
"04/13/2021","393,368","393,368","393,368","393,368","9.82M","0.18%"
"04/12/2021","392,649","392,649","392,649","392,649","20.11M","-0.45%"
"04/09/2021","394,429","394,429","394,429","394,429","3.76M","-0.02%"
"04/08/2021","394,523","394,523","394,523","394,523","8.39M","0.05%"
"04/07/2021","394,310","394,310","394,310","394,310","12.05M","-0.17%"
"04/06/2021","394,991","394,991","394,991","394,991","11.51M","-0.59%"
"04/01/2021","397,354","397,354","397,354","397,354","9.15M","0.68%"
"03/31/2021","394,660","394,660","394,660","394,660","16.83M","0.52%"
"03/30/2021","392,604","392,604","392,604","392,604","29.60M","-0.25%"
"03/29/2021","393,572","393,572","393,572","393,572","13.71M","-0.40%"
"03/26/2021","395,154","395,154","395,154","395,154","7.74M","0.65%"
"03/25/2021","392,618","392,618","392,618","392,618","108.50M","-0.01%"
"03/24/2021","392,671","392,671","392,671","392,671","11.15M","0.25%"
"03/23/2021","391,705","391,705","391,705","391,705","10.35M","-0.73%"
"03/19/2021","394,571","394,571","394,571","394,571","8.08M","0.09%"
"03/18/2021","394,205","394,205","394,205","394,205","10.77M","-0.32%"
"03/17/2021","395,490","395,490","395,490","395,490","7.80M","-0.63%"
"03/16/2021","398,010","398,010","398,010","398,010","7.90M","0.52%"
"03/15/2021","395,961","395,961","395,961","395,961","10.15M","-0.27%"
"03/12/2021","397,038","397,038","397,038","397,038","10.95M","-0.17%"
"03/11/2021","397,725","397,725","397,725","397,725","13.43M","0.98%"
"03/10/2021","393,880","393,880","393,880","393,880","9.89M","-0.15%"
"03/09/2021","394,456","394,456","394,456","394,456","8.36M","-0.35%"
"03/08/2021","395,838","395,838","395,838","395,838","14.49M","0.03%"
"03/05/2021","395,737","395,737","395,737","395,737","9.09M","-0.28%"
"03/04/2021","396,833","396,833","396,833","396,833","11.39M","0.41%"
"03/03/2021","395,223","395,223","395,223","395,223","16.45M","-0.49%"
"03/02/2021","397,180","397,180","397,180","397,180","14.26M","-0.30%"
"03/01/2021","398,370","398,370","398,370","398,370","18.06M","0.97%"
"02/26/2021","394,529","394,529","394,529","394,529","35.68M","0.54%"
"02/25/2021","392,402","392,402","392,402","392,402","15.92M","0.00%"
"02/24/2021","392,387","392,387","392,387","392,387","29.45M","0.04%"
"02/23/2021","392,238","392,238","392,238","392,238","20.25M","-0.12%"
"02/22/2021","392,703","392,703","392,703","392,703","16.44M","0.37%"
"02/19/2021","391,244","391,244","391,244","391,244","11.27M","-0.23%"
"02/18/2021","392,156","392,156","392,156","392,156","11.78M","0.17%"
"02/16/2021","391,508","391,508","391,508","391,508","9.84M","-0.16%"
"02/15/2021","392,127","392,127","392,127","392,127","21.10M","0.47%"
"02/12/2021","390,279","390,279","390,279","390,279","14.35M","1.12%"
"02/11/2021","385,974","385,974","385,974","385,974","14.74M","-0.58%"
"02/10/2021","388,227","388,227","388,227","388,227","43.74M","0.75%"
"02/09/2021","385,325","385,325","385,325","385,325","16.70M","-1.47%"
"02/08/2021","391,068","391,068","391,068","391,068","14.89M","0.15%"
"02/05/2021","390,477","390,477","390,477","390,477","8.95M","0.27%"
"02/04/2021","389,431","389,431","389,431","389,431","12.43M","0.30%"
"02/03/2021","388,249","388,249","388,249","388,249","9.83M","-0.47%"
"02/02/2021","390,084","390,084","390,084","390,084","19.93M","1.00%"
"02/01/2021","386,220","386,220","386,220","386,220","38.53M","-0.44%"
"01/29/2021","387,938","387,938","387,938","387,938","11.98M","0.66%"
"01/28/2021","385,379","385,379","385,379","385,379","9.37M","0.72%"
"01/27/2021","382,637","382,637","382,637","382,637","5.96M","0.00%"
"01/26/2021","382,649","382,649","382,649","382,649","11.59M","0.19%"
"01/25/2021","381,917","381,917","381,917","381,917","32.80M","-1.02%"
"01/22/2021","385,860","385,860","385,860","385,860","11.20M","0.26%"
"01/21/2021","384,843","384,843","384,843","384,843","25.72M","-0.40%"
"01/20/2021","386,406","386,406","386,406","386,406","10.35M","-0.24%"
"01/19/2021","387,332","387,332","387,332","387,332","5.60M","-0.84%"
"01/18/2021","390,612","390,612","390,612","390,612","5.91M","0.31%"
"01/15/2021","389,412","389,412","389,412","389,412","6.65M","0.17%"
"01/14/2021","388,746","388,746","388,746","388,746","12.96M","0.03%"
"01/13/2021","388,618","388,618","388,618","388,618","15.18M","-0.42%"
"01/12/2021","390,256","390,256","390,256","390,256","14.43M","-0.79%"
"01/11/2021","393,361","393,361","393,361","393,361","21.54M","-0.18%"
"01/08/2021","394,081","394,081","394,081","394,081","8.36M","-0.18%"
"01/07/2021","394,787","394,787","394,787","394,787","42.48M","0.11%"
"01/06/2021","394,361","394,361","394,361","394,361","8.06M","-0.37%"
"01/05/2021","395,841","395,841","395,841","395,841","8.82M","0.32%"
"01/04/2021","394,584","394,584","394,584","394,584","6.06M","-0.26%"
"12/31/2020","395,615","395,615","395,615","395,615","39.60M","0.51%"
"12/30/2020","393,601","393,601","393,601","393,601","28.80M","0.47%"
"12/29/2020","391,753","391,753","391,753","391,753","26.51M","-0.14%"
"12/28/2020","392,304","392,304","392,304","392,304","50.53M","0.10%"
"12/24/2020","391,902","391,902","391,902","391,902","18.74M","1.21%"
"12/23/2020","387,218","387,218","387,218","387,218","24.55M","0.44%"
"12/22/2020","385,516","385,516","385,516","385,516","24.95M","-1.19%"
"12/21/2020","390,163","390,163","390,163","390,163","17.32M","0.56%"
"12/18/2020","387,995","387,995","387,995","387,995","37.66M","-0.17%"
"12/17/2020","388,653","388,653","388,653","388,653","13.24M","-0.10%"
"12/16/2020","389,023","389,023","389,023","389,023","18.73M","-0.57%"
"12/15/2020","391,267","391,267","391,267","391,267","7.53M","0.47%"
"12/14/2020","389,433","389,433","389,433","389,433","7.08M","-0.71%"
"12/11/2020","392,235","392,235","392,235","392,235","22.15M","0.37%"
"12/10/2020","390,789","390,789","390,789","390,789","5.19M","1.16%"
"12/09/2020","386,298","386,298","386,298","386,298","4.21M","-1.43%"
"12/08/2020","391,896","391,896","391,896","391,896","28.77M","0.46%"
"12/07/2020","390,093","390,093","390,093","390,093","21.66M","-1.60%"
"12/04/2020","396,424","396,424","396,424","396,424","26.04M","0.25%"
"12/03/2020","395,451","395,451","395,451","395,451","8.37M","-0.36%"
"12/02/2020","396,882","396,882","396,882","396,882","7.29M","-0.25%"
"12/01/2020","397,871","397,871","397,871","397,871","7.46M","-0.43%"
"11/30/2020","399,576","399,576","399,576","399,576","16.71M","0.53%"
"11/27/2020","397,474","397,474","397,474","397,474","229.25M","0.83%"
"11/26/2020","394,216","394,216","394,216","394,216","12.01M","-0.06%"
"11/25/2020","394,446","394,446","394,446","394,446","12.51M","0.77%"
"11/24/2020","391,428","391,428","391,428","391,428","46.79M","0.69%"
"11/23/2020","388,748","388,748","388,748","388,748","27.82M","0.07%"
"11/20/2020","388,463","388,463","388,463","388,463","44.98M","0.30%"
"11/19/2020","387,308","387,308","387,308","387,308","9.74M","-0.65%"
"11/18/2020","389,846","389,846","389,846","389,846","16.14M","1.64%"
"11/17/2020","383,551","383,551","383,551","383,551","13.93M","1.23%"
"11/16/2020","378,895","378,895","378,895","378,895","7.09M","0.28%"
"11/13/2020","377,829","377,829","377,829","377,829","12.18M","-0.40%"
"11/12/2020","379,340","379,340","379,340","379,340","12.81M","0.69%"
"11/11/2020","376,752","376,752","376,752","376,752","24.75M","-0.01%"
"11/10/2020","376,773","376,773","376,773","376,773","7.83M","0.29%"
"11/09/2020","375,692","375,692","375,692","375,692","12.23M","1.89%"
"11/06/2020","368,738","368,738","368,738","368,738","12.82M","-0.54%"
"11/05/2020","370,727","370,727","370,727","370,727","8.72M","-0.54%"
"11/04/2020","372,724","372,724","372,724","372,724","8.29M","0.30%"
"11/03/2020","371,613","371,613","371,613","371,613","4.74M","-0.63%"
"11/02/2020","373,983","373,983","373,983","373,983","5.76M","-0.37%"
"10/30/2020","375,386","375,386","375,386","375,386","8.14M","0.76%"
"10/29/2020","372,540","372,540","372,540","372,540","16.23M","-0.90%"
"10/28/2020","375,928","375,928","375,928","375,928","15.54M","-0.35%"
"10/27/2020","377,261","377,261","377,261","377,261","7.74M","0.46%"
"10/26/2020","375,519","375,519","375,519","375,519","17.17M","-0.24%"
"10/23/2020","376,432","376,432","376,432","376,432","53.05M","0.13%"
"10/22/2020","375,942","375,942","375,942","375,942","35.66M","1.23%"
"10/21/2020","371,390","371,390","371,390","371,390","11.35M","-1.82%"
"10/20/2020","378,286","378,286","378,286","378,286","4.20M","0.13%"
"10/16/2020","377,799","377,799","377,799","377,799","31.50M","1.40%"
"10/15/2020","372,568","372,568","372,568","372,568","11.65M","-0.54%"
"10/14/2020","374,598","374,598","374,598","374,598","34.26M","1.18%"
"10/13/2020","370,221","370,221","370,221","370,221","14.29M","0.15%"
"10/12/2020","369,678","369,678","369,678","369,678","17.74M","-0.46%"
"10/09/2020","371,395","371,395","371,395","371,395","9.61M","-0.18%"
"10/08/2020","372,069","372,069","372,069","372,069","4.24M","1.06%"
"10/07/2020","368,158","368,158","368,158","368,158","33.83M","-0.17%"
"10/06/2020","368,799","368,799","368,799","368,799","10.53M","-0.90%"
"10/05/2020","372,153","372,153","372,153","372,153","16.00M","1.10%"
"10/02/2020","368,100","368,100","368,100","368,100","9.12M","-2.02%"
"10/01/2020","375,685","375,685","375,685","375,685","7.17M","-1.25%"
"09/30/2020","380,426","380,426","380,426","380,426","16.71M","2.36%"
"09/29/2020","371,647","371,647","371,647","371,647","6.38M","0.07%"
"09/28/2020","371,405","371,405","371,405","371,405","11.38M","-0.32%"
"09/25/2020","372,604","372,604","372,604","372,604","24.34M","0.24%"
"09/24/2020","371,716","371,716","371,716","371,716","13.14M","0.33%"
"09/23/2020","370,507","370,507","370,507","370,507","30.19M","-0.24%"
"09/22/2020","371,390","371,390","371,390","371,390","11.35M","1.15%"
"09/21/2020","367,168","367,168","367,168","367,168","7.55M","-0.33%"
"09/18/2020","368,392","368,392","368,392","368,392","12.18M","0.71%"
"09/17/2020","365,784","365,784","365,784","365,784","6.25M","0.30%"
"09/16/2020","364,705","364,705","364,705","364,705","8.88M","-0.90%"
"09/15/2020","368,018","368,018","368,018","368,018","4.99M","-0.17%"
"09/14/2020","368,649","368,649","368,649","368,649","7.37M","0.31%"
"09/11/2020","367,527","367,527","367,527","367,527","25.61M","0.25%"
"09/10/2020","366,617","366,617","366,617","366,617","10.53M","0.26%"
"09/09/2020","365,655","365,655","365,655","365,655","5.52M","-0.25%"
"09/08/2020","366,576","366,576","366,576","366,576","4.88M","0.42%"
"09/07/2020","365,030","365,030","365,030","365,030","10.16M","-0.56%"
"09/04/2020","367,101","367,101","367,101","367,101","5.97M","0.23%"
"09/03/2020","366,242","366,242","366,242","366,242","7.82M","0.51%"
"09/02/2020","364,391","364,391","364,391","364,391","7.34M","0.25%"
"09/01/2020","363,490","363,490","363,490","363,490","11.00M","-1.83%"
"08/31/2020","370,283","370,283","370,283","370,283","24.00M","1.16%"
"08/28/2020","366,050","366,050","366,050","366,050","59.57M","-0.21%"
"08/27/2020","366,826","366,826","366,826","366,826","11.37M","-0.47%"
"08/26/2020","368,546","368,546","368,546","368,546","22.69M","0.79%"
"08/25/2020","365,674","365,674","365,674","365,674","15.90M","-1.75%"
"08/24/2020","372,193","372,193","372,193","372,193","12.21M","1.11%"
"08/21/2020","368,099","368,099","368,099","368,099","10.32M","0.49%"
"08/20/2020","366,312","366,312","366,312","366,312","18.09M","-0.10%"
"08/19/2020","366,695","366,695","366,695","366,695","34.87M","-0.40%"
"08/18/2020","368,158","368,158","368,158","368,158","33.83M","-0.50%"
"08/17/2020","370,010","370,010","370,010","370,010","23.03M","0.31%"
"08/14/2020","368,871","368,871","368,871","368,871","20.61M","0.21%"
"08/13/2020","368,098","368,098","368,098","368,098","39.12M","0.86%"
"08/12/2020","364,976","364,976","364,976","364,976","6.84M","-0.77%"
"08/11/2020","367,810","367,810","367,810","367,810","11.04M","-0.55%"
"08/10/2020","369,854","369,854","369,854","369,854","12.95M","0.27%"
"08/07/2020","368,853","368,853","368,853","368,853","12.28M","-0.19%"
"08/05/2020","369,557","369,557","369,557","369,557","7.64M","-0.71%"
"08/04/2020","372,187","372,187","372,187","372,187","41.74M","-1.07%"
"08/03/2020","376,219","376,219","376,219","376,219","8.21M","1.56%"
"07/31/2020","370,422","370,422","370,422","370,422","13.54M","1.22%"
"07/30/2020","365,947","365,947","365,947","365,947","11.76M","-0.54%"
"07/29/2020","367,933","367,933","367,933","367,933","20.42M","0.28%"
"07/28/2020","366,908","366,908","366,908","366,908","11.63M","-1.03%"
"07/27/2020","370,742","370,742","370,742","370,742","14.63M","0.12%"
"07/24/2020","370,307","370,307","370,307","370,307","7.20M","-0.18%"
"07/23/2020","370,965","370,965","370,965","370,965","4.91M","-0.62%"
"07/22/2020","373,296","373,296","373,296","373,296","5.83M","-0.24%"
"07/21/2020","374,208","374,208","374,208","374,208","26.18M","-0.78%"
"07/20/2020","377,131","377,131","377,131","377,131","26.76M","0.31%"
"07/17/2020","375,955","375,955","375,955","375,955","11.98M","0.48%"
"07/16/2020","374,143","374,143","374,143","374,143","14.55M","0.33%"
"07/15/2020","372,909","372,909","372,909","372,909","8.84M","1.25%"
"07/14/2020","368,317","368,317","368,317","368,317","32.90M","-0.86%"
"07/13/2020","371,525","371,525","371,525","371,525","11.04M","1.12%"
"07/10/2020","367,397","367,397","367,397","367,397","11.79M","-0.70%"
"07/09/2020","369,994","369,994","369,994","369,994","16.79M","-0.29%"
"07/08/2020","371,081","371,081","371,081","371,081","26.06M","-0.04%"
"07/07/2020","371,225","371,225","371,225","371,225","16.34M","-0.41%"
"07/06/2020","372,761","372,761","372,761","372,761","5.53M","-1.54%"
"07/03/2020","378,604","378,604","378,604","378,604","11.92M","0.19%"
"07/02/2020","377,882","377,882","377,882","377,882","25.34M","-1.13%"
"07/01/2020","382,214","382,214","382,214","382,214","19.36M","-0.40%"
"06/30/2020","383,756","383,756","383,756","383,756","68.24M","2.07%"
"06/29/2020","375,989","375,989","375,989","375,989","11.61M","-1.10%"
"06/26/2020","380,156","380,156","380,156","380,156","27.35M","0.24%"
"06/25/2020","379,244","379,244","379,244","379,244","13.49M","0.05%"
"06/24/2020","379,044","379,044","379,044","379,044","359.33M","0.95%"
"06/23/2020","375,462","375,462","375,462","375,462","23.66M","-0.83%"
"06/22/2020","378,597","378,597","378,597","378,597","5.58M","0.83%"
"06/19/2020","375,463","375,463","375,463","375,463","11.60M","-1.68%"
"06/18/2020","381,866","381,866","381,866","381,866","13.97M","0.30%"
"06/17/2020","380,726","380,726","380,726","380,726","19.99M","1.15%"
"06/16/2020","376,394","376,394","376,394","376,394","16.82M","-0.14%"
"06/15/2020","376,915","376,915","376,915","376,915","16.45M","-0.58%"
"06/12/2020","379,116","379,116","379,116","379,116","23.62M","0.09%"
"06/11/2020","378,773","378,773","378,773","378,773","10.46M","0.63%"
"06/10/2020","376,398","376,398","376,398","376,398","7.51M","-0.62%"
"06/09/2020","378,739","378,739","378,739","378,739","9.47M","-0.13%"
"06/08/2020","379,245","379,245","379,245","379,245","18.39M","-0.42%"
"06/05/2020","380,837","380,837","380,837","380,837","13.58M","0.00%"
"06/04/2020","380,852","380,852","380,852","380,852","9.96M","0.19%"
"06/03/2020","380,125","380,125","380,125","380,125","26.28M","0.12%"
"06/02/2020","379,688","379,688","379,688","379,688","43.62M","-0.20%"
"06/01/2020","380,442","380,442","380,442","380,442","23.53M","-0.84%"
"05/29/2020","383,650","383,650","383,650","383,650","109.38M","0.99%"
"05/28/2020","379,887","379,887","379,887","379,887","21.51M","-0.35%"
"05/27/2020","381,213","381,213","381,213","381,213","18.44M","-0.64%"
"05/26/2020","383,687","383,687","383,687","383,687","17.33M","1.68%"
"05/22/2020","377,365","377,365","377,365","377,365","19.04M","-0.68%"
"05/21/2020","379,954","379,954","379,954","379,954","11.04M","-0.12%"
"05/20/2020","380,412","380,412","380,412","380,412","11.61M","1.78%"
"05/19/2020","373,751","373,751","373,751","373,751","17.25M","-0.98%"
"05/18/2020","377,432","377,432","377,432","377,432","20.92M","0.63%"
"05/15/2020","375,066","375,066","375,066","375,066","24.40M","-0.53%"
"05/14/2020","377,070","377,070","377,070","377,070","12.36M","0.61%"
"05/13/2020","374,795","374,795","374,795","374,795","13.20M","-0.26%"
"05/12/2020","375,776","375,776","375,776","375,776","10.23M","0.22%"
"05/11/2020","374,948","374,948","374,948","374,948","13.64M","0.20%"
"05/08/2020","374,196","374,196","374,196","374,196","15.76M","1.44%"
"05/07/2020","368,890","368,890","368,890","368,890","22.55M","0.69%"
"05/06/2020","366,361","366,361","366,361","366,361","13.24M","0.71%"
"05/05/2020","363,776","363,776","363,776","363,776","8.75M","-0.37%"
"05/01/2020","365,129","365,129","365,129","365,129","6.35M","0.30%"
"04/30/2020","364,046","364,046","364,046","364,046","79.92M","0.45%"
"04/29/2020","362,405","362,405","362,405","362,405","7.21M","1.09%"
"04/28/2020","358,513","358,513","358,513","358,513","96.14M","-3.30%"
"04/27/2020","370,763","370,763","370,763","370,763","18.72M","-2.84%"
"04/24/2020","381,594","381,594","381,594","381,594","17.98M","0.32%"
"04/23/2020","380,388","380,388","380,388","380,388","17.98M","-0.87%"
"04/22/2020","383,725","383,725","383,725","383,725","129.08M","-0.50%"
"04/21/2020","385,662","385,662","385,662","385,662","33.85M","-0.11%"
"04/20/2020","386,073","386,073","386,073","386,073","32.49M","-0.51%"
"04/17/2020","388,060","388,060","388,060","388,060","22.93M","-0.43%"
"04/16/2020","389,755","389,755","389,755","389,755","146.82M","-1.79%"
"04/15/2020","396,873","396,873","396,873","396,873","53.53M","-1.69%"
"04/14/2020","403,690","403,690","403,690","403,690","21.22M","1.34%"
"04/09/2020","398,359","398,359","398,359","398,359","37.27M","1.20%"
"04/08/2020","393,630","393,630","393,630","393,630","21.74M","1.28%"
"04/07/2020","388,654","388,654","388,654","388,654","93.35M","0.19%"
"04/06/2020","387,910","387,910","387,910","387,910","24.63M","0.78%"
"04/03/2020","384,905","384,905","384,905","384,905","33.38M","1.16%"
"04/02/2020","380,510","380,510","380,510","380,510","19.06M","0.77%"
"04/01/2020","377,599","377,599","377,599","377,599","22.42M","-0.43%"
"03/31/2020","379,242","379,242","379,242","379,242","46.24M","3.74%"
"03/30/2020","365,560","365,560","365,560","365,560","29.16M","1.63%"
"03/27/2020","359,683","359,683","359,683","359,683","23.10M","2.74%"
"03/26/2020","350,084","350,084","350,084","350,084","276.32M","-1.66%"
"03/25/2020","355,987","355,987","355,987","355,987","79.99M","-3.15%"
"03/20/2020","367,555","367,555","367,555","367,555","36.33M","-2.14%"
"03/19/2020","375,590","375,590","375,590","375,590","22.24M","-0.04%"
"03/18/2020","375,742","375,742","375,742","375,742","28.86M","-5.17%"
"03/16/2020","396,228","396,228","396,228","396,228","19.89M","-4.81%"
"03/13/2020","416,262","416,262","416,262","416,262","34.02M","0.19%"
"03/12/2020","415,475","415,475","415,475","415,475","27.35M","-0.91%"
"03/11/2020","419,289","419,289","419,289","419,289","60.50M","-0.37%"
"03/10/2020","420,830","420,830","420,830","420,830","21.49M","-2.60%"
"03/06/2020","432,053","432,053","432,053","432,053","28.59M","-1.51%"
"03/05/2020","438,686","438,686","438,686","438,686","58.53M","-4.73%"
"03/04/2020","460,484","460,484","460,484","460,484","29.20M","-1.04%"
"03/03/2020","465,317","465,317","465,317","465,317","29.93M","-2.76%"
"03/02/2020","478,519","478,519","478,519","478,519","32.12M","-0.79%"
"02/28/2020","482,310","482,310","482,310","482,310","61.90M","-0.36%"
"02/27/2020","484,037","484,037","484,037","484,037","27.83M","-0.23%"
"02/25/2020","485,163","485,163","485,163","485,163","31.84M","-0.95%"
"02/24/2020","489,831","489,831","489,831","489,831","17.37M","-0.04%"
"02/21/2020","490,003","490,003","490,003","490,003","15.73M","0.58%"
"02/20/2020","487,188","487,188","487,188","487,188","16.63M","-0.26%"
"02/19/2020","488,452","488,452","488,452","488,452","13.06M","-0.26%"
"02/18/2020","489,708","489,708","489,708","489,708","17.94M","0.30%"
"02/17/2020","488,258","488,258","488,258","488,258","19.93M","0.91%"
"02/14/2020","483,868","483,868","483,868","483,868","32.21M","0.90%"
"02/12/2020","479,533","479,533","479,533","479,533","47.86M","-0.12%"
"02/11/2020","480,098","480,098","480,098","480,098","27.63M","-0.58%"
"02/10/2020","482,896","482,896","482,896","482,896","25.25M","-0.32%"
"02/07/2020","484,443","484,443","484,443","484,443","33.97M","0.18%"
"02/06/2020","483,587","483,587","483,587","483,587","49.11M","-0.44%"
"02/05/2020","485,720","485,720","485,720","485,720","12.42M","-1.23%"
"02/04/2020","491,789","491,789","491,789","491,789","17.56M","-0.88%"
"02/03/2020","496,142","496,142","496,142","496,142","28.71M","-0.86%"
"01/31/2020","500,463","500,463","500,463","500,463","25.18M","0.34%"
"01/30/2020","498,766","498,766","498,766","498,766","15.50M","0.40%"
"01/29/2020","496,796","496,796","496,796","496,796","31.69M","0.71%"
"01/28/2020","493,316","493,316","493,316","493,316","59.43M","-1.14%"
"01/27/2020","499,019","499,019","499,019","499,019","36.86M","0.54%"
"01/24/2020","496,361","496,361","496,361","496,361","22.04M","-0.18%"
"01/23/2020","497,269","497,269","497,269","497,269","22.65M","0.08%"
"01/22/2020","496,866","496,866","496,866","496,866","30.28M","-1.26%"
"01/21/2020","503,195","503,195","503,195","503,195","35.47M","1.56%"
"01/20/2020","495,476","495,476","495,476","495,476","17.41M","-0.42%"
"01/17/2020","497,579","497,579","497,579","497,579","18.63M","-0.42%"
"01/16/2020","499,678","499,678","499,678","499,678","28.47M","0.73%"
"01/15/2020","496,050","496,050","496,050","496,050","49.95M","-1.78%"
"01/14/2020","505,052","505,052","505,052","505,052","25.37M","0.27%"
"01/13/2020","503,683","503,683","503,683","503,683","12.66M","0.07%"
"01/10/2020","503,336","503,336","503,336","503,336","28.51M","-1.32%"
"01/09/2020","510,085","510,085","510,085","510,085","23.95M","0.55%"
"01/08/2020","507,274","507,274","507,274","507,274","14.95M","-0.73%"
"01/07/2020","511,005","511,005","511,005","511,005","16.65M","0.23%"
"01/06/2020","509,832","509,832","509,832","509,832","9.75M","-0.50%"
"01/03/2020","512,395","512,395","512,395","512,395","10.15M","-0.09%"
"01/02/2020","512,866","512,866","512,866","512,866","39.23M","0.58%"
"12/31/2019","509,916","509,916","509,916","509,916","29.19M","0.57%"
"12/30/2019","507,028","507,028","507,028","507,028","15.78M","0.61%"
"12/27/2019","503,933","503,933","503,933","503,933","81.73M","-0.40%"
"12/24/2019","505,949","505,949","505,949","505,949","35.38M","0.18%"
"12/23/2019","505,040","505,040","505,040","505,040","1.58M","0.16%"
"12/20/2019","504,242","504,242","504,242","504,242","37.94M","-0.56%"
"12/19/2019","507,066","507,066","507,066","507,066","22.31M","0.80%"
"12/18/2019","503,058","503,058","503,058","503,058","9.39M","-0.07%"
"12/17/2019","503,424","503,424","503,424","503,424","15.23M","-0.27%"
"12/16/2019","504,792","504,792","504,792","504,792","23.26M","0.47%"
"12/13/2019","502,419","502,419","502,419","502,419","55.03M","-0.10%"
"12/12/2019","502,923","502,923","502,923","502,923","14.47M","-0.08%"
"12/11/2019","503,312","503,312","503,312","503,312","26.50M","1.25%"
"12/10/2019","497,105","497,105","497,105","497,105","9.26M","-1.69%"
"12/06/2019","505,674","505,674","505,674","505,674","","0.86%"
"11/29/2019","501,372","501,372","501,372","501,372","37.78M","-0.51%"
"11/28/2019","503,963","503,963","503,963","503,963","14.11M","0.02%"
"11/27/2019","503,860","503,860","503,860","503,860","19.16M","0.22%"
"11/26/2019","502,734","502,734","502,734","502,734","34.95M","-0.11%"
"11/25/2019","503,282","503,282","503,282","503,282","1.79M","0.39%"
"11/22/2019","501,327","501,327","501,327","501,327","16.24M","-0.10%"
"11/21/2019","501,806","501,806","501,806","501,806","36.44M","-0.16%"
"11/20/2019","502,616","502,616","502,616","502,616","70.90M","-0.03%"
"11/19/2019","502,742","502,742","502,742","502,742","23.89M","0.82%"
"11/18/2019","498,675","498,675","498,675","498,675","27.00M","-0.70%"
"11/15/2019","502,173","502,173","502,173","502,173","43.82M","-0.45%"
"11/13/2019","504,464","504,464","504,464","504,464","20.45M","0.05%"
"11/12/2019","504,212","504,212","504,212","504,212","14.47M","1.17%"
"11/11/2019","498,369","498,369","498,369","498,369","33.96M","0.41%"
"11/08/2019","496,314","496,314","496,314","496,314","16.55M","0.56%"
"11/07/2019","493,542","493,542","493,542","493,542","13.82M","-0.25%"
"11/06/2019","494,789","494,789","494,789","494,789","10.78M","-0.04%"
"11/05/2019","494,964","494,964","494,964","494,964","8.27M","-0.40%"
"11/04/2019","496,939","496,939","496,939","496,939","19.70M","0.48%"
"11/01/2019","494,576","494,576","494,576","494,576","11.11M","-0.12%"
"10/31/2019","495,188","495,188","495,188","495,188","38.13M","0.73%"
"10/30/2019","491,610","491,610","491,610","491,610","29.38M","0.48%"
"10/29/2019","489,239","489,239","489,239","489,239","36.17M","-0.48%"
"10/25/2019","491,618","491,618","491,618","491,618","64.04M","-1.01%"
"10/24/2019","496,642","496,642","496,642","496,642","20.77M","-0.38%"
"10/23/2019","498,535","498,535","498,535","498,535","21.91M","-0.28%"
"10/22/2019","499,913","499,913","499,913","499,913","29.68M","-0.37%"
"10/18/2019","501,777","501,777","501,777","501,777","31.48M","0.52%"
"10/17/2019","499,195","499,195","499,195","499,195","22.54M","0.04%"
"10/16/2019","499,005","499,005","499,005","499,005","13.08M","0.03%"
"10/15/2019","498,837","498,837","498,837","498,837","40.60M","-0.40%"
"10/14/2019","500,853","500,853","500,853","500,853","41.63M","-0.47%"
"10/11/2019","503,228","503,228","503,228","503,228","11.55M","-0.85%"
"10/09/2019","507,547","507,547","507,547","507,547","31.14M","-0.48%"
"10/08/2019","510,012","510,012","510,012","510,012","44.02M","-0.08%"
"10/07/2019","510,400","510,400","510,400","510,400","98.35M","-1.25%"
"10/04/2019","516,859","516,859","516,859","516,859","23.63M","0.38%"
"10/03/2019","514,927","514,927","514,927","514,927","17.53M","-0.53%"
"10/02/2019","517,656","517,656","517,656","517,656","20.82M","-0.13%"
"10/01/2019","518,332","518,332","518,332","518,332","79.11M","0.44%"
"09/30/2019","516,043","516,043","516,043","516,043","198.83M","0.92%"
"09/27/2019","511,325","511,325","511,325","511,325","40.63M","0.66%"
"09/26/2019","507,972","507,972","507,972","507,972","146.46M","-0.45%"
"09/25/2019","510,251","510,251","510,251","510,251","172.05M","-0.39%"
"09/24/2019","512,237","512,237","512,237","512,237","22.99M","0.33%"
"09/23/2019","510,527","510,527","510,527","510,527","18.60M","-0.70%"
"09/20/2019","514,143","514,143","514,143","514,143","32.90M","-0.06%"
"09/19/2019","514,431","514,431","514,431","514,431","127.99M","0.51%"
"09/18/2019","511,825","511,825","511,825","511,825","36.37M","-0.31%"
"09/17/2019","513,440","513,440","513,440","513,440","39.48M","-0.22%"
"09/16/2019","514,560","514,560","514,560","514,560","86.27M","0.07%"
"09/13/2019","514,183","514,183","514,183","514,183","23.49M","0.17%"
"09/12/2019","513,292","513,292","513,292","513,292","18.74M","-0.76%"
"09/11/2019","517,224","517,224","517,224","517,224","50.73M","-0.11%"
"09/10/2019","517,819","517,819","517,819","517,819","25.61M","0.17%"
"09/09/2019","516,963","516,963","516,963","516,963","26.00M","-0.57%"
"09/06/2019","519,949","519,949","519,949","519,949","14.16M","0.50%"
"09/05/2019","517,379","517,379","517,379","517,379","9.16M","-0.34%"
"09/04/2019","519,142","519,142","519,142","519,142","68.27M","0.03%"
"09/03/2019","518,997","518,997","518,997","518,997","30.84M","-0.13%"
"09/02/2019","519,668","519,668","519,668","519,668","18.28M","-0.14%"
"08/30/2019","520,410","520,410","520,410","520,410","24.25M","0.68%"
"08/29/2019","516,919","516,919","516,919","516,919","26.94M","-0.30%"
"08/28/2019","518,474","518,474","518,474","518,474","28.86M","-0.78%"
"08/27/2019","522,537","522,537","522,537","522,537","26.22M","-0.31%"
"08/26/2019","524,167","524,167","524,167","524,167","30.11M","-0.14%"
"08/23/2019","524,917","524,917","524,917","524,917","63.09M","-0.53%"
"08/22/2019","527,696","527,696","527,696","527,696","112.04M","0.08%"
"08/21/2019","527,280","527,280","527,280","527,280","44.29M","-0.68%"
"08/20/2019","530,916","530,916","530,916","530,916","46.42M","-0.07%"
"08/19/2019","531,294","531,294","531,294","531,294","","1.81%"
"08/16/2019","521,837","521,837","521,837","521,837","187.83M","-0.91%"
"08/15/2019","526,644","526,644","526,644","526,644","104.31M","0.46%"
"08/14/2019","524,251","524,251","524,251","524,251","227.43M","-0.74%"
"08/13/2019","528,147","528,147","528,147","528,147","105.57M","0.04%"
"08/12/2019","527,916","527,916","527,916","527,916","65.13M","-0.21%"
"08/09/2019","529,001","529,001","529,001","529,001","27.18M","-0.62%"
"08/08/2019","532,325","532,325","532,325","532,325","17.81M","0.15%"
"08/07/2019","531,525","531,525","531,525","531,525","11.38M","-0.15%"
"08/05/2019","532,304","532,304","532,304","532,304","19.47M","1.30%"
"08/02/2019","525,450","525,450","525,450","525,450","83.80M","0.33%"
"07/31/2019","523,740","523,740","523,740","523,740","53.55M","1.28%"
"07/30/2019","517,120","517,120","517,120","517,120","184.80M","1.11%"
"07/29/2019","511,439","511,439","511,439","511,439","20.39M","-0.72%"
"07/26/2019","515,150","515,150","515,150","515,150","35.72M","0.72%"
"07/25/2019","511,477","511,477","511,477","511,477","25.02M","1.33%"
"07/24/2019","504,750","504,750","504,750","504,750","22.78M","0.66%"
"07/23/2019","501,453","501,453","501,453","501,453","38.10M","1.07%"
"07/22/2019","496,154","496,154","496,154","496,154","","0.37%"
"07/19/2019","494,312","494,312","494,312","494,312","18.04M","0.25%"
"07/18/2019","493,086","493,086","493,086","493,086","16.82M","-0.92%"
"07/17/2019","497,672","497,672","497,672","497,672","10.91M","1.47%"
"07/16/2019","490,468","490,468","490,468","490,468","21.53M","0.71%"
"07/15/2019","486,998","486,998","486,998","486,998","107.63M","-0.58%"
"07/12/2019","489,820","489,820","489,820","489,820","21.07M","1.41%"
"07/11/2019","483,000","483,000","483,000","483,000","40.56M","0.43%"
"07/10/2019","480,913","480,913","480,913","480,913","73.12M","-0.54%"
"07/09/2019","483,522","483,522","483,522","483,522","32.85M","1.58%"
"07/08/2019","475,982","475,982","475,982","475,982","34.07M","2.90%"
"07/05/2019","462,583","462,583","462,583","462,583","91.23M","-2.04%"
"07/04/2019","472,196","472,196","472,196","472,196","23.98M","0.55%"
"07/03/2019","469,601","469,601","469,601","469,601","75.65M","-0.37%"
"07/02/2019","471,349","471,349","471,349","471,349","24.69M","0.22%"
"07/01/2019","470,296","470,296","470,296","470,296","27.94M","0.51%"
"06/28/2019","467,896","467,896","467,896","467,896","35.43M","1.79%"
"06/27/2019","459,668","459,668","459,668","459,668","77.20M","-0.35%"
"06/26/2019","461,301","461,301","461,301","461,301","40.76M","-0.57%"
"06/25/2019","463,967","463,967","463,967","463,967","76.71M","-0.57%"
"06/24/2019","466,638","466,638","466,638","466,638","43.15M","1.06%"
"06/21/2019","461,748","461,748","461,748","461,748","69.10M","2.82%"
"06/20/2019","449,096","449,096","449,096","449,096","100.04M","1.97%"
"06/18/2019","440,399","440,399","440,399","440,399","41.67M","-0.02%"
"06/17/2019","440,483","440,483","440,483","440,483","","0.69%"
"06/14/2019","437,486","437,486","437,486","437,486","96.41M","0.28%"
"06/13/2019","436,243","436,243","436,243","436,243","39.81M","-0.71%"
"06/12/2019","439,357","439,357","439,357","439,357","43.72M","0.75%"
"06/11/2019","436,093","436,093","436,093","436,093","89.83M","-0.44%"
"06/10/2019","438,026","438,026","438,026","438,026","27.85M","0.35%"
"06/07/2019","436,495","436,495","436,495","436,495","104.62M","0.40%"
"06/04/2019","434,746","434,746","434,746","434,746","30.80M","0.42%"
"06/03/2019","432,930","432,930","432,930","432,930","35.16M","0.01%"
"05/31/2019","432,903","432,903","432,903","432,903","146.74M","0.62%"
"05/29/2019","430,256","430,256","430,256","430,256","251.76M","0.08%"
"05/28/2019","429,900","429,900","429,900","429,900","159.34M","0.24%"
"05/27/2019","428,859","428,859","428,859","428,859","201.97M","2.65%"
"05/24/2019","417,795","417,795","417,795","417,795","480.57M","1.53%"
"05/21/2019","411,507","411,507","411,507","411,507","7.66M","-0.75%"
"05/20/2019","414,632","414,632","414,632","414,632","1.64M","0.59%"
"05/17/2019","412,184","412,184","412,184","412,184","61.02M","-0.68%"
"05/16/2019","414,989","414,989","414,989","414,989","8.83M","0.54%"
"05/10/2019","412,740","412,740","412,740","412,740","2.77M","-0.18%"
"05/09/2019","413,464","413,464","413,464","413,464","1.98M","-0.23%"
"05/08/2019","414,416","414,416","414,416","414,416","15.20M","1.60%"
"05/03/2019","407,877","407,877","407,877","407,877","3.48M","0.63%"
"05/02/2019","405,315","405,315","405,315","405,315","2.99M","0.22%"
"05/01/2019","404,424","404,424","404,424","404,424","3.71M","0.63%"
"04/30/2019","401,902","401,902","401,902","401,902","4.37M","1.36%"
"04/29/2019","396,524","396,524","396,524","396,524","4.68M","2.20%"
"04/26/2019","388,006","388,006","388,006","388,006","4.43M","0.89%"
"04/25/2019","384,586","384,586","384,586","384,586","17.91M","-1.20%"
"04/24/2019","389,240","389,240","389,240","389,240","1.66M","-0.22%"
"04/23/2019","390,104","390,104","390,104","390,104","1.51M","0.26%"
"04/18/2019","389,077","389,077","389,077","389,077","3.56M","1.65%"
"04/17/2019","382,776","382,776","382,776","382,776","3.20M","0.06%"
"04/16/2019","382,528","382,528","382,528","382,528","1.27M","0.25%"
"04/12/2019","381,578","381,578","381,578","381,578","2.54M","0.04%"
"04/11/2019","381,430","381,430","381,430","381,430","1.50M","-0.97%"
"04/10/2019","385,150","385,150","385,150","385,150","1.95M","0.37%"
"04/09/2019","383,734","383,734","383,734","383,734","2.41M","-0.82%"
"04/08/2019","386,894","386,894","386,894","386,894","2.04M","0.02%"
"04/05/2019","386,815","386,815","386,815","386,815","1.60M","0.41%"
"04/04/2019","385,234","385,234","385,234","385,234","12.02M","-0.12%"
"04/03/2019","385,697","385,697","385,697","385,697","22.49M","-0.49%"
"04/02/2019","387,609","387,609","387,609","387,609","1.40M","0.45%"
"03/28/2019","385,889","385,889","385,889","385,889","2.43M","-0.22%"
"03/27/2019","386,749","386,749","386,749","386,749","84.51M","0.83%"
"03/26/2019","383,584","383,584","383,584","383,584","3.65M","0.53%"
"03/25/2019","381,543","381,543","381,543","381,543","2.81M","-0.84%"
"03/22/2019","384,774","384,774","384,774","384,774","3.58M","0.09%"
"03/21/2019","384,410","384,410","384,410","384,410","1.59M","-0.04%"
"03/20/2019","384,562","384,562","384,562","384,562","23.52M","-0.26%"
"03/19/2019","385,569","385,569","385,569","385,569","9.97M","0.00%"
"03/18/2019","385,553","385,553","385,553","385,553","8.29M","-0.19%"
"03/15/2019","386,289","386,289","386,289","386,289","12.31M","0.19%"
"03/14/2019","385,557","385,557","385,557","385,557","4.36M","-0.52%"
"03/13/2019","387,589","387,589","387,589","387,589","14.75M","0.02%"
"03/12/2019","387,517","387,517","387,517","387,517","13.67M","0.40%"
"03/11/2019","385,982","385,982","385,982","385,982","36.77M","-0.26%"
"03/08/2019","387,003","387,003","387,003","387,003","4.60M","-0.10%"
"03/07/2019","387,402","387,402","387,402","387,402","21.78M","0.14%"
"03/05/2019","386,879","386,879","386,879","386,879","","-0.79%"
"03/04/2019","389,951","389,951","389,951","389,951","4.17M","0.74%"
"02/28/2019","387,079","387,079","387,079","387,079","6.80M","0.47%"
"02/27/2019","385,286","385,286","385,286","385,286","2.45M","-0.51%"
"02/26/2019","387,260","387,260","387,260","387,260","8.31M","0.07%"
"02/25/2019","387,004","387,004","387,004","387,004","3.02M","0.26%"
"02/22/2019","386,005","386,005","386,005","386,005","2.84M","-0.45%"
"02/21/2019","387,731","387,731","387,731","387,731","10.61M","0.19%"
"02/20/2019","387,012","387,012","387,012","387,012","6.85M","0.80%"
"02/19/2019","383,953","383,953","383,953","383,953","15.81M","0.96%"
"02/15/2019","380,307","380,307","380,307","380,307","3.33M","0.60%"
"02/14/2019","378,032","378,032","378,032","378,032","20.92M","1.27%"
"02/13/2019","373,309","373,309","373,309","373,309","9.65M","-0.21%"
"02/12/2019","374,108","374,108","374,108","374,108","9.61M","-0.69%"
"02/11/2019","376,691","376,691","376,691","376,691","3.40M","0.74%"
"02/08/2019","373,934","373,934","373,934","373,934","7.02M","0.79%"
"02/07/2019","370,990","370,990","370,990","370,990","4.99M","-0.25%"
"02/06/2019","371,908","371,908","371,908","371,908","2.54M","0.41%"
"02/05/2019","370,376","370,376","370,376","370,376","1.06M","0.08%"
"02/04/2019","370,071","370,071","370,071","370,071","22.82M","-1.93%"
"02/01/2019","377,368","377,368","377,368","377,368","34.34M","0.93%"
"01/31/2019","373,897","373,897","373,897","373,897","5.92M","1.17%"
"01/30/2019","369,587","369,587","369,587","369,587","2.16M","0.14%"
"01/29/2019","369,074","369,074","369,074","369,074","3.48M","0.92%"
"01/28/2019","365,692","365,692","365,692","365,692","7.59M","0.18%"
"01/25/2019","365,049","365,049","365,049","365,049","4.21M","-0.53%"
"01/23/2019","366,982","366,982","366,982","366,982","2.38M","-0.79%"
"01/22/2019","369,896","369,896","369,896","369,896","2.31M","-0.02%"
"01/21/2019","369,957","369,957","369,957","369,957","4.34M","-0.48%"
"01/18/2019","371,728","371,728","371,728","371,728","6.89M","0.17%"
"01/17/2019","371,112","371,112","371,112","371,112","5.59M","-0.44%"
"01/16/2019","372,767","372,767","372,767","372,767","2.62M","-1.25%"
"01/11/2019","377,500","377,500","377,500","377,500","2.80M","0.43%"
"01/10/2019","375,883","375,883","375,883","375,883","3.49M","0.02%"
"01/09/2019","375,807","375,807","375,807","375,807","1.68M","-0.09%"
"01/08/2019","376,137","376,137","376,137","376,137","1.50M","-0.15%"
"01/07/2019","376,704","376,704","376,704","376,704","1.67M","0.16%"
"01/04/2019","376,100","376,100","376,100","376,100","","-1.20%"
"01/03/2019","380,652","380,652","380,652","380,652","","0.38%"
"01/02/2019","379,226","379,226","379,226","379,226","854.69K","-0.15%"