"Date","Price","Open","High","Low","Vol.","Change %"
"12/31/2025","3,611.62","3,610.65","3,611.99","3,598.17","","0.03%"
"12/30/2025","3,610.65","3,622.86","3,625.33","3,597.95","","-0.34%"
"12/29/2025","3,622.86","3,599.29","3,629.24","3,599.29","","0.62%"
"12/28/2025","3,600.45","3,565.65","3,600.45","3,565.55","","0.97%"
"12/24/2025","3,565.81","3,545.63","3,566.29","3,538.86","","0.58%"
"12/23/2025","3,545.12","3,530.68","3,546.38","3,523.44","","0.41%"
"12/22/2025","3,530.68","3,506.58","3,530.68","3,505.45","","0.70%"
"12/21/2025","3,506.13","3,482.80","3,518.71","3,482.80","","0.67%"
"12/18/2025","3,482.80","3,464.41","3,482.80","3,463.50","","0.53%"
"12/17/2025","3,464.41","3,444.41","3,465.43","3,441.95","","0.56%"
"12/16/2025","3,445.21","3,431.01","3,445.21","3,428.85","","0.41%"
"12/15/2025","3,431.01","3,430.65","3,434.63","3,420.95","","0.01%"
"12/14/2025","3,430.66","3,418.78","3,430.99","3,418.41","","0.35%"
"12/11/2025","3,418.78","3,425.84","3,425.84","3,414.99","","-0.21%"
"12/10/2025","3,425.84","3,428.12","3,434.77","3,421.83","","-0.07%"
"12/09/2025","3,428.12","3,423.74","3,428.36","3,407.94","","0.13%"
"12/08/2025","3,423.74","3,428.17","3,428.17","3,414.68","","-0.12%"
"12/07/2025","3,427.72","3,423.09","3,427.72","3,412.92","","0.14%"
"12/04/2025","3,422.96","3,429.29","3,429.43","3,413.98","","-0.18%"
"12/03/2025","3,429.29","3,425.14","3,430.28","3,423.32","","0.09%"
"12/02/2025","3,426.18","3,426.72","3,431.10","3,420.15","","-0.02%"
"12/01/2025","3,426.72","3,433.68","3,434.97","3,415.73","","-0.20%"
"11/30/2025","3,433.68","3,422.93","3,433.68","3,412.01","","0.31%"
"11/27/2025","3,422.93","3,425.87","3,428.49","3,413.33","","-0.09%"
"11/26/2025","3,425.87","3,433.80","3,433.80","3,408.10","","-0.23%"
"11/25/2025","3,433.80","3,433.25","3,437.41","3,425.41","","0.02%"
"11/24/2025","3,433.25","3,434.35","3,439.21","3,420.42","","-0.03%"
"11/23/2025","3,434.20","3,423.61","3,434.94","3,417.54","","0.36%"
"11/20/2025","3,421.87","3,414.60","3,421.87","3,403.27","","0.21%"
"11/19/2025","3,414.60","3,406.82","3,414.60","3,400.23","","0.23%"
"11/18/2025","3,406.83","3,405.97","3,410.02","3,394.11","","0.03%"
"11/17/2025","3,405.97","3,404.33","3,405.97","3,391.16","","0.05%"
"11/16/2025","3,404.33","3,423.02","3,423.70","3,400.27","","-0.55%"
"11/13/2025","3,423.02","3,421.24","3,427.71","3,409.80","","0.05%"
"11/12/2025","3,421.24","3,424.94","3,426.32","3,403.46","","-0.11%"
"11/11/2025","3,424.94","3,423.34","3,456.64","3,415.37","","0.05%"
"11/10/2025","3,423.34","3,367.47","3,423.34","3,366.04","","1.66%"
"11/09/2025","3,367.47","3,338.02","3,367.95","3,327.90","","0.88%"
"11/06/2025","3,338.12","3,325.99","3,338.12","3,324.85","","0.36%"
"11/05/2025","3,326.24","3,325.96","3,327.47","3,313.10","","0.02%"
"11/04/2025","3,325.71","3,322.61","3,325.97","3,303.27","","0.08%"
"11/03/2025","3,323.09","3,330.28","3,330.67","3,307.70","","-0.22%"
"11/02/2025","3,330.28","3,318.92","3,330.62","3,311.92","","0.37%"
"10/30/2025","3,318.10","3,323.38","3,327.77","3,302.04","","-0.16%"
"10/29/2025","3,323.52","3,314.27","3,323.52","3,302.29","","0.28%"
"10/28/2025","3,314.27","3,302.20","3,314.27","3,291.26","","0.37%"
"10/27/2025","3,302.20","3,306.85","3,313.07","3,298.38","","-0.15%"
"10/26/2025","3,307.01","3,304.37","3,310.92","3,294.99","","0.16%"
"10/23/2025","3,301.64","3,273.65","3,301.64","3,249.16","","0.86%"
"10/22/2025","3,273.52","3,267.32","3,293.22","3,265.58","","0.18%"
"10/21/2025","3,267.80","3,319.11","3,319.11","3,262.06","","-1.55%"
"10/20/2025","3,319.17","3,317.89","3,333.31","3,299.23","","0.03%"
"10/19/2025","3,318.11","3,289.56","3,328.14","3,288.91","","0.87%"
"10/16/2025","3,289.56","3,259.35","3,289.56","3,257.27","","0.91%"
"10/15/2025","3,259.83","3,236.76","3,266.79","3,236.45","","0.72%"
"10/14/2025","3,236.53","3,188.98","3,236.53","3,188.98","","1.50%"
"10/13/2025","3,188.76","3,117.12","3,188.76","3,117.03","","2.30%"
"10/12/2025","3,117.12","3,092.75","3,119.98","3,092.75","","0.79%"
"10/09/2025","3,092.75","3,068.15","3,094.64","3,068.15","","0.80%"
"10/08/2025","3,068.15","3,059.08","3,068.15","3,057.39","","0.30%"
"10/07/2025","3,058.88","3,049.65","3,059.16","3,048.35","","0.30%"
"10/06/2025","3,049.71","3,049.81","3,050.11","3,043.33","","-0.04%"
"10/05/2025","3,050.86","3,038.55","3,050.86","3,037.54","","0.41%"
"10/02/2025","3,038.55","3,040.85","3,048.75","3,033.77","","-0.08%"
"10/01/2025","3,041.00","3,032.04","3,042.53","3,023.68","","0.26%"
"09/30/2025","3,033.21","3,048.21","3,048.21","3,030.99","","-0.49%"
"09/29/2025","3,048.21","3,034.39","3,050.61","3,029.91","","0.49%"
"09/28/2025","3,033.30","3,029.95","3,033.30","3,016.30","","0.12%"
"09/25/2025","3,029.77","3,030.18","3,031.03","3,017.32","","-0.02%"
"09/24/2025","3,030.30","3,019.61","3,036.72","3,019.37","","0.36%"
"09/23/2025","3,019.51","3,039.15","3,039.72","2,979.88","","-0.65%"
"09/22/2025","3,039.18","3,074.78","3,075.50","3,017.23","","-1.16%"
"09/21/2025","3,074.84","3,082.14","3,085.67","3,070.74","","-0.24%"
"09/18/2025","3,082.14","3,085.28","3,086.30","3,069.18","","-0.10%"
"09/17/2025","3,085.24","3,075.57","3,088.97","3,065.86","","0.41%"
"09/16/2025","3,072.52","3,047.53","3,073.03","3,046.87","","0.85%"
"09/15/2025","3,046.70","3,024.95","3,049.75","3,022.76","","0.72%"
"09/14/2025","3,024.78","3,003.88","3,024.78","3,001.89","","0.70%"
"09/11/2025","3,003.88","2,983.18","3,004.62","2,983.18","","0.70%"
"09/10/2025","2,983.14","2,986.74","2,988.63","2,978.22","","-0.12%"
"09/09/2025","2,986.74","2,979.31","2,988.02","2,978.61","","0.24%"
"09/08/2025","2,979.65","2,973.60","2,980.79","2,968.86","","0.20%"
"09/07/2025","2,973.74","2,975.00","2,979.01","2,968.80","","-0.04%"
"09/03/2025","2,975.00","2,973.99","2,977.19","2,968.65","","-0.03%"
"09/02/2025","2,975.86","2,974.25","2,975.86","2,969.75","","-0.01%"
"09/01/2025","2,976.15","2,973.27","2,980.08","2,965.95","","0.06%"
"08/31/2025","2,974.35","2,966.18","2,974.35","2,961.12","","0.29%"
"08/28/2025","2,965.68","2,965.47","2,967.46","2,959.35","","0.01%"
"08/27/2025","2,965.47","2,958.27","2,966.88","2,955.68","","0.22%"
"08/26/2025","2,959.10","2,960.45","2,960.82","2,953.54","","-0.03%"
"08/25/2025","2,959.85","2,973.70","2,973.70","2,954.11","","-0.49%"
"08/24/2025","2,974.30","2,967.26","2,974.30","2,965.87","","0.24%"
"08/21/2025","2,967.26","2,962.81","2,967.72","2,960.33","","0.15%"
"08/20/2025","2,962.81","2,970.20","2,970.20","2,955.74","","-0.24%"
"08/19/2025","2,970.07","2,965.08","2,973.02","2,962.78","","0.17%"
"08/18/2025","2,965.10","2,960.40","2,966.02","2,950.25","","0.16%"
"08/17/2025","2,960.43","2,968.57","2,968.57","2,946.81","","-0.27%"
"08/14/2025","2,968.57","2,973.40","2,973.40","2,960.37","","-0.16%"
"08/13/2025","2,973.40","2,971.60","2,973.40","2,958.88","","0.06%"
"08/12/2025","2,971.60","2,957.12","2,971.60","2,953.87","","0.49%"
"08/11/2025","2,957.12","2,946.17","2,958.42","2,945.55","","0.38%"
"08/10/2025","2,946.01","2,926.76","2,950.86","2,926.76","","0.67%"
"08/07/2025","2,926.26","2,897.93","2,926.26","2,896.76","","0.98%"
"08/06/2025","2,898.00","2,891.35","2,899.53","2,890.00","","0.23%"
"08/05/2025","2,891.21","2,891.04","2,901.66","2,878.00","","0.01%"
"08/04/2025","2,891.04","2,903.91","2,906.04","2,880.41","","-0.45%"
"08/03/2025","2,904.16","2,914.79","2,914.79","2,898.51","","-0.36%"
"07/31/2025","2,914.79","2,903.96","2,921.05","2,897.49","","0.37%"
"07/30/2025","2,904.13","2,935.24","2,935.70","2,897.76","","-1.06%"
"07/29/2025","2,935.17","2,921.66","2,935.17","2,917.03","","0.47%"
"07/28/2025","2,921.31","2,918.17","2,924.83","2,914.16","","0.11%"
"07/27/2025","2,918.17","2,913.41","2,920.15","2,912.90","","0.16%"
"07/24/2025","2,913.41","2,898.28","2,914.58","2,897.49","","0.52%"
"07/23/2025","2,898.41","2,883.93","2,898.41","2,880.79","","0.52%"
"07/22/2025","2,883.49","2,886.00","2,887.68","2,877.51","","-0.09%"
"07/21/2025","2,886.00","2,881.67","2,886.17","2,873.07","","0.18%"
"07/20/2025","2,880.84","2,876.52","2,880.84","2,870.71","","0.15%"
"07/17/2025","2,876.52","2,872.98","2,876.52","2,853.90","","0.14%"
"07/16/2025","2,872.63","2,857.97","2,875.18","2,850.41","","0.52%"
"07/15/2025","2,857.79","2,855.10","2,863.58","2,850.94","","0.09%"
"07/14/2025","2,855.10","2,855.99","2,862.46","2,851.99","","-0.07%"
"07/13/2025","2,857.08","2,843.46","2,857.96","2,843.46","","0.48%"
"07/10/2025","2,843.46","2,844.77","2,844.77","2,835.40","","-0.03%"
"07/09/2025","2,844.27","2,835.44","2,847.57","2,834.19","","0.31%"
"07/08/2025","2,835.59","2,816.59","2,835.59","2,809.01","","0.69%"
"07/07/2025","2,816.22","2,822.49","2,823.18","2,811.82","","-0.20%"
"07/06/2025","2,821.87","2,818.21","2,832.10","2,814.04","","0.13%"
"07/03/2025","2,818.31","2,807.74","2,822.55","2,805.10","","0.38%"
"07/02/2025","2,807.74","2,775.06","2,807.74","2,775.06","","1.17%"
"07/01/2025","2,775.21","2,777.36","2,778.58","2,762.72","","-0.08%"
"06/30/2025","2,777.45","2,753.06","2,777.45","2,753.06","","0.88%"
"06/29/2025","2,753.19","2,714.40","2,753.20","2,714.40","","1.42%"
"06/25/2025","2,714.52","2,693.96","2,714.52","2,691.43","","0.76%"
"06/24/2025","2,694.13","2,664.07","2,694.13","2,664.07","","1.13%"
"06/23/2025","2,664.07","2,640.00","2,664.78","2,639.78","","0.89%"
"06/22/2025","2,640.50","2,646.17","2,646.17","2,631.26","","-0.23%"
"06/19/2025","2,646.65","2,648.16","2,648.16","2,638.62","","-0.05%"
"06/18/2025","2,647.93","2,654.76","2,654.76","2,644.21","","-0.26%"
"06/17/2025","2,654.76","2,652.33","2,656.70","2,649.03","","0.09%"
"06/16/2025","2,652.33","2,635.25","2,652.49","2,633.82","","0.65%"
"06/15/2025","2,635.25","2,672.01","2,672.01","2,621.70","","-1.53%"
"06/12/2025","2,676.09","2,684.56","2,684.56","2,665.42","","-0.32%"
"06/11/2025","2,684.56","2,673.65","2,684.83","2,673.65","","0.46%"
"06/04/2025","2,672.15","2,668.19","2,678.37","2,664.45","","0.15%"
"06/03/2025","2,668.10","2,676.76","2,676.76","2,663.96","","-0.33%"
"06/02/2025","2,676.80","2,679.31","2,679.31","2,670.57","","-0.10%"
"06/01/2025","2,679.35","2,659.71","2,679.35","2,659.71","","0.74%"
"05/29/2025","2,659.71","2,666.11","2,668.49","2,655.15","","-0.24%"
"05/28/2025","2,666.11","2,665.61","2,666.11","2,656.51","","0.01%"
"05/27/2025","2,665.76","2,670.57","2,673.55","2,653.32","","-0.18%"
"05/26/2025","2,670.57","2,650.55","2,674.53","2,650.55","","0.76%"
"05/22/2025","2,650.55","2,631.33","2,650.64","2,629.02","","0.73%"
"05/21/2025","2,631.33","2,636.04","2,636.69","2,623.76","","-0.18%"
"05/20/2025","2,636.16","2,648.23","2,651.65","2,630.27","","-0.47%"
"05/19/2025","2,648.73","2,650.20","2,661.30","2,635.77","","-0.06%"
"05/18/2025","2,650.25","2,619.54","2,657.02","2,619.54","","1.17%"
"05/15/2025","2,619.54","2,579.94","2,619.54","2,575.63","","1.54%"
"05/14/2025","2,579.86","2,564.54","2,579.86","2,562.96","","0.60%"
"05/13/2025","2,564.54","2,554.42","2,564.54","2,551.57","","0.40%"
"05/12/2025","2,554.42","2,545.54","2,556.38","2,545.54","","0.33%"
"05/11/2025","2,546.09","2,544.10","2,547.63","2,538.70","","0.08%"
"05/08/2025","2,544.10","2,530.15","2,544.10","2,525.20","","0.51%"
"05/07/2025","2,531.12","2,526.77","2,531.12","2,517.50","","0.15%"
"05/06/2025","2,527.33","2,510.13","2,527.33","2,508.17","","0.69%"
"05/05/2025","2,510.13","2,499.30","2,513.62","2,499.30","","0.43%"
"05/04/2025","2,499.30","2,493.48","2,499.30","2,476.59","","0.25%"
"04/30/2025","2,493.09","2,483.80","2,498.71","2,483.12","","0.36%"
"04/29/2025","2,484.26","2,498.31","2,498.31","2,468.58","","-0.56%"
"04/28/2025","2,498.31","2,506.86","2,508.54","2,488.56","","-0.34%"
"04/27/2025","2,506.86","2,506.09","2,508.11","2,499.31","","0.03%"
"04/24/2025","2,506.09","2,501.43","2,507.92","2,497.03","","0.19%"
"04/23/2025","2,501.43","2,507.19","2,507.19","2,495.11","","-0.24%"
"04/22/2025","2,507.34","2,515.85","2,517.10","2,502.77","","-0.34%"
"04/21/2025","2,515.85","2,523.38","2,523.38","2,510.76","","-0.30%"
"04/20/2025","2,523.38","2,539.29","2,539.29","2,517.68","","-0.62%"
"04/17/2025","2,539.18","2,540.39","2,540.39","2,530.95","","-0.05%"
"04/16/2025","2,540.39","2,545.37","2,545.37","2,533.49","","-0.20%"
"04/15/2025","2,545.40","2,572.60","2,572.60","2,540.06","","-1.06%"
"04/14/2025","2,572.60","2,565.82","2,572.60","2,558.46","","0.26%"
"04/13/2025","2,565.94","2,580.46","2,580.46","2,563.40","","-0.56%"
"04/10/2025","2,580.46","2,567.80","2,588.06","2,567.80","","0.49%"
"04/09/2025","2,567.80","2,565.28","2,567.80","2,555.48","","0.10%"
"04/08/2025","2,565.28","2,546.55","2,565.28","2,546.47","","0.74%"
"04/07/2025","2,546.55","2,544.30","2,546.55","2,507.21","","0.03%"
"04/06/2025","2,545.89","2,599.52","2,599.52","2,538.05","","-2.07%"
"04/03/2025","2,599.71","2,640.95","2,640.95","2,592.67","","-1.56%"
"03/27/2025","2,640.95","2,642.61","2,643.37","2,633.29","","-0.06%"
"03/26/2025","2,642.61","2,646.67","2,652.32","2,639.96","","-0.15%"
"03/25/2025","2,646.67","2,642.70","2,661.08","2,640.88","","0.14%"
"03/24/2025","2,642.88","2,623.31","2,644.84","2,623.31","","0.75%"
"03/23/2025","2,623.12","2,624.14","2,624.14","2,617.44","","-0.03%"
"03/20/2025","2,623.97","2,613.44","2,624.20","2,612.87","","0.40%"
"03/19/2025","2,613.44","2,615.89","2,615.89","2,608.39","","-0.09%"
"03/18/2025","2,615.89","2,613.33","2,616.20","2,608.01","","0.07%"
"03/17/2025","2,614.04","2,616.07","2,616.07","2,612.43","","-0.08%"
"03/16/2025","2,616.07","2,615.72","2,616.07","2,608.54","","0.05%"
"03/13/2025","2,614.64","2,614.22","2,614.69","2,605.26","","0.02%"
"03/12/2025","2,614.23","2,617.15","2,618.35","2,611.39","","-0.12%"
"03/11/2025","2,617.24","2,612.16","2,617.24","2,610.39","","0.19%"
"03/10/2025","2,612.16","2,612.89","2,614.15","2,608.74","","-0.03%"
"03/09/2025","2,612.89","2,611.90","2,615.93","2,607.29","","0.04%"
"03/06/2025","2,611.90","2,602.17","2,611.90","2,592.26","","0.37%"
"03/05/2025","2,602.17","2,582.17","2,602.17","2,582.17","","0.77%"
"03/04/2025","2,582.17","2,587.29","2,589.61","2,579.73","","-0.19%"
"03/03/2025","2,587.13","2,597.80","2,598.59","2,584.25","","-0.41%"
"03/02/2025","2,597.86","2,593.08","2,598.23","2,589.87","","0.21%"
"02/27/2025","2,592.54","2,603.51","2,608.15","2,587.64","","-0.42%"
"02/26/2025","2,603.48","2,601.18","2,603.48","2,593.92","","0.09%"
"02/25/2025","2,601.18","2,594.73","2,601.18","2,594.06","","0.34%"
"02/24/2025","2,592.38","2,597.06","2,597.91","2,589.66","","-0.21%"
"02/23/2025","2,597.88","2,598.73","2,599.06","2,591.73","","-0.04%"
"02/20/2025","2,598.86","2,599.00","2,599.00","2,591.54","","-0.01%"
"02/19/2025","2,599.00","2,592.49","2,599.68","2,590.26","","0.18%"
"02/18/2025","2,594.45","2,587.40","2,594.45","2,587.40","","0.25%"
"02/17/2025","2,588.10","2,574.38","2,589.42","2,574.38","","0.52%"
"02/16/2025","2,574.61","2,579.34","2,582.29","2,568.36","","-0.16%"
"02/13/2025","2,578.80","2,585.26","2,585.26","2,569.90","","-0.25%"
"02/12/2025","2,585.26","2,593.01","2,593.01","2,578.71","","-0.30%"
"02/11/2025","2,593.08","2,602.97","2,603.36","2,585.68","","-0.38%"
"02/10/2025","2,602.97","2,604.34","2,604.34","2,598.20","","-0.09%"
"02/09/2025","2,605.36","2,605.49","2,610.50","2,601.68","","-0.10%"
"02/06/2025","2,607.88","2,609.66","2,611.09","2,599.77","","-0.07%"
"02/05/2025","2,609.76","2,619.99","2,619.99","2,602.92","","-0.39%"
"02/04/2025","2,619.99","2,623.10","2,623.10","2,608.97","","-0.12%"
"02/03/2025","2,623.10","2,629.74","2,629.74","2,615.65","","-0.25%"
"02/02/2025","2,629.56","2,615.83","2,636.77","2,615.83","","0.52%"
"01/30/2025","2,615.83","2,615.19","2,616.47","2,609.94","","0.06%"
"01/29/2025","2,614.16","2,610.33","2,617.51","2,605.97","","0.14%"
"01/28/2025","2,610.51","2,614.87","2,616.08","2,602.86","","-0.17%"
"01/27/2025","2,614.87","2,624.18","2,626.47","2,607.32","","-0.35%"
"01/26/2025","2,624.18","2,637.64","2,641.62","2,618.36","","-0.53%"
"01/23/2025","2,638.08","2,624.01","2,638.08","2,619.10","","0.53%"
"01/22/2025","2,624.17","2,629.05","2,629.05","2,618.17","","-0.19%"
"01/21/2025","2,629.05","2,635.84","2,635.84","2,621.36","","-0.26%"
"01/20/2025","2,635.84","2,632.92","2,635.84","2,627.63","","0.11%"
"01/19/2025","2,633.05","2,625.13","2,635.29","2,625.13","","0.30%"
"01/16/2025","2,625.13","2,612.96","2,627.17","2,612.96","","0.47%"
"01/15/2025","2,612.93","2,600.52","2,612.93","2,595.49","","0.48%"
"01/14/2025","2,600.55","2,605.91","2,608.26","2,594.98","","-0.19%"
"01/13/2025","2,605.37","2,595.29","2,607.52","2,589.42","","0.39%"
"01/12/2025","2,595.29","2,586.61","2,600.44","2,576.88","","0.36%"
"01/09/2025","2,586.07","2,572.64","2,586.07","2,570.82","","0.52%"
"01/08/2025","2,572.64","2,563.87","2,576.07","2,561.82","","0.34%"
"01/07/2025","2,563.93","2,561.06","2,567.26","2,551.93","","0.12%"
"01/06/2025","2,560.87","2,533.59","2,560.99","2,533.59","","1.06%"
"01/05/2025","2,534.12","2,520.55","2,535.44","2,520.55","","0.54%"
"01/02/2025","2,520.55","2,488.76","2,520.55","2,488.76","","1.28%"
"12/31/2024","2,488.76","2,477.17","2,488.76","2,470.42","","0.47%"
"12/30/2024","2,477.15","2,464.58","2,477.71","2,463.87","","0.51%"
"12/29/2024","2,464.58","2,468.00","2,469.15","2,460.00","","-0.08%"
"12/26/2024","2,466.64","2,451.81","2,466.64","2,450.92","","0.60%"
"12/24/2024","2,451.86","2,453.66","2,456.86","2,448.28","","-0.08%"
"12/23/2024","2,453.74","2,444.35","2,453.74","2,444.35","","0.39%"
"12/22/2024","2,444.18","2,435.82","2,444.18","2,435.33","","0.38%"
"12/19/2024","2,434.84","2,434.34","2,436.69","2,430.80","","-0.01%"
"12/18/2024","2,435.02","2,435.42","2,436.52","2,430.67","","0.00%"
"12/17/2024","2,434.97","2,428.72","2,434.97","2,421.73","","0.24%"
"12/16/2024","2,429.26","2,422.77","2,429.26","2,417.14","","0.26%"
"12/15/2024","2,422.98","2,418.55","2,427.08","2,418.55","","0.18%"
"12/12/2024","2,418.70","2,410.74","2,418.70","2,409.52","","0.33%"
"12/11/2024","2,410.84","2,426.29","2,426.29","2,408.12","","-0.64%"
"12/10/2024","2,426.29","2,429.25","2,429.25","2,422.09","","-0.16%"
"12/09/2024","2,430.23","2,432.32","2,432.32","2,424.27","","-0.09%"
"12/08/2024","2,432.32","2,431.95","2,432.80","2,425.70","","0.02%"
"12/05/2024","2,431.95","2,431.30","2,432.07","2,427.16","","0.00%"
"12/04/2024","2,431.84","2,429.36","2,433.57","2,427.99","","0.08%"
"12/03/2024","2,429.89","2,424.70","2,429.89","2,419.03","","0.21%"
"12/02/2024","2,424.70","2,422.10","2,424.70","2,410.81","","0.11%"
"12/01/2024","2,422.10","2,419.99","2,422.10","2,415.78","","0.08%"
"11/28/2024","2,420.12","2,419.85","2,420.45","2,412.58","","-0.03%"
"11/27/2024","2,420.84","2,417.69","2,421.05","2,413.33","","0.12%"
"11/26/2024","2,417.87","2,421.89","2,421.89","2,411.98","","-0.15%"
"11/25/2024","2,421.41","2,421.57","2,423.35","2,411.95","","-0.01%"
"11/24/2024","2,421.57","2,425.60","2,425.60","2,420.24","","-0.17%"
"11/21/2024","2,425.60","2,420.11","2,427.89","2,420.11","","0.20%"
"11/20/2024","2,420.75","2,421.72","2,424.41","2,415.72","","-0.04%"
"11/19/2024","2,421.72","2,423.04","2,423.04","2,413.70","","-0.03%"
"11/18/2024","2,422.48","2,423.01","2,423.57","2,412.37","","-0.02%"
"11/17/2024","2,423.01","2,426.41","2,426.61","2,417.88","","-0.20%"
"11/14/2024","2,427.83","2,424.04","2,427.83","2,416.81","","0.16%"
"11/13/2024","2,424.04","2,421.88","2,426.32","2,415.61","","0.11%"
"11/12/2024","2,421.42","2,426.70","2,429.55","2,415.99","","-0.21%"
"11/11/2024","2,426.42","2,424.98","2,428.93","2,420.50","","0.06%"
"11/10/2024","2,424.98","2,412.70","2,424.98","2,412.42","","0.50%"
"11/07/2024","2,412.82","2,408.62","2,412.82","2,404.20","","0.17%"
"11/06/2024","2,408.62","2,402.61","2,409.00","2,399.87","","0.22%"
"11/05/2024","2,403.29","2,402.48","2,405.45","2,399.34","","0.01%"
"11/04/2024","2,402.97","2,402.02","2,403.35","2,396.43","","0.04%"
"11/03/2024","2,402.10","2,405.80","2,406.26","2,396.99","","-0.16%"
"10/31/2024","2,406.02","2,399.65","2,406.02","2,398.78","","0.27%"
"10/30/2024","2,399.49","2,403.22","2,403.45","2,395.50","","-0.16%"
"10/29/2024","2,403.22","2,400.34","2,403.40","2,395.50","","0.12%"
"10/28/2024","2,400.34","2,405.42","2,405.42","2,396.60","","-0.21%"
"10/27/2024","2,405.50","2,402.91","2,405.50","2,399.95","","0.07%"
"10/24/2024","2,403.77","2,404.38","2,404.38","2,398.55","","-0.03%"
"10/23/2024","2,404.38","2,398.64","2,404.38","2,395.78","","0.24%"
"10/22/2024","2,398.64","2,403.73","2,403.73","2,393.26","","-0.22%"
"10/21/2024","2,403.81","2,400.71","2,404.02","2,394.20","","0.13%"
"10/20/2024","2,400.72","2,393.83","2,400.72","2,391.05","","0.29%"
"10/17/2024","2,393.83","2,393.91","2,394.60","2,389.10","","0.00%"
"10/16/2024","2,393.91","2,393.78","2,393.94","2,386.05","","0.03%"
"10/15/2024","2,393.29","2,390.30","2,393.29","2,387.04","","0.08%"
"10/14/2024","2,391.29","2,393.07","2,393.07","2,384.11","","-0.08%"
"10/13/2024","2,393.15","2,392.61","2,394.51","2,384.17","","0.02%"
"10/10/2024","2,392.61","2,386.47","2,394.60","2,385.87","","0.26%"
"10/09/2024","2,386.39","2,374.01","2,386.39","2,365.61","","0.51%"
"10/08/2024","2,374.35","2,365.48","2,374.35","2,359.41","","0.37%"
"10/07/2024","2,365.69","2,367.92","2,367.92","2,358.75","","-0.09%"
"10/06/2024","2,367.92","2,372.79","2,372.79","2,363.70","","-0.21%"
"10/03/2024","2,372.93","2,369.86","2,372.93","2,364.73","","0.13%"
"10/02/2024","2,369.86","2,371.59","2,371.59","2,357.24","","-0.08%"
"10/01/2024","2,371.71","2,374.01","2,374.44","2,365.53","","-0.10%"
"09/30/2024","2,374.00","2,383.58","2,383.58","2,369.19","","-0.39%"
"09/29/2024","2,383.39","2,388.13","2,388.13","2,374.79","","-0.19%"
"09/26/2024","2,387.99","2,378.93","2,387.99","2,374.39","","0.38%"
"09/25/2024","2,378.93","2,387.16","2,387.16","2,374.01","","-0.35%"
"09/24/2024","2,387.30","2,386.12","2,387.30","2,381.67","","0.05%"
"09/23/2024","2,386.15","2,384.40","2,386.24","2,380.74","","0.06%"
"09/22/2024","2,384.62","2,390.12","2,390.12","2,380.81","","-0.23%"
"09/19/2024","2,390.12","2,390.24","2,390.24","2,383.06","","-0.01%"
"09/18/2024","2,390.24","2,401.71","2,401.71","2,384.61","","-0.48%"
"09/17/2024","2,401.71","2,406.25","2,406.25","2,400.57","","-0.19%"
"09/15/2024","2,406.25","2,410.09","2,410.09","2,401.04","","-0.15%"
"09/12/2024","2,409.95","2,418.07","2,418.07","2,404.62","","-0.34%"
"09/11/2024","2,418.07","2,413.02","2,418.07","2,410.05","","0.20%"
"09/09/2024","2,413.32","2,412.63","2,413.32","2,408.72","","0.03%"
"09/08/2024","2,412.63","2,414.28","2,414.28","2,406.54","","-0.07%"
"09/05/2024","2,414.28","2,412.15","2,414.97","2,401.72","","0.08%"
"09/04/2024","2,412.32","2,413.59","2,413.60","2,405.21","","-0.06%"
"09/03/2024","2,413.88","2,409.91","2,413.88","2,406.76","","0.14%"
"09/02/2024","2,410.61","2,410.93","2,411.02","2,404.54","","-0.02%"
"09/01/2024","2,411.05","2,413.14","2,414.56","2,406.24","","-0.09%"
"08/29/2024","2,413.14","2,409.78","2,413.14","2,406.55","","0.16%"
"08/28/2024","2,409.25","2,409.68","2,409.68","2,403.26","","-0.02%"
"08/27/2024","2,409.68","2,406.36","2,409.99","2,401.07","","0.14%"
"08/26/2024","2,406.40","2,402.83","2,406.40","2,400.63","","0.14%"
"08/25/2024","2,402.93","2,404.15","2,404.60","2,397.96","","-0.08%"
"08/22/2024","2,404.74","2,399.63","2,404.74","2,394.76","","0.21%"
"08/21/2024","2,399.63","2,408.96","2,408.96","2,388.70","","-0.39%"
"08/20/2024","2,408.96","2,403.94","2,409.39","2,399.18","","0.21%"
"08/19/2024","2,403.94","2,411.55","2,411.55","2,399.92","","-0.32%"
"08/18/2024","2,411.55","2,410.06","2,413.41","2,402.58","","0.04%"
"08/15/2024","2,410.62","2,414.40","2,414.40","2,409.33","","-0.16%"
"08/14/2024","2,414.40","2,396.13","2,414.76","2,391.30","","0.76%"
"08/13/2024","2,396.13","2,395.01","2,396.13","2,386.80","","0.05%"
"08/12/2024","2,394.82","2,390.30","2,394.82","2,383.16","","0.21%"
"08/11/2024","2,389.83","2,386.99","2,389.83","2,381.14","","0.10%"
"08/08/2024","2,387.33","2,377.16","2,387.33","2,377.16","","0.43%"
"08/07/2024","2,377.16","2,368.32","2,377.16","2,366.85","","0.37%"
"08/06/2024","2,368.32","2,375.52","2,375.52","2,358.01","","-0.30%"
"08/05/2024","2,375.52","2,379.50","2,379.50","2,364.87","","-0.23%"
"08/04/2024","2,380.91","2,392.17","2,392.17","2,376.19","","-0.48%"
"08/01/2024","2,392.29","2,406.90","2,407.02","2,387.23","","-0.61%"
"07/31/2024","2,407.09","2,413.10","2,413.10","2,395.57","","-0.25%"
"07/30/2024","2,413.16","2,418.38","2,422.68","2,407.50","","-0.22%"
"07/29/2024","2,418.51","2,414.89","2,418.68","2,407.32","","0.15%"
"07/28/2024","2,414.96","2,416.14","2,418.06","2,404.52","","-0.05%"
"07/25/2024","2,416.14","2,405.46","2,416.14","2,402.51","","0.44%"
"07/24/2024","2,405.46","2,405.09","2,406.56","2,401.85","","-0.01%"
"07/23/2024","2,405.62","2,401.23","2,405.62","2,394.84","","0.16%"
"07/22/2024","2,401.76","2,409.52","2,409.52","2,399.72","","-0.33%"
"07/21/2024","2,409.76","2,419.66","2,419.66","2,401.51","","-0.40%"
"07/18/2024","2,419.44","2,422.78","2,423.32","2,415.03","","-0.14%"
"07/17/2024","2,422.78","2,423.51","2,424.31","2,417.96","","-0.04%"
"07/16/2024","2,423.68","2,420.50","2,423.68","2,412.51","","0.13%"
"07/15/2024","2,420.50","2,425.90","2,425.90","2,416.52","","-0.23%"
"07/14/2024","2,426.01","2,427.04","2,427.20","2,421.49","","-0.04%"
"07/11/2024","2,427.04","2,417.62","2,427.04","2,416.06","","0.39%"
"07/10/2024","2,417.63","2,410.00","2,417.63","2,407.79","","0.32%"
"07/09/2024","2,410.00","2,401.04","2,410.00","2,399.41","","0.37%"
"07/08/2024","2,401.04","2,405.86","2,405.86","2,395.99","","-0.21%"
"07/04/2024","2,406.05","2,396.73","2,406.05","2,388.96","","0.39%"
"07/03/2024","2,396.64","2,401.05","2,401.34","2,390.92","","-0.18%"
"07/02/2024","2,401.05","2,397.81","2,402.23","2,394.50","","0.14%"
"07/01/2024","2,397.81","2,394.89","2,397.98","2,392.39","","0.18%"
"06/30/2024","2,393.53","2,399.60","2,401.85","2,391.49","","-0.25%"
"06/27/2024","2,399.60","2,408.01","2,408.01","2,396.62","","-0.34%"
"06/26/2024","2,407.89","2,398.67","2,407.89","2,393.35","","0.38%"
"06/25/2024","2,398.67","2,404.40","2,404.40","2,394.51","","-0.25%"
"06/24/2024","2,404.59","2,417.67","2,417.67","2,395.05","","-0.50%"
"06/23/2024","2,416.71","2,420.51","2,420.51","2,406.48","","-0.16%"
"06/13/2024","2,420.51","2,413.18","2,420.51","2,405.23","","0.26%"
"06/12/2024","2,414.23","2,406.30","2,414.23","2,405.69","","0.33%"
"06/11/2024","2,406.30","2,419.98","2,421.06","2,404.66","","-0.57%"
"06/10/2024","2,419.99","2,432.43","2,433.08","2,413.42","","-0.51%"
"06/06/2024","2,432.41","2,419.61","2,432.93","2,419.61","","0.53%"
"06/05/2024","2,419.61","2,413.61","2,419.61","2,413.10","","0.24%"
"06/04/2024","2,413.77","2,415.98","2,415.98","2,409.16","","-0.07%"
"06/03/2024","2,415.50","2,409.46","2,415.50","2,407.38","","0.25%"
"06/02/2024","2,409.46","2,402.19","2,409.65","2,400.77","","0.30%"
"05/30/2024","2,402.25","2,409.10","2,409.10","2,395.76","","-0.31%"
"05/29/2024","2,409.61","2,404.04","2,409.61","2,399.79","","0.23%"
"05/28/2024","2,404.04","2,399.45","2,404.56","2,398.83","","0.19%"
"05/27/2024","2,399.45","2,406.64","2,406.64","2,394.70","","-0.30%"
"05/26/2024","2,406.64","2,412.24","2,412.93","2,404.79","","-0.24%"
"05/23/2024","2,412.37","2,415.09","2,416.10","2,406.62","","-0.11%"
"05/22/2024","2,415.09","2,392.63","2,415.09","2,390.58","","0.94%"
"05/21/2024","2,392.63","2,390.19","2,392.63","2,386.36","","0.10%"
"05/20/2024","2,390.19","2,389.00","2,390.19","2,385.30","","0.04%"
"05/19/2024","2,389.23","2,393.68","2,393.68","2,384.48","","-0.19%"
"05/16/2024","2,393.68","2,386.16","2,393.69","2,382.50","","0.30%"
"05/15/2024","2,386.51","2,386.31","2,386.82","2,379.76","","0.01%"
"05/14/2024","2,386.31","2,374.93","2,386.58","2,373.19","","0.44%"
"05/13/2024","2,375.97","2,368.67","2,376.58","2,366.19","","0.31%"
"05/12/2024","2,368.61","2,363.61","2,369.22","2,362.53","","0.21%"
"05/09/2024","2,363.61","2,356.98","2,363.61","2,353.71","","0.28%"
"05/08/2024","2,356.98","2,352.19","2,356.98","2,346.86","","0.20%"
"05/07/2024","2,352.25","2,354.28","2,354.28","2,347.19","","-0.09%"
"05/06/2024","2,354.28","2,360.49","2,362.18","2,348.66","","-0.26%"
"05/05/2024","2,360.49","2,364.61","2,364.61","2,354.21","","-0.21%"
"05/01/2024","2,365.40","2,390.63","2,390.63","2,358.40","","-1.05%"
"04/30/2024","2,390.55","2,431.22","2,431.22","2,387.09","","-1.67%"
"04/29/2024","2,431.22","2,431.21","2,437.94","2,428.49","","0.00%"
"04/28/2024","2,431.21","2,440.22","2,440.22","2,418.98","","-0.39%"
"04/25/2024","2,440.72","2,433.70","2,440.94","2,430.84","","0.28%"
"04/24/2024","2,433.89","2,444.20","2,445.46","2,430.98","","-0.42%"
"04/23/2024","2,444.17","2,443.98","2,445.28","2,434.31","","0.01%"
"04/22/2024","2,443.98","2,447.15","2,448.20","2,439.53","","-0.17%"
"04/21/2024","2,448.09","2,456.00","2,457.64","2,445.46","","-0.32%"
"04/18/2024","2,456.00","2,457.89","2,459.18","2,450.31","","-0.10%"
"04/17/2024","2,458.34","2,451.10","2,458.34","2,444.52","","0.29%"
"04/16/2024","2,451.15","2,455.33","2,455.33","2,444.02","","-0.17%"
"04/15/2024","2,455.33","2,449.25","2,462.65","2,444.77","","0.25%"
"04/14/2024","2,449.25","2,435.50","2,452.63","2,435.50","","0.50%"
"04/08/2024","2,437.17","2,431.76","2,437.17","2,428.93","","-0.50%"
"04/07/2024","2,449.30","2,442.02","2,449.39","2,440.68","","0.30%"
"04/04/2024","2,442.02","2,432.66","2,442.67","2,430.61","","0.38%"
"04/03/2024","2,432.78","2,437.04","2,437.04","2,429.30","","-0.17%"
"04/02/2024","2,437.04","2,437.11","2,438.05","2,432.12","","-0.01%"
"04/01/2024","2,437.23","2,437.36","2,441.18","2,428.65","","-0.02%"
"03/31/2024","2,437.72","2,457.97","2,457.97","2,433.07","","-0.82%"
"03/28/2024","2,457.97","2,471.88","2,471.88","2,453.34","","-0.56%"
"03/27/2024","2,471.88","2,476.16","2,476.16","2,464.25","","-0.17%"
"03/26/2024","2,476.21","2,474.52","2,476.21","2,468.03","","0.11%"
"03/25/2024","2,473.48","2,483.85","2,483.85","2,466.74","","-0.42%"
"03/24/2024","2,483.93","2,494.35","2,494.35","2,478.07","","-0.42%"
"03/21/2024","2,494.35","2,491.23","2,495.19","2,488.13","","0.08%"
"03/20/2024","2,492.26","2,499.33","2,501.05","2,488.26","","-0.29%"
"03/19/2024","2,499.47","2,505.17","2,508.99","2,496.26","","-0.23%"
"03/18/2024","2,505.17","2,497.25","2,507.22","2,494.17","","0.32%"
"03/17/2024","2,497.30","2,499.76","2,499.76","2,492.66","","-0.10%"
"03/14/2024","2,499.76","2,494.12","2,501.37","2,493.38","","0.22%"
"03/13/2024","2,494.23","2,496.09","2,497.55","2,491.05","","-0.08%"
"03/12/2024","2,496.22","2,498.10","2,499.11","2,490.51","","-0.08%"
"03/11/2024","2,498.12","2,496.83","2,498.16","2,492.61","","0.05%"
"03/10/2024","2,496.79","2,491.46","2,496.79","2,483.32","","0.21%"
"03/07/2024","2,491.46","2,478.42","2,491.46","2,478.42","","0.48%"
"03/06/2024","2,479.60","2,472.30","2,479.66","2,463.26","","0.29%"
"03/05/2024","2,472.31","2,468.86","2,472.45","2,464.08","","0.14%"
"03/04/2024","2,468.90","2,463.80","2,469.16","2,459.23","","0.18%"
"03/03/2024","2,464.35","2,467.19","2,467.65","2,459.30","","-0.12%"
"02/29/2024","2,467.25","2,466.87","2,467.25","2,460.28","","0.02%"
"02/28/2024","2,466.87","2,463.89","2,466.87","2,458.23","","0.10%"
"02/27/2024","2,464.43","2,465.50","2,465.98","2,457.77","","-0.04%"
"02/26/2024","2,465.50","2,465.47","2,465.50","2,455.37","","-0.01%"
"02/25/2024","2,465.63","2,465.25","2,468.31","2,458.51","","0.02%"
"02/22/2024","2,465.25","2,460.49","2,466.57","2,458.80","","0.19%"
"02/21/2024","2,460.66","2,453.14","2,460.66","2,446.50","","0.32%"
"02/20/2024","2,452.92","2,457.44","2,457.54","2,442.00","","-0.24%"
"02/19/2024","2,458.93","2,471.13","2,471.13","2,452.42","","-0.49%"
"02/18/2024","2,471.13","2,471.39","2,471.39","2,463.48","","-0.01%"
"02/15/2024","2,471.39","2,471.42","2,471.42","2,465.59","","0.00%"
"02/14/2024","2,471.42","2,468.06","2,477.57","2,467.21","","0.14%"
"02/13/2024","2,468.06","2,475.26","2,475.26","2,463.64","","-0.39%"
"02/12/2024","2,477.62","2,478.75","2,483.03","2,471.04","","-0.05%"
"02/11/2024","2,478.81","2,483.49","2,483.58","2,471.33","","-0.19%"
"02/08/2024","2,483.55","2,470.55","2,483.55","2,466.59","","0.53%"
"02/07/2024","2,470.55","2,458.46","2,472.02","2,457.00","","0.49%"
"02/06/2024","2,458.46","2,481.75","2,481.75","2,456.48","","-0.94%"
"02/05/2024","2,481.67","2,489.64","2,491.05","2,475.28","","-0.35%"
"02/04/2024","2,490.35","2,492.34","2,499.20","2,488.85","","-0.08%"
"02/01/2024","2,492.25","2,479.25","2,492.25","2,479.25","","0.46%"
"01/31/2024","2,480.76","2,480.69","2,483.05","2,472.55","","0.00%"
"01/30/2024","2,480.69","2,465.06","2,481.38","2,465.06","","0.63%"
"01/29/2024","2,465.06","2,469.87","2,469.87","2,459.50","","-0.19%"
"01/28/2024","2,469.87","2,470.84","2,471.37","2,465.29","","-0.06%"
"01/25/2024","2,471.35","2,469.51","2,473.14","2,464.16","","0.05%"
"01/24/2024","2,470.02","2,462.17","2,470.41","2,459.92","","0.30%"
"01/23/2024","2,462.60","2,462.92","2,463.82","2,456.11","","-0.02%"
"01/22/2024","2,462.99","2,462.60","2,464.78","2,456.79","","0.02%"
"01/21/2024","2,462.60","2,467.50","2,467.97","2,455.04","","-0.20%"
"01/18/2024","2,467.50","2,463.85","2,467.50","2,455.99","","0.15%"
"01/17/2024","2,463.85","2,471.16","2,473.86","2,461.74","","-0.32%"
"01/16/2024","2,471.83","2,473.42","2,474.48","2,467.63","","-0.07%"
"01/15/2024","2,473.58","2,477.57","2,477.57","2,463.02","","-0.16%"
"01/14/2024","2,477.60","2,472.79","2,477.60","2,468.03","","0.19%"
"01/11/2024","2,472.92","2,476.18","2,477.16","2,466.92","","-0.13%"
"01/10/2024","2,476.18","2,486.64","2,486.64","2,471.14","","-0.38%"
"01/09/2024","2,485.63","2,484.09","2,491.76","2,481.13","","0.06%"
"01/08/2024","2,484.09","2,463.92","2,484.09","2,460.70","","0.82%"
"01/07/2024","2,463.86","2,452.39","2,467.05","2,452.39","","0.47%"
"01/04/2024","2,452.39","2,441.78","2,452.39","2,440.18","","0.43%"
"01/03/2024","2,441.78","2,442.75","2,452.92","2,438.18","","-0.04%"
"01/02/2024","2,442.73","2,431.21","2,442.79","2,431.21","","0.47%"
"12/31/2023","2,431.21","2,428.65","2,431.21","2,420.07","","0.14%"
"12/28/2023","2,427.87","2,422.96","2,427.87","2,419.84","","0.20%"
"12/27/2023","2,422.96","2,421.41","2,423.32","2,417.30","","0.06%"
"12/26/2023","2,421.41","2,424.05","2,425.03","2,417.64","","-0.12%"
"12/24/2023","2,424.20","2,424.90","2,426.13","2,419.92","","-0.04%"
"12/21/2023","2,425.12","2,429.15","2,430.41","2,418.82","","-0.12%"
"12/20/2023","2,428.12","2,424.90","2,429.45","2,421.50","","0.13%"
"12/19/2023","2,424.89","2,420.28","2,424.89","2,419.13","","0.19%"
"12/18/2023","2,420.39","2,415.28","2,421.61","2,412.19","","0.21%"
"12/17/2023","2,415.28","2,400.49","2,415.28","2,395.46","","0.62%"
"12/14/2023","2,400.49","2,394.33","2,400.49","2,389.82","","0.25%"
"12/13/2023","2,394.55","2,395.41","2,396.48","2,387.44","","-0.04%"
"12/12/2023","2,395.41","2,394.84","2,395.99","2,387.65","","0.02%"
"12/11/2023","2,394.85","2,385.54","2,394.85","2,382.21","","0.39%"
"12/10/2023","2,385.59","2,381.91","2,386.55","2,376.97","","0.15%"
"12/07/2023","2,381.91","2,381.43","2,381.91","2,374.68","","0.02%"
"12/06/2023","2,381.41","2,390.47","2,390.82","2,377.15","","-0.39%"
"12/05/2023","2,390.63","2,401.08","2,401.08","2,386.52","","-0.44%"
"12/04/2023","2,401.17","2,403.19","2,403.19","2,394.25","","-0.08%"
"12/03/2023","2,403.19","2,406.64","2,407.27","2,396.86","","-0.15%"
"11/30/2023","2,406.80","2,403.88","2,406.80","2,395.17","","0.12%"
"11/29/2023","2,404.01","2,397.95","2,404.01","2,396.30","","0.24%"
"11/28/2023","2,398.24","2,396.30","2,400.35","2,394.04","","0.08%"
"11/27/2023","2,396.37","2,398.02","2,398.65","2,391.81","","-0.07%"
"11/26/2023","2,398.02","2,393.57","2,398.02","2,391.45","","0.18%"
"11/23/2023","2,393.69","2,393.67","2,394.61","2,390.07","","0.00%"
"11/22/2023","2,393.67","2,393.74","2,393.74","2,387.75","","0.00%"
"11/21/2023","2,393.75","2,390.44","2,393.75","2,386.67","","0.14%"
"11/20/2023","2,390.44","2,393.23","2,393.23","2,385.22","","-0.14%"
"11/19/2023","2,393.82","2,393.73","2,393.82","2,388.02","","-0.02%"
"11/16/2023","2,394.20","2,380.80","2,394.21","2,378.25","","0.56%"
"11/15/2023","2,380.85","2,381.80","2,382.46","2,377.39","","-0.06%"
"11/14/2023","2,382.33","2,380.83","2,382.33","2,375.25","","0.05%"
"11/13/2023","2,381.12","2,386.91","2,387.00","2,374.38","","-0.28%"
"11/12/2023","2,387.69","2,388.67","2,393.09","2,383.45","","-0.05%"
"11/09/2023","2,388.89","2,379.84","2,388.89","2,375.96","","0.37%"
"11/08/2023","2,380.06","2,379.65","2,382.26","2,373.89","","0.00%"
"11/07/2023","2,380.02","2,391.82","2,391.82","2,377.84","","-0.50%"
"11/06/2023","2,391.90","2,399.57","2,399.57","2,383.86","","-0.34%"
"11/05/2023","2,400.00","2,404.08","2,406.03","2,392.10","","-0.17%"
"11/02/2023","2,404.00","2,414.54","2,414.54","2,399.03","","-0.44%"
"11/01/2023","2,414.54","2,415.20","2,416.22","2,403.85","","-0.01%"
"10/31/2023","2,414.75","2,422.84","2,422.84","2,405.65","","-0.32%"
"10/30/2023","2,422.62","2,414.05","2,422.62","2,412.81","","0.36%"
"10/29/2023","2,414.05","2,413.97","2,423.79","2,410.44","","-0.01%"
"10/26/2023","2,414.19","2,411.58","2,414.91","2,404.08","","0.07%"
"10/25/2023","2,412.60","2,411.93","2,413.10","2,403.78","","0.03%"
"10/24/2023","2,411.80","2,414.08","2,414.89","2,401.59","","-0.09%"
"10/23/2023","2,414.08","2,421.13","2,421.13","2,405.03","","-0.29%"
"10/22/2023","2,421.13","2,423.84","2,424.22","2,414.45","","-0.12%"
"10/19/2023","2,424.10","2,415.90","2,427.14","2,410.19","","0.34%"
"10/18/2023","2,415.83","2,439.14","2,439.14","2,411.89","","-0.96%"
"10/17/2023","2,439.36","2,429.17","2,439.36","2,426.63","","0.41%"
"10/16/2023","2,429.30","2,412.67","2,429.30","2,409.86","","0.69%"
"10/15/2023","2,412.67","2,432.16","2,432.16","2,404.90","","-0.86%"
"10/12/2023","2,433.67","2,420.67","2,433.67","2,411.34","","0.54%"
"10/11/2023","2,420.67","2,441.56","2,441.56","2,413.65","","-0.84%"
"10/10/2023","2,441.06","2,457.77","2,457.77","2,438.01","","-0.70%"
"10/09/2023","2,458.30","2,460.92","2,460.92","2,448.83","","-0.13%"
"10/08/2023","2,461.38","2,470.10","2,470.10","2,456.02","","-0.41%"
"10/05/2023","2,471.46","2,452.74","2,471.46","2,451.83","","0.74%"
"10/04/2023","2,453.20","2,439.92","2,453.20","2,434.68","","0.53%"
"10/03/2023","2,440.29","2,431.13","2,441.66","2,426.75","","0.38%"
"10/02/2023","2,431.13","2,412.58","2,431.13","2,410.17","","0.77%"
"10/01/2023","2,412.58","2,413.96","2,419.99","2,408.53","","-0.06%"
"09/28/2023","2,414.02","2,411.11","2,414.45","2,402.70","","0.12%"
"09/26/2023","2,411.11","2,409.96","2,411.56","2,403.61","","0.04%"
"09/25/2023","2,410.25","2,408.61","2,410.25","2,399.82","","0.07%"
"09/24/2023","2,408.59","2,410.17","2,410.17","2,403.47","","-0.07%"
"09/21/2023","2,410.17","2,409.83","2,410.35","2,404.24","","0.01%"
"09/20/2023","2,409.83","2,408.45","2,409.83","2,404.46","","0.06%"
"09/19/2023","2,408.50","2,400.20","2,408.50","2,398.21","","0.35%"
"09/18/2023","2,400.20","2,405.23","2,405.96","2,399.65","","-0.22%"
"09/17/2023","2,405.53","2,407.11","2,407.11","2,399.30","","-0.06%"
"09/14/2023","2,407.08","2,404.56","2,407.08","2,399.25","","0.10%"
"09/13/2023","2,404.56","2,398.03","2,405.27","2,398.03","","0.23%"
"09/12/2023","2,399.03","2,411.11","2,411.56","2,397.77","","-0.50%"
"09/11/2023","2,411.17","2,410.99","2,411.17","2,404.94","","0.01%"
"09/10/2023","2,410.83","2,410.97","2,411.43","2,405.89","","-0.01%"
"09/07/2023","2,411.01","2,400.41","2,411.01","2,397.95","","0.44%"
"09/06/2023","2,400.41","2,408.05","2,410.28","2,397.74","","-0.32%"
"09/05/2023","2,408.04","2,409.84","2,415.46","2,404.08","","-0.07%"
"09/04/2023","2,409.76","2,413.46","2,414.89","2,404.44","","-0.17%"
"09/03/2023","2,413.92","2,408.69","2,413.92","2,405.24","","0.22%"
"08/31/2023","2,408.69","2,397.62","2,411.76","2,394.50","","0.46%"
"08/30/2023","2,397.75","2,397.65","2,401.67","2,392.74","","-0.01%"
"08/29/2023","2,397.95","2,401.86","2,402.75","2,390.81","","-0.16%"
"08/28/2023","2,401.86","2,390.50","2,401.86","2,390.50","","0.47%"
"08/27/2023","2,390.71","2,387.25","2,392.63","2,380.39","","0.13%"
"08/24/2023","2,387.65","2,372.59","2,387.65","2,368.66","","0.59%"
"08/23/2023","2,373.55","2,370.01","2,374.75","2,365.92","","0.15%"
"08/22/2023","2,369.89","2,369.53","2,371.73","2,359.32","","0.00%"
"08/21/2023","2,369.84","2,368.61","2,371.18","2,343.70","","0.05%"
"08/20/2023","2,368.68","2,386.90","2,386.90","2,361.83","","-0.76%"
"08/17/2023","2,386.90","2,401.24","2,401.24","2,384.33","","-0.60%"
"08/16/2023","2,401.24","2,405.85","2,405.85","2,394.36","","-0.19%"
"08/15/2023","2,405.72","2,422.65","2,423.84","2,401.12","","-0.70%"
"08/14/2023","2,422.77","2,432.39","2,432.39","2,415.44","","-0.40%"
"08/13/2023","2,432.39","2,443.03","2,443.03","2,425.75","","-0.44%"
"08/10/2023","2,443.02","2,438.96","2,443.02","2,432.48","","0.17%"
"08/09/2023","2,438.96","2,443.34","2,443.89","2,432.24","","-0.20%"
"08/08/2023","2,443.92","2,444.20","2,444.72","2,433.92","","-0.02%"
"08/07/2023","2,444.37","2,442.83","2,447.40","2,437.17","","0.06%"
"08/06/2023","2,442.97","2,436.88","2,444.67","2,430.55","","0.24%"
"08/03/2023","2,437.02","2,434.52","2,437.18","2,428.50","","0.10%"
"08/02/2023","2,434.52","2,438.30","2,438.30","2,428.78","","-0.16%"
"08/01/2023","2,438.30","2,442.95","2,442.95","2,429.47","","-0.31%"
"07/31/2023","2,445.90","2,449.62","2,449.62","2,427.92","","-0.15%"
"07/30/2023","2,449.62","2,435.38","2,449.62","2,428.14","","0.58%"
"07/27/2023","2,435.43","2,456.50","2,456.50","2,429.87","","-0.85%"
"07/26/2023","2,456.42","2,459.14","2,459.14","2,448.18","","-0.11%"
"07/25/2023","2,459.14","2,461.11","2,461.11","2,443.41","","-0.09%"
"07/24/2023","2,461.26","2,473.27","2,473.27","2,458.27","","-0.49%"
"07/23/2023","2,473.39","2,484.35","2,484.35","2,465.76","","-0.45%"
"07/20/2023","2,484.47","2,477.55","2,486.09","2,469.21","","0.36%"
"07/18/2023","2,475.45","2,471.44","2,475.57","2,467.41","","0.16%"
"07/17/2023","2,471.38","2,454.93","2,471.38","2,451.72","","0.67%"
"07/16/2023","2,454.93","2,456.27","2,458.82","2,450.04","","-0.03%"
"07/13/2023","2,455.69","2,451.75","2,457.70","2,448.41","","0.16%"
"07/12/2023","2,451.75","2,444.13","2,451.75","2,439.82","","0.28%"
"07/11/2023","2,444.89","2,439.48","2,444.89","2,431.24","","0.22%"
"07/10/2023","2,439.63","2,454.70","2,454.70","2,433.37","","-0.62%"
"07/09/2023","2,454.76","2,468.42","2,468.42","2,436.97","","-0.66%"
"07/06/2023","2,471.09","2,477.14","2,477.14","2,462.30","","-0.24%"
"07/05/2023","2,477.14","2,465.31","2,477.14","2,460.01","","0.48%"
"07/04/2023","2,465.31","2,447.31","2,465.31","2,447.14","","0.74%"
"07/03/2023","2,447.31","2,462.61","2,462.61","2,444.26","","-0.62%"
"07/02/2023","2,462.69","2,465.37","2,467.96","2,458.08","","-0.11%"
"06/26/2023","2,465.52","2,455.60","2,465.52","2,449.60","","0.40%"
"06/25/2023","2,455.78","2,446.98","2,457.14","2,444.95","","0.37%"
"06/22/2023","2,446.79","2,453.18","2,453.18","2,437.45","","-0.28%"
"06/21/2023","2,453.59","2,452.25","2,457.16","2,447.82","","-0.01%"
"06/20/2023","2,453.77","2,457.32","2,457.32","2,437.58","","-0.14%"
"06/19/2023","2,457.17","2,471.03","2,471.03","2,446.04","","-0.59%"
"06/18/2023","2,471.70","2,475.66","2,475.66","2,459.74","","-0.16%"
"06/15/2023","2,475.66","2,476.93","2,477.45","2,463.23","","-0.06%"
"06/14/2023","2,477.15","2,485.75","2,485.75","2,474.91","","-0.35%"
"06/13/2023","2,485.75","2,485.69","2,485.75","2,476.02","","0.00%"
"06/12/2023","2,485.69","2,509.08","2,509.08","2,485.01","","-0.98%"
"06/11/2023","2,510.41","2,510.79","2,514.83","2,499.21","","-0.03%"
"06/08/2023","2,511.19","2,502.57","2,511.19","2,500.37","","0.34%"
"06/07/2023","2,502.64","2,493.08","2,502.89","2,487.93","","0.36%"
"06/06/2023","2,493.60","2,490.14","2,495.01","2,480.86","","0.14%"
"06/05/2023","2,490.14","2,480.40","2,496.59","2,478.23","","0.39%"
"06/04/2023","2,480.54","2,481.12","2,481.92","2,473.77","","-0.03%"
"05/31/2023","2,481.35","2,465.25","2,481.53","2,461.19","","0.65%"
"05/30/2023","2,465.25","2,464.98","2,471.38","2,460.12","","0.01%"
"05/29/2023","2,464.98","2,477.33","2,477.33","2,459.34","","-0.48%"
"05/28/2023","2,476.87","2,483.86","2,485.23","2,465.97","","-0.28%"
"05/24/2023","2,483.86","2,479.17","2,483.86","2,472.62","","0.19%"
"05/23/2023","2,479.17","2,475.08","2,479.17","2,468.33","","0.17%"
"05/22/2023","2,475.08","2,483.27","2,484.38","2,466.67","","-0.33%"
"05/21/2023","2,483.38","2,489.17","2,490.35","2,479.02","","-0.27%"
"05/18/2023","2,490.19","2,494.65","2,495.96","2,481.27","","-0.18%"
"05/17/2023","2,494.76","2,492.07","2,497.21","2,487.11","","0.11%"
"05/16/2023","2,492.07","2,487.81","2,494.41","2,482.68","","0.17%"
"05/15/2023","2,487.81","2,481.61","2,490.47","2,476.80","","0.25%"
"05/14/2023","2,481.72","2,477.44","2,483.44","2,472.78","","0.18%"
"05/11/2023","2,477.38","2,473.19","2,478.61","2,463.97","","0.13%"
"05/10/2023","2,474.20","2,434.57","2,474.20","2,433.78","","1.63%"
"05/09/2023","2,434.57","2,443.83","2,444.04","2,431.70","","-0.38%"
"05/08/2023","2,443.83","2,444.57","2,444.57","2,433.42","","-0.03%"
"05/07/2023","2,444.55","2,456.10","2,456.10","2,441.05","","-0.47%"
"05/04/2023","2,456.10","2,456.51","2,456.51","2,440.72","","-0.02%"
"05/03/2023","2,456.51","2,445.40","2,456.51","2,437.85","","0.44%"
"05/02/2023","2,445.83","2,449.36","2,450.18","2,431.25","","-0.15%"
"05/01/2023","2,449.47","2,461.48","2,461.48","2,436.06","","-0.49%"
"04/27/2023","2,461.48","2,447.13","2,461.48","2,425.88","","0.33%"
"04/26/2023","2,453.45","2,475.54","2,478.73","2,448.62","","-0.89%"
"04/25/2023","2,475.37","2,476.39","2,482.15","2,465.21","","-0.04%"
"04/20/2023","2,476.31","2,462.00","2,477.55","2,462.00","","0.59%"
"04/19/2023","2,461.71","2,458.50","2,464.03","2,454.74","","0.13%"
"04/18/2023","2,458.50","2,454.53","2,459.63","2,446.50","","0.20%"
"04/17/2023","2,453.57","2,454.45","2,454.45","2,432.60","","-0.04%"
"04/16/2023","2,454.57","2,466.16","2,466.16","2,447.03","","-0.62%"
"04/13/2023","2,469.81","2,477.63","2,479.76","2,462.73","","-0.32%"
"04/12/2023","2,477.63","2,459.59","2,481.96","2,456.38","","0.73%"
"04/11/2023","2,459.59","2,469.16","2,469.16","2,441.46","","-0.39%"
"04/10/2023","2,469.11","2,486.32","2,486.32","2,464.25","","-0.69%"
"04/09/2023","2,486.32","2,504.86","2,504.86","2,479.01","","-0.76%"
"04/06/2023","2,505.30","2,538.92","2,538.92","2,493.00","","-1.32%"
"04/05/2023","2,538.92","2,555.13","2,555.13","2,528.84","","-0.63%"
"04/04/2023","2,555.13","2,559.82","2,561.65","2,548.89","","-0.18%"
"04/03/2023","2,559.82","2,572.14","2,572.14","2,556.49","","-0.48%"
"04/02/2023","2,572.14","2,601.20","2,602.13","2,564.66","","-1.12%"
"03/30/2023","2,601.20","2,598.27","2,601.52","2,591.79","","0.02%"
"03/29/2023","2,600.76","2,601.92","2,604.25","2,594.89","","-0.09%"
"03/28/2023","2,603.10","2,589.53","2,603.85","2,575.01","","0.52%"
"03/27/2023","2,589.58","2,577.56","2,589.58","2,572.78","","0.47%"
"03/26/2023","2,577.59","2,564.61","2,577.94","2,559.18","","-0.14%"
"03/23/2023","2,581.15","2,579.39","2,581.16","2,571.32","","0.09%"
"03/22/2023","2,578.95","2,583.83","2,591.15","2,568.83","","-0.17%"
"03/21/2023","2,583.43","2,602.53","2,603.66","2,573.86","","-0.74%"
"03/20/2023","2,602.56","2,624.18","2,624.18","2,594.82","","-0.85%"
"03/19/2023","2,624.83","2,645.38","2,646.30","2,621.31","","-0.77%"
"03/16/2023","2,645.29","2,648.28","2,648.88","2,635.03","","-0.11%"
"03/15/2023","2,648.13","2,666.27","2,666.27","2,640.63","","-0.69%"
"03/14/2023","2,666.40","2,657.02","2,666.46","2,642.19","","0.35%"
"03/13/2023","2,657.04","2,641.96","2,659.59","2,641.96","","0.57%"
"03/12/2023","2,642.02","2,702.84","2,702.84","2,627.89","","-2.25%"
"03/09/2023","2,702.82","2,685.19","2,702.82","2,679.68","","0.66%"
"03/08/2023","2,685.19","2,682.90","2,689.58","2,674.32","","0.05%"
"03/07/2023","2,683.88","2,682.94","2,685.68","2,678.13","","0.01%"
"03/06/2023","2,683.59","2,674.75","2,684.15","2,669.10","","0.33%"
"03/05/2023","2,674.78","2,673.02","2,675.81","2,667.17","","0.06%"
"03/02/2023","2,673.21","2,654.33","2,673.21","2,647.82","","0.69%"
"03/01/2023","2,654.93","2,655.08","2,655.08","2,647.16","","-0.01%"
"02/28/2023","2,655.08","2,643.04","2,655.08","2,631.72","","0.47%"
"02/27/2023","2,642.59","2,631.74","2,645.82","2,631.74","","0.41%"
"02/26/2023","2,631.74","2,655.56","2,656.48","2,626.60","","-0.82%"
"02/23/2023","2,653.61","2,665.62","2,665.97","2,647.12","","-0.52%"
"02/22/2023","2,667.57","2,658.80","2,668.12","2,657.20","","0.33%"
"02/21/2023","2,658.80","2,651.75","2,659.32","2,646.27","","0.23%"
"02/20/2023","2,652.59","2,648.89","2,659.04","2,645.32","","0.14%"
"02/19/2023","2,648.89","2,670.54","2,670.54","2,642.78","","-0.82%"
"02/16/2023","2,670.70","2,697.03","2,697.03","2,654.59","","-0.98%"
"02/15/2023","2,697.08","2,733.10","2,733.10","2,673.43","","-1.31%"
"02/14/2023","2,732.89","2,744.84","2,744.84","2,728.91","","-0.44%"
"02/13/2023","2,744.84","2,730.64","2,745.37","2,726.66","","0.52%"
"02/12/2023","2,730.74","2,725.78","2,735.48","2,723.11","","0.18%"
"02/09/2023","2,725.93","2,739.51","2,740.21","2,717.09","","-0.49%"
"02/08/2023","2,739.37","2,719.18","2,739.37","2,716.28","","0.74%"
"02/07/2023","2,719.17","2,706.58","2,719.17","2,696.32","","0.47%"
"02/06/2023","2,706.58","2,708.38","2,713.95","2,701.41","","-0.07%"
"02/05/2023","2,708.38","2,710.14","2,713.32","2,704.02","","-0.07%"
"02/02/2023","2,710.19","2,692.55","2,710.19","2,692.55","","0.65%"
"02/01/2023","2,692.65","2,676.50","2,692.65","2,676.50","","0.60%"
"01/31/2023","2,676.50","2,684.29","2,685.36","2,671.68","","-0.25%"
"01/30/2023","2,683.30","2,686.36","2,686.36","2,671.15","","-0.13%"
"01/29/2023","2,686.76","2,679.75","2,691.62","2,676.25","","0.26%"
"01/26/2023","2,679.83","2,678.04","2,681.84","2,672.07","","0.06%"
"01/25/2023","2,678.15","2,676.03","2,684.22","2,672.96","","0.07%"
"01/24/2023","2,676.18","2,655.45","2,676.18","2,655.45","","0.78%"
"01/23/2023","2,655.55","2,660.28","2,660.59","2,647.94","","-0.21%"
"01/22/2023","2,661.07","2,655.89","2,665.61","2,651.33","","0.20%"
"01/19/2023","2,655.89","2,640.36","2,655.98","2,634.75","","0.59%"
"01/18/2023","2,640.38","2,652.34","2,652.34","2,631.38","","-0.45%"
"01/17/2023","2,652.22","2,652.89","2,661.62","2,647.40","","-0.03%"
"01/16/2023","2,652.89","2,639.63","2,658.51","2,632.79","","0.51%"
"01/15/2023","2,639.44","2,624.68","2,640.93","2,622.39","","0.58%"
"01/12/2023","2,624.25","2,625.17","2,629.42","2,617.84","","-0.04%"
"01/11/2023","2,625.17","2,617.99","2,625.19","2,614.30","","0.27%"
"01/10/2023","2,617.99","2,621.64","2,636.46","2,614.88","","-0.14%"
"01/09/2023","2,621.64","2,615.39","2,639.83","2,612.11","","0.24%"
"01/08/2023","2,615.39","2,584.00","2,625.02","2,584.00","","1.20%"
"01/05/2023","2,584.42","2,582.22","2,593.11","2,580.02","","0.09%"
"01/04/2023","2,582.17","2,545.58","2,582.17","2,544.65","","1.46%"
"01/03/2023","2,545.10","2,510.47","2,545.10","2,509.66","","1.38%"
"01/02/2023","2,510.52","2,500.61","2,518.58","2,500.61","","0.36%"
"12/29/2022","2,501.60","2,494.17","2,501.60","2,482.19","","0.28%"
"12/28/2022","2,494.56","2,487.09","2,495.51","2,483.08","","0.30%"
"12/27/2022","2,487.10","2,473.34","2,487.10","2,470.11","","0.55%"
"12/26/2022","2,473.54","2,475.42","2,475.42","2,465.73","","-0.08%"
"12/22/2022","2,475.49","2,474.43","2,477.33","2,470.93","","0.04%"
"12/21/2022","2,474.43","2,474.40","2,475.75","2,464.07","","0.00%"
"12/20/2022","2,474.47","2,485.61","2,485.88","2,466.96","","-0.45%"
"12/19/2022","2,485.73","2,476.23","2,485.73","2,463.80","","0.38%"
"12/18/2022","2,476.30","2,497.34","2,497.34","2,473.20","","-0.84%"
"12/15/2022","2,497.36","2,506.59","2,506.59","2,493.61","","-0.37%"
"12/14/2022","2,506.59","2,512.48","2,513.39","2,504.32","","-0.24%"
"12/13/2022","2,512.53","2,500.79","2,512.53","2,496.37","","0.47%"
"12/12/2022","2,500.79","2,499.86","2,502.49","2,493.73","","0.03%"
"12/11/2022","2,500.06","2,505.68","2,505.68","2,494.59","","-0.22%"
"12/08/2022","2,505.60","2,502.61","2,507.23","2,500.23","","0.12%"
"12/07/2022","2,502.61","2,506.87","2,506.87","2,497.27","","-0.17%"
"12/06/2022","2,506.93","2,505.81","2,509.04","2,499.86","","0.05%"
"12/05/2022","2,505.73","2,500.97","2,506.72","2,488.68","","0.19%"
"12/04/2022","2,500.97","2,502.56","2,503.17","2,493.91","","-0.04%"
"12/01/2022","2,502.06","2,492.85","2,504.73","2,491.59","","0.37%"
"11/30/2022","2,492.90","2,495.98","2,501.49","2,486.53","","-0.12%"
"11/29/2022","2,495.96","2,484.48","2,495.96","2,483.02","","0.50%"
"11/28/2022","2,483.49","2,471.12","2,483.49","2,464.81","","0.49%"
"11/27/2022","2,471.40","2,463.56","2,472.15","2,460.47","","0.32%"
"11/24/2022","2,463.56","2,454.44","2,463.56","2,450.57","","0.41%"
"11/23/2022","2,453.54","2,443.13","2,453.54","2,441.08","","0.41%"
"11/22/2022","2,443.47","2,449.42","2,449.42","2,435.91","","-0.25%"
"11/21/2022","2,449.52","2,456.37","2,456.37","2,440.09","","-0.38%"
"11/20/2022","2,458.77","2,464.94","2,464.94","2,451.93","","-0.25%"
"11/17/2022","2,464.98","2,447.55","2,464.98","2,442.80","","0.73%"
"11/16/2022","2,447.10","2,443.78","2,448.10","2,442.77","","0.14%"
"11/15/2022","2,443.78","2,436.71","2,443.78","2,433.29","","0.26%"
"11/14/2022","2,437.51","2,455.86","2,459.07","2,435.19","","-0.77%"
"11/13/2022","2,456.36","2,436.53","2,456.36","2,436.53","","0.81%"
"11/10/2022","2,436.53","2,439.83","2,439.83","2,430.75","","-0.14%"
"11/09/2022","2,439.99","2,445.04","2,450.54","2,433.38","","-0.21%"
"11/08/2022","2,445.04","2,408.92","2,445.04","2,402.12","","1.50%"
"11/07/2022","2,408.92","2,404.48","2,408.92","2,385.41","","0.18%"
"11/06/2022","2,404.48","2,421.81","2,421.81","2,399.62","","-0.72%"
"11/03/2022","2,421.81","2,440.08","2,440.96","2,414.52","","-0.75%"
"11/02/2022","2,440.20","2,459.85","2,459.85","2,435.06","","-0.82%"
"11/01/2022","2,460.26","2,441.97","2,460.26","2,441.97","","0.75%"
"10/31/2022","2,441.97","2,470.10","2,475.11","2,436.42","","-1.06%"
"10/30/2022","2,468.14","2,479.02","2,492.48","2,461.67","","-0.44%"
"10/27/2022","2,479.02","2,470.42","2,486.68","2,470.30","","0.35%"
"10/26/2022","2,470.42","2,450.03","2,480.30","2,450.03","","0.84%"
"10/25/2022","2,449.94","2,486.95","2,489.34","2,447.78","","-1.49%"
"10/24/2022","2,486.95","2,501.80","2,507.07","2,482.27","","-0.61%"
"10/23/2022","2,502.22","2,504.55","2,508.81","2,497.93","","-0.06%"
"10/20/2022","2,503.75","2,506.43","2,506.43","2,497.25","","-0.12%"
"10/19/2022","2,506.70","2,499.94","2,507.07","2,499.94","","0.26%"
"10/18/2022","2,500.22","2,494.24","2,500.22","2,487.10","","0.24%"
"10/17/2022","2,494.24","2,497.28","2,497.28","2,488.40","","-0.16%"
"10/16/2022","2,498.26","2,508.50","2,508.50","2,490.93","","-0.41%"
"10/13/2022","2,508.50","2,505.85","2,508.83","2,502.29","","0.10%"
"10/12/2022","2,506.05","2,501.56","2,509.23","2,497.80","","0.15%"
"10/11/2022","2,502.20","2,491.60","2,502.20","2,490.43","","0.43%"
"10/10/2022","2,491.59","2,482.54","2,491.59","2,482.54","","0.36%"
"10/09/2022","2,482.54","2,479.74","2,482.54","2,472.88","","0.11%"
"10/06/2022","2,479.74","2,473.10","2,482.78","2,467.38","","0.27%"
"10/05/2022","2,473.10","2,475.71","2,475.71","2,461.99","","-0.11%"
"10/04/2022","2,475.71","2,481.58","2,481.58","2,467.35","","-0.24%"
"10/03/2022","2,481.58","2,486.62","2,486.62","2,477.03","","-0.20%"
"10/02/2022","2,486.64","2,483.74","2,488.04","2,473.12","","0.12%"
"09/29/2022","2,483.64","2,477.14","2,484.33","2,476.15","","0.26%"
"09/28/2022","2,477.29","2,472.96","2,477.29","2,470.06","","0.17%"
"09/27/2022","2,473.06","2,476.40","2,479.79","2,467.10","","-0.14%"
"09/26/2022","2,476.46","2,479.87","2,479.87","2,461.20","","-0.20%"
"09/25/2022","2,481.33","2,496.67","2,496.67","2,468.88","","-0.62%"
"09/22/2022","2,496.83","2,479.78","2,498.91","2,478.89","","0.65%"
"09/21/2022","2,480.79","2,504.58","2,504.58","2,477.06","","-0.95%"
"09/20/2022","2,504.58","2,512.87","2,517.71","2,500.14","","-0.33%"
"09/19/2022","2,512.87","2,504.28","2,512.87","2,496.12","","0.34%"
"09/18/2022","2,504.37","2,503.96","2,510.29","2,495.86","","0.02%"
"09/15/2022","2,503.96","2,503.96","2,503.96","2,503.96","","0.40%"
"09/14/2022","2,494.04","2,504.57","2,504.57","2,493.23","","-0.41%"
"09/13/2022","2,504.28","2,493.71","2,504.98","2,487.67","","0.39%"
"09/12/2022","2,494.48","2,497.62","2,498.00","2,483.26","","-0.13%"
"09/11/2022","2,497.71","2,487.85","2,497.93","2,485.14","","0.40%"
"09/08/2022","2,487.88","2,474.16","2,487.88","2,450.44","","0.31%"
"09/07/2022","2,480.21","2,500.83","2,500.83","2,475.84","","-0.82%"
"09/06/2022","2,500.83","2,514.00","2,514.00","2,493.22","","-0.52%"
"09/05/2022","2,514.00","2,528.01","2,528.01","2,507.29","","-0.55%"
"09/04/2022","2,528.01","2,541.83","2,541.83","2,518.14","","-0.56%"
"09/01/2022","2,542.20","2,546.90","2,546.90","2,533.45","","-0.19%"
"08/31/2022","2,546.95","2,555.85","2,555.85","2,537.71","","-0.35%"
"08/30/2022","2,555.85","2,555.18","2,555.85","2,538.74","","0.03%"
"08/29/2022","2,555.18","2,561.59","2,562.22","2,546.22","","-0.26%"
"08/28/2022","2,561.75","2,563.17","2,567.59","2,554.68","","-0.06%"
"08/25/2022","2,563.17","2,562.13","2,565.75","2,556.70","","0.04%"
"08/24/2022","2,562.25","2,560.09","2,562.71","2,554.02","","0.08%"
"08/23/2022","2,560.27","2,561.43","2,569.25","2,556.66","","-0.05%"
"08/22/2022","2,561.43","2,565.95","2,572.90","2,555.13","","-0.18%"
"08/21/2022","2,566.13","2,564.15","2,566.13","2,553.47","","0.08%"
"08/18/2022","2,564.06","2,560.06","2,564.06","2,552.44","","0.15%"
"08/17/2022","2,560.11","2,569.48","2,569.48","2,548.46","","-0.37%"
"08/16/2022","2,569.52","2,573.92","2,573.92","2,562.78","","-0.17%"
"08/15/2022","2,573.92","2,578.31","2,578.31","2,564.85","","-0.17%"
"08/14/2022","2,578.35","2,580.28","2,581.99","2,572.08","","-0.08%"
"08/11/2022","2,580.38","2,575.34","2,580.38","2,559.66","","0.12%"
"08/10/2022","2,577.24","2,586.20","2,592.30","2,569.17","","-0.35%"
"08/09/2022","2,586.37","2,536.24","2,586.37","2,528.08","","1.98%"
"08/08/2022","2,536.27","2,548.67","2,548.67","2,516.35","","-0.47%"
"08/07/2022","2,548.29","2,569.02","2,569.02","2,541.41","","-0.81%"
"08/04/2022","2,569.02","2,550.75","2,569.02","2,545.31","","0.72%"
"08/03/2022","2,550.75","2,579.71","2,579.71","2,541.27","","-1.16%"
"08/02/2022","2,580.66","2,599.74","2,599.86","2,573.70","","-0.76%"
"08/01/2022","2,600.34","2,607.10","2,607.10","2,589.31","","-0.26%"
"07/31/2022","2,607.10","2,592.73","2,622.88","2,592.73","","0.55%"
"07/28/2022","2,592.80","2,582.22","2,592.80","2,573.44","","0.41%"
"07/27/2022","2,582.17","2,580.35","2,586.98","2,571.51","","0.06%"
"07/26/2022","2,580.53","2,605.35","2,605.35","2,568.65","","-0.95%"
"07/25/2022","2,605.35","2,602.24","2,615.61","2,596.06","","0.12%"
"07/24/2022","2,602.24","2,593.26","2,608.34","2,593.26","","0.35%"
"07/21/2022","2,593.26","2,587.31","2,593.26","2,580.40","","0.25%"
"07/20/2022","2,586.70","2,575.82","2,588.93","2,574.92","","0.43%"
"07/19/2022","2,575.65","2,573.02","2,581.08","2,563.49","","0.10%"
"07/18/2022","2,573.02","2,564.80","2,574.30","2,548.36","","0.32%"
"07/17/2022","2,564.80","2,572.09","2,580.95","2,563.60","","-0.40%"
"07/14/2022","2,575.15","2,569.01","2,576.60","2,555.38","","0.29%"
"07/13/2022","2,567.76","2,569.08","2,579.35","2,555.66","","-0.04%"
"07/07/2022","2,568.87","2,547.43","2,568.87","2,543.77","","0.84%"
"07/06/2022","2,547.57","2,538.53","2,553.21","2,526.33","","0.34%"
"07/05/2022","2,538.90","2,561.67","2,565.74","2,535.65","","-0.89%"
"07/04/2022","2,561.67","2,527.96","2,561.67","2,525.18","","1.32%"
"07/03/2022","2,528.18","2,476.03","2,528.19","2,474.67","","2.11%"
"06/30/2022","2,476.03","2,460.44","2,476.15","2,451.71","","0.63%"
"06/29/2022","2,460.44","2,462.49","2,463.46","2,450.21","","-0.11%"
"06/28/2022","2,463.23","2,449.84","2,469.98","2,449.10","","0.54%"
"06/27/2022","2,449.96","2,437.00","2,452.36","2,437.00","","0.53%"
"06/26/2022","2,437.00","2,423.37","2,437.00","2,417.81","","0.56%"
"06/23/2022","2,423.37","2,412.06","2,429.75","2,412.06","","0.47%"
"06/22/2022","2,412.06","2,398.43","2,418.87","2,398.43","","0.57%"
"06/21/2022","2,398.43","2,394.47","2,406.84","2,387.68","","0.05%"
"06/20/2022","2,397.13","2,397.13","2,397.13","2,397.13","","-0.85%"
"06/19/2022","2,417.73","2,434.57","2,437.23","2,411.69","","-0.69%"
"06/16/2022","2,434.57","2,430.46","2,434.57","2,424.21","","0.17%"
"06/15/2022","2,430.46","2,430.81","2,433.66","2,423.56","","-0.01%"
"06/14/2022","2,430.74","2,428.84","2,430.74","2,414.80","","0.08%"
"06/13/2022","2,428.78","2,436.94","2,437.34","2,418.80","","-0.33%"
"06/12/2022","2,436.94","2,442.68","2,442.68","2,429.39","","-0.23%"
"06/09/2022","2,442.68","2,439.46","2,442.68","2,424.78","","0.13%"
"06/08/2022","2,439.51","2,459.71","2,461.09","2,437.93","","-0.83%"
"06/07/2022","2,459.83","2,454.49","2,459.83","2,447.56","","0.22%"
"06/06/2022","2,454.53","2,457.26","2,457.26","2,424.66","","-0.11%"
"06/05/2022","2,457.26","2,455.44","2,461.70","2,450.77","","0.07%"
"06/02/2022","2,455.50","2,455.49","2,456.04","2,443.31","","0.00%"
"06/01/2022","2,455.49","2,472.72","2,479.41","2,453.80","","-0.69%"
"05/31/2022","2,472.51","2,461.23","2,472.51","2,460.06","","0.45%"
"05/30/2022","2,461.51","2,455.60","2,465.15","2,455.60","","0.24%"
"05/29/2022","2,455.60","2,468.26","2,468.26","2,450.38","","-0.51%"
"05/25/2022","2,468.26","2,460.58","2,476.95","2,458.15","","0.31%"
"05/24/2022","2,460.71","2,445.70","2,463.23","2,445.70","","0.61%"
"05/23/2022","2,445.71","2,429.10","2,445.71","2,426.46","","0.68%"
"05/22/2022","2,429.19","2,425.09","2,429.63","2,409.37","","0.17%"
"05/19/2022","2,425.03","2,436.37","2,438.73","2,406.38","","-0.47%"
"05/18/2022","2,436.37","2,449.29","2,462.25","2,427.90","","-0.57%"
"05/17/2022","2,450.25","2,427.16","2,450.39","2,419.11","","1.19%"
"05/16/2022","2,421.46","2,458.66","2,475.60","2,415.97","","-1.51%"
"05/15/2022","2,458.53","2,455.52","2,468.16","2,447.14","","0.12%"
"05/12/2022","2,455.65","2,482.44","2,486.30","2,450.17","","-1.08%"
"05/11/2022","2,482.44","2,489.01","2,504.23","2,452.65","","-0.26%"
"05/10/2022","2,489.01","2,469.92","2,495.39","2,452.94","","0.77%"
"05/09/2022","2,470.06","2,443.03","2,471.45","2,443.03","","1.10%"
"05/08/2022","2,443.09","2,408.07","2,449.45","2,404.71","","1.45%"
"04/28/2022","2,408.07","2,366.50","2,417.72","2,366.50","","1.77%"
"04/27/2022","2,366.17","2,377.79","2,377.79","2,340.55","","-0.49%"
"04/26/2022","2,377.79","2,400.00","2,400.00","2,371.21","","-0.93%"
"04/25/2022","2,400.00","2,421.97","2,421.97","2,385.49","","-0.91%"
"04/24/2022","2,422.04","2,429.22","2,442.19","2,416.50","","-0.30%"
"04/21/2022","2,429.22","2,427.06","2,440.25","2,425.92","","0.03%"
"04/20/2022","2,428.39","2,417.62","2,430.98","2,410.87","","0.44%"
"04/19/2022","2,417.66","2,437.88","2,439.68","2,410.35","","-0.79%"
"04/18/2022","2,436.96","2,449.65","2,459.86","2,420.77","","-0.51%"
"04/17/2022","2,449.37","2,407.50","2,449.37","2,407.50","","1.74%"
"04/14/2022","2,407.50","2,358.55","2,407.50","2,358.06","","2.07%"
"04/13/2022","2,358.60","2,323.68","2,361.33","2,323.68","","1.50%"
"04/12/2022","2,323.71","2,311.76","2,324.51","2,284.42","","0.52%"
"04/11/2022","2,311.75","2,340.02","2,372.02","2,307.48","","-1.21%"
"04/10/2022","2,340.02","2,284.26","2,340.06","2,284.26","","2.42%"
"04/07/2022","2,284.64","2,258.67","2,284.64","2,258.67","","1.16%"
"04/06/2022","2,258.55","2,229.05","2,258.55","2,228.51","","1.31%"
"04/05/2022","2,229.24","2,219.64","2,229.24","2,205.10","","0.43%"
"04/04/2022","2,219.64","2,214.82","2,219.64","2,204.75","","0.21%"
"04/03/2022","2,215.09","2,228.12","2,228.12","2,205.40","","-0.58%"
"03/31/2022","2,228.12","2,232.00","2,232.00","2,217.79","","-0.19%"
"03/30/2022","2,232.31","2,217.60","2,232.31","2,209.15","","0.66%"
"03/29/2022","2,217.60","2,234.05","2,234.05","2,213.39","","-0.74%"
"03/28/2022","2,234.05","2,250.95","2,250.95","2,230.77","","-0.75%"
"03/27/2022","2,250.95","2,258.42","2,258.42","2,245.41","","-0.35%"
"03/24/2022","2,258.93","2,246.40","2,258.93","2,246.40","","0.56%"
"03/23/2022","2,246.46","2,240.37","2,249.54","2,240.18","","0.27%"
"03/21/2022","2,240.37","2,236.15","2,241.74","2,231.93","","0.19%"
"03/20/2022","2,236.15","2,233.87","2,244.14","2,232.94","","0.13%"
"03/17/2022","2,233.14","2,225.23","2,233.72","2,222.59","","0.36%"
"03/16/2022","2,225.23","2,219.89","2,228.05","2,214.41","","0.24%"
"03/15/2022","2,219.94","2,223.29","2,227.75","2,216.79","","-0.17%"
"03/14/2022","2,223.62","2,210.43","2,224.13","2,198.62","","0.62%"
"03/13/2022","2,209.98","2,192.60","2,209.98","2,188.53","","0.79%"
"03/10/2022","2,192.70","2,194.40","2,194.40","2,187.43","","-0.08%"
"03/09/2022","2,194.40","2,193.93","2,199.56","2,188.31","","0.02%"
"03/08/2022","2,193.93","2,180.04","2,194.06","2,178.34","","0.65%"
"03/07/2022","2,179.77","2,154.16","2,179.77","2,152.37","","1.19%"
"03/06/2022","2,154.16","2,153.07","2,154.16","2,149.78","","0.07%"
"03/03/2022","2,152.73","2,153.54","2,154.10","2,148.18","","-0.02%"
"03/02/2022","2,153.20","2,156.78","2,156.78","2,148.70","","-0.16%"
"03/01/2022","2,156.75","2,148.29","2,156.75","2,143.14","","0.39%"
"02/28/2022","2,148.34","2,147.34","2,151.32","2,140.01","","0.05%"
"02/27/2022","2,147.34","2,130.62","2,148.53","2,128.77","","0.78%"
"02/24/2022","2,130.72","2,148.83","2,148.83","2,114.98","","-0.84%"
"02/23/2022","2,148.83","2,145.65","2,148.88","2,138.79","","0.14%"
"02/22/2022","2,145.72","2,149.61","2,149.61","2,139.00","","-0.18%"
"02/21/2022","2,149.61","2,146.79","2,149.61","2,140.02","","0.14%"
"02/20/2022","2,146.68","2,162.09","2,162.09","2,142.51","","-0.71%"
"02/17/2022","2,162.03","2,159.28","2,164.01","2,155.71","","0.13%"
"02/16/2022","2,159.28","2,164.21","2,167.02","2,154.45","","-0.23%"
"02/15/2022","2,164.23","2,164.48","2,165.52","2,156.78","","-0.01%"
"02/14/2022","2,164.48","2,164.63","2,170.73","2,160.07","","0.00%"
"02/13/2022","2,164.58","2,160.57","2,164.58","2,156.16","","0.19%"
"02/10/2022","2,160.57","2,153.79","2,160.57","2,148.97","","0.31%"
"02/09/2022","2,153.90","2,158.99","2,164.75","2,151.45","","-0.23%"
"02/08/2022","2,158.93","2,157.04","2,160.28","2,155.54","","0.08%"
"02/07/2022","2,157.15","2,170.33","2,170.33","2,155.47","","-0.61%"
"02/06/2022","2,170.32","2,170.62","2,176.35","2,167.72","","-0.02%"
"02/03/2022","2,170.78","2,164.11","2,170.78","2,160.04","","0.30%"
"02/02/2022","2,164.28","2,174.47","2,176.73","2,158.43","","-0.47%"
"02/01/2022","2,174.42","2,164.85","2,176.45","2,162.07","","0.44%"
"01/31/2022","2,164.92","2,190.23","2,190.23","2,160.47","","-1.22%"
"01/30/2022","2,191.55","2,198.73","2,199.03","2,182.61","","-0.33%"
"01/26/2022","2,198.73","2,187.89","2,199.05","2,181.48","","0.50%"
"01/25/2022","2,187.87","2,175.81","2,187.87","2,171.76","","0.55%"
"01/24/2022","2,175.86","2,177.23","2,179.30","2,170.84","","-0.07%"
"01/23/2022","2,177.34","2,186.75","2,187.37","2,175.04","","-0.43%"
"01/20/2022","2,186.70","2,187.45","2,188.47","2,182.73","","-0.07%"
"01/19/2022","2,188.27","2,186.71","2,188.36","2,181.32","","0.07%"
"01/18/2022","2,186.71","2,181.21","2,186.71","2,176.85","","0.23%"
"01/17/2022","2,181.62","2,183.09","2,184.72","2,172.44","","-0.08%"
"01/16/2022","2,183.28","2,194.33","2,194.33","2,180.66","","-0.50%"
"01/13/2022","2,194.33","2,176.38","2,194.33","2,173.26","","0.83%"
"01/12/2022","2,176.31","2,175.81","2,178.63","2,169.31","","0.02%"
"01/11/2022","2,175.81","2,168.24","2,175.81","2,156.19","","0.34%"
"01/10/2022","2,168.35","2,163.23","2,168.35","2,156.33","","0.23%"
"01/09/2022","2,163.34","2,169.94","2,174.07","2,159.45","","-0.30%"
"01/06/2022","2,169.85","2,145.54","2,169.85","2,145.20","","1.13%"
"01/05/2022","2,145.54","2,130.69","2,145.54","2,130.69","","0.69%"
"01/04/2022","2,130.86","2,116.84","2,133.47","2,116.84","","0.67%"
"01/03/2022","2,116.70","2,119.60","2,124.93","2,112.06","","-0.12%"
"01/02/2022","2,119.18","2,118.51","2,121.41","2,113.82","","0.03%"
"12/30/2021","2,118.65","2,116.57","2,118.65","2,105.16","","0.10%"
"12/29/2021","2,116.61","2,112.03","2,120.19","2,112.03","","0.22%"
"12/28/2021","2,112.03","2,094.25","2,112.58","2,094.12","","0.84%"
"12/27/2021","2,094.43","2,086.79","2,094.43","2,078.61","","0.37%"
"12/26/2021","2,086.79","2,081.37","2,086.79","2,074.62","","0.26%"
"12/23/2021","2,081.31","2,079.35","2,081.31","2,073.58","","0.09%"
"12/22/2021","2,079.49","2,076.50","2,081.87","2,074.58","","0.14%"
"12/21/2021","2,076.54","2,078.06","2,078.06","2,072.04","","-0.07%"
"12/20/2021","2,078.00","2,083.07","2,083.07","2,069.61","","-0.24%"
"12/19/2021","2,083.07","2,083.64","2,084.09","2,078.13","","-0.03%"
"12/16/2021","2,083.64","2,089.97","2,089.97","2,078.45","","-0.31%"
"12/15/2021","2,090.07","2,087.59","2,090.07","2,078.44","","0.12%"
"12/14/2021","2,087.59","2,086.34","2,087.59","2,080.71","","0.06%"
"12/13/2021","2,086.37","2,085.35","2,086.75","2,078.07","","0.05%"
"12/12/2021","2,085.40","2,091.25","2,091.25","2,076.45","","-0.27%"
"12/09/2021","2,090.95","2,078.86","2,090.95","2,075.89","","0.58%"
"12/08/2021","2,078.92","2,075.55","2,078.92","2,072.30","","0.16%"
"12/07/2021","2,075.69","2,065.65","2,075.69","2,064.28","","0.49%"
"12/06/2021","2,065.65","2,068.40","2,069.35","2,059.85","","-0.14%"
"12/05/2021","2,068.51","2,066.29","2,068.81","2,063.89","","0.11%"
"12/02/2021","2,066.29","2,071.22","2,071.22","2,060.98","","-0.24%"
"12/01/2021","2,071.22","2,054.55","2,071.22","2,052.92","","0.66%"
"11/30/2021","2,057.74","2,065.20","2,065.21","2,041.67","","-0.36%"
"11/29/2021","2,065.20","2,057.49","2,067.11","2,056.79","","0.32%"
"11/28/2021","2,058.59","2,083.60","2,083.60","2,046.89","","-1.20%"
"11/25/2021","2,083.60","2,082.73","2,083.60","2,078.87","","0.04%"
"11/24/2021","2,082.69","2,085.33","2,085.98","2,076.72","","-0.12%"
"11/23/2021","2,085.19","2,085.88","2,090.19","2,082.63","","-0.03%"
"11/22/2021","2,085.88","2,089.36","2,089.36","2,084.31","","-0.17%"
"11/21/2021","2,089.42","2,089.20","2,091.46","2,086.49","","0.01%"
"11/18/2021","2,089.20","2,087.12","2,089.20","2,081.61","","0.10%"
"11/17/2021","2,087.12","2,096.19","2,096.19","2,083.01","","-0.44%"
"11/16/2021","2,096.34","2,104.58","2,105.56","2,094.14","","-0.39%"
"11/15/2021","2,104.58","2,096.91","2,104.58","2,092.94","","0.37%"
"11/14/2021","2,096.91","2,098.64","2,100.77","2,093.61","","-0.04%"
"11/11/2021","2,097.68","2,091.36","2,098.08","2,085.97","","0.28%"
"11/10/2021","2,091.81","2,079.78","2,092.28","2,077.70","","0.57%"
"11/09/2021","2,079.92","2,094.60","2,094.60","2,076.45","","-0.70%"
"11/08/2021","2,094.60","2,103.78","2,105.52","2,090.98","","-0.44%"
"11/07/2021","2,103.78","2,114.66","2,114.66","2,101.10","","-0.51%"
"11/04/2021","2,114.66","2,116.22","2,117.92","2,111.27","","-0.07%"
"11/03/2021","2,116.22","2,115.29","2,116.22","2,105.39","","0.05%"
"11/02/2021","2,115.23","2,115.23","2,115.23","2,115.23","","0.00%"
"11/01/2021","2,115.23","2,120.88","2,122.85","2,111.72","","-0.27%"
"10/31/2021","2,120.86","2,120.96","2,129.86","2,115.43","","0.00%"
"10/28/2021","2,120.96","2,125.00","2,125.00","2,115.97","","-0.19%"
"10/27/2021","2,124.92","2,113.07","2,124.92","2,111.46","","0.58%"
"10/26/2021","2,112.74","2,118.98","2,118.98","2,108.36","","-0.30%"
"10/25/2021","2,119.03","2,110.97","2,119.31","2,106.95","","0.36%"
"10/24/2021","2,111.38","2,110.84","2,114.12","2,107.42","","0.03%"
"10/21/2021","2,110.81","2,110.71","2,114.52","2,104.00","","0.05%"
"10/20/2021","2,109.75","2,106.39","2,109.93","2,103.36","","0.16%"
"10/18/2021","2,106.39","2,103.91","2,106.45","2,099.09","","0.12%"
"10/17/2021","2,103.97","2,110.51","2,113.07","2,102.19","","-0.31%"
"10/14/2021","2,110.51","2,101.73","2,110.51","2,096.62","","0.42%"
"10/13/2021","2,101.73","2,095.63","2,101.73","2,094.24","","0.29%"
"10/12/2021","2,095.63","2,088.59","2,095.63","2,085.18","","0.34%"
"10/11/2021","2,088.59","2,090.52","2,095.39","2,086.09","","-0.10%"
"10/10/2021","2,090.71","2,091.32","2,093.31","2,087.84","","-0.03%"
"10/07/2021","2,091.32","2,085.72","2,091.32","2,077.18","","0.27%"
"10/06/2021","2,085.76","2,085.11","2,088.65","2,081.18","","0.03%"
"10/05/2021","2,085.11","2,079.52","2,085.11","2,078.37","","0.26%"
"10/04/2021","2,079.63","2,088.57","2,093.41","2,079.34","","-0.44%"
"10/03/2021","2,088.72","2,072.60","2,089.27","2,070.18","","0.76%"
"09/30/2021","2,073.06","2,072.93","2,073.06","2,065.59","","0.00%"
"09/29/2021","2,073.02","2,071.40","2,074.00","2,067.38","","0.08%"
"09/28/2021","2,071.40","2,069.59","2,071.40","2,062.59","","0.09%"
"09/27/2021","2,069.59","2,071.00","2,071.43","2,062.43","","-0.06%"
"09/26/2021","2,070.83","2,071.31","2,075.16","2,066.94","","-0.02%"
"09/23/2021","2,071.31","2,068.13","2,072.06","2,064.28","","0.20%"
"09/22/2021","2,067.24","2,053.22","2,067.87","2,052.52","","0.69%"
"09/21/2021","2,053.10","2,065.04","2,065.04","2,047.87","","-0.58%"
"09/20/2021","2,065.17","2,072.85","2,072.85","2,055.91","","-0.34%"
"09/19/2021","2,072.14","2,076.69","2,076.76","2,066.05","","-0.22%"
"09/16/2021","2,076.69","2,073.49","2,076.69","2,067.55","","0.13%"
"09/15/2021","2,073.91","2,076.52","2,081.15","2,068.95","","-0.13%"
"09/14/2021","2,076.52","2,075.88","2,078.90","2,070.36","","0.08%"
"09/13/2021","2,074.91","2,075.43","2,076.78","2,071.36","","-0.03%"
"09/12/2021","2,075.43","2,076.65","2,078.85","2,071.36","","-0.06%"
"09/09/2021","2,076.58","2,057.69","2,077.16","2,056.04","","0.92%"
"09/08/2021","2,057.69","2,056.84","2,058.14","2,049.52","","0.03%"
"09/07/2021","2,056.99","2,059.30","2,059.30","2,043.83","","-0.11%"
"09/06/2021","2,059.30","2,059.16","2,059.64","2,051.16","","0.01%"
"09/05/2021","2,059.16","2,071.42","2,074.04","2,055.13","","-0.59%"
"09/02/2021","2,071.42","2,060.22","2,073.27","2,054.87","","0.54%"
"09/01/2021","2,060.31","2,061.60","2,067.71","2,055.44","","-0.07%"
"08/31/2021","2,061.75","2,058.17","2,063.26","2,052.54","","0.18%"
"08/30/2021","2,058.02","2,049.33","2,067.98","2,049.33","","0.42%"
"08/29/2021","2,049.33","2,027.23","2,049.33","2,027.23","","1.09%"
"08/26/2021","2,027.23","2,003.16","2,027.23","1,997.24","","1.21%"
"08/25/2021","2,003.01","2,006.83","2,007.38","2,000.20","","-0.19%"
"08/24/2021","2,006.83","2,011.58","2,011.61","2,002.93","","-0.24%"
"08/23/2021","2,011.58","2,015.84","2,017.79","2,008.09","","-0.21%"
"08/22/2021","2,015.84","2,012.58","2,015.84","2,003.55","","0.27%"
"08/19/2021","2,010.47","2,015.51","2,017.00","2,002.91","","-0.25%"
"08/18/2021","2,015.59","2,002.40","2,016.01","1,993.32","","0.64%"
"08/17/2021","2,002.85","2,001.42","2,006.22","1,994.60","","0.07%"
"08/16/2021","2,001.42","1,985.67","2,001.73","1,985.67","","0.79%"
"08/15/2021","1,985.67","1,999.76","1,999.76","1,977.30","","-0.70%"
"08/12/2021","1,999.76","2,014.70","2,014.70","1,984.74","","-0.74%"
"08/11/2021","2,014.73","2,019.56","2,024.17","2,010.27","","-0.24%"
"08/09/2021","2,019.63","1,990.97","2,019.63","1,982.45","","1.41%"
"08/08/2021","1,991.59","2,035.87","2,035.87","1,984.58","","-2.20%"
"08/05/2021","2,036.37","2,062.72","2,062.72","2,033.40","","-1.26%"
"08/04/2021","2,062.26","2,065.89","2,068.46","2,058.64","","-0.20%"
"08/03/2021","2,066.31","2,060.05","2,067.39","2,055.18","","0.30%"
"08/02/2021","2,060.22","2,081.95","2,081.95","2,050.25","","-1.05%"
"08/01/2021","2,082.04","2,087.56","2,096.86","2,072.68","","-0.26%"
"07/29/2021","2,087.56","2,091.04","2,096.06","2,074.56","","-0.25%"
"07/28/2021","2,092.82","2,088.33","2,104.02","2,085.36","","0.21%"
"07/27/2021","2,088.40","2,101.73","2,101.73","2,085.32","","-0.65%"
"07/26/2021","2,102.08","2,132.45","2,132.45","2,094.65","","-1.42%"
"07/25/2021","2,132.45","2,134.69","2,143.09","2,131.46","","-0.10%"
"07/18/2021","2,134.69","2,117.07","2,135.40","2,117.07","","0.83%"
"07/15/2021","2,117.07","2,097.12","2,117.07","2,094.04","","0.95%"
"07/14/2021","2,097.12","2,090.81","2,097.92","2,086.20","","0.30%"
"07/13/2021","2,090.89","2,081.76","2,096.07","2,074.68","","0.44%"
"07/12/2021","2,081.76","2,083.77","2,083.77","2,071.36","","-0.12%"
"07/11/2021","2,084.16","2,080.76","2,085.21","2,075.25","","0.16%"
"07/08/2021","2,080.85","2,093.90","2,095.57","2,075.70","","-0.62%"
"07/07/2021","2,093.90","2,081.39","2,100.54","2,081.02","","0.60%"
"07/06/2021","2,081.39","2,101.02","2,101.02","2,076.55","","-0.94%"
"07/05/2021","2,101.09","2,099.79","2,107.08","2,093.28","","0.07%"
"07/04/2021","2,099.71","2,112.94","2,112.94","2,095.49","","-0.63%"
"07/01/2021","2,112.93","2,098.80","2,112.93","2,098.80","","0.67%"
"06/30/2021","2,098.80","2,101.73","2,102.44","2,090.19","","-0.18%"
"06/29/2021","2,102.62","2,124.91","2,128.30","2,091.39","","-1.05%"
"06/28/2021","2,125.03","2,108.82","2,125.07","2,097.09","","0.77%"
"06/27/2021","2,108.70","2,110.90","2,111.54","2,098.19","","-0.10%"
"06/24/2021","2,110.90","2,101.29","2,116.49","2,089.58","","0.46%"
"06/23/2021","2,101.29","2,126.69","2,126.69","2,086.75","","-1.21%"
"06/22/2021","2,127.11","2,130.44","2,133.88","2,119.76","","-0.15%"
"06/21/2021","2,130.40","2,152.91","2,154.71","2,122.70","","-1.05%"
"06/20/2021","2,152.91","2,135.38","2,154.89","2,135.38","","0.82%"
"06/17/2021","2,135.44","2,126.84","2,137.70","2,106.25","","0.40%"
"06/16/2021","2,126.84","2,138.24","2,158.70","2,118.15","","-0.53%"
"06/15/2021","2,138.24","2,099.94","2,141.18","2,099.94","","1.90%"
"06/14/2021","2,098.27","2,078.05","2,101.18","2,077.30","","0.98%"
"06/13/2021","2,078.00","2,076.41","2,085.36","2,070.27","","0.07%"
"06/10/2021","2,076.51","2,067.06","2,079.18","2,066.35","","0.46%"
"06/09/2021","2,067.06","2,040.31","2,067.06","2,040.31","","1.31%"
"06/08/2021","2,040.31","2,021.20","2,041.37","2,015.40","","0.94%"
"06/07/2021","2,021.27","2,042.30","2,043.03","2,019.31","","-1.06%"
"06/06/2021","2,042.97","2,033.10","2,044.53","2,033.10","","0.24%"
"06/03/2021","2,038.03","2,051.69","2,052.38","2,027.12","","-0.74%"
"06/02/2021","2,053.17","2,048.26","2,054.41","2,039.61","","0.24%"
"06/01/2021","2,048.26","2,052.89","2,059.85","2,037.82","","-0.23%"
"05/31/2021","2,052.89","2,050.84","2,063.85","2,045.21","","0.10%"
"05/30/2021","2,050.84","2,069.95","2,091.88","2,034.34","","-0.92%"
"05/27/2021","2,069.95","2,023.88","2,069.95","2,023.88","","2.28%"
"05/26/2021","2,023.81","1,970.04","2,023.83","1,970.04","","2.75%"
"05/24/2021","1,969.65","1,919.63","1,969.65","1,919.63","","2.61%"
"05/23/2021","1,919.63","1,888.28","1,919.63","1,888.28","","2.13%"
"05/20/2021","1,879.66","1,865.22","1,880.16","1,856.78","","0.77%"
"05/19/2021","1,865.22","1,852.30","1,865.22","1,852.30","","0.69%"
"05/18/2021","1,852.45","1,851.91","1,858.03","1,844.92","","0.01%"
"05/17/2021","1,852.23","1,841.77","1,852.23","1,841.10","","0.57%"
"05/16/2021","1,841.77","1,831.63","1,841.77","1,830.14","","0.55%"
"05/10/2021","1,831.70","1,826.07","1,833.08","1,826.02","","0.31%"
"05/09/2021","1,826.12","1,821.31","1,826.12","1,817.54","","0.26%"
"05/06/2021","1,821.31","1,812.10","1,821.76","1,812.10","","0.55%"
"05/05/2021","1,811.43","1,814.74","1,814.74","1,797.80","","-0.43%"
"05/04/2021","1,819.24","1,836.14","1,844.35","1,814.12","","-0.92%"
"05/03/2021","1,836.09","1,799.80","1,836.09","1,799.80","","2.02%"
"05/02/2021","1,799.71","1,795.17","1,800.58","1,794.08","","0.24%"
"04/29/2021","1,795.35","1,785.08","1,795.35","1,780.18","","0.58%"
"04/28/2021","1,785.08","1,780.02","1,785.08","1,776.63","","0.28%"
"04/27/2021","1,780.13","1,782.48","1,782.48","1,774.05","","-0.14%"
"04/26/2021","1,782.65","1,780.46","1,782.65","1,770.81","","0.14%"
"04/25/2021","1,780.22","1,778.62","1,783.55","1,775.26","","-0.23%"
"04/22/2021","1,784.41","1,796.06","1,796.06","1,774.74","","-0.66%"
"04/21/2021","1,796.24","1,794.10","1,798.56","1,793.09","","0.13%"
"04/20/2021","1,793.82","1,778.93","1,793.82","1,778.73","","0.84%"
"04/19/2021","1,778.93","1,773.41","1,780.08","1,770.93","","0.31%"
"04/18/2021","1,773.41","1,772.33","1,778.44","1,767.81","","0.06%"
"04/15/2021","1,772.33","1,766.03","1,772.33","1,758.81","","0.36%"
"04/14/2021","1,766.03","1,778.43","1,779.95","1,763.56","","-0.70%"
"04/13/2021","1,778.43","1,786.84","1,786.84","1,772.99","","-0.47%"
"04/12/2021","1,786.84","1,793.85","1,793.85","1,778.45","","-0.39%"
"04/08/2021","1,793.85","1,793.01","1,794.38","1,786.98","","-0.19%"
"04/07/2021","1,797.23","1,794.60","1,797.23","1,780.85","","0.15%"
"04/06/2021","1,794.61","1,799.48","1,804.97","1,785.69","","-0.29%"
"04/05/2021","1,799.75","1,779.17","1,799.75","1,779.17","","1.16%"
"04/04/2021","1,779.17","1,782.59","1,782.59","1,772.08","","-0.20%"
"04/01/2021","1,782.67","1,772.26","1,784.23","1,765.67","","0.59%"
"03/31/2021","1,772.26","1,761.44","1,774.47","1,761.44","","0.61%"
"03/30/2021","1,761.44","1,754.94","1,762.44","1,749.37","","0.37%"
"03/29/2021","1,754.94","1,757.78","1,760.00","1,754.25","","-0.17%"
"03/28/2021","1,757.95","1,760.92","1,760.92","1,749.39","","-0.17%"
"03/25/2021","1,760.92","1,752.51","1,760.92","1,750.29","","0.48%"
"03/24/2021","1,752.51","1,743.96","1,752.75","1,742.84","","0.51%"
"03/23/2021","1,743.59","1,748.29","1,748.29","1,740.84","","-0.26%"
"03/22/2021","1,748.17","1,750.94","1,750.94","1,738.64","","-0.13%"
"03/21/2021","1,750.50","1,752.64","1,760.40","1,747.37","","-0.12%"
"03/18/2021","1,752.60","1,733.76","1,752.60","1,733.76","","1.09%"
"03/17/2021","1,733.76","1,719.69","1,733.76","1,706.33","","0.82%"
"03/16/2021","1,719.69","1,738.03","1,738.03","1,713.18","","-1.08%"
"03/15/2021","1,738.46","1,748.01","1,748.01","1,736.02","","-0.54%"
"03/14/2021","1,747.96","1,751.39","1,755.67","1,743.17","","-0.20%"
"03/11/2021","1,751.39","1,753.08","1,753.31","1,741.77","","-0.10%"
"03/10/2021","1,753.08","1,752.19","1,764.01","1,751.66","","0.07%"
"03/09/2021","1,751.90","1,773.61","1,773.61","1,748.31","","-1.23%"
"03/08/2021","1,773.65","1,772.13","1,779.56","1,767.77","","0.09%"
"03/07/2021","1,772.13","1,763.50","1,773.17","1,763.50","","0.49%"
"03/04/2021","1,763.50","1,764.50","1,767.03","1,760.11","","-0.05%"
"03/03/2021","1,764.43","1,764.59","1,767.46","1,761.66","6.00M","-0.04%"
"03/02/2021","1,765.05","1,766.88","1,774.27","1,761.15","6.39M","-0.12%"
"03/01/2021","1,767.19","1,766.51","1,770.48","1,760.87","5.35M","0.33%"
"02/28/2021","1,761.36","1,745.57","1,763.00","1,745.57","7.10M","0.89%"
"02/25/2021","1,745.87","1,747.15","1,747.20","1,740.62","6.80M","-0.09%"
"02/24/2021","1,747.45","1,749.92","1,749.92","1,741.70","6.27M","-0.14%"
"02/23/2021","1,749.92","1,753.21","1,760.46","1,747.46","6.45M","-0.41%"
"02/22/2021","1,757.11","1,759.21","1,769.70","1,748.09","6.49M","-0.14%"
"02/21/2021","1,759.62","1,748.36","1,759.62","1,748.21","6.00M","0.59%"
"02/17/2021","1,749.36","1,741.70","1,752.49","1,741.70","6.99M","0.67%"
"02/16/2021","1,737.67","1,728.68","1,737.67","1,724.36","5.35M","0.51%"
"02/15/2021","1,728.85","1,730.82","1,731.74","1,723.39","5.27M","-0.12%"
"02/14/2021","1,730.95","1,732.94","1,735.28","1,727.05","5.64M","-0.24%"
"02/11/2021","1,735.04","1,733.71","1,739.47","1,729.45","5.38M","0.04%"
"02/10/2021","1,734.34","1,743.53","1,743.61","1,730.88","5.53M","-0.60%"
"02/09/2021","1,744.77","1,748.91","1,749.46","1,733.47","6.34M","0.21%"
"02/08/2021","1,741.16","1,725.01","1,741.16","1,724.85","6.30M","0.91%"
"02/07/2021","1,725.46","1,723.17","1,726.75","1,720.30","5.22M","0.02%"
"02/04/2021","1,725.06","1,720.88","1,726.31","1,720.50","5.12M","0.19%"
"02/03/2021","1,721.84","1,721.49","1,727.03","1,718.95","4.90M","0.01%"
"02/02/2021","1,721.68","1,725.86","1,727.60","1,715.17","6.28M","-0.24%"
"02/01/2021","1,725.75","1,726.38","1,732.01","1,721.50","7.75M","-0.06%"
"01/31/2021","1,726.82","1,723.82","1,726.82","1,719.09","5.54M","0.52%"
"01/28/2021","1,717.96","1,715.91","1,721.99","1,710.35","4.67M","0.27%"
"01/27/2021","1,713.39","1,712.75","1,715.49","1,708.01","5.76M","-0.16%"
"01/26/2021","1,716.20","1,722.34","1,722.34","1,711.16","5.08M","-0.38%"
"01/25/2021","1,722.80","1,717.36","1,723.05","1,717.36","5.60M","0.31%"
"01/24/2021","1,717.56","1,707.54","1,717.56","1,699.46","6.57M","0.57%"
"01/21/2021","1,707.90","1,738.89","1,738.89","1,698.29","5.95M","-1.81%"
"01/20/2021","1,739.31","1,739.70","1,743.52","1,735.74","5.71M","-0.07%"
"01/19/2021","1,740.49","1,726.28","1,740.49","1,724.67","7.37M","0.90%"
"01/18/2021","1,725.05","1,725.79","1,732.19","1,722.57","5.45M","-0.06%"
"01/17/2021","1,726.14","1,722.03","1,727.52","1,717.21","9.47M","0.22%"
"01/14/2021","1,722.34","1,716.82","1,723.24","1,716.63","8.63M","0.27%"
"01/13/2021","1,717.66","1,705.66","1,721.79","1,705.66","5.66M","0.63%"
"01/12/2021","1,706.99","1,680.56","1,707.83","1,679.98","6.87M","1.55%"
"01/11/2021","1,681.01","1,682.42","1,686.30","1,675.42","11.59M","-0.09%"
"01/10/2021","1,682.53","1,677.00","1,682.58","1,676.20","13.07M","0.30%"
"01/07/2021","1,677.48","1,678.01","1,680.33","1,672.86","8.39M","0.00%"
"01/06/2021","1,677.43","1,672.63","1,678.44","1,670.19","30.76M","0.24%"
"01/05/2021","1,673.45","1,661.16","1,673.45","1,659.49","7.31M","0.68%"
"01/04/2021","1,662.11","1,657.34","1,662.11","1,657.30","7.18M","0.20%"
"01/03/2021","1,658.83","1,656.58","1,659.84","1,653.57","7.03M","0.10%"
"12/31/2020","1,657.22","1,653.71","1,658.62","1,647.43","5.99M","0.18%"
"12/30/2020","1,654.28","1,645.18","1,654.82","1,645.18","12.00M","0.71%"
"12/29/2020","1,642.54","1,641.79","1,644.67","1,637.10","9.77M","0.04%"
"12/28/2020","1,641.88","1,634.90","1,642.41","1,634.86","5.40M","0.40%"
"12/27/2020","1,635.42","1,632.67","1,635.88","1,630.36","4.06M","0.20%"
"12/24/2020","1,632.13","1,623.91","1,632.13","1,622.54","5.30M","0.64%"
"12/23/2020","1,621.68","1,623.71","1,625.59","1,619.98","7.67M","-0.11%"
"12/22/2020","1,623.49","1,624.62","1,624.66","1,620.21","4.93M","-0.04%"
"12/21/2020","1,624.08","1,625.95","1,626.44","1,618.65","3.27M","-0.11%"
"12/20/2020","1,625.82","1,618.94","1,625.82","1,617.30","4.47M","0.62%"
"12/17/2020","1,615.73","1,614.71","1,617.02","1,611.21","2.71M","0.12%"
"12/16/2020","1,613.81","1,614.71","1,614.71","1,606.16","3.03M","-0.09%"
"12/15/2020","1,615.28","1,611.82","1,616.57","1,611.82","5.55M","0.39%"
"12/14/2020","1,608.98","1,598.12","1,610.35","1,597.36","5.82M","0.63%"
"12/13/2020","1,598.84","1,592.69","1,600.36","1,591.00","11.71M","0.39%"
"12/10/2020","1,592.67","1,584.96","1,592.67","1,584.87","4.18M","0.49%"
"12/09/2020","1,584.89","1,579.98","1,584.89","1,577.99","3.71M","0.31%"
"12/08/2020","1,580.01","1,581.75","1,582.35","1,576.70","4.20M","-0.17%"
"12/07/2020","1,582.73","1,580.28","1,583.23","1,578.83","4.58M","0.18%"
"12/06/2020","1,579.85","1,580.89","1,583.20","1,579.21","4.74M","-0.04%"
"12/03/2020","1,580.45","1,573.37","1,580.45","1,571.86","4.23M","0.28%"
"12/02/2020","1,576.10","1,572.28","1,576.58","1,570.21","7.13M","0.22%"
"12/01/2020","1,572.67","1,573.72","1,573.72","1,568.27","4.50M","-0.05%"
"11/30/2020","1,573.46","1,570.46","1,574.59","1,569.81","3.08M","0.20%"
"11/29/2020","1,570.28","1,565.30","1,570.83","1,561.10","4.95M","0.32%"
"11/26/2020","1,565.32","1,560.99","1,565.93","1,559.62","2.87M","0.27%"
"11/25/2020","1,561.09","1,553.82","1,561.30","1,552.33","2.80M","0.43%"
"11/24/2020","1,554.39","1,550.05","1,554.79","1,548.67","3.87M","0.31%"
"11/23/2020","1,549.64","1,554.27","1,554.27","1,548.35","3.69M","-0.35%"
"11/22/2020","1,555.12","1,557.28","1,559.00","1,550.57","4.03M","-0.02%"
"11/19/2020","1,555.49","1,558.15","1,558.15","1,552.33","4.04M","-0.18%"
"11/18/2020","1,558.25","1,560.94","1,561.81","1,557.45","2.85M","-0.16%"
"11/17/2020","1,560.72","1,554.87","1,560.72","1,554.66","6.07M","0.37%"
"11/16/2020","1,554.89","1,552.45","1,555.20","1,550.11","3.81M","0.17%"
"11/15/2020","1,552.20","1,548.98","1,552.20","1,543.38","3.40M","0.24%"
"11/09/2020","1,548.49","1,543.88","1,548.98","1,537.59","3.08M","0.31%"
"11/08/2020","1,543.65","1,539.31","1,543.65","1,533.11","2.96M","0.28%"
"11/05/2020","1,539.31","1,533.35","1,539.62","1,531.86","3.31M","0.39%"
"11/04/2020","1,533.35","1,535.50","1,535.50","1,528.05","4.85M","-0.22%"
"11/03/2020","1,536.78","1,533.83","1,537.20","1,528.90","3.40M","0.16%"
"11/02/2020","1,534.26","1,536.40","1,536.92","1,531.59","3.36M","-0.20%"
"11/01/2020","1,537.35","1,551.24","1,551.24","1,531.97","3.91M","-0.90%"
"10/28/2020","1,551.37","1,553.66","1,553.66","1,544.79","3.23M","-0.18%"
"10/27/2020","1,554.21","1,554.89","1,555.64","1,550.40","2.74M","-0.05%"
"10/26/2020","1,554.91","1,556.11","1,557.75","1,552.07","4.24M","-0.06%"
"10/25/2020","1,555.78","1,558.08","1,560.78","1,552.14","5.00M","-0.16%"
"10/22/2020","1,558.28","1,556.60","1,559.30","1,555.23","3.26M","-0.10%"
"10/21/2020","1,559.81","1,556.38","1,560.09","1,555.39","2.46M","0.26%"
"10/20/2020","1,555.83","1,559.86","1,560.81","1,554.25","2.84M","-0.30%"
"10/19/2020","1,560.49","1,564.02","1,565.46","1,560.36","3.00M","-0.26%"
"10/18/2020","1,564.49","1,571.76","1,571.78","1,561.72","3.18M","-0.49%"
"10/15/2020","1,572.16","1,571.43","1,574.50","1,570.32","5.39M","0.02%"
"10/14/2020","1,571.77","1,566.03","1,571.77","1,563.19","3.54M","0.42%"
"10/13/2020","1,565.19","1,567.67","1,568.96","1,564.65","2.48M","-0.18%"
"10/12/2020","1,568.07","1,564.36","1,568.07","1,561.00","2.93M","0.18%"
"10/11/2020","1,565.22","1,564.49","1,566.23","1,560.62","3.81M","0.08%"
"10/08/2020","1,563.92","1,561.86","1,566.18","1,559.20","6.32M","0.17%"
"10/07/2020","1,561.22","1,571.23","1,571.23","1,560.74","3.10M","-0.67%"
"10/06/2020","1,571.76","1,575.55","1,576.94","1,566.64","3.75M","-0.31%"
"10/05/2020","1,576.63","1,584.38","1,584.82","1,572.99","3.32M","-0.48%"
"10/04/2020","1,584.20","1,584.85","1,584.85","1,578.43","3.96M","-0.06%"
"10/01/2020","1,585.08","1,587.22","1,587.22","1,582.47","3.35M","-0.17%"
"09/30/2020","1,587.75","1,586.01","1,588.14","1,582.23","4.27M","0.12%"
"09/29/2020","1,585.92","1,583.70","1,586.04","1,581.70","6.09M","0.14%"
"09/28/2020","1,583.72","1,583.90","1,587.19","1,580.07","4.64M","-0.07%"
"09/27/2020","1,584.82","1,583.39","1,585.02","1,581.42","2.60M","-0.02%"
"09/24/2020","1,585.17","1,584.50","1,585.21","1,578.79","4.12M","-0.02%"
"09/23/2020","1,585.44","1,595.68","1,595.84","1,585.39","4.68M","-0.67%"
"09/22/2020","1,596.17","1,595.89","1,596.98","1,593.04","3.39M","-0.02%"
"09/21/2020","1,596.47","1,587.21","1,596.47","1,585.59","3.13M","0.60%"
"09/20/2020","1,586.91","1,585.36","1,586.97","1,581.39","3.59M","0.07%"
"09/17/2020","1,585.73","1,582.76","1,585.73","1,579.44","9.12M","0.17%"
"09/16/2020","1,582.99","1,579.71","1,583.05","1,577.72","3.13M","0.21%"
"09/15/2020","1,579.71","1,588.72","1,588.72","1,574.50","4.84M","-0.65%"
"09/14/2020","1,589.97","1,585.39","1,590.25","1,581.88","4.25M","0.02%"
"09/13/2020","1,589.66","1,588.70","1,590.30","1,585.24","4.17M","0.11%"
"09/10/2020","1,587.92","1,585.46","1,588.69","1,581.23","5.75M","0.16%"
"09/09/2020","1,585.46","1,584.57","1,586.10","1,581.12","5.59M","0.09%"
"09/08/2020","1,584.00","1,584.44","1,584.81","1,579.04","5.52M","0.01%"
"09/07/2020","1,583.91","1,581.60","1,583.91","1,580.35","5.22M","0.13%"
"09/06/2020","1,581.78","1,578.89","1,581.78","1,576.78","3.63M","0.01%"
"09/03/2020","1,581.59","1,575.46","1,581.59","1,572.74","4.34M","0.39%"
"09/02/2020","1,575.51","1,577.69","1,580.39","1,573.45","4.16M","-0.14%"
"09/01/2020","1,577.77","1,574.69","1,577.77","1,571.82","4.05M","0.26%"
"08/31/2020","1,573.66","1,573.97","1,573.97","1,569.38","3.67M","-0.05%"
"08/30/2020","1,574.39","1,575.79","1,578.42","1,570.36","3.69M","-0.15%"
"08/27/2020","1,576.70","1,571.63","1,576.70","1,569.96","2.88M","0.33%"
"08/26/2020","1,571.57","1,574.52","1,574.52","1,568.53","2.73M","-0.19%"
"08/25/2020","1,574.52","1,572.98","1,575.23","1,571.47","4.85M","-0.19%"
"08/24/2020","1,577.47","1,571.86","1,577.49","1,570.36","5.28M","0.36%"
"08/23/2020","1,571.86","1,577.94","1,577.94","1,570.39","3.48M","-0.49%"
"08/19/2020","1,579.57","1,576.51","1,579.57","1,573.99","3.10M","0.00%"
"08/18/2020","1,579.53","1,578.50","1,579.53","1,572.69","3.07M","0.03%"
"08/17/2020","1,579.07","1,576.65","1,579.12","1,575.87","3.18M","0.16%"
"08/16/2020","1,576.47","1,570.67","1,576.72","1,568.07","3.47M","0.44%"
"08/13/2020","1,569.58","1,570.53","1,570.53","1,564.86","4.86M","-0.17%"
"08/12/2020","1,572.18","1,579.09","1,581.64","1,564.20","6.14M","-0.17%"
"08/11/2020","1,574.78","1,571.12","1,574.78","1,570.27","4.59M","0.50%"
"08/10/2020","1,566.87","1,551.77","1,567.33","1,550.04","2.69M","0.90%"
"08/09/2020","1,552.91","1,555.83","1,555.83","1,546.46","3.99M","-0.43%"
"08/06/2020","1,559.60","1,562.12","1,562.26","1,556.19","2.58M","-0.17%"
"08/05/2020","1,562.18","1,566.22","1,566.22","1,559.33","3.09M","-0.59%"
"08/04/2020","1,571.41","1,581.95","1,581.95","1,565.04","3.04M","-0.66%"
"07/29/2020","1,581.82","1,571.29","1,583.53","1,571.29","3.13M","0.66%"
"07/28/2020","1,571.44","1,563.97","1,571.56","1,562.44","4.88M","0.32%"
"07/27/2020","1,566.39","1,571.41","1,572.49","1,564.84","3.81M","-0.39%"
"07/26/2020","1,572.51","1,586.35","1,586.35","1,570.84","3.67M","-0.91%"
"07/23/2020","1,586.90","1,588.58","1,589.58","1,582.68","5.64M","-0.11%"
"07/22/2020","1,588.65","1,591.82","1,592.43","1,585.42","5.84M","-0.18%"
"07/21/2020","1,591.48","1,588.75","1,591.48","1,586.97","4.21M","0.19%"
"07/20/2020","1,588.40","1,582.36","1,588.40","1,579.77","2.80M","0.40%"
"07/19/2020","1,582.10","1,577.71","1,582.17","1,577.38","2.79M","0.22%"
"07/16/2020","1,578.59","1,579.71","1,579.71","1,573.64","3.53M","-0.04%"
"07/15/2020","1,579.20","1,585.30","1,585.30","1,576.27","2.50M","-0.37%"
"07/14/2020","1,584.99","1,585.73","1,585.73","1,580.53","2.23M","-0.19%"
"07/13/2020","1,588.00","1,587.19","1,588.99","1,582.39","1.81M","0.03%"
"07/12/2020","1,587.58","1,592.70","1,593.75","1,587.44","1.88M","-0.32%"
"07/09/2020","1,592.62","1,595.99","1,599.48","1,589.67","1.84M","-0.23%"
"07/08/2020","1,596.27","1,585.98","1,596.27","1,584.40","3.07M","0.63%"
"07/07/2020","1,586.28","1,582.70","1,586.36","1,581.84","24.30M","0.19%"
"07/06/2020","1,583.23","1,575.75","1,584.17","1,567.52","1.63M","0.44%"
"07/05/2020","1,576.34","1,590.34","1,590.44","1,567.85","2.18M","-0.84%"
"07/02/2020","1,589.64","1,594.82","1,594.82","1,583.92","2.03M","-0.55%"
"07/01/2020","1,598.38","1,602.64","1,605.42","1,597.12","2.64M","-0.29%"
"06/30/2020","1,603.04","1,599.10","1,603.30","1,596.00","2.49M","0.24%"
"06/29/2020","1,599.25","1,608.57","1,608.57","1,591.27","3.93M","-0.58%"
"06/28/2020","1,608.60","1,618.19","1,618.19","1,607.72","4.09M","-0.67%"
"06/25/2020","1,619.53","1,621.63","1,622.96","1,616.49","2.16M","-0.16%"
"06/24/2020","1,622.19","1,627.73","1,628.25","1,618.34","2.37M","-0.36%"
"06/23/2020","1,628.02","1,630.01","1,630.39","1,626.01","3.92M","-0.18%"
"06/22/2020","1,630.95","1,630.89","1,634.20","1,629.40","3.99M","-0.03%"
"06/21/2020","1,631.48","1,632.37","1,634.27","1,628.70","4.88M","-0.08%"
"06/18/2020","1,632.78","1,628.38","1,632.78","1,628.04","2.29M","0.38%"
"06/17/2020","1,626.64","1,632.59","1,632.59","1,618.63","2.46M","-0.40%"
"06/16/2020","1,633.14","1,649.10","1,649.46","1,630.94","2.39M","-1.00%"
"06/15/2020","1,649.63","1,643.95","1,649.65","1,642.47","2.86M","0.33%"
"06/14/2020","1,644.16","1,647.72","1,647.72","1,639.33","1.58M","-0.27%"
"06/11/2020","1,648.69","1,650.17","1,651.96","1,642.91","1.61M","-0.08%"
"06/10/2020","1,650.08","1,652.26","1,652.26","1,643.16","2.02M","-0.16%"
"06/09/2020","1,652.67","1,670.08","1,670.08","1,652.36","2.68M","-1.05%"
"06/08/2020","1,670.27","1,673.97","1,675.15","1,667.68","3.82M","0.05%"
"06/07/2020","1,669.36","1,662.23","1,669.36","1,662.16","3.81M","0.93%"
"06/04/2020","1,654.03","1,641.11","1,655.25","1,636.14","4.23M","0.78%"
"06/03/2020","1,641.21","1,659.73","1,663.69","1,639.23","3.67M","-1.20%"
"06/02/2020","1,661.15","1,681.30","1,683.76","1,660.64","3.02M","-0.93%"
"06/01/2020","1,676.81","1,640.32","1,678.84","1,640.32","2.45M","2.04%"
"05/31/2020","1,643.31","1,629.40","1,643.36","1,627.09","3.69M","1.37%"
"05/28/2020","1,621.18","1,613.77","1,623.08","1,613.77","2.93M","0.97%"
"05/27/2020","1,605.62","1,600.93","1,606.01","1,597.23","1.41M","1.03%"
"05/26/2020","1,589.24","1,578.94","1,589.24","1,577.70","820.96K","0.96%"
"05/21/2020","1,574.10","1,573.81","1,578.33","1,571.06","1.04M","0.16%"
"05/20/2020","1,571.62","1,567.56","1,571.62","1,563.43","815.91K","0.19%"
"05/19/2020","1,568.60","1,578.17","1,578.17","1,567.66","1.82M","-0.87%"
"05/18/2020","1,582.31","1,590.69","1,590.69","1,580.78","1.49M","-0.76%"
"05/17/2020","1,594.48","1,605.90","1,605.90","1,593.40","919.69K","-0.69%"
"05/14/2020","1,605.56","1,607.34","1,609.32","1,601.92","1.79M","-0.17%"
"05/13/2020","1,608.22","1,603.22","1,608.22","1,600.59","1.16M","-0.30%"
"05/12/2020","1,612.99","1,632.67","1,632.67","1,612.56","333.25K","-1.20%"
"05/11/2020","1,632.63","1,640.32","1,640.40","1,632.59","260.54K","-1.10%"
"05/10/2020","1,650.82","1,661.53","1,661.53","1,650.82","406.86K","-1.04%"
"03/16/2020","1,668.18","1,658.59","1,668.18","1,651.40","2.09M","-0.44%"
"03/15/2020","1,675.47","1,729.78","1,729.78","1,667.30","2.40M","-4.48%"
"03/12/2020","1,754.11","1,790.63","1,790.63","1,747.34","3.02M","-2.38%"
"03/11/2020","1,796.84","1,799.68","1,805.89","1,790.90","2.21M","-0.22%"
"03/10/2020","1,800.88","1,802.03","1,803.98","1,795.84","2.43M","0.38%"
"03/09/2020","1,793.99","1,813.11","1,818.52","1,790.15","3.23M","-1.10%"
"03/08/2020","1,813.99","1,803.00","1,816.11","1,803.00","3.59M","0.29%"
"03/05/2020","1,808.75","1,806.24","1,813.68","1,805.16","2.10M","0.11%"
"03/04/2020","1,806.75","1,799.30","1,806.75","1,799.16","2.48M","0.36%"
"03/03/2020","1,800.18","1,817.05","1,817.05","1,795.03","4.29M","-0.96%"
"03/02/2020","1,817.70","1,825.95","1,827.17","1,815.34","3.75M","-0.44%"
"03/01/2020","1,825.67","1,835.79","1,836.15","1,822.43","3.46M","-0.56%"
"02/27/2020","1,835.92","1,835.80","1,836.22","1,829.24","3.12M","-0.03%"
"02/26/2020","1,836.55","1,842.76","1,842.76","1,834.41","4.36M","-0.31%"
"02/25/2020","1,842.17","1,851.03","1,851.03","1,841.77","5.45M","-0.52%"
"02/24/2020","1,851.71","1,845.15","1,851.71","1,842.59","2.93M","0.32%"
"02/23/2020","1,845.82","1,849.76","1,849.94","1,843.87","3.36M","-0.24%"
"02/20/2020","1,850.27","1,853.08","1,853.08","1,845.39","2.94M","-0.17%"
"02/19/2020","1,853.34","1,861.20","1,861.20","1,849.59","2.04M","-0.45%"
"02/18/2020","1,861.65","1,855.60","1,861.65","1,851.21","2.69M","0.19%"
"02/17/2020","1,858.16","1,866.82","1,866.82","1,848.47","4.83M","-0.52%"
"02/16/2020","1,867.89","1,874.09","1,877.71","1,865.38","2.92M","-0.34%"
"02/13/2020","1,874.22","1,873.40","1,874.22","1,869.53","2.47M","0.02%"
"02/12/2020","1,873.89","1,870.84","1,873.89","1,868.15","3.41M","0.13%"
"02/11/2020","1,871.54","1,877.84","1,878.24","1,868.25","14.17M","-0.34%"
"02/10/2020","1,877.95","1,883.25","1,883.25","1,871.52","4.96M","-0.30%"
"02/09/2020","1,883.57","1,878.27","1,883.57","1,878.27","2.80M","0.26%"
"02/06/2020","1,878.75","1,875.73","1,881.08","1,874.78","3.23M","0.11%"
"02/05/2020","1,876.76","1,878.56","1,879.23","1,874.85","2.51M","-0.09%"
"02/04/2020","1,878.49","1,875.63","1,882.51","1,874.36","3.56M","0.11%"
"02/03/2020","1,876.42","1,870.72","1,876.42","1,866.47","2.50M","0.28%"
"02/02/2020","1,871.19","1,867.30","1,871.19","1,861.82","4.07M","0.18%"
"01/30/2020","1,867.90","1,867.90","1,867.90","1,867.90","","-0.01%"
"01/29/2020","1,868.00","1,864.64","1,868.08","1,861.95","2.68M","-0.02%"
"01/28/2020","1,868.36","1,870.26","1,870.26","1,860.74","4.17M","-0.16%"
"01/27/2020","1,871.32","1,880.87","1,880.96","1,868.47","3.16M","-0.46%"
"01/26/2020","1,879.97","1,878.39","1,883.95","1,877.55","4.39M","0.07%"
"01/23/2020","1,878.62","1,876.19","1,878.62","1,872.05","2.04M","-0.19%"
"01/22/2020","1,882.12","1,883.64","1,884.21","1,875.56","2.22M","-0.11%"
"01/21/2020","1,884.20","1,883.99","1,885.64","1,881.90","2.91M","0.00%"
"01/20/2020","1,884.22","1,873.10","1,884.22","1,869.64","2.00M","0.59%"
"01/19/2020","1,873.10","1,866.07","1,874.16","1,863.91","2.62M","0.40%"
"01/16/2020","1,865.59","1,854.70","1,865.59","1,853.20","1.55M","0.67%"
"01/15/2020","1,853.11","1,829.74","1,860.11","1,829.64","2.26M","1.28%"
"01/14/2020","1,829.68","1,825.90","1,830.10","1,822.73","2.22M","0.24%"
"01/13/2020","1,825.36","1,822.58","1,825.39","1,819.79","1.96M","0.14%"
"01/12/2020","1,822.85","1,825.56","1,826.71","1,820.90","2.25M","-0.17%"
"01/09/2020","1,825.93","1,820.40","1,825.93","1,818.31","2.07M","0.46%"
"01/08/2020","1,817.48","1,826.26","1,826.26","1,813.57","2.35M","-0.53%"
"01/07/2020","1,827.19","1,826.87","1,836.64","1,822.41","2.05M","-0.07%"
"01/06/2020","1,828.52","1,814.42","1,828.72","1,813.45","2.94M","0.77%"
"01/05/2020","1,814.54","1,823.14","1,823.14","1,813.75","1.39M","-0.53%"
"01/02/2020","1,824.13","1,815.84","1,824.13","1,812.85","1.93M","0.49%"
"12/31/2019","1,815.20","1,812.11","1,815.20","1,799.82","3.79M","0.10%"
"12/30/2019","1,813.36","1,810.86","1,813.99","1,808.12","2.11M","0.13%"
"12/29/2019","1,811.00","1,811.46","1,813.25","1,808.22","2.69M","-0.08%"
"12/26/2019","1,812.40","1,808.12","1,812.40","1,806.14","1.90M","0.24%"
"12/24/2019","1,808.14","1,804.72","1,808.14","1,803.01","2.30M","0.18%"
"12/23/2019","1,804.94","1,810.22","1,810.22","1,799.90","2.29M","-0.23%"
"12/22/2019","1,809.02","1,809.89","1,812.99","1,806.46","1.70M","-0.07%"
"12/19/2019","1,810.23","1,808.72","1,811.37","1,806.23","1.86M","0.01%"
"12/18/2019","1,810.02","1,809.72","1,812.04","1,807.01","1.53M","0.03%"
"12/17/2019","1,809.54","1,810.35","1,811.81","1,805.70","2.25M","-0.14%"
"12/16/2019","1,812.10","1,811.95","1,812.65","1,807.15","2.04M","0.05%"
"12/15/2019","1,811.12","1,802.80","1,811.12","1,802.80","1.80M","0.45%"
"12/12/2019","1,803.05","1,805.46","1,806.17","1,799.38","1.94M","-0.16%"
"12/11/2019","1,805.95","1,800.86","1,805.95","1,798.82","4.81M","0.30%"
"12/10/2019","1,800.58","1,793.18","1,800.58","1,793.13","3.81M","0.38%"
"12/09/2019","1,793.78","1,795.84","1,795.84","1,787.00","2.21M","-0.11%"
"12/08/2019","1,795.72","1,791.45","1,797.83","1,790.78","2.00M","0.21%"
"12/05/2019","1,791.97","1,791.08","1,791.98","1,788.72","2.62M","0.03%"
"12/04/2019","1,791.42","1,792.19","1,792.19","1,788.96","1.53M","-0.04%"
"12/03/2019","1,792.14","1,793.32","1,793.32","1,788.26","2.68M","-0.07%"
"12/02/2019","1,793.32","1,793.81","1,793.81","1,788.50","1.91M","0.00%"
"12/01/2019","1,793.31","1,795.21","1,796.25","1,790.06","1.44M","-0.11%"
"11/28/2019","1,795.21","1,792.95","1,795.21","1,790.06","2.01M","0.10%"
"11/27/2019","1,793.43","1,788.67","1,793.43","1,788.67","2.41M","0.24%"
"11/26/2019","1,789.14","1,789.28","1,791.59","1,787.33","2.03M","-0.03%"
"11/25/2019","1,789.74","1,793.02","1,796.00","1,783.37","2.33M","-0.21%"
"11/24/2019","1,793.46","1,790.70","1,793.46","1,787.43","1.87M","0.12%"
"11/21/2019","1,791.37","1,796.00","1,796.00","1,784.89","2.67M","-0.29%"
"11/20/2019","1,796.59","1,789.39","1,796.85","1,788.68","1.84M","0.39%"
"11/19/2019","1,789.59","1,793.26","1,794.49","1,785.82","3.51M","-0.23%"
"11/18/2019","1,793.78","1,789.96","1,794.55","1,787.70","5.46M","-0.26%"
"11/17/2019","1,798.48","1,805.78","1,805.78","1,798.27","3.79M","-0.47%"
"11/14/2019","1,806.96","1,809.62","1,809.76","1,803.89","1.06M","-0.15%"
"11/13/2019","1,809.60","1,810.13","1,811.44","1,808.03","1.74M","-0.02%"
"11/12/2019","1,809.98","1,805.14","1,810.46","1,801.12","3.08M","0.21%"
"11/11/2019","1,806.22","1,804.40","1,806.22","1,801.74","2.32M","0.07%"
"11/10/2019","1,804.90","1,810.83","1,810.88","1,802.87","2.68M","-0.34%"
"11/07/2019","1,810.99","1,812.17","1,812.17","1,806.79","2.23M","-0.11%"
"11/06/2019","1,813.05","1,813.00","1,816.78","1,810.41","1.84M","0.03%"
"11/05/2019","1,812.56","1,813.55","1,813.55","1,809.85","2.35M","-0.07%"
"11/04/2019","1,813.90","1,810.21","1,815.27","1,810.21","1.81M","0.22%"
"11/03/2019","1,809.91","1,799.90","1,809.91","1,798.39","3.65M","0.53%"
"10/31/2019","1,800.29","1,808.38","1,808.38","1,796.51","2.90M","-0.40%"
"10/30/2019","1,807.43","1,805.16","1,807.43","1,802.51","3.94M","0.10%"
"10/29/2019","1,805.60","1,803.63","1,805.60","1,800.82","3.14M","0.03%"
"10/28/2019","1,804.99","1,808.91","1,810.46","1,799.89","2.16M","-0.25%"
"10/27/2019","1,809.43","1,813.17","1,813.17","1,805.56","1.03M","-0.25%"
"10/24/2019","1,813.92","1,812.88","1,814.96","1,809.42","2.24M","0.10%"
"10/23/2019","1,812.09","1,814.08","1,814.08","1,807.39","2.45M","-0.13%"
"10/22/2019","1,814.38","1,811.50","1,814.38","1,805.98","2.47M","0.20%"
"10/21/2019","1,810.70","1,814.78","1,815.26","1,805.51","1.64M","-0.24%"
"10/20/2019","1,815.12","1,819.00","1,819.00","1,813.32","1.72M","-0.22%"
"10/17/2019","1,819.14","1,816.83","1,819.14","1,811.64","2.67M","0.08%"
"10/16/2019","1,817.60","1,827.22","1,828.61","1,811.56","1.76M","-0.53%"
"10/15/2019","1,827.22","1,824.03","1,827.22","1,821.43","1.76M","0.16%"
"10/14/2019","1,824.33","1,830.59","1,831.61","1,821.01","1.93M","-0.35%"
"10/13/2019","1,830.77","1,825.57","1,830.77","1,825.57","2.70M","0.28%"
"10/10/2019","1,825.72","1,824.06","1,825.72","1,820.62","2.26M","0.06%"
"10/09/2019","1,824.62","1,823.66","1,825.77","1,819.30","1.85M","-0.05%"
"10/08/2019","1,825.50","1,826.58","1,826.58","1,821.94","4.04M","-0.09%"
"10/07/2019","1,827.08","1,823.17","1,827.08","1,816.13","1.12M","0.25%"
"10/06/2019","1,822.53","1,827.34","1,827.38","1,816.70","2.38M","-0.30%"
"10/03/2019","1,827.95","1,827.87","1,829.91","1,819.12","2.50M","0.04%"
"10/02/2019","1,827.28","1,828.40","1,832.70","1,824.70","2.57M","-0.04%"
"10/01/2019","1,827.92","1,828.23","1,829.16","1,817.27","2.91M","0.01%"
"09/30/2019","1,827.74","1,824.88","1,827.74","1,823.51","3.80M","0.12%"
"09/29/2019","1,825.61","1,821.86","1,826.05","1,819.56","3.87M","0.11%"
"09/26/2019","1,823.63","1,821.50","1,824.52","1,821.35","1.88M","0.09%"
"09/25/2019","1,821.91","1,822.75","1,823.41","1,817.53","1.55M","-0.06%"
"09/24/2019","1,823.05","1,829.13","1,829.13","1,817.60","4.27M","-0.34%"
"09/23/2019","1,829.30","1,824.97","1,829.30","1,821.13","3.35M","0.21%"
"09/22/2019","1,825.43","1,820.56","1,825.43","1,817.72","2.55M","0.46%"
"09/19/2019","1,817.11","1,815.53","1,821.08","1,811.01","1.86M","0.05%"
"09/18/2019","1,816.13","1,814.21","1,819.99","1,813.53","3.22M","0.09%"
"09/17/2019","1,814.50","1,809.33","1,815.56","1,805.56","1.79M","0.27%"
"09/16/2019","1,809.55","1,806.37","1,809.64","1,803.70","3.33M","0.14%"
"09/15/2019","1,807.11","1,795.00","1,807.56","1,794.74","3.80M","0.76%"
"09/12/2019","1,793.44","1,797.54","1,799.03","1,789.72","2.67M","-0.26%"
"09/11/2019","1,798.04","1,794.09","1,798.13","1,790.48","2.53M","0.16%"
"09/10/2019","1,795.19","1,794.70","1,795.32","1,786.56","1.64M","-0.08%"
"09/09/2019","1,796.66","1,805.48","1,807.91","1,790.43","2.11M","-0.53%"
"09/08/2019","1,806.23","1,801.53","1,806.23","1,795.31","2.75M","0.27%"
"09/05/2019","1,801.36","1,805.27","1,805.27","1,789.58","2.35M","-0.26%"
"09/04/2019","1,806.08","1,819.21","1,819.21","1,804.37","2.85M","-0.76%"
"09/03/2019","1,819.85","1,817.01","1,820.77","1,814.66","2.45M","0.14%"
"09/02/2019","1,817.39","1,817.33","1,820.43","1,811.49","2.98M","-0.10%"
"09/01/2019","1,819.28","1,821.05","1,822.18","1,814.43","4.98M","-0.10%"
"08/29/2019","1,821.11","1,813.08","1,821.37","1,809.19","5.27M","0.42%"
"08/28/2019","1,813.43","1,822.83","1,824.24","1,809.28","3.62M","-0.53%"
"08/27/2019","1,823.10","1,822.80","1,825.03","1,819.58","4.81M","-0.02%"
"08/26/2019","1,823.43","1,824.71","1,826.45","1,820.11","2.36M","-0.11%"
"08/25/2019","1,825.42","1,829.15","1,829.15","1,822.97","4.31M","-0.27%"
"08/22/2019","1,830.30","1,838.32","1,838.90","1,826.02","2.02M","-0.43%"
"08/21/2019","1,838.21","1,842.38","1,844.82","1,836.50","1.70M","-0.30%"
"08/20/2019","1,843.67","1,846.68","1,854.15","1,842.00","2.49M","-0.18%"
"08/19/2019","1,847.07","1,862.36","1,863.45","1,846.65","2.00M","-0.85%"
"08/18/2019","1,862.85","1,864.17","1,864.66","1,858.10","2.69M","-0.10%"
"08/15/2019","1,864.76","1,868.74","1,870.11","1,864.01","1.70M","-0.21%"
"08/08/2019","1,868.70","1,862.25","1,869.16","1,861.29","2.00M","0.33%"
"08/07/2019","1,862.50","1,858.33","1,862.83","1,856.53","1.51M","0.15%"
"08/06/2019","1,859.77","1,861.40","1,861.40","1,854.09","1.85M","-0.11%"
"08/05/2019","1,861.85","1,869.66","1,869.66","1,854.67","2.15M","-0.41%"
"08/04/2019","1,869.53","1,870.77","1,870.77","1,865.90","2.33M","-0.03%"
"08/01/2019","1,870.11","1,871.49","1,872.65","1,865.69","3.34M","-0.18%"
"07/31/2019","1,873.46","1,877.14","1,880.69","1,870.98","4.69M","-0.31%"
"07/30/2019","1,879.21","1,877.96","1,879.21","1,872.10","3.12M","0.07%"
"07/29/2019","1,877.98","1,875.99","1,877.98","1,873.84","2.47M","0.03%"
"07/28/2019","1,877.50","1,880.78","1,884.98","1,876.00","2.66M","-0.15%"
"07/25/2019","1,880.39","1,883.70","1,884.55","1,878.21","2.51M","-0.26%"
"07/24/2019","1,885.35","1,887.86","1,888.44","1,876.26","2.43M","-0.11%"
"07/23/2019","1,887.34","1,882.64","1,887.50","1,881.88","4.91M","0.13%"
"07/22/2019","1,884.81","1,885.30","1,891.08","1,877.51","3.81M","0.16%"
"07/21/2019","1,881.78","1,882.51","1,893.89","1,878.39","4.04M","0.11%"
"07/18/2019","1,879.68","1,878.35","1,881.07","1,875.88","2.44M","0.07%"
"07/17/2019","1,878.37","1,874.17","1,878.37","1,872.17","2.42M","0.35%"
"07/16/2019","1,871.75","1,876.29","1,876.29","1,869.92","2.02M","-0.27%"
"07/15/2019","1,876.77","1,876.78","1,877.07","1,871.72","3.29M","-0.01%"
"07/14/2019","1,876.90","1,877.23","1,879.01","1,874.78","3.75M","0.01%"
"07/11/2019","1,876.76","1,882.23","1,884.63","1,874.53","2.73M","-0.29%"
"07/10/2019","1,882.23","1,878.35","1,882.58","1,875.09","2.94M","0.20%"
"07/09/2019","1,878.41","1,876.94","1,878.41","1,872.35","3.89M","0.02%"
"07/08/2019","1,878.02","1,880.69","1,880.70","1,868.94","3.58M","-0.13%"
"07/07/2019","1,880.49","1,892.94","1,894.30","1,879.38","3.38M","-0.64%"
"07/04/2019","1,892.68","1,890.96","1,896.58","1,886.43","5.02M","0.29%"
"07/03/2019","1,887.24","1,874.83","1,889.17","1,872.47","4.65M","0.64%"
"07/02/2019","1,875.21","1,869.00","1,876.04","1,863.72","2.76M","0.39%"
"07/01/2019","1,867.85","1,879.65","1,879.65","1,864.52","3.31M","-0.65%"
"06/30/2019","1,880.11","1,883.35","1,889.73","1,866.51","5.32M","0.19%"
"06/27/2019","1,876.48","1,861.84","1,876.51","1,858.53","3.72M","0.76%"
"06/26/2019","1,862.31","1,856.26","1,865.79","1,856.26","4.91M","0.51%"
"06/25/2019","1,852.86","1,856.09","1,858.36","1,842.91","4.24M","-0.16%"
"06/24/2019","1,855.89","1,862.85","1,870.91","1,853.40","4.58M","-0.26%"
"06/23/2019","1,860.82","1,840.98","1,861.87","1,840.96","5.57M","1.18%"
"06/20/2019","1,839.08","1,833.78","1,839.32","1,831.47","2.94M","0.15%"
"06/19/2019","1,836.34","1,831.94","1,838.26","1,830.43","5.22M","0.23%"
"06/18/2019","1,832.04","1,829.18","1,832.50","1,823.81","3.06M","0.15%"
"06/17/2019","1,829.26","1,825.32","1,829.26","1,816.57","3.00M","0.23%"
"06/16/2019","1,825.00","1,812.54","1,825.92","1,809.19","2.74M","0.72%"
"06/13/2019","1,812.02","1,812.94","1,813.34","1,806.60","2.50M","0.00%"
"06/12/2019","1,811.99","1,806.80","1,811.99","1,804.06","3.41M","0.27%"
"06/11/2019","1,807.06","1,806.60","1,807.64","1,801.77","2.29M","0.04%"
"06/10/2019","1,806.33","1,806.07","1,813.77","1,805.60","2.48M","-0.01%"
"06/03/2019","1,806.52","1,806.16","1,809.87","1,803.09","1.54M","0.01%"
"06/02/2019","1,806.31","1,807.14","1,812.27","1,805.15","2.16M","-0.01%"
"05/30/2019","1,806.50","1,810.92","1,810.92","1,803.01","2.03M","-0.17%"
"05/29/2019","1,809.53","1,810.77","1,814.26","1,807.49","3.51M","-0.06%"
"05/28/2019","1,810.61","1,812.50","1,814.06","1,807.20","4.30M","-0.11%"
"05/27/2019","1,812.60","1,809.48","1,812.61","1,808.08","4.86M","0.14%"
"05/26/2019","1,809.98","1,812.02","1,815.36","1,807.62","2.31M","-0.13%"
"05/23/2019","1,812.42","1,809.14","1,813.77","1,807.02","2.19M","0.20%"
"05/22/2019","1,808.82","1,818.35","1,821.45","1,802.89","1.65M","-0.42%"
"05/21/2019","1,816.37","1,832.15","1,834.68","1,814.17","1.43M","-0.77%"
"05/20/2019","1,830.47","1,830.31","1,835.43","1,830.01","2.28M","0.00%"
"05/19/2019","1,830.52","1,830.87","1,830.87","1,819.48","2.15M","-0.02%"
"05/16/2019","1,830.96","1,824.95","1,831.35","1,820.63","1.43M","0.31%"
"05/15/2019","1,825.26","1,833.92","1,833.96","1,822.11","2.45M","-0.49%"
"05/14/2019","1,834.17","1,841.17","1,841.70","1,821.23","3.60M","0.24%"
"05/13/2019","1,829.78","1,819.89","1,833.01","1,819.89","2.53M","0.54%"
"05/12/2019","1,819.89","1,812.04","1,824.24","1,811.93","2.65M","0.47%"
"05/09/2019","1,811.32","1,801.62","1,812.05","1,801.55","2.13M","0.52%"
"05/08/2019","1,802.00","1,777.41","1,802.00","1,777.41","2.19M","1.37%"
"05/07/2019","1,777.62","1,768.61","1,777.73","1,767.04","1.98M","0.48%"
"05/06/2019","1,769.20","1,770.74","1,771.12","1,759.78","1.95M","-0.05%"
"05/05/2019","1,770.11","1,768.02","1,772.28","1,765.77","2.14M","-1.15%"
"05/01/2019","1,790.78","1,788.32","1,811.15","1,787.02","1.85M","-1.14%"
"04/30/2019","1,811.45","1,835.77","1,838.07","1,810.85","2.01M","-1.42%"
"04/29/2019","1,837.54","1,841.82","1,846.55","1,834.31","3.44M","-0.27%"
"04/28/2019","1,842.60","1,869.97","1,869.97","1,839.45","22.53M","-1.94%"
"04/25/2019","1,879.03","1,886.59","1,886.59","1,876.94","1.97M","-0.37%"
"04/24/2019","1,886.04","1,894.13","1,894.13","1,882.14","3.06M","-0.45%"
"04/23/2019","1,894.59","1,898.04","1,898.27","1,891.67","4.77M","-0.19%"
"04/22/2019","1,898.22","1,897.38","1,899.03","1,894.51","1.85M","-0.12%"
"04/21/2019","1,900.50","1,898.14","1,901.71","1,895.60","1.56M","0.07%"
"04/18/2019","1,899.14","1,895.87","1,899.89","1,894.83","2.56M","0.14%"
"04/17/2019","1,896.56","1,898.86","1,900.42","1,893.06","2.08M","-0.10%"
"04/16/2019","1,898.53","1,899.60","1,900.25","1,895.49","2.98M","-0.05%"
"04/15/2019","1,899.45","1,895.39","1,899.65","1,891.94","1.89M","0.16%"
"04/14/2019","1,896.33","1,906.15","1,909.35","1,894.96","1.83M","-0.53%"
"04/11/2019","1,906.37","1,906.03","1,906.76","1,903.34","3.31M","-0.06%"
"04/10/2019","1,907.59","1,899.18","1,908.70","1,897.58","2.79M","0.43%"
"04/09/2019","1,899.39","1,896.04","1,899.39","1,891.69","2.10M","0.15%"
"04/08/2019","1,896.52","1,906.71","1,906.73","1,891.51","1.97M","-0.54%"
"04/07/2019","1,906.89","1,909.16","1,909.48","1,902.48","4.29M","-0.08%"
"04/04/2019","1,908.49","1,914.19","1,914.19","1,905.60","2.17M","-0.29%"
"04/03/2019","1,914.07","1,922.24","1,922.62","1,913.50","2.23M","-0.47%"
"04/02/2019","1,923.10","1,911.90","1,923.10","1,908.48","3.76M","0.56%"
"04/01/2019","1,912.34","1,912.57","1,913.03","1,908.19","3.31M","-0.10%"
"03/31/2019","1,914.28","1,915.61","1,915.61","1,910.31","3.68M","-0.79%"
"03/28/2019","1,929.50","1,929.49","1,931.44","1,925.72","2.28M","-0.01%"
"03/27/2019","1,929.62","1,928.76","1,930.14","1,918.83","2.73M","0.01%"
"03/26/2019","1,929.47","1,944.46","1,944.46","1,925.83","3.26M","-0.81%"
"03/25/2019","1,945.15","1,949.30","1,949.45","1,936.64","3.35M","-0.33%"
"03/24/2019","1,951.58","1,960.02","1,961.00","1,947.94","2.30M","-0.45%"
"03/21/2019","1,960.45","1,971.79","1,971.79","1,958.61","2.38M","-0.59%"
"03/20/2019","1,972.04","1,960.28","1,972.04","1,957.67","2.26M","0.60%"
"03/19/2019","1,960.26","1,970.30","1,971.63","1,955.35","1.90M","-0.55%"
"03/18/2019","1,971.08","1,975.56","1,977.08","1,970.48","2.44M","-0.22%"
"03/17/2019","1,975.33","1,983.08","1,983.08","1,973.79","1.70M","-0.42%"
"03/14/2019","1,983.70","1,985.99","1,987.17","1,980.44","2.99M","-0.15%"
"03/13/2019","1,986.76","1,987.02","1,988.63","1,984.88","2.24M","-0.03%"
"03/12/2019","1,987.37","1,984.95","1,988.63","1,982.47","2.51M","0.12%"
"03/11/2019","1,984.96","1,985.64","1,986.79","1,981.24","1.35M","-0.11%"
"03/10/2019","1,987.05","1,989.84","1,990.26","1,984.84","4.65M","-0.04%"
"03/07/2019","1,987.78","1,984.47","1,988.00","1,982.23","2.10M","0.17%"
"03/06/2019","1,984.48","1,983.68","1,985.32","1,982.13","1.78M","0.03%"
"03/05/2019","1,983.97","1,985.11","1,987.68","1,982.28","2.11M","0.02%"
"03/04/2019","1,983.53","1,990.48","1,990.50","1,980.03","1.70M","-0.34%"
"03/03/2019","1,990.37","1,991.93","1,994.20","1,989.45","1.44M","-0.09%"
"02/28/2019","1,992.12","1,991.03","1,993.16","1,989.35","2.68M","0.10%"
"02/27/2019","1,990.07","1,994.42","1,997.52","1,989.13","3.46M","-0.22%"
"02/26/2019","1,994.44","1,986.08","1,994.83","1,983.80","4.46M","0.45%"
"02/25/2019","1,985.55","1,988.15","1,988.15","1,981.53","3.92M","0.06%"
"02/24/2019","1,984.32","1,980.24","1,984.32","1,977.96","2.68M","0.19%"
"02/21/2019","1,980.49","1,982.90","1,984.42","1,978.62","1.91M","-0.17%"
"02/20/2019","1,983.92","1,980.12","1,984.70","1,979.01","2.86M","0.15%"
"02/19/2019","1,980.99","1,971.52","1,980.99","1,968.83","1.98M","0.50%"
"02/18/2019","1,971.10","1,982.16","1,983.56","1,969.48","2.09M","-0.51%"
"02/17/2019","1,981.12","1,981.10","1,982.59","1,976.39","2.37M","-0.05%"
"02/14/2019","1,982.04","1,986.66","1,990.23","1,977.21","2.34M","-0.23%"
"02/13/2019","1,986.68","1,989.13","1,991.61","1,983.14","2.38M","-0.12%"
"02/12/2019","1,989.13","1,976.36","1,990.78","1,975.70","3.19M","0.76%"
"02/11/2019","1,974.16","1,964.01","1,974.18","1,962.21","2.04M","0.53%"
"02/10/2019","1,963.76","1,972.47","1,976.71","1,961.36","1.89M","-0.44%"
"02/07/2019","1,972.47","1,965.74","1,972.47","1,965.57","1.48M","0.34%"
"02/06/2019","1,965.76","1,964.44","1,966.84","1,956.44","1.69M","0.06%"
"02/05/2019","1,964.53","1,963.55","1,967.72","1,957.78","2.69M","0.12%"
"02/04/2019","1,962.11","1,960.98","1,967.74","1,956.08","1.65M","0.08%"
"02/03/2019","1,960.59","1,955.30","1,965.34","1,955.01","2.27M","0.46%"
"01/31/2019","1,951.62","1,953.65","1,954.82","1,945.99","1.55M","-0.14%"
"01/30/2019","1,954.32","1,949.97","1,955.03","1,949.97","2.77M","0.19%"
"01/29/2019","1,950.68","1,945.63","1,951.34","1,944.80","2.76M","0.26%"
"01/28/2019","1,945.70","1,944.10","1,952.80","1,943.95","2.18M","0.09%"
"01/27/2019","1,943.88","1,947.34","1,948.74","1,941.79","1.25M","-0.18%"
"01/24/2019","1,947.37","1,944.49","1,947.37","1,940.30","2.28M","0.14%"
"01/23/2019","1,944.72","1,945.52","1,948.26","1,936.89","1.98M","0.04%"
"01/22/2019","1,943.94","1,934.31","1,950.37","1,934.31","2.00M","0.50%"
"01/21/2019","1,934.31","1,916.72","1,934.31","1,916.72","2.06M","0.91%"
"01/20/2019","1,916.96","1,913.33","1,916.96","1,909.31","3.25M","0.14%"
"01/16/2019","1,914.35","1,914.00","1,914.40","1,909.60","2.90M","-0.24%"
"01/15/2019","1,918.91","1,921.69","1,921.78","1,914.05","1.03M","-0.13%"
"01/14/2019","1,921.50","1,920.68","1,923.07","1,917.22","2.59M","0.04%"
"01/13/2019","1,920.68","1,921.05","1,921.20","1,916.67","1.22M","-0.05%"
"01/10/2019","1,921.65","1,919.07","1,923.63","1,917.53","3.08M","0.02%"
"01/09/2019","1,921.25","1,926.10","1,926.16","1,913.94","1.14M","-0.27%"
"01/08/2019","1,926.38","1,931.28","1,931.28","1,919.98","1.49M","-0.25%"
"01/07/2019","1,931.13","1,942.46","1,942.46","1,922.68","1.14M","-0.57%"
"01/06/2019","1,942.23","1,928.16","1,942.23","1,924.66","1.90M","0.84%"
"01/03/2019","1,925.96","1,918.26","1,925.99","1,913.24","1.89M","0.46%"
"01/02/2019","1,917.19","1,908.38","1,917.19","1,908.38","1.25M","0.44%"