"Date","Price","Open","High","Low","Vol.","Change %"
"12/31/2025","7,031.32","7,049.16","7,088.90","7,011.56","648.75M","-0.25%"
"12/30/2025","7,049.12","7,040.76","7,067.39","7,014.38","820.97M","0.16%"
"12/29/2025","7,037.99","7,050.77","7,061.53","7,020.25","754.69M","-0.18%"
"12/26/2025","7,050.77","7,054.81","7,078.28","7,037.41","773.80M","-0.06%"
"12/25/2025","7,054.81","7,003.06","7,074.39","6,997.09","816.64M","0.73%"
"12/24/2025","7,003.88","6,979.18","7,007.66","6,957.82","1.06B","0.31%"
"12/23/2025","6,982.14","6,986.56","7,001.23","6,908.30","1.40B","-0.06%"
"12/22/2025","6,986.55","6,989.25","7,009.36","6,922.43","2.14B","-0.02%"
"12/19/2025","6,987.76","6,941.65","6,992.71","6,941.13","1.36B","1.02%"
"12/18/2025","6,917.05","6,922.69","6,951.10","6,891.57","1.07B","-0.70%"
"12/17/2025","6,965.84","7,031.74","7,036.86","6,907.77","938.54M","-0.94%"
"12/15/2025","7,031.64","7,081.38","7,105.57","7,000.89","539.23M","-0.72%"
"12/12/2025","7,082.67","7,010.81","7,109.05","7,010.81","1.08B","1.05%"
"12/11/2025","7,009.09","6,939.63","7,042.94","6,946.06","789.40M","1.00%"
"12/10/2025","6,939.58","6,862.03","6,972.58","6,859.08","577.21M","1.13%"
"12/09/2025","6,862.25","6,896.14","6,896.14","6,856.41","634.26M","-0.50%"
"12/08/2025","6,896.48","6,900.34","6,918.41","6,841.01","710.55M","-0.06%"
"12/05/2025","6,900.33","6,846.10","6,942.54","6,846.10","920.84M","0.79%"
"12/04/2025","6,846.10","6,845.28","6,863.57","6,804.10","651.39M","0.07%"
"12/03/2025","6,841.47","6,841.99","6,859.74","6,826.06","489.23M","-0.03%"
"12/02/2025","6,843.81","6,825.06","6,856.88","6,812.90","381.00M","0.29%"
"12/01/2025","6,824.04","6,818.90","6,858.17","6,794.94","615.46M","0.08%"
"11/28/2025","6,818.90","6,851.78","6,881.88","6,801.87","551.63M","-0.25%"
"11/27/2025","6,835.65","6,827.45","6,860.52","6,760.27","561.01M","0.11%"
"11/26/2025","6,828.13","6,752.89","6,842.88","6,745.00","530.94M","1.06%"
"11/25/2025","6,756.34","6,735.10","6,776.19","6,718.24","585.50M","0.32%"
"11/24/2025","6,735.10","6,701.12","6,737.08","6,685.22","721.08M","0.26%"
"11/21/2025","6,717.76","6,836.09","6,836.09","6,644.22","1.34B","-1.73%"
"11/20/2025","6,836.23","6,794.04","6,841.66","6,786.88","669.11M","0.62%"
"11/19/2025","6,794.05","6,804.81","6,832.73","6,753.93","926.74M","-0.16%"
"11/18/2025","6,804.81","6,901.18","6,897.11","6,774.32","692.83M","-1.51%"
"11/17/2025","6,909.15","6,948.17","6,955.79","6,874.18","667.48M","-0.56%"
"11/14/2025","6,948.17","7,000.02","7,000.02","6,936.42","697.92M","-0.74%"
"11/13/2025","7,000.02","7,012.63","7,028.55","6,976.39","455.39M","-0.18%"
"11/12/2025","7,012.65","7,017.38","7,050.23","6,997.16","674.30M","-0.01%"
"11/11/2025","7,013.68","7,004.98","7,052.81","6,977.83","744.05M","0.12%"
"11/10/2025","7,005.20","6,955.27","7,028.15","6,931.62","635.95M","0.71%"
"11/07/2025","6,955.48","7,029.72","7,035.81","6,941.57","502.05M","-1.06%"
"11/06/2025","7,029.72","6,970.10","7,053.26","6,970.10","507.53M","0.85%"
"11/05/2025","6,970.14","7,086.96","7,089.65","6,969.16","880.44M","-1.65%"
"11/04/2025","7,086.96","7,171.72","7,171.72","7,053.23","813.68M","-1.18%"
"11/03/2025","7,171.65","7,133.46","7,200.23","7,118.77","983.56M","0.56%"
"10/31/2025","7,131.47","7,036.68","7,147.35","7,027.10","887.01M","1.35%"
"10/30/2025","7,036.28","6,944.69","7,046.94","6,940.93","564.22M","1.32%"
"10/29/2025","6,944.72","6,961.81","6,990.02","6,937.42","689.84M","-0.25%"
"10/28/2025","6,961.81","6,944.39","6,981.14","6,917.77","635.75M","0.25%"
"10/24/2025","6,944.39","6,944.21","7,004.30","6,921.17","647.99M","0.00%"
"10/23/2025","6,944.21","6,933.76","6,956.95","6,893.18","1.23B","0.15%"
"10/22/2025","6,933.76","6,971.98","6,971.98","6,917.98","702.61M","-0.54%"
"10/21/2025","6,971.51","6,974.90","6,994.00","6,955.29","786.38M","-0.05%"
"10/20/2025","6,974.90","7,044.76","7,044.88","6,948.05","836.44M","-0.99%"
"10/17/2025","7,044.76","7,093.29","7,098.77","6,983.78","936.97M","-0.69%"
"10/16/2025","7,094.04","7,060.34","7,109.66","7,019.71","1.05B","0.43%"
"10/15/2025","7,063.69","7,054.63","7,122.00","7,040.09","1.15B","0.13%"
"10/14/2025","7,054.53","7,079.87","7,113.21","7,025.62","1.05B","-0.36%"
"10/13/2025","7,079.88","7,156.84","7,158.80","7,050.33","855.31M","-1.08%"
"10/10/2025","7,156.91","7,172.47","7,184.30","7,142.51","831.78M","-0.22%"
"10/09/2025","7,172.47","7,076.37","7,172.47","7,053.51","692.24M","1.36%"
"10/08/2025","7,076.37","7,118.02","7,125.05","7,056.04","822.41M","-0.58%"
"10/07/2025","7,117.77","7,149.50","7,157.36","7,099.60","1.82B","-0.41%"
"10/06/2025","7,147.37","7,160.19","7,190.10","7,069.25","1.79B","-0.18%"
"10/03/2025","7,160.19","7,182.72","7,200.29","7,052.09","691.24M","-0.42%"
"10/02/2025","7,190.42","7,212.16","7,244.78","7,176.21","1.06B","-0.30%"
"10/01/2025","7,212.13","7,167.83","7,228.29","7,165.25","1.56B","0.88%"
"09/30/2025","7,149.42","7,166.36","7,173.09","7,119.61","749.05M","-0.24%"
"09/29/2025","7,166.36","7,139.37","7,184.23","7,135.03","535.78M","0.31%"
"09/26/2025","7,144.28","7,147.77","7,196.70","7,120.86","477.33M","-0.10%"
"09/25/2025","7,151.78","7,129.52","7,170.24","7,107.84","899.35M","0.30%"
"09/24/2025","7,130.38","7,107.64","7,141.91","7,089.56","946.37M","0.16%"
"09/23/2025","7,119.30","7,083.09","7,137.60","7,079.10","1.45B","0.51%"
"09/22/2025","7,083.09","7,094.47","7,155.11","7,080.95","725.93M","-0.16%"
"09/19/2025","7,094.47","7,149.99","7,149.99","7,077.38","959.21M","-0.86%"
"09/18/2025","7,156.37","7,067.92","7,195.41","7,067.78","1.57B","1.28%"
"09/17/2025","7,066.20","7,141.32","7,172.21","7,028.12","889.16M","-1.06%"
"09/16/2025","7,141.84","7,170.16","7,252.32","7,123.76","1.12B","-0.39%"
"09/15/2025","7,170.16","7,160.47","7,189.33","7,090.97","1.04B","0.10%"
"09/12/2025","7,162.72","7,132.03","7,198.55","7,129.30","788.07M","0.43%"
"09/11/2025","7,132.03","7,097.07","7,163.57","7,097.07","1.67B","0.39%"
"09/10/2025","7,104.05","7,111.21","7,133.81","7,085.27","934.03M","-0.10%"
"09/09/2025","7,111.06","7,163.45","7,169.65","7,096.18","903.25M","-0.73%"
"09/08/2025","7,163.45","7,075.44","7,164.55","7,075.44","2.28B","1.25%"
"09/05/2025","7,075.32","7,099.63","7,136.48","7,013.25","1.02B","-0.35%"
"09/04/2025","7,099.85","7,124.82","7,185.66","6,846.41","2.01B","-0.42%"
"09/03/2025","7,130.11","7,056.26","7,134.14","7,048.87","1.17B","1.05%"
"09/02/2025","7,056.26","6,992.81","7,089.06","6,978.64","1.26B","0.90%"
"08/29/2025","6,993.05","6,872.26","7,039.07","6,872.26","1.05B","1.76%"
"08/28/2025","6,872.26","6,809.92","6,877.39","6,809.92","922.34M","0.92%"
"08/27/2025","6,809.92","6,769.55","6,824.76","6,769.55","824.94M","0.56%"
"08/26/2025","6,772.18","6,748.53","6,805.41","6,750.39","1.16B","0.34%"
"08/25/2025","6,748.97","6,692.07","6,763.98","6,692.03","838.14M","0.82%"
"08/22/2025","6,693.93","6,709.04","6,727.55","6,681.12","889.65M","-0.22%"
"08/21/2025","6,708.71","6,797.41","6,797.41","6,699.84","932.02M","-1.30%"
"08/20/2025","6,797.41","6,830.33","6,833.63","6,776.30","976.51M","-0.57%"
"08/19/2025","6,836.53","6,833.97","6,887.34","6,829.61","1.55B","0.04%"
"08/18/2025","6,833.97","6,862.37","6,898.08","6,813.26","977.86M","-0.42%"
"08/15/2025","6,862.78","6,837.63","6,905.75","6,832.24","1.08B","0.48%"
"08/14/2025","6,829.96","6,749.73","6,839.76","6,720.57","1.33B","1.16%"
"08/13/2025","6,751.90","6,725.66","6,764.23","6,722.97","1.02B","0.39%"
"08/12/2025","6,725.66","6,701.77","6,786.76","6,691.26","1.14B","0.41%"
"08/11/2025","6,698.50","6,563.83","6,735.42","6,563.83","1.36B","2.06%"
"08/08/2025","6,563.38","6,432.12","6,578.20","6,432.13","982.27M","2.11%"
"08/07/2025","6,428.03","6,435.40","6,465.77","6,422.43","550.55M","-0.11%"
"08/06/2025","6,435.40","6,412.69","6,449.99","6,412.46","752.62M","0.52%"
"08/05/2025","6,402.38","6,371.36","6,421.14","6,368.10","669.02M","0.68%"
"08/04/2025","6,359.08","6,390.92","6,390.92","6,338.65","581.77M","-0.50%"
"08/01/2025","6,390.90","6,413.66","6,403.88","6,340.18","469.87M","-0.35%"
"07/31/2025","6,413.66","6,465.48","6,468.38","6,405.02","580.18M","-0.83%"
"07/30/2025","6,467.47","6,465.43","6,481.22","6,451.81","372.02M","0.02%"
"07/29/2025","6,466.36","6,468.78","6,512.28","6,450.33","651.79M","-0.04%"
"07/28/2025","6,468.75","6,463.04","6,498.16","6,407.08","503.96M","0.09%"
"07/25/2025","6,463.06","6,470.43","6,506.56","6,441.76","1.00B","-0.01%"
"07/24/2025","6,463.98","6,379.65","6,492.38","6,379.65","955.73M","1.32%"
"07/23/2025","6,379.65","6,329.83","6,383.13","6,335.31","777.50M","0.78%"
"07/22/2025","6,330.41","6,283.71","6,348.36","6,283.86","743.22M","0.74%"
"07/21/2025","6,283.72","6,276.20","6,295.19","6,261.05","423.96M","0.35%"
"07/18/2025","6,261.76","6,243.02","6,311.28","6,240.67","850.11M","0.30%"
"07/17/2025","6,242.93","6,203.82","6,247.16","6,202.77","2.97B","0.63%"
"07/16/2025","6,203.82","6,205.70","6,213.39","6,172.80","509.51M","-0.03%"
"07/15/2025","6,205.70","6,161.24","6,215.29","6,160.21","1.16B","0.72%"
"07/14/2025","6,161.24","6,210.22","6,210.22","6,131.30","1.20B","-0.79%"
"07/11/2025","6,210.22","6,216.63","6,241.68","6,202.10","802.72M","-0.10%"
"07/10/2025","6,216.57","6,160.74","6,232.33","6,160.62","1.15B","0.91%"
"07/09/2025","6,160.74","6,126.13","6,173.88","6,123.69","547.79M","0.56%"
"07/08/2025","6,126.19","6,109.54","6,141.10","6,103.22","1.03B","0.21%"
"07/04/2025","6,113.14","6,071.84","6,113.14","6,068.97","712.27M","0.67%"
"07/03/2025","6,072.24","6,050.60","6,090.72","6,047.76","647.45M","0.25%"
"07/02/2025","6,056.90","6,040.71","6,060.20","6,024.99","784.94M","0.27%"
"07/01/2025","6,040.82","6,011.49","6,050.18","6,011.49","669.31M","0.37%"
"06/30/2025","6,018.56","5,990.27","6,043.94","5,970.96","1.18B","0.47%"
"06/27/2025","5,990.38","5,951.35","5,992.41","5,950.37","379.33M","0.66%"
"06/26/2025","5,951.35","5,969.84","5,973.31","5,933.36","440.00M","-0.32%"
"06/25/2025","5,970.68","5,961.37","5,971.31","5,938.72","598.33M","0.18%"
"06/24/2025","5,960.09","6,026.76","6,026.76","5,936.83","972.83M","-1.11%"
"06/23/2025","6,026.73","5,992.07","6,031.76","5,970.36","747.02M","0.58%"
"06/20/2025","5,992.27","6,017.85","6,020.16","5,953.65","963.26M","-0.43%"
"06/19/2025","6,017.85","6,001.99","6,027.09","5,982.59","1.20B","0.26%"
"06/18/2025","6,002.02","5,930.92","6,002.02","5,930.92","1.45B","1.20%"
"06/17/2025","5,930.93","5,864.25","5,935.11","5,877.58","883.96M","1.14%"
"06/16/2025","5,864.25","5,802.56","5,885.94","5,773.58","899.71M","1.06%"
"06/13/2025","5,802.56","5,775.63","5,811.02","5,770.24","515.57M","0.47%"
"06/12/2025","5,775.63","5,708.23","5,775.63","5,708.23","547.41M","1.18%"
"06/11/2025","5,708.24","5,683.82","5,714.19","5,663.24","1.38B","0.49%"
"06/10/2025","5,680.62","5,687.01","5,736.37","5,677.71","1.23B","-0.11%"
"06/09/2025","5,687.01","5,676.74","5,710.77","5,672.80","574.90M","0.18%"
"06/05/2025","5,676.74","5,626.67","5,684.52","5,626.67","1.21B","0.90%"
"06/04/2025","5,626.28","5,594.85","5,634.81","5,594.85","726.14M","0.57%"
"06/03/2025","5,594.28","5,571.57","5,612.03","5,561.17","2.76B","0.38%"
"06/02/2025","5,572.98","5,561.51","5,584.02","5,549.56","593.21M","0.21%"
"05/30/2025","5,561.46","5,579.05","5,584.57","5,542.05","689.54M","-0.48%"
"05/29/2025","5,588.22","5,614.45","5,614.45","5,562.84","609.65M","-0.47%"
"05/28/2025","5,614.46","5,651.74","5,651.80","5,592.75","543.33M","-0.66%"
"05/27/2025","5,651.95","5,639.40","5,676.87","5,631.66","699.87M","0.23%"
"05/26/2025","5,638.94","5,580.16","5,651.52","5,575.75","1.04B","1.08%"
"05/23/2025","5,578.56","5,574.32","5,642.82","5,559.74","1.62B","0.30%"
"05/22/2025","5,562.04","5,673.73","5,673.79","5,542.65","900.77M","-1.97%"
"05/21/2025","5,673.73","5,705.59","5,707.42","5,620.61","1.39B","-0.56%"
"05/20/2025","5,705.65","5,644.97","5,705.65","5,639.50","1.10B","0.48%"
"05/19/2025","5,678.39","5,651.82","5,682.86","5,628.95","1.58B","0.53%"
"05/16/2025","5,648.62","5,649.13","5,677.11","5,635.65","968.98M","0.05%"
"05/15/2025","5,645.90","5,659.89","5,683.56","5,639.83","931.29M","-0.16%"
"05/14/2025","5,655.03","5,658.47","5,670.75","5,627.60","644.88M","-0.06%"
"05/13/2025","5,658.47","5,718.30","5,718.30","5,653.40","645.93M","-1.05%"
"05/12/2025","5,718.30","5,713.22","5,748.74","5,701.70","2.28B","0.09%"
"05/08/2025","5,712.94","5,679.34","5,729.82","5,677.70","925.77M","0.59%"
"05/06/2025","5,679.34","5,697.42","5,722.08","5,664.26","1.11B","-0.61%"
"05/05/2025","5,714.47","5,640.76","5,714.47","5,625.07","1.27B","1.31%"
"05/02/2025","5,640.44","5,612.59","5,655.90","5,588.07","466.75M","0.33%"
"04/30/2025","5,622.10","5,614.32","5,641.26","5,549.39","1.27B","-1.06%"
"04/29/2025","5,682.25","5,661.91","5,692.01","5,644.59","550.86M","0.29%"
"04/28/2025","5,666.03","5,640.00","5,697.21","5,640.00","259.88M","0.20%"
"04/25/2025","5,654.55","5,606.90","5,663.38","5,606.90","552.21M","0.85%"
"04/24/2025","5,606.86","5,585.35","5,628.90","5,580.70","339.18M","0.39%"
"04/23/2025","5,585.35","5,541.64","5,596.87","5,543.29","1.48B","0.74%"
"04/22/2025","5,544.10","5,569.21","5,578.48","5,526.09","478.55M","-0.45%"
"04/21/2025","5,569.21","5,565.61","5,580.70","5,548.04","260.51M","0.06%"
"04/18/2025","5,565.73","5,546.49","5,572.60","5,533.35","495.36M","0.35%"
"04/17/2025","5,546.46","5,597.06","5,605.25","5,528.89","676.50M","-0.92%"
"04/16/2025","5,598.03","5,590.16","5,614.05","5,576.90","353.04M","0.14%"
"04/15/2025","5,590.15","5,508.69","5,600.15","5,508.65","523.90M","1.47%"
"04/14/2025","5,509.29","5,491.64","5,554.99","5,472.53","1.49B","0.32%"
"04/11/2025","5,491.64","5,532.05","5,536.31","5,471.49","393.14M","-0.75%"
"04/10/2025","5,533.31","5,462.24","5,606.74","5,461.26","1.74B","1.85%"
"04/09/2025","5,432.65","5,522.31","5,523.33","5,409.07","727.34M","-1.62%"
"04/08/2025","5,522.31","5,497.95","5,526.33","5,456.82","601.59M","0.45%"
"04/07/2025","5,497.73","5,515.65","5,515.65","5,375.65","936.41M","-0.45%"
"04/04/2025","5,522.77","5,676.73","5,681.19","5,515.24","1.11B","-2.72%"
"04/03/2025","5,676.94","5,698.01","5,741.48","5,668.39","1.09B","-0.37%"
"04/02/2025","5,698.01","5,706.16","5,761.03","5,698.01","836.66M","-0.17%"
"04/01/2025","5,707.91","5,655.33","5,721.07","5,646.97","4.80B","0.87%"
"03/31/2025","5,658.74","5,659.34","5,686.69","5,630.66","1.59B","0.22%"
"03/28/2025","5,646.39","5,629.55","5,658.50","5,599.47","1.01B","0.70%"
"03/27/2025","5,606.89","5,631.75","5,654.43","5,596.43","1.51B","-0.44%"
"03/26/2025","5,631.75","5,652.10","5,681.61","5,606.60","1.70B","-0.37%"
"03/20/2025","5,652.42","5,636.23","5,652.74","5,608.88","2.40B","0.29%"
"03/19/2025","5,636.23","5,627.51","5,640.17","5,609.84","896.22M","0.15%"
"03/18/2025","5,627.51","5,636.71","5,665.14","5,620.59","1.15B","-0.19%"
"03/17/2025","5,638.19","5,624.62","5,653.30","5,617.59","1.06B","0.27%"
"03/14/2025","5,622.95","5,597.77","5,630.52","5,594.53","391.15M","0.45%"
"03/13/2025","5,597.77","5,594.51","5,608.33","5,560.55","1.57B","0.16%"
"03/12/2025","5,588.70","5,573.93","5,592.72","5,559.83","327.99M","0.26%"
"03/11/2025","5,573.93","5,651.90","5,651.90","5,540.32","534.85M","-1.38%"
"03/07/2025","5,651.87","5,644.32","5,673.81","5,636.69","404.79M","0.13%"
"03/06/2025","5,644.32","5,653.54","5,657.48","5,625.62","879.83M","-0.16%"
"03/05/2025","5,653.54","5,639.42","5,659.28","5,610.55","488.30M","0.26%"
"03/04/2025","5,638.97","5,636.93","5,670.45","5,624.25","1.12B","0.01%"
"03/03/2025","5,638.41","5,621.60","5,654.41","5,601.34","1.27B","0.32%"
"02/28/2025","5,620.34","5,614.50","5,629.53","5,599.58","648.55M","0.10%"
"02/27/2025","5,614.51","5,581.12","5,629.47","5,570.61","313.84M","0.60%"
"02/26/2025","5,581.12","5,582.96","5,601.82","5,565.19","1.65B","-0.03%"
"02/25/2025","5,582.96","5,607.51","5,619.02","5,548.01","971.42M","-0.44%"
"02/24/2025","5,607.51","5,608.46","5,641.65","5,586.43","877.63M","-0.02%"
"02/21/2025","5,608.46","5,585.06","5,608.46","5,570.49","415.21M","0.44%"
"02/20/2025","5,583.77","5,628.52","5,628.52","5,567.56","615.71M","-0.80%"
"02/19/2025","5,628.52","5,598.87","5,638.13","5,598.87","662.10M","0.50%"
"02/18/2025","5,600.46","5,546.86","5,600.46","5,537.30","831.13M","0.97%"
"02/17/2025","5,546.86","5,559.94","5,564.64","5,528.95","1.54B","-0.22%"
"02/14/2025","5,558.94","5,540.81","5,584.30","5,540.69","743.43M","0.51%"
"02/13/2025","5,530.81","5,491.77","5,553.40","5,481.51","732.36M","0.71%"
"02/12/2025","5,491.98","5,512.34","5,512.34","5,477.80","701.41M","-0.37%"
"02/11/2025","5,512.34","5,539.53","5,556.83","5,486.98","814.05M","-0.49%"
"02/10/2025","5,539.29","5,557.05","5,558.77","5,510.51","1.22B","-0.32%"
"02/07/2025","5,557.05","5,527.16","5,581.70","5,517.71","1.29B","0.54%"
"02/06/2025","5,527.16","5,553.33","5,576.16","5,512.02","6.52B","-0.47%"
"02/05/2025","5,553.33","5,571.44","5,605.41","5,544.48","1.07B","-0.33%"
"02/04/2025","5,571.44","5,553.39","5,595.25","5,552.27","1.74B","0.27%"
"02/03/2025","5,556.18","5,644.41","5,655.78","5,537.12","1.54B","-1.56%"
"01/31/2025","5,644.41","5,637.04","5,653.78","5,628.52","751.66M","0.13%"
"01/30/2025","5,637.23","5,669.14","5,686.98","5,631.84","825.96M","-0.56%"
"01/29/2025","5,669.14","5,698.32","5,709.16","5,663.40","721.19M","-0.41%"
"01/28/2025","5,692.38","5,711.06","5,721.17","5,668.07","489.55M","-0.31%"
"01/27/2025","5,709.89","5,725.55","5,737.18","5,690.14","781.32M","-0.27%"
"01/24/2025","5,725.55","5,752.37","5,767.58","5,716.98","851.83M","-0.47%"
"01/23/2025","5,752.57","5,743.93","5,798.90","5,734.83","994.24M","0.15%"
"01/22/2025","5,743.93","5,720.86","5,783.41","5,713.29","1.50B","0.35%"
"01/21/2025","5,723.92","5,761.46","5,811.75","5,705.75","1.66B","-0.65%"
"01/20/2025","5,761.45","5,755.86","5,798.13","5,737.12","714.85M","0.10%"
"01/17/2025","5,755.77","5,759.52","5,790.87","5,748.23","935.78M","-0.07%"
"01/16/2025","5,759.54","5,772.26","5,801.79","5,741.07","727.04M","-0.22%"
"01/15/2025","5,772.26","5,761.11","5,785.65","5,732.57","1.44B","0.19%"
"01/14/2025","5,761.11","5,762.47","5,783.20","5,749.03","1.27B","-0.02%"
"01/13/2025","5,762.47","5,766.11","5,801.10","5,755.39","566.73M","-0.25%"
"01/10/2025","5,776.87","5,729.27","5,779.87","5,723.54","655.73M","0.85%"
"01/09/2025","5,728.29","5,712.48","5,737.23","5,684.58","515.02M","0.29%"
"01/08/2025","5,711.93","5,674.87","5,725.20","5,666.98","1.37B","0.59%"
"01/06/2025","5,678.32","5,640.19","5,717.75","5,637.33","476.56M","1.80%"
"12/31/2024","5,578.10","5,562.63","5,594.78","5,546.18","164.61M","0.28%"
"12/30/2024","5,562.63","5,547.55","5,576.54","5,526.72","375.18M","0.27%"
"12/27/2024","5,547.76","5,508.60","5,567.75","5,506.04","972.50M","0.74%"
"12/26/2024","5,507.11","5,487.17","5,513.08","5,480.25","289.57M","0.21%"
"12/25/2024","5,495.79","5,488.77","5,503.70","5,471.28","625.17M","0.13%"
"12/24/2024","5,488.77","5,502.47","5,515.43","5,468.70","501.84M","-0.26%"
"12/23/2024","5,502.98","5,515.11","5,524.08","5,486.91","317.25M","-0.22%"
"12/20/2024","5,515.11","5,506.72","5,522.45","5,489.99","2.52B","0.12%"
"12/19/2024","5,508.25","5,546.51","5,546.51","5,498.40","552.50M","-0.69%"
"12/18/2024","5,546.51","5,552.72","5,557.45","5,538.22","283.34M","-0.11%"
"12/17/2024","5,552.72","5,551.96","5,560.89","5,534.17","384.38M","-0.03%"
"12/13/2024","5,554.52","5,594.20","5,594.20","5,550.45","2.19B","-0.71%"
"12/12/2024","5,594.20","5,585.52","5,601.85","5,580.42","411.63M","0.16%"
"12/11/2024","5,585.54","5,577.74","5,599.75","5,567.71","3.21B","0.16%"
"12/10/2024","5,576.41","5,601.10","5,601.10","5,522.65","487.23M","-0.45%"
"12/09/2024","5,601.35","5,615.20","5,630.23","5,588.72","1.13B","-0.25%"
"12/06/2024","5,615.24","5,624.38","5,625.17","5,573.23","4.57B","-0.16%"
"12/05/2024","5,624.38","5,598.51","5,642.46","5,598.51","565.95M","0.46%"
"12/04/2024","5,598.72","5,577.45","5,605.75","5,573.54","6.19B","0.38%"
"12/03/2024","5,577.45","5,562.39","5,589.10","5,545.98","629.16M","0.27%"
"12/02/2024","5,562.38","5,525.24","5,577.49","5,524.90","418.84M","0.68%"
"11/29/2024","5,524.76","5,493.77","5,524.76","5,476.76","350.08M","0.57%"
"11/28/2024","5,493.39","5,470.92","5,500.50","5,464.71","491.01M","0.41%"
"11/27/2024","5,470.92","5,473.28","5,506.77","5,399.67","1.31B","-0.04%"
"11/26/2024","5,473.28","5,429.67","5,516.65","5,429.67","2.75B","0.80%"
"11/25/2024","5,430.09","5,407.59","5,434.95","5,328.67","1.48B","0.41%"
"11/22/2024","5,407.67","5,414.52","5,423.92","5,382.04","466.68M","-0.13%"
"11/21/2024","5,414.71","5,406.83","5,440.35","5,355.15","454.32M","0.15%"
"11/20/2024","5,406.83","5,429.74","5,436.65","5,401.32","295.20M","-0.42%"
"11/19/2024","5,429.72","5,399.24","5,444.48","5,399.24","317.82M","0.56%"
"11/18/2024","5,399.24","5,380.50","5,410.08","5,371.78","770.22M","0.34%"
"11/15/2024","5,380.75","5,376.56","5,392.64","5,367.92","240.25M","-0.03%"
"11/14/2024","5,382.43","5,405.56","5,437.57","5,382.43","1.11B","-0.53%"
"11/13/2024","5,410.89","5,410.49","5,450.55","5,396.49","680.33M","0.02%"
"11/12/2024","5,409.99","5,373.86","5,424.61","5,374.06","2.77B","0.65%"
"11/11/2024","5,375.24","5,325.56","5,385.25","5,314.32","1.02B","0.93%"
"11/08/2024","5,325.56","5,309.22","5,330.95","5,299.95","462.44M","0.31%"
"11/07/2024","5,309.22","5,285.89","5,346.99","5,285.89","1.02B","0.45%"
"11/06/2024","5,285.67","5,232.30","5,289.31","5,232.23","661.07M","1.02%"
"11/05/2024","5,232.30","5,214.06","5,236.83","5,210.05","1.07B","0.42%"
"11/04/2024","5,210.30","5,212.22","5,233.54","5,203.80","419.30M","-0.04%"
"11/01/2024","5,212.19","5,213.50","5,228.22","5,201.93","241.60M","-0.03%"
"10/31/2024","5,213.61","5,217.51","5,229.22","5,209.32","326.96M","-0.06%"
"10/30/2024","5,216.72","5,214.41","5,228.62","5,201.14","248.24M","0.04%"
"10/29/2024","5,214.41","5,193.29","5,220.47","5,187.74","245.42M","0.40%"
"10/28/2024","5,193.80","5,213.04","5,215.10","5,187.57","767.22M","-0.39%"
"10/24/2024","5,213.96","5,217.29","5,232.00","5,197.86","821.54M","-0.09%"
"10/23/2024","5,218.42","5,231.91","5,238.26","5,207.38","1.43B","-0.26%"
"10/22/2024","5,231.91","5,222.27","5,235.54","5,204.27","305.34M","0.18%"
"10/21/2024","5,222.70","5,168.97","5,237.41","5,193.53","519.73M","1.04%"
"10/18/2024","5,169.03","5,188.44","5,188.07","5,075.73","451.93M","-0.44%"
"10/17/2024","5,191.73","5,149.54","5,200.34","5,149.54","897.80M","0.83%"
"10/16/2024","5,149.11","5,147.31","5,151.94","5,118.44","497.08M","-0.08%"
"10/15/2024","5,152.98","5,134.22","5,158.08","5,118.89","748.88M","0.37%"
"10/14/2024","5,134.22","5,148.07","5,165.36","5,119.21","278.34M","-0.27%"
"10/11/2024","5,148.13","5,119.34","5,166.31","5,082.21","600.89M","0.57%"
"10/10/2024","5,119.06","5,101.14","5,127.22","5,052.46","535.97M","0.33%"
"10/09/2024","5,102.12","5,102.22","5,108.90","5,076.87","260.55M","0.00%"
"10/08/2024","5,102.22","5,131.74","5,133.43","5,085.48","314.42M","-0.58%"
"10/07/2024","5,131.74","5,127.50","5,149.12","5,113.24","293.61M","0.08%"
"10/04/2024","5,127.50","5,098.69","5,140.30","5,091.93","789.97M","0.57%"
"10/03/2024","5,098.69","5,088.47","5,142.77","5,073.88","801.65M","0.20%"
"10/02/2024","5,088.47","5,117.50","5,141.98","5,071.94","618.59M","-0.57%"
"10/01/2024","5,117.50","5,172.38","5,172.67","5,105.48","325.06M","-1.05%"
"09/30/2024","5,171.79","5,168.22","5,182.72","5,153.58","674.04M","0.08%"
"09/27/2024","5,167.65","5,186.99","5,198.55","5,163.43","322.52M","-0.37%"
"09/26/2024","5,186.99","5,190.82","5,218.46","5,186.61","247.58M","-0.07%"
"09/25/2024","5,190.82","5,194.17","5,212.96","5,182.85","211.15M","-0.13%"
"09/24/2024","5,197.51","5,169.78","5,229.73","5,053.64","906.09M","0.69%"
"09/23/2024","5,162.08","5,194.03","5,208.51","5,149.27","518.69M","-0.62%"
"09/20/2024","5,194.03","5,223.18","5,223.21","5,121.12","1.28B","-0.56%"
"09/19/2024","5,223.17","5,213.64","5,240.40","5,195.48","730.43M","0.19%"
"09/18/2024","5,213.17","5,199.77","5,222.84","5,179.97","497.48M","0.27%"
"09/17/2024","5,199.39","5,187.87","5,200.29","5,179.97","159.61M","0.22%"
"09/16/2024","5,187.87","5,197.42","5,202.64","5,176.61","","-0.18%"
"09/13/2024","5,197.42","5,166.80","5,215.55","5,166.52","238.21M","0.59%"
"09/12/2024","5,166.82","5,157.48","5,188.84","5,152.63","460.06M","0.14%"
"09/11/2024","5,159.63","5,180.15","5,190.21","5,139.69","586.97M","-0.40%"
"09/10/2024","5,180.15","5,199.41","5,208.48","5,179.86","226.23M","-0.37%"
"09/09/2024","5,199.41","5,230.82","5,233.42","5,197.14","247.01M","-0.61%"
"09/06/2024","5,231.12","5,225.93","5,235.55","5,218.43","418.87M","0.10%"
"09/05/2024","5,225.93","5,233.47","5,245.48","5,213.89","467.59M","-0.14%"
"09/04/2024","5,233.23","5,261.94","5,262.02","5,212.47","407.49M","-0.55%"
"09/03/2024","5,262.16","5,282.16","5,291.19","5,248.35","316.66M","-0.38%"
"09/02/2024","5,282.16","5,305.52","5,305.52","5,265.49","271.92M","-0.41%"
"08/29/2024","5,304.09","5,314.86","5,314.86","5,281.53","330.67M","-0.20%"
"08/28/2024","5,314.86","5,322.01","5,333.79","5,304.00","255.84M","-0.13%"
"08/27/2024","5,322.01","5,330.22","5,356.70","5,312.80","309.99M","-0.15%"
"08/26/2024","5,330.22","5,313.19","5,336.28","5,307.92","209.95M","0.51%"
"08/23/2024","5,303.15","5,310.15","5,312.59","5,283.46","248.58M","-0.13%"
"08/22/2024","5,310.15","5,290.21","5,314.88","5,288.07","358.80M","0.32%"
"08/21/2024","5,293.09","5,308.64","5,322.07","5,281.35","329.34M","-0.29%"
"08/20/2024","5,308.65","5,309.64","5,330.41","5,297.31","428.41M","-0.02%"
"08/19/2024","5,309.64","5,315.20","5,338.25","5,290.01","239.53M","-0.10%"
"08/16/2024","5,315.20","5,296.82","5,332.70","5,296.43","351.44M","0.35%"
"08/15/2024","5,296.82","5,282.56","5,301.39","5,258.10","241.30M","0.27%"
"08/14/2024","5,282.56","5,230.63","5,288.73","5,230.63","472.04M","0.99%"
"08/13/2024","5,230.63","5,215.87","5,240.01","5,212.69","556.68M","0.32%"
"08/12/2024","5,213.76","5,211.26","5,227.11","5,192.15","297.60M","0.15%"
"08/09/2024","5,205.97","5,166.29","5,214.03","5,147.57","320.01M","0.73%"
"08/08/2024","5,168.22","5,180.02","5,188.05","5,148.37","369.54M","-0.23%"
"08/07/2024","5,180.02","5,113.69","5,184.56","5,113.69","385.53M","1.30%"
"08/06/2024","5,113.69","5,034.61","5,118.19","5,029.85","570.61M","1.57%"
"08/05/2024","5,034.61","5,164.56","5,164.56","5,019.11","","-2.52%"
"08/02/2024","5,164.78","5,238.84","5,238.84","5,164.78","","-1.42%"
"08/01/2024","5,238.97","5,234.16","5,253.89","5,225.32","","0.09%"
"07/31/2024","5,234.43","5,232.07","5,246.70","5,224.52","","-0.03%"
"07/30/2024","5,235.84","5,245.05","5,252.05","5,227.43","","-0.18%"
"07/29/2024","5,245.05","5,255.04","5,257.57","5,233.46","","-0.21%"
"07/26/2024","5,256.06","5,228.79","5,261.61","5,212.18","","0.52%"
"07/25/2024","5,228.79","5,231.77","5,243.76","5,209.02","","-0.06%"
"07/24/2024","5,231.77","5,219.04","5,233.63","5,193.69","","0.24%"
"07/23/2024","5,219.04","5,241.37","5,242.01","5,194.99","","-0.48%"
"07/22/2024","5,244.29","5,245.57","5,245.57","5,217.35","","-0.06%"
"07/19/2024","5,247.46","5,216.43","5,267.15","5,196.75","","0.60%"
"07/18/2024","5,215.92","5,250.24","5,250.64","5,205.24","","-0.65%"
"07/17/2024","5,250.24","5,224.80","5,260.15","5,224.80","","0.49%"
"07/16/2024","5,224.80","5,233.02","5,247.38","5,219.95","","-0.24%"
"07/15/2024","5,237.50","5,235.58","5,250.74","5,221.86","","0.04%"
"07/12/2024","5,235.58","5,245.27","5,266.05","5,228.62","","-0.14%"
"07/11/2024","5,242.89","5,232.80","5,264.94","5,219.74","","0.19%"
"07/10/2024","5,232.80","5,269.90","5,277.01","5,209.66","","-0.47%"
"07/09/2024","5,257.42","5,273.06","5,279.23","5,253.64","","-0.30%"
"07/05/2024","5,273.35","5,249.65","5,288.09","5,249.43","","0.57%"
"07/04/2024","5,243.48","5,190.61","5,253.53","5,189.70","","1.02%"
"07/03/2024","5,190.61","5,181.59","5,196.08","5,174.64","","0.19%"
"07/02/2024","5,181.02","5,179.32","5,188.82","5,170.53","","0.03%"
"07/01/2024","5,179.32","5,151.81","5,182.29","5,144.89","","0.53%"
"06/28/2024","5,151.81","5,150.40","5,164.51","5,140.09","","0.02%"
"06/27/2024","5,150.63","5,107.59","5,157.52","5,105.56","","0.84%"
"06/26/2024","5,107.59","5,107.00","5,124.31","5,102.19","","0.01%"
"06/25/2024","5,106.98","5,096.07","5,110.94","5,072.32","","0.21%"
"06/24/2024","5,096.06","5,098.57","5,116.27","5,081.43","","-0.02%"
"06/21/2024","5,096.94","5,103.52","5,120.78","5,080.50","","-0.16%"
"06/20/2024","5,104.86","5,099.08","5,111.50","5,075.27","","0.11%"
"06/19/2024","5,099.09","5,045.46","5,111.36","5,043.47","","1.04%"
"06/18/2024","5,046.36","5,023.49","5,046.36","5,020.27","","0.46%"
"06/17/2024","5,023.49","5,035.60","5,054.85","5,011.64","","-0.19%"
"06/14/2024","5,033.00","5,035.60","5,054.85","5,018.19","","-0.05%"
"06/13/2024","5,035.54","4,995.35","5,051.10","4,995.35","","0.80%"
"06/12/2024","4,995.37","5,021.56","5,031.15","4,995.37","","-0.52%"
"06/11/2024","5,021.56","5,047.67","5,059.53","5,018.22","","-0.52%"
"06/10/2024","5,047.67","5,066.44","5,077.30","5,039.49","","-0.37%"
"06/07/2024","5,066.44","5,054.69","5,067.82","5,035.18","","0.23%"
"06/06/2024","5,054.59","5,058.95","5,065.88","5,038.24","","-0.11%"
"06/05/2024","5,059.99","5,053.42","5,076.00","5,041.61","","0.09%"
"06/04/2024","5,055.68","5,053.18","5,084.74","5,036.77","","0.03%"
"06/03/2024","5,053.96","5,048.56","5,070.20","5,033.71","","0.31%"
"05/31/2024","5,038.55","5,043.19","5,057.92","5,037.23","","-0.10%"
"05/30/2024","5,043.60","5,072.69","5,089.85","5,028.88","","-0.57%"
"05/29/2024","5,072.69","5,087.62","5,098.87","5,054.51","","-0.27%"
"05/28/2024","5,086.22","5,084.33","5,109.00","5,078.13","","0.06%"
"05/27/2024","5,083.17","5,093.63","5,093.67","5,030.83","","-0.21%"
"05/24/2024","5,093.65","5,065.85","5,109.08","5,065.77","","0.55%"
"05/23/2024","5,065.74","5,109.07","5,113.49","5,052.13","","-0.86%"
"05/22/2024","5,109.86","5,112.97","5,135.47","5,105.07","","-0.06%"
"05/21/2024","5,112.68","5,108.11","5,126.19","5,093.63","","0.09%"
"05/20/2024","5,108.23","5,025.48","5,118.83","5,024.35","","1.85%"
"05/17/2024","5,015.22","4,978.29","5,025.28","4,975.86","","0.74%"
"05/16/2024","4,978.29","5,000.83","5,007.45","4,967.38","","-0.45%"
"05/15/2024","5,000.77","5,001.13","5,013.73","4,990.63","","-0.01%"
"05/14/2024","5,001.16","5,029.56","5,045.79","4,999.29","","-0.56%"
"05/13/2024","5,029.56","5,018.32","5,034.93","5,002.19","","-0.72%"
"05/10/2024","5,065.94","5,062.69","5,088.31","5,061.44","","0.08%"
"05/06/2024","5,062.09","5,061.82","5,068.11","5,045.47","","0.32%"
"05/03/2024","5,045.94","5,064.70","5,072.87","5,045.94","","-0.37%"
"05/02/2024","5,064.70","5,011.59","5,078.71","4,999.57","","1.06%"
"04/30/2024","5,011.59","4,977.35","5,018.82","4,970.57","","0.69%"
"04/29/2024","4,977.35","4,967.21","4,985.19","4,959.33","","0.20%"
"04/26/2024","4,967.21","4,945.63","4,972.78","4,940.18","","0.43%"
"04/25/2024","4,946.01","4,952.62","4,963.57","4,922.39","","-0.22%"
"04/24/2024","4,956.96","4,942.77","4,983.66","4,942.71","","0.27%"
"04/23/2024","4,943.46","4,924.34","4,950.75","4,907.10","","0.39%"
"04/22/2024","4,924.45","4,907.72","4,924.45","4,880.24","","0.42%"
"04/19/2024","4,903.86","4,914.68","4,918.13","4,890.15","","-0.22%"
"04/18/2024","4,914.68","4,936.18","4,937.22","4,911.20","","-0.44%"
"04/17/2024","4,936.30","4,923.95","4,941.27","4,915.44","","0.25%"
"04/16/2024","4,923.95","4,974.26","4,978.68","4,905.95","","-0.96%"
"04/15/2024","4,971.85","4,986.46","4,986.46","4,933.08","","-0.31%"
"04/12/2024","4,987.18","4,958.45","4,987.18","4,941.39","","0.56%"
"04/11/2024","4,959.19","4,954.16","4,959.41","4,931.80","","0.10%"
"04/10/2024","4,954.16","4,999.35","5,004.18","4,938.87","","-0.93%"
"04/09/2024","5,000.83","5,046.03","5,046.03","4,982.91","","-0.91%"
"04/08/2024","5,046.96","5,064.10","5,090.09","5,039.91","","-0.36%"
"04/05/2024","5,065.43","5,072.47","5,087.21","5,047.33","","-0.55%"
"04/04/2024","5,093.44","5,097.22","5,135.19","5,089.07","","-0.07%"
"04/03/2024","5,097.22","5,116.41","5,126.48","5,088.84","","-0.38%"
"04/02/2024","5,116.41","5,094.55","5,145.22","5,094.55","","0.42%"
"04/01/2024","5,094.79","5,078.08","5,103.43","5,056.26","","0.33%"
"03/29/2024","5,077.84","5,054.50","5,083.25","5,054.43","","0.52%"
"03/28/2024","5,051.59","5,037.22","5,079.27","5,026.31","","0.31%"
"03/27/2024","5,035.74","5,004.82","5,054.04","4,988.36","","0.62%"
"03/26/2024","5,004.94","4,981.64","5,036.41","4,980.83","","0.47%"
"03/20/2024","4,981.66","4,963.67","4,995.48","4,957.67","","0.51%"
"03/19/2024","4,956.27","4,932.34","4,967.26","4,932.29","","0.48%"
"03/18/2024","4,932.35","4,992.26","4,992.26","4,916.99","","-1.27%"
"03/15/2024","4,995.61","4,966.97","5,031.74","4,966.97","","0.39%"
"03/14/2024","4,976.27","4,950.49","4,976.27","4,930.52","","0.39%"
"03/13/2024","4,957.00","4,990.19","5,016.52","4,949.65","","-0.67%"
"03/12/2024","4,990.28","4,991.96","5,005.68","4,962.37","","-0.03%"
"03/11/2024","4,991.96","4,971.78","5,007.20","4,967.20","","0.38%"
"03/07/2024","4,972.90","4,942.67","4,995.35","4,942.67","","0.61%"
"03/06/2024","4,942.67","4,913.09","4,947.28","4,875.78","","0.60%"
"03/05/2024","4,913.09","4,840.65","4,923.50","4,829.49","","1.50%"
"03/04/2024","4,840.61","4,832.87","4,865.77","4,830.71","","0.15%"
"03/01/2024","4,833.32","4,803.22","4,833.32","4,803.22","","0.63%"
"02/29/2024","4,803.18","4,804.66","4,841.49","4,761.35","","-0.03%"
"02/28/2024","4,804.73","4,771.38","4,809.41","4,769.55","","0.74%"
"02/27/2024","4,769.64","4,748.11","4,778.14","4,744.75","","0.45%"
"02/26/2024","4,748.14","4,716.19","4,763.44","4,714.53","","0.68%"
"02/23/2024","4,716.19","4,675.68","4,716.19","4,675.05","","0.87%"
"02/22/2024","4,675.67","4,642.85","4,684.20","4,638.25","","0.71%"
"02/21/2024","4,642.85","4,679.23","4,693.72","4,600.43","","-0.78%"
"02/20/2024","4,679.19","4,617.65","4,679.19","4,617.65","","1.33%"
"02/19/2024","4,617.65","4,571.15","4,626.01","4,557.14","","1.02%"
"02/16/2024","4,571.15","4,567.16","4,591.90","4,555.11","","0.17%"
"02/15/2024","4,563.38","4,520.58","4,585.33","4,478.39","","0.95%"
"02/14/2024","4,520.58","4,487.90","4,528.92","4,470.11","","0.73%"
"02/13/2024","4,487.90","4,434.70","4,500.36","4,428.34","","1.20%"
"02/12/2024","4,434.61","4,402.75","4,438.23","4,395.74","","0.72%"
"02/09/2024","4,402.94","4,376.88","4,405.10","4,356.94","","0.70%"
"02/08/2024","4,372.37","4,351.19","4,377.13","4,350.14","","0.51%"
"02/07/2024","4,350.37","4,337.66","4,357.60","4,331.49","","0.20%"
"02/06/2024","4,341.54","4,321.17","4,341.97","4,282.42","","0.45%"
"02/05/2024","4,321.93","4,322.84","4,325.69","4,292.97","","-0.02%"
"02/02/2024","4,322.84","4,273.16","4,322.84","4,236.76","","1.16%"
"02/01/2024","4,273.16","4,258.65","4,273.16","4,239.84","","0.34%"
"01/31/2024","4,258.65","4,243.34","4,259.24","4,228.47","","0.36%"
"01/30/2024","4,243.33","4,270.46","4,283.78","4,223.12","","-0.64%"
"01/29/2024","4,270.87","4,289.93","4,301.39","4,252.52","","-0.46%"
"01/26/2024","4,290.63","4,310.16","4,310.16","4,278.13","","-0.44%"
"01/25/2024","4,309.71","4,339.00","4,342.08","4,288.88","","-0.73%"
"01/24/2024","4,341.46","4,332.23","4,353.15","4,321.43","","0.21%"
"01/23/2024","4,332.22","4,379.68","4,380.36","4,326.19","","-1.08%"
"01/22/2024","4,379.68","4,357.35","4,382.65","4,347.12","","0.51%"
"01/19/2024","4,357.35","4,367.17","4,380.45","4,336.36","","-0.22%"
"01/18/2024","4,367.17","4,357.26","4,379.19","4,330.26","","0.22%"
"01/17/2024","4,357.47","4,354.68","4,366.46","4,321.21","","0.08%"
"01/16/2024","4,354.11","4,338.57","4,354.11","4,322.03","","0.38%"
"01/15/2024","4,337.62","4,288.28","4,339.10","4,281.68","","1.16%"
"01/12/2024","4,288.01","4,272.49","4,295.21","4,270.09","","0.36%"
"01/11/2024","4,272.49","4,271.02","4,283.61","4,262.64","","0.03%"
"01/10/2024","4,271.40","4,253.88","4,273.06","4,191.15","","0.41%"
"01/09/2024","4,253.88","4,251.86","4,260.79","4,248.84","","0.06%"
"01/08/2024","4,251.24","4,246.76","4,261.08","4,246.76","","0.11%"
"01/05/2024","4,246.76","4,233.55","4,255.79","4,231.56","","0.35%"
"01/04/2024","4,231.83","4,195.23","4,246.17","4,189.81","","0.87%"
"01/03/2024","4,195.23","4,187.38","4,204.32","4,173.06","","0.19%"
"12/29/2023","4,187.38","4,160.79","4,187.38","4,155.34","","0.64%"
"12/28/2023","4,160.79","4,154.25","4,165.62","4,147.48","","0.08%"
"12/27/2023","4,157.27","4,155.24","4,169.82","4,147.53","","0.05%"
"12/26/2023","4,155.25","4,162.34","4,163.87","4,146.03","","-0.16%"
"12/25/2023","4,161.97","4,159.36","4,170.16","4,149.16","","0.06%"
"12/22/2023","4,159.36","4,154.87","4,176.23","4,150.18","","0.12%"
"12/21/2023","4,154.53","4,147.35","4,169.26","4,133.54","","0.17%"
"12/20/2023","4,147.35","4,151.37","4,153.04","4,133.95","","-0.10%"
"12/19/2023","4,151.54","4,148.33","4,162.86","4,138.06","","0.07%"
"12/15/2023","4,148.67","4,150.88","4,167.60","4,137.31","","-0.05%"
"12/14/2023","4,150.88","4,158.53","4,159.96","4,132.44","","-0.18%"
"12/13/2023","4,158.53","4,173.26","4,178.36","4,149.71","","-0.35%"
"12/12/2023","4,173.26","4,188.62","4,195.08","4,168.28","","-0.36%"
"12/11/2023","4,188.52","4,159.20","4,222.19","4,159.13","","0.73%"
"12/08/2023","4,158.29","4,221.25","4,225.11","4,149.61","","-1.50%"
"12/07/2023","4,221.43","4,224.39","4,240.30","4,211.59","","-0.07%"
"12/06/2023","4,224.47","4,232.61","4,245.53","4,221.03","","-0.19%"
"12/05/2023","4,232.61","4,218.96","4,242.34","4,213.78","","0.32%"
"12/04/2023","4,218.96","4,186.94","4,226.38","4,177.39","","0.76%"
"12/01/2023","4,186.94","4,170.53","4,186.96","4,168.36","","0.47%"
"11/30/2023","4,167.17","4,165.80","4,180.08","4,160.29","","0.03%"
"11/29/2023","4,165.80","4,176.23","4,176.47","4,154.51","","-0.25%"
"11/28/2023","4,176.23","4,158.05","4,176.23","4,137.06","","0.44%"
"11/27/2023","4,158.03","4,153.52","4,166.75","4,151.53","","0.11%"
"11/24/2023","4,153.52","4,154.72","4,161.86","4,139.17","","-0.04%"
"11/23/2023","4,155.04","4,156.94","4,164.81","4,143.02","","-0.04%"
"11/22/2023","4,156.81","4,130.12","4,156.81","4,128.50","","0.64%"
"11/21/2023","4,130.52","4,108.08","4,133.84","4,108.08","","0.55%"
"11/20/2023","4,108.08","4,104.44","4,115.15","4,086.08","","0.09%"
"11/17/2023","4,104.44","4,092.02","4,104.82","4,090.55","","0.35%"
"11/16/2023","4,090.14","4,087.06","4,097.88","4,079.31","","0.08%"
"11/15/2023","4,087.06","4,085.67","4,092.81","4,077.70","","0.05%"
"11/14/2023","4,085.19","4,066.42","4,085.86","4,066.08","","0.49%"
"11/13/2023","4,065.40","4,060.56","4,067.78","4,051.07","","0.12%"
"11/10/2023","4,060.56","4,064.73","4,074.05","4,055.67","","-0.10%"
"11/09/2023","4,064.73","4,059.84","4,076.05","4,049.29","","0.12%"
"11/08/2023","4,059.84","4,054.38","4,067.26","4,050.57","","0.15%"
"11/07/2023","4,053.72","4,045.89","4,055.61","4,026.98","","0.19%"
"11/06/2023","4,045.89","4,055.18","4,055.18","4,027.38","","-0.23%"
"11/03/2023","4,055.17","4,053.49","4,064.68","4,044.26","","-0.30%"
"11/02/2023","4,067.42","4,049.55","4,071.85","4,047.73","","0.44%"
"11/01/2023","4,049.55","4,035.12","4,054.00","4,028.84","","0.36%"
"10/31/2023","4,035.12","4,033.27","4,036.45","4,015.54","","0.06%"
"10/30/2023","4,032.90","4,034.56","4,044.22","4,023.48","","-0.04%"
"10/27/2023","4,034.56","4,059.09","4,059.25","4,029.25","","-0.60%"
"10/26/2023","4,059.09","4,053.33","4,088.37","4,034.38","","0.14%"
"10/24/2023","4,053.33","4,064.55","4,064.55","4,030.67","","-0.34%"
"10/23/2023","4,067.18","4,079.22","4,113.13","4,056.37","","-0.30%"
"10/20/2023","4,079.26","4,080.54","4,087.19","4,063.79","","-0.03%"
"10/19/2023","4,080.52","4,068.75","4,095.23","4,040.97","","0.29%"
"10/18/2023","4,068.75","4,042.34","4,072.65","4,040.66","","0.66%"
"10/17/2023","4,042.14","4,042.95","4,049.00","4,030.11","","-0.02%"
"10/16/2023","4,043.11","4,055.14","4,060.16","4,028.10","","-0.30%"
"10/13/2023","4,055.14","4,054.48","4,056.12","4,026.78","","0.02%"
"10/12/2023","4,054.48","4,060.70","4,077.24","4,043.12","","-0.42%"
"10/11/2023","4,071.67","4,057.53","4,074.43","4,007.81","","0.35%"
"10/10/2023","4,057.55","4,073.01","4,073.01","4,024.21","","-0.38%"
"10/09/2023","4,073.01","4,067.28","4,079.82","4,051.81","","0.14%"
"10/06/2023","4,067.28","4,072.89","4,072.89","4,050.41","","-0.14%"
"10/05/2023","4,072.89","4,058.85","4,083.42","4,045.12","","0.35%"
"10/04/2023","4,058.83","4,094.18","4,096.66","4,027.18","","-0.90%"
"10/03/2023","4,095.68","4,123.10","4,123.55","4,076.85","","-0.74%"
"10/02/2023","4,126.07","4,100.41","4,145.92","4,100.41","","0.54%"
"09/29/2023","4,103.83","4,053.62","4,111.95","4,053.62","","1.23%"
"09/28/2023","4,053.78","4,033.58","4,061.47","4,031.49","","0.50%"
"09/27/2023","4,033.58","4,053.53","4,080.73","3,967.54","","-0.49%"
"09/26/2023","4,053.53","4,023.73","4,057.78","4,020.81","","0.75%"
"09/25/2023","4,023.54","4,007.53","4,025.90","4,007.53","","0.40%"
"09/22/2023","4,007.53","4,006.71","4,011.77","3,997.55","","0.02%"
"09/21/2023","4,006.71","3,993.08","4,025.69","3,993.08","","0.35%"
"09/20/2023","3,992.73","3,968.59","4,001.38","3,939.79","","0.61%"
"09/19/2023","3,968.40","3,967.32","3,978.19","3,959.08","","0.02%"
"09/18/2023","3,967.45","3,935.95","3,986.35","3,935.95","","0.79%"
"09/15/2023","3,936.54","3,931.51","3,945.90","3,927.39","","0.13%"
"09/14/2023","3,931.51","3,888.12","3,932.05","3,884.96","","1.12%"
"09/13/2023","3,888.12","3,883.63","3,896.89","3,881.47","","0.12%"
"09/12/2023","3,883.63","3,879.73","3,896.74","3,876.18","","0.03%"
"09/11/2023","3,882.44","3,877.26","3,882.44","3,863.31","","0.13%"
"09/08/2023","3,877.26","3,874.11","3,881.67","3,854.25","","0.08%"
"09/07/2023","3,874.11","3,857.74","3,881.25","3,857.74","","0.42%"
"09/06/2023","3,857.74","3,874.62","3,881.25","3,846.12","","-0.44%"
"09/05/2023","3,874.66","3,851.99","3,895.80","3,851.99","","0.81%"
"09/04/2023","3,843.63","3,849.41","3,878.15","3,830.45","","-0.22%"
"09/01/2023","3,851.99","3,866.13","3,875.27","3,840.20","","-0.37%"
"08/31/2023","3,866.13","3,824.23","3,866.13","3,815.06","","1.46%"
"08/29/2023","3,810.64","3,800.96","3,815.46","3,793.39","","0.25%"
"08/28/2023","3,800.97","3,797.23","3,808.49","3,771.99","","0.10%"
"08/25/2023","3,797.23","3,792.86","3,802.27","3,773.46","","0.09%"
"08/24/2023","3,793.94","3,774.13","3,798.51","3,740.19","","0.52%"
"08/23/2023","3,774.33","3,764.42","3,778.20","3,716.79","","0.27%"
"08/22/2023","3,764.32","3,760.08","3,767.48","3,748.31","","0.11%"
"08/21/2023","3,760.09","3,753.23","3,767.34","3,749.59","","0.18%"
"08/18/2023","3,753.16","3,752.03","3,761.51","3,732.52","","0.03%"
"08/17/2023","3,751.91","3,746.92","3,759.83","3,727.13","","0.14%"
"08/16/2023","3,746.54","3,789.77","3,801.43","3,716.07","","-1.14%"
"08/15/2023","3,789.77","3,803.27","3,818.87","3,781.30","","-0.62%"
"08/14/2023","3,813.59","3,802.64","3,813.65","3,791.28","","0.28%"
"08/11/2023","3,803.00","3,796.20","3,808.17","3,787.95","","0.12%"
"08/10/2023","3,798.49","3,798.37","3,807.49","3,790.69","","0.00%"
"08/09/2023","3,798.37","3,753.91","3,810.06","3,744.12","","1.17%"
"08/08/2023","3,754.42","3,732.78","3,756.54","3,728.93","","0.58%"
"08/07/2023","3,732.78","3,714.20","3,736.27","3,710.02","","0.50%"
"08/04/2023","3,714.20","3,714.24","3,717.42","3,699.60","","0.00%"
"08/03/2023","3,714.24","3,708.35","3,715.85","3,707.38","","0.17%"
"08/02/2023","3,708.09","3,707.36","3,718.39","3,702.24","","0.02%"
"08/01/2023","3,707.36","3,701.86","3,707.36","3,683.69","","-0.01%"
"07/31/2023","3,707.73","3,682.65","3,707.73","3,677.45","","0.68%"
"07/28/2023","3,682.65","3,676.48","3,684.74","3,654.40","","0.51%"
"07/27/2023","3,663.80","3,660.23","3,665.26","3,647.26","","0.10%"
"07/26/2023","3,660.23","3,676.55","3,681.10","3,645.27","","-0.45%"
"07/25/2023","3,676.80","3,672.22","3,702.76","3,666.58","","0.12%"
"07/24/2023","3,672.22","3,681.51","3,682.54","3,655.93","","-0.25%"
"07/21/2023","3,681.50","3,669.58","3,682.13","3,664.01","","0.32%"
"07/20/2023","3,669.78","3,668.08","3,679.86","3,660.88","","0.05%"
"07/19/2023","3,667.80","3,644.51","3,674.08","3,638.13","","0.60%"
"07/18/2023","3,646.05","3,631.53","3,647.27","3,607.93","","0.34%"
"07/17/2023","3,633.62","3,618.94","3,635.22","3,612.81","","0.41%"
"07/14/2023","3,618.91","3,606.02","3,631.83","3,597.62","","0.36%"
"07/13/2023","3,606.02","3,602.87","3,606.02","3,591.89","","0.03%"
"07/12/2023","3,604.96","3,598.62","3,611.78","3,591.59","","-0.33%"
"07/11/2023","3,616.83","3,615.89","3,624.73","3,569.59","","-0.03%"
"07/10/2023","3,617.89","3,608.25","3,619.64","3,595.66","","0.21%"
"07/05/2023","3,610.27","3,611.80","3,623.47","3,603.06","","-0.04%"
"07/04/2023","3,611.80","3,606.16","3,614.92","3,590.76","","0.16%"
"07/03/2023","3,606.16","3,600.32","3,606.77","3,590.20","","0.04%"
"06/30/2023","3,604.75","3,594.71","3,606.57","3,578.92","","0.28%"
"06/29/2023","3,594.71","3,572.16","3,594.71","3,570.79","","0.63%"
"06/27/2023","3,572.16","3,565.96","3,575.75","3,556.18","","0.17%"
"06/26/2023","3,565.96","3,545.37","3,572.83","3,535.13","","0.57%"
"06/23/2023","3,545.88","3,538.30","3,549.22","3,530.55","","0.22%"
"06/22/2023","3,538.27","3,535.85","3,545.27","3,522.28","","0.07%"
"06/21/2023","3,535.73","3,532.16","3,541.52","3,519.56","","0.09%"
"06/20/2023","3,532.69","3,534.60","3,542.55","3,515.98","","-0.06%"
"06/19/2023","3,534.65","3,537.19","3,540.46","3,523.26","","-0.14%"
"06/16/2023","3,539.47","3,536.06","3,545.15","3,527.98","","0.10%"
"06/15/2023","3,536.09","3,535.64","3,547.45","3,527.42","","0.02%"
"06/14/2023","3,535.52","3,538.03","3,551.66","3,521.19","","-0.07%"
"06/13/2023","3,538.03","3,541.88","3,549.00","3,522.23","","-0.11%"
"06/12/2023","3,541.95","3,544.62","3,545.21","3,523.53","","-0.09%"
"06/09/2023","3,545.02","3,545.29","3,549.71","3,534.63","","-0.01%"
"06/08/2023","3,545.29","3,541.58","3,554.88","3,518.29","","0.08%"
"06/07/2023","3,542.57","3,534.12","3,553.30","3,519.70","","0.24%"
"06/06/2023","3,533.98","3,525.97","3,538.30","3,507.87","","0.20%"
"06/05/2023","3,526.96","3,506.70","3,526.96","3,495.76","","0.58%"
"06/02/2023","3,506.70","3,496.66","3,515.99","3,492.06","","0.27%"
"06/01/2023","3,497.13","3,492.48","3,497.80","3,479.64","","0.13%"
"05/31/2023","3,492.44","3,480.69","3,506.15","3,479.64","","0.34%"
"05/30/2023","3,480.74","3,518.29","3,523.72","3,458.78","","-1.07%"
"05/29/2023","3,518.29","3,585.70","3,585.70","3,498.73","","-1.87%"
"05/26/2023","3,585.18","3,586.85","3,646.98","3,560.86","","-0.02%"
"05/25/2023","3,585.99","3,574.71","3,598.64","3,574.71","","0.15%"
"05/24/2023","3,580.54","3,583.79","3,590.49","3,571.49","","-0.07%"
"05/23/2023","3,583.03","3,586.91","3,592.92","3,571.72","","-0.11%"
"05/22/2023","3,586.92","3,603.88","3,609.39","3,556.47","","-0.47%"
"05/19/2023","3,603.88","3,613.40","3,607.61","3,592.38","","-0.29%"
"05/18/2023","3,614.41","3,588.91","3,614.41","3,584.02","","0.71%"
"05/17/2023","3,588.91","3,592.50","3,600.03","3,583.34","","-0.02%"
"05/16/2023","3,589.56","3,597.75","3,601.00","3,577.49","","-0.30%"
"05/15/2023","3,600.34","3,591.17","3,608.58","3,581.23","","0.28%"
"05/12/2023","3,590.21","3,586.03","3,597.46","3,578.24","","0.12%"
"05/11/2023","3,586.03","3,610.18","3,611.45","3,581.90","","-0.60%"
"05/10/2023","3,607.78","3,599.92","3,607.78","3,573.16","","0.23%"
"05/05/2023","3,599.59","3,580.95","3,602.19","3,575.60","","0.53%"
"05/04/2023","3,580.50","3,566.76","3,580.50","3,544.85","","0.38%"
"05/03/2023","3,567.10","3,606.49","3,595.13","3,552.37","","-0.99%"
"05/02/2023","3,602.70","3,538.42","3,618.30","3,535.83","","1.20%"
"04/28/2023","3,559.90","3,542.94","3,568.52","3,526.13","","0.48%"
"04/27/2023","3,542.82","3,534.24","3,552.73","3,511.71","","0.24%"
"04/26/2023","3,534.24","3,556.87","3,560.75","3,526.38","","-0.64%"
"04/25/2023","3,556.87","3,572.02","3,566.96","3,537.53","","-0.42%"
"04/24/2023","3,572.02","3,493.48","3,577.64","3,487.51","","2.18%"
"04/21/2023","3,495.89","3,493.82","3,495.89","3,495.89","","0.06%"
"04/20/2023","3,493.90","3,491.80","3,498.27","3,476.93","","0.06%"
"04/19/2023","3,491.80","3,459.87","3,491.80","3,448.70","","0.92%"
"04/18/2023","3,459.83","3,471.15","3,478.27","3,447.18","","-0.33%"
"04/17/2023","3,471.15","3,459.13","3,471.47","3,448.23","","0.29%"
"04/14/2023","3,461.28","3,458.36","3,465.65","3,442.88","","-0.01%"
"04/13/2023","3,461.54","3,461.91","3,475.69","3,447.38","","-0.01%"
"04/12/2023","3,461.91","3,446.86","3,473.36","3,442.05","","0.44%"
"04/11/2023","3,446.86","3,446.29","3,451.60","3,426.24","","-0.05%"
"04/10/2023","3,448.66","3,437.06","3,455.68","3,428.12","","0.34%"
"04/07/2023","3,437.06","3,418.44","3,454.48","3,408.87","","0.61%"
"04/06/2023","3,416.10","3,368.16","3,416.10","3,357.75","","1.40%"
"04/05/2023","3,368.81","3,355.50","3,376.84","3,355.50","","0.46%"
"04/04/2023","3,353.40","3,362.77","3,372.78","3,351.21","","-0.28%"
"04/03/2023","3,362.77","3,351.23","3,368.04","3,335.39","","0.34%"
"03/31/2023","3,351.23","3,342.33","3,354.41","3,332.03","","0.26%"
"03/30/2023","3,342.53","3,311.37","3,343.33","3,297.65","","0.94%"
"03/29/2023","3,311.37","3,300.36","3,314.49","3,296.58","","0.33%"
"03/28/2023","3,300.36","3,283.25","3,307.86","3,279.53","","0.57%"
"03/27/2023","3,281.61","3,276.70","3,347.44","3,269.81","","0.15%"
"03/24/2023","3,276.71","3,251.60","3,290.65","3,242.53","","0.65%"
"03/20/2023","3,255.60","3,277.44","3,287.95","3,247.03","","-0.67%"
"03/17/2023","3,277.44","3,263.27","3,295.69","3,256.59","","0.43%"
"03/16/2023","3,263.27","3,282.83","3,293.01","3,230.25","","-0.60%"
"03/15/2023","3,282.83","3,256.65","3,296.79","3,256.65","","0.82%"
"03/14/2023","3,256.24","3,276.32","3,280.68","3,243.47","","-0.65%"
"03/13/2023","3,277.56","3,298.53","3,302.76","3,245.24","","-0.64%"
"03/10/2023","3,298.53","3,291.40","3,319.19","3,282.83","","0.22%"
"03/09/2023","3,291.42","3,316.88","3,316.88","3,291.42","","-0.60%"
"03/07/2023","3,311.38","3,322.11","3,328.51","3,301.96","","-0.32%"
"03/06/2023","3,322.11","3,309.78","3,328.18","3,280.24","","0.37%"
"03/03/2023","3,309.80","3,315.50","3,318.02","3,295.00","","-0.17%"
"03/02/2023","3,315.50","3,328.76","3,339.27","3,306.22","","-0.40%"
"03/01/2023","3,328.76","3,338.90","3,339.46","3,321.14","","-0.30%"
"02/28/2023","3,338.90","3,344.27","3,345.58","3,330.30","","-0.17%"
"02/27/2023","3,344.49","3,340.38","3,402.17","3,329.65","","0.09%"
"02/24/2023","3,341.50","3,333.65","3,350.91","3,334.84","","0.24%"
"02/23/2023","3,333.53","3,335.09","3,336.05","3,318.95","","-0.04%"
"02/22/2023","3,334.73","3,360.51","3,360.51","3,330.19","","-0.77%"
"02/21/2023","3,360.51","3,371.46","3,375.01","3,357.93","","-0.32%"
"02/20/2023","3,371.46","3,382.79","3,383.18","3,370.91","","-0.33%"
"02/17/2023","3,382.79","3,364.42","3,383.18","3,364.42","","0.55%"
"02/16/2023","3,364.42","3,372.50","3,374.21","3,358.64","","-0.24%"
"02/15/2023","3,372.50","3,363.22","3,378.68","3,352.60","","0.28%"
"02/14/2023","3,363.18","3,345.43","3,364.69","3,344.77","","0.52%"
"02/13/2023","3,345.62","3,348.45","3,352.40","3,337.44","","-0.08%"
"02/10/2023","3,348.45","3,348.09","3,354.43","3,335.66","","0.01%"
"02/09/2023","3,348.09","3,353.30","3,368.85","3,344.00","","-0.16%"
"02/08/2023","3,353.30","3,338.33","3,354.95","3,332.68","","0.45%"
"02/07/2023","3,338.33","3,344.10","3,344.10","3,310.52","","-0.17%"
"02/06/2023","3,344.12","3,350.30","3,354.17","3,332.27","","-0.28%"
"02/03/2023","3,353.40","3,333.34","3,358.32","3,326.17","","0.67%"
"02/02/2023","3,330.96","3,297.98","3,341.45","3,297.98","","1.02%"
"02/01/2023","3,297.46","3,299.91","3,305.69","3,285.64","","-0.07%"
"01/31/2023","3,299.91","3,295.62","3,305.58","3,284.35","","0.12%"
"01/30/2023","3,296.06","3,290.45","3,308.03","3,287.79","","0.17%"
"01/27/2023","3,290.47","3,314.81","3,319.51","3,280.35","","-0.74%"
"01/26/2023","3,314.84","3,334.03","3,337.84","3,314.23","","-0.58%"
"01/25/2023","3,334.03","3,329.40","3,336.18","3,321.63","","0.14%"
"01/24/2023","3,329.40","3,323.14","3,335.70","3,319.09","","0.20%"
"01/23/2023","3,322.86","3,300.28","3,322.86","3,305.48","","0.68%"
"01/20/2023","3,300.28","3,320.09","3,330.91","3,298.76","","-0.61%"
"01/19/2023","3,320.40","3,310.80","3,329.76","3,293.80","","0.16%"
"01/18/2023","3,315.16","3,293.90","3,325.80","3,285.85","","0.64%"
"01/17/2023","3,294.21","3,294.77","3,299.65","3,282.81","","-0.01%"
"01/16/2023","3,294.47","3,288.40","3,300.91","3,273.13","","0.25%"
"01/13/2023","3,286.37","3,281.87","3,298.48","3,271.84","","0.14%"
"01/12/2023","3,281.78","3,280.85","3,292.28","3,273.34","","0.06%"
"01/11/2023","3,279.68","3,273.35","3,360.08","3,270.73","","0.19%"
"01/10/2023","3,273.35","3,267.11","3,337.28","3,253.38","","0.11%"
"01/09/2023","3,269.59","3,243.13","3,270.49","3,243.13","","0.82%"
"01/06/2023","3,243.13","3,252.96","3,261.41","3,243.13","","-0.29%"
"01/05/2023","3,252.52","3,250.59","3,260.90","3,247.42","","0.06%"
"01/04/2023","3,250.59","3,251.64","3,277.29","3,242.72","","-0.03%"
"12/30/2022","3,251.64","3,241.44","3,256.56","3,236.44","","0.35%"
"12/29/2022","3,240.46","3,232.24","3,244.40","3,227.09","","0.25%"
"12/28/2022","3,232.24","3,240.44","3,253.78","3,224.44","","-0.25%"
"12/27/2022","3,240.44","3,227.58","3,244.54","3,214.99","","0.31%"
"12/26/2022","3,230.30","3,241.54","3,246.59","3,215.72","","-0.15%"
"12/23/2022","3,235.20","3,250.59","3,264.48","3,218.54","","-0.69%"
"12/22/2022","3,257.69","3,214.93","3,265.09","3,202.59","","1.43%"
"12/21/2022","3,211.79","3,212.99","3,221.78","3,197.02","","-0.05%"
"12/20/2022","3,213.55","3,206.07","3,215.13","3,191.99","","0.23%"
"12/19/2022","3,206.06","3,202.42","3,211.97","3,174.85","","0.10%"
"12/15/2022","3,202.98","3,178.08","3,204.18","3,163.26","","0.74%"
"12/14/2022","3,179.51","3,152.64","3,180.28","3,144.07","","0.85%"
"12/13/2022","3,152.64","3,142.99","3,161.96","3,141.03","","0.31%"
"12/12/2022","3,143.01","3,162.72","3,167.84","3,143.01","","-0.63%"
"12/09/2022","3,163.07","3,156.31","3,170.02","3,137.38","","0.21%"
"12/08/2022","3,156.31","3,151.74","3,157.02","3,130.65","","0.14%"
"12/07/2022","3,151.89","3,155.85","3,156.63","3,126.35","","-0.11%"
"12/06/2022","3,155.42","3,138.40","3,155.75","3,124.97","","0.54%"
"12/05/2022","3,138.40","3,108.49","3,138.80","3,088.84","","0.96%"
"12/02/2022","3,108.47","3,083.04","3,108.47","3,061.13","","1.42%"
"11/30/2022","3,064.93","3,041.73","3,082.49","3,011.08","","0.75%"
"11/29/2022","3,042.17","3,035.60","3,059.21","3,034.92","","0.28%"
"11/28/2022","3,033.59","3,071.63","3,071.63","3,033.59","","-1.24%"
"11/25/2022","3,071.63","3,066.54","3,088.40","3,048.45","","0.06%"
"11/24/2022","3,069.90","3,044.72","3,079.83","3,036.21","","0.83%"
"11/23/2022","3,044.72","3,035.96","3,049.43","3,017.70","","0.24%"
"11/22/2022","3,037.40","3,063.10","3,066.41","3,012.45","","-0.61%"
"11/21/2022","3,056.06","3,046.16","3,070.02","3,027.83","","-0.24%"
"11/18/2022","3,063.47","3,055.06","3,075.80","3,044.30","","0.22%"
"11/17/2022","3,056.69","3,051.09","3,073.94","3,026.17","","0.18%"
"11/16/2022","3,051.10","3,052.57","3,069.60","3,042.36","","-0.10%"
"11/15/2022","3,054.25","3,061.84","3,070.52","3,025.62","","-0.23%"
"11/14/2022","3,061.22","3,044.49","3,077.63","3,040.77","","0.51%"
"11/11/2022","3,045.62","3,056.72","3,062.96","3,041.69","","-0.35%"
"11/10/2022","3,056.23","3,062.80","3,062.85","3,037.10","","-0.21%"
"11/09/2022","3,062.80","3,080.62","3,092.62","3,051.11","","-0.58%"
"11/08/2022","3,080.62","3,078.50","3,092.04","3,069.48","","0.09%"
"11/07/2022","3,077.99","3,076.26","3,090.69","3,065.39","","0.06%"
"11/04/2022","3,076.26","3,067.71","3,086.15","3,063.92","","0.28%"
"11/03/2022","3,067.71","3,123.83","3,123.83","3,061.12","","-1.79%"
"11/02/2022","3,123.62","3,131.71","3,142.69","3,120.33","","-0.28%"
"11/01/2022","3,132.40","3,132.87","3,140.78","3,112.84","","-0.02%"
"10/31/2022","3,132.87","3,139.45","3,144.56","3,110.71","","-0.16%"
"10/28/2022","3,138.01","3,114.89","3,144.52","3,108.13","","0.74%"
"10/27/2022","3,114.92","3,119.93","3,134.61","3,111.48","","-0.20%"
"10/26/2022","3,121.11","3,118.62","3,135.08","3,106.74","","0.72%"
"10/21/2022","3,098.73","3,135.41","3,138.55","3,090.36","","-0.89%"
"10/20/2022","3,126.66","3,122.14","3,134.16","3,112.97","","0.04%"
"10/19/2022","3,125.42","3,118.75","3,135.72","3,111.78","","0.21%"
"10/18/2022","3,118.75","3,120.33","3,139.02","3,063.36","","-0.27%"
"10/17/2022","3,127.18","3,125.91","3,133.34","3,098.82","","0.04%"
"10/14/2022","3,125.91","3,130.38","3,141.28","3,121.05","","-0.14%"
"10/13/2022","3,130.38","3,125.98","3,139.10","3,118.73","","0.14%"
"10/12/2022","3,125.98","3,123.12","3,129.27","3,114.24","","0.18%"
"10/11/2022","3,120.38","3,115.20","3,137.01","3,101.79","","0.16%"
"10/10/2022","3,115.35","3,124.21","3,128.74","3,096.86","","-0.29%"
"10/07/2022","3,124.40","3,125.24","3,131.62","3,116.22","","-0.03%"
"10/06/2022","3,125.24","3,101.10","3,130.53","3,098.59","","0.78%"
"10/05/2022","3,101.10","3,096.80","3,108.53","3,083.64","","0.15%"
"10/04/2022","3,096.40","3,076.45","3,102.33","3,076.45","","0.24%"
"10/03/2022","3,088.99","3,065.36","3,095.31","3,060.07","","0.17%"
"09/30/2022","3,083.79","3,100.26","3,100.30","3,082.25","","-0.53%"
"09/29/2022","3,100.26","3,083.53","3,104.54","3,083.00","","0.54%"
"09/28/2022","3,083.54","3,077.92","3,109.19","3,059.51","","0.17%"
"09/27/2022","3,078.38","3,067.93","3,096.91","3,066.94","","0.19%"
"09/26/2022","3,072.51","3,115.61","3,115.61","3,071.75","","-1.41%"
"09/23/2022","3,116.52","3,128.58","3,131.56","3,105.44","","-0.42%"
"09/22/2022","3,129.57","3,116.97","3,133.91","3,103.62","","0.40%"
"09/21/2022","3,116.96","3,133.44","3,134.64","3,111.40","","-0.53%"
"09/20/2022","3,133.44","3,131.35","3,145.95","3,120.37","","0.18%"
"09/19/2022","3,127.73","3,140.18","3,147.20","3,122.77","","-0.47%"
"09/16/2022","3,142.65","3,157.64","3,157.64","3,130.85","","-0.57%"
"09/15/2022","3,160.71","3,146.23","3,166.43","3,136.31","","0.46%"
"09/14/2022","3,146.23","3,173.02","3,173.21","3,137.65","","-0.84%"
"09/13/2022","3,173.01","3,153.43","3,185.00","3,153.43","","0.62%"
"09/12/2022","3,153.43","3,139.72","3,157.21","3,124.04","","0.44%"
"09/09/2022","3,139.72","3,145.20","3,145.20","3,121.15","","-0.17%"
"09/08/2022","3,145.20","3,099.44","3,145.20","3,099.44","","1.48%"
"09/07/2022","3,099.44","3,108.55","3,108.55","3,074.22","","-0.37%"
"09/06/2022","3,111.10","3,093.51","3,117.96","3,088.82","","0.57%"
"09/05/2022","3,093.33","3,106.60","3,107.72","3,085.75","","0.07%"
"09/02/2022","3,091.24","3,141.70","3,145.71","3,083.06","","-1.61%"
"09/01/2022","3,141.73","3,151.00","3,158.53","3,135.03","","-0.28%"
"08/31/2022","3,150.51","3,146.47","3,150.66","3,125.46","","0.59%"
"08/26/2022","3,131.96","3,131.60","3,148.49","3,116.54","","0.01%"
"08/25/2022","3,131.60","3,105.33","3,142.20","3,105.33","","0.86%"
"08/24/2022","3,104.76","3,079.29","3,114.59","3,079.29","","0.83%"
"08/23/2022","3,079.29","3,058.15","3,093.08","3,054.05","","1.12%"
"08/22/2022","3,045.04","3,080.21","3,080.21","3,021.97","","-1.05%"
"08/19/2022","3,077.31","3,038.12","3,077.31","3,037.83","","1.19%"
"08/18/2022","3,041.07","3,031.44","3,045.24","3,014.77","","0.35%"
"08/17/2022","3,030.47","3,030.92","3,041.52","3,019.32","","0.62%"
"08/16/2022","3,011.78","3,028.05","3,032.97","3,002.86","","-0.54%"
"08/15/2022","3,028.05","3,021.35","3,033.61","3,004.99","","0.19%"
"08/12/2022","3,022.27","3,019.09","3,022.97","3,003.28","","0.11%"
"08/11/2022","3,019.09","3,003.70","3,024.80","2,999.17","","0.52%"
"08/10/2022","3,003.54","3,015.75","3,019.98","2,998.14","","-0.46%"
"08/09/2022","3,017.28","2,999.24","3,018.70","2,985.04","","0.56%"
"08/08/2022","3,000.38","2,972.89","3,004.94","2,968.20","","0.88%"
"08/05/2022","2,974.18","2,967.53","2,988.56","2,948.19","","0.22%"
"08/04/2022","2,967.76","2,955.13","2,972.17","2,945.70","","0.45%"
"08/03/2022","2,954.52","2,948.42","2,967.89","2,947.08","","0.17%"
"08/02/2022","2,949.41","2,968.81","2,971.01","2,932.51","","-0.65%"
"08/01/2022","2,968.62","2,953.54","2,971.56","2,941.18","","0.51%"
"07/29/2022","2,953.54","2,905.35","2,961.14","2,905.35","","1.66%"
"07/28/2022","2,905.38","2,867.32","2,917.21","2,865.57","","1.33%"
"07/27/2022","2,867.36","2,819.34","2,881.23","2,819.34","","1.70%"
"07/26/2022","2,819.34","2,759.80","2,833.98","2,747.11","","2.26%"
"07/25/2022","2,757.15","2,786.20","2,786.34","2,753.11","","-1.04%"
"07/22/2022","2,786.20","2,753.86","2,786.20","2,745.69","","1.17%"
"07/21/2022","2,753.86","2,709.15","2,758.36","2,708.98","","1.60%"
"07/20/2022","2,710.44","2,690.06","2,717.65","2,687.63","","1.02%"
"07/19/2022","2,683.06","2,668.79","2,685.06","2,660.97","","0.54%"
"07/18/2022","2,668.75","2,658.85","2,673.32","2,649.35","","0.82%"
"07/15/2022","2,647.09","2,677.21","2,680.02","2,636.91","","-1.21%"
"07/14/2022","2,679.41","2,668.27","2,680.94","2,662.11","","0.41%"
"07/13/2022","2,668.57","2,691.96","2,700.72","2,668.57","","-0.90%"
"07/12/2022","2,692.81","2,688.67","2,693.50","2,680.75","","0.18%"
"07/11/2022","2,687.94","2,673.24","2,687.94","2,666.19","","0.44%"
"07/08/2022","2,676.19","2,668.03","2,677.96","2,658.01","","0.31%"
"07/07/2022","2,668.03","2,694.96","2,694.96","2,666.61","","-1.00%"
"07/05/2022","2,694.96","2,668.88","2,695.96","2,667.99","","0.98%"
"07/04/2022","2,668.89","2,674.44","2,682.83","2,656.16","","-0.21%"
"07/01/2022","2,674.63","2,673.31","2,676.15","2,658.83","","0.00%"
"06/30/2022","2,674.72","2,674.45","2,674.72","2,653.93","","0.01%"
"06/29/2022","2,674.45","2,661.92","2,684.84","2,661.92","","0.47%"
"06/28/2022","2,661.92","2,648.38","2,667.15","2,644.35","","-0.43%"
"06/27/2022","2,673.42","2,658.08","2,694.19","2,638.26","","0.58%"
"06/24/2022","2,658.11","2,644.94","2,661.78","2,642.61","","0.50%"
"06/23/2022","2,644.94","2,641.55","2,648.89","2,631.93","","0.13%"
"06/22/2022","2,641.55","2,635.73","2,651.04","2,631.92","","0.25%"
"06/21/2022","2,634.89","2,625.40","2,645.58","2,618.81","","0.29%"
"06/20/2022","2,627.17","2,617.22","2,639.49","2,613.73","","0.38%"
"06/17/2022","2,617.15","2,649.53","2,649.69","2,584.56","","-1.22%"
"06/16/2022","2,649.56","2,647.73","2,662.11","2,645.08","","0.03%"
"06/15/2022","2,648.73","2,677.86","2,677.86","2,642.09","","-1.11%"
"06/14/2022","2,678.45","2,665.44","2,678.49","2,650.71","","0.54%"
"06/13/2022","2,664.14","2,679.17","2,681.46","2,642.77","","-0.56%"
"06/10/2022","2,679.16","2,675.64","2,685.00","2,669.06","","0.13%"
"06/09/2022","2,675.64","2,669.90","2,675.64","2,658.09","","0.29%"
"06/08/2022","2,667.80","2,668.78","2,694.69","2,655.82","","0.00%"
"06/07/2022","2,667.83","2,668.29","2,678.12","2,660.45","","-0.02%"
"06/06/2022","2,668.29","2,630.28","2,668.29","2,627.56","","1.36%"
"06/03/2022","2,632.52","2,644.69","2,646.17","2,629.10","","-0.46%"
"06/02/2022","2,644.69","2,644.99","2,654.78","2,625.55","","0.00%"
"06/01/2022","2,644.75","2,661.53","2,661.53","2,628.54","","-0.63%"
"05/31/2022","2,661.53","2,661.77","2,662.34","2,628.75","","-0.03%"
"05/30/2022","2,662.42","2,669.25","2,678.81","2,655.54","","-0.26%"
"05/27/2022","2,669.25","2,654.40","2,674.44","2,652.44","","0.56%"
"05/26/2022","2,654.40","2,647.14","2,661.66","2,633.40","","0.28%"
"05/25/2022","2,647.06","2,678.39","2,697.89","2,629.87","","-1.17%"
"05/24/2022","2,678.43","2,716.05","2,720.61","2,673.93","","-1.39%"
"05/23/2022","2,716.24","2,711.39","2,717.62","2,685.28","","0.18%"
"05/20/2022","2,711.39","2,740.38","2,743.02","2,705.40","","-1.06%"
"05/19/2022","2,740.38","2,752.19","2,766.88","2,739.27","","-0.40%"
"05/18/2022","2,751.50","2,779.56","2,788.81","2,748.85","","-1.01%"
"05/17/2022","2,779.54","2,745.22","2,782.79","2,745.22","","1.25%"
"05/16/2022","2,745.26","2,766.79","2,786.95","2,738.44","","-0.73%"
"05/13/2022","2,765.51","2,795.33","2,795.33","2,748.93","","-1.07%"
"05/12/2022","2,795.33","2,796.57","2,798.75","2,767.68","","-0.05%"
"05/11/2022","2,796.84","2,900.96","2,907.38","2,769.37","","-3.59%"
"05/06/2022","2,901.00","2,928.30","2,928.30","2,893.87","","-0.93%"
"05/05/2022","2,928.30","2,956.51","2,960.74","2,895.80","","-0.58%"
"05/04/2022","2,945.24","2,994.30","2,994.30","2,941.99","","-1.62%"
"05/03/2022","2,993.86","3,033.12","3,033.12","2,979.68","","-1.31%"
"04/29/2022","3,033.48","3,034.89","3,036.20","3,018.87","","-0.05%"
"04/28/2022","3,034.89","3,043.94","3,047.59","3,014.68","","-0.30%"
"04/27/2022","3,043.94","3,070.07","3,078.10","3,024.52","","-0.85%"
"04/26/2022","3,070.07","3,073.85","3,089.41","3,043.42","","-0.02%"
"04/25/2022","3,070.59","3,142.11","3,142.11","3,043.98","","-2.36%"
"04/22/2022","3,144.83","3,170.13","3,170.13","3,109.49","","-0.80%"
"04/21/2022","3,170.13","3,149.97","3,170.13","3,144.63","","0.64%"
"04/20/2022","3,149.97","3,163.75","3,173.70","3,149.97","","-0.44%"
"04/19/2022","3,163.75","3,160.27","3,165.32","3,126.22","","0.13%"
"04/18/2022","3,159.51","3,166.96","3,190.29","3,119.69","","-0.45%"
"04/15/2022","3,173.73","3,195.74","3,214.29","3,167.05","","-0.69%"
"04/14/2022","3,195.74","3,157.42","3,205.54","3,156.28","","1.42%"
"04/13/2022","3,151.14","3,173.09","3,190.22","3,134.68","","-0.69%"
"04/12/2022","3,173.09","3,181.38","3,195.24","3,147.37","","-0.15%"
"04/11/2022","3,177.77","3,251.59","3,253.23","3,177.77","","-1.43%"
"04/08/2022","3,223.94","3,206.80","3,253.94","3,187.75","","0.55%"
"04/07/2022","3,206.19","3,244.40","3,250.06","3,195.66","","-1.75%"
"04/06/2022","3,263.23","3,319.10","3,335.45","3,242.78","","-1.71%"
"04/05/2022","3,319.85","3,328.27","3,335.42","3,304.12","","-0.32%"
"04/04/2022","3,330.49","3,347.71","3,351.51","3,314.32","","-0.51%"
"04/01/2022","3,347.71","3,343.89","3,363.42","3,328.32","","-0.03%"
"03/31/2022","3,348.63","3,340.69","3,359.47","3,331.28","","0.14%"
"03/30/2022","3,344.05","3,348.83","3,381.45","3,321.46","","-0.14%"
"03/29/2022","3,348.83","3,355.11","3,359.21","3,317.32","","-0.18%"
"03/28/2022","3,354.94","3,317.87","3,368.33","3,309.87","","1.12%"
"03/25/2022","3,317.86","3,339.19","3,362.80","3,304.87","","-0.65%"
"03/24/2022","3,339.66","3,355.81","3,356.97","3,323.10","","-0.98%"
"03/18/2022","3,372.76","3,346.87","3,378.64","3,346.87","","0.77%"
"03/17/2022","3,346.83","3,336.70","3,361.16","3,289.99","","0.30%"
"03/16/2022","3,336.70","3,357.53","3,363.19","3,304.90","","-0.65%"
"03/15/2022","3,358.40","3,357.66","3,381.02","3,335.69","","0.03%"
"03/14/2022","3,357.37","3,375.66","3,378.55","3,330.67","","-0.60%"
"03/11/2022","3,377.47","3,386.16","3,412.71","3,357.29","","-0.46%"
"03/10/2022","3,393.02","3,192.56","3,428.38","3,191.53","","1.74%"
"03/09/2022","3,334.96","3,152.85","3,346.40","2,969.32","","5.15%"
"03/04/2022","3,171.73","3,202.75","3,214.91","3,116.54","","-0.97%"
"03/03/2022","3,202.65","3,291.56","3,297.16","3,117.35","","-2.70%"
"03/02/2022","3,291.56","3,379.21","3,379.21","3,278.92","","-2.91%"
"03/01/2022","3,390.31","3,361.92","3,428.98","3,343.70","","0.84%"
"02/28/2022","3,361.98","3,453.42","3,453.42","3,335.08","","-2.65%"
"02/25/2022","3,453.42","3,393.30","3,455.77","3,356.59","","1.99%"
"02/24/2022","3,386.14","3,478.38","3,478.38","3,287.77","","-2.65%"
"02/23/2022","3,478.38","3,436.34","3,484.04","3,421.40","","1.22%"
"02/22/2022","3,436.34","3,515.40","3,515.40","3,408.05","","-2.38%"
"02/21/2022","3,520.27","3,548.30","3,556.54","3,490.96","","-0.79%"
"02/18/2022","3,548.30","3,543.03","3,560.96","3,525.94","","0.17%"
"02/17/2022","3,542.45","3,554.71","3,557.61","3,527.75","","-0.40%"
"02/16/2022","3,556.59","3,539.99","3,579.89","3,539.26","","0.38%"
"02/15/2022","3,543.10","3,537.24","3,561.37","3,518.22","","0.16%"
"02/14/2022","3,537.35","3,569.97","3,572.06","3,527.92","","-0.94%"
"02/11/2022","3,570.87","3,582.25","3,599.49","3,547.85","","-0.32%"
"02/10/2022","3,582.25","3,550.04","3,622.86","3,550.04","","0.92%"
"02/09/2022","3,549.59","3,530.94","3,568.88","3,520.92","","0.53%"
"02/08/2022","3,530.94","3,514.05","3,544.19","3,489.74","","0.51%"
"02/07/2022","3,513.14","3,518.03","3,520.57","3,468.82","","-0.06%"
"02/04/2022","3,515.29","3,513.86","3,523.59","3,491.82","","0.04%"
"02/03/2022","3,513.86","3,497.76","3,516.37","3,487.33","","0.46%"
"02/02/2022","3,497.76","3,491.89","3,539.05","3,488.92","","0.17%"
"02/01/2022","3,491.89","3,549.26","3,554.10","3,491.89","","-1.62%"
"01/31/2022","3,549.26","3,523.62","3,553.85","3,504.42","","0.73%"
"01/28/2022","3,523.62","3,507.40","3,553.76","3,491.54","","0.46%"
"01/27/2022","3,507.40","3,454.23","3,507.40","3,425.57","","1.52%"
"01/26/2022","3,455.01","3,433.10","3,455.48","3,397.21","","0.64%"
"01/25/2022","3,433.10","3,440.21","3,440.21","3,367.93","","-0.22%"
"01/24/2022","3,440.64","3,492.54","3,494.42","3,417.61","","-1.36%"
"01/21/2022","3,488.04","3,481.46","3,491.93","3,447.83","","0.20%"
"01/20/2022","3,481.20","3,464.15","3,516.68","3,457.91","","0.56%"
"01/19/2022","3,461.78","3,473.95","3,483.51","3,447.65","","-0.56%"
"01/18/2022","3,481.12","3,461.87","3,510.52","3,461.87","","0.56%"
"01/17/2022","3,461.87","3,568.02","3,573.49","3,455.95","","-2.98%"
"01/14/2022","3,568.02","3,600.32","3,621.21","3,562.18","","-0.90%"
"01/13/2022","3,600.32","3,598.80","3,644.36","3,577.72","","0.04%"
"01/12/2022","3,598.79","3,633.63","3,636.74","3,580.22","","-0.78%"
"01/11/2022","3,626.91","3,584.03","3,644.78","3,568.66","","1.74%"
"01/05/2022","3,565.02","3,673.17","3,687.60","3,565.02","","-3.00%"
"12/31/2021","3,675.28","3,675.38","3,683.74","3,651.77","","0.00%"
"12/30/2021","3,675.38","3,679.81","3,691.25","3,656.60","","-0.10%"
"12/29/2021","3,678.92","3,673.18","3,690.69","3,661.24","","0.04%"
"12/28/2021","3,677.39","3,675.61","3,714.49","3,668.62","","0.09%"
"12/27/2021","3,674.26","3,659.65","3,675.11","3,651.61","","0.39%"
"12/24/2021","3,659.85","3,655.10","3,668.60","3,637.59","","0.13%"
"12/23/2021","3,655.08","3,629.45","3,658.29","3,609.16","","0.70%"
"12/22/2021","3,629.78","3,599.06","3,629.78","3,587.84","","0.67%"
"12/21/2021","3,605.73","3,591.22","3,609.88","3,560.26","","0.42%"
"12/20/2021","3,590.70","3,610.77","3,631.42","3,584.16","","-0.56%"
"12/15/2021","3,610.77","3,621.57","3,654.77","3,604.34","","-0.30%"
"12/14/2021","3,621.57","3,660.82","3,660.82","3,572.64","","-1.07%"
"12/13/2021","3,660.82","3,648.00","3,690.09","3,607.17","","0.35%"
"12/10/2021","3,648.00","3,639.12","3,667.94","3,631.50","","0.24%"
"12/09/2021","3,639.12","3,650.44","3,676.32","3,627.73","","-0.34%"
"12/08/2021","3,651.40","3,671.51","3,706.24","3,650.29","","-0.44%"
"12/07/2021","3,667.66","3,615.75","3,693.42","3,615.75","","1.44%"
"12/06/2021","3,615.49","3,695.37","3,697.33","3,615.49","","-2.16%"
"12/03/2021","3,695.37","3,683.90","3,716.44","3,674.71","","0.44%"
"12/02/2021","3,679.12","3,684.07","3,694.18","3,648.98","","-0.13%"
"11/30/2021","3,684.07","3,708.09","3,715.24","3,677.67","","-0.65%"
"11/29/2021","3,708.09","3,695.79","3,759.38","3,645.63","","0.28%"
"11/26/2021","3,697.76","3,725.04","3,735.57","3,677.34","","-0.81%"
"11/25/2021","3,727.85","3,715.82","3,753.04","3,714.24","","0.32%"
"11/24/2021","3,715.82","3,703.25","3,734.54","3,691.72","","0.35%"
"11/23/2021","3,702.97","3,712.80","3,728.22","3,668.01","","-0.30%"
"11/22/2021","3,714.12","3,757.38","3,786.17","3,714.12","","-1.08%"
"11/19/2021","3,754.57","3,810.31","3,824.58","3,743.61","","-1.47%"
"11/18/2021","3,810.70","3,789.44","3,823.91","3,785.56","","0.56%"
"11/17/2021","3,789.44","3,797.55","3,816.59","3,775.55","","-0.21%"
"11/16/2021","3,797.55","3,801.02","3,814.10","3,785.49","","-0.23%"
"11/15/2021","3,806.33","3,784.45","3,807.37","3,762.60","","0.43%"
"11/12/2021","3,790.08","3,765.18","3,795.69","3,765.36","","0.66%"
"11/11/2021","3,765.18","3,777.65","3,790.35","3,762.96","","-0.33%"
"11/10/2021","3,777.64","3,777.27","3,792.53","3,768.64","","0.01%"
"11/09/2021","3,777.27","3,763.78","3,784.08","3,757.14","","0.41%"
"11/08/2021","3,761.78","3,746.35","3,777.84","3,740.38","","0.41%"
"11/05/2021","3,746.35","3,748.29","3,763.67","3,725.14","","-0.05%"
"11/04/2021","3,748.27","3,692.75","3,748.73","3,692.75","","1.35%"
"11/03/2021","3,698.36","3,686.30","3,731.27","3,653.94","","0.33%"
"11/02/2021","3,686.30","3,725.93","3,748.50","3,686.30","","-0.85%"
"11/01/2021","3,717.77","3,751.85","3,773.92","3,672.41","","-0.91%"
"10/29/2021","3,751.85","3,752.35","3,770.05","3,741.77","","-0.02%"
"10/28/2021","3,752.61","3,762.40","3,780.70","3,735.12","","-0.26%"
"10/27/2021","3,762.39","3,765.73","3,775.43","3,719.33","","-0.07%"
"10/26/2021","3,765.00","3,736.65","3,772.34","3,736.65","","0.76%"
"10/25/2021","3,736.59","3,737.85","3,746.74","3,717.03","","-0.04%"
"10/22/2021","3,738.14","3,712.86","3,741.10","3,697.68","","0.68%"
"10/21/2021","3,712.86","3,712.39","3,734.52","3,710.71","","0.01%"
"10/20/2021","3,712.42","3,701.65","3,776.36","3,701.65","","0.25%"
"10/19/2021","3,702.98","3,705.79","3,867.16","3,695.51","","-0.02%"
"10/18/2021","3,703.75","3,646.42","3,710.66","3,635.92","","1.58%"
"10/15/2021","3,646.15","3,643.37","3,664.37","3,636.53","","0.07%"
"10/14/2021","3,643.54","3,571.37","3,685.99","3,571.37","","2.02%"
"10/13/2021","3,571.37","3,508.38","3,572.04","3,509.92","","2.40%"
"10/12/2021","3,487.72","3,442.64","3,495.01","3,431.37","","1.30%"
"10/11/2021","3,442.84","3,446.21","3,459.68","3,428.28","","-0.10%"
"10/08/2021","3,446.21","3,420.30","3,451.10","3,420.30","","0.83%"
"10/07/2021","3,418.00","3,399.93","3,429.26","3,399.46","","0.53%"
"10/06/2021","3,399.94","3,410.53","3,415.58","3,387.18","","-0.35%"
"10/05/2021","3,411.84","3,389.56","3,411.84","3,384.78","","0.61%"
"10/04/2021","3,391.11","3,412.31","3,425.40","3,343.79","","-0.62%"
"10/01/2021","3,412.31","3,384.66","3,426.86","3,384.66","","0.85%"
"09/30/2021","3,383.68","3,371.76","3,390.08","3,330.15","","0.35%"
"09/29/2021","3,371.76","3,344.72","3,393.54","3,319.68","","1.14%"
"09/28/2021","3,333.91","3,382.73","3,393.88","3,322.60","","-1.44%"
"09/27/2021","3,382.73","3,383.05","3,388.43","3,355.29","","0.20%"
"09/24/2021","3,375.98","3,385.46","3,413.97","3,373.81","","-0.28%"
"09/23/2021","3,385.46","3,393.57","3,428.23","3,377.21","","-0.28%"
"09/22/2021","3,394.81","3,385.97","3,420.63","3,377.59","","0.26%"
"09/21/2021","3,386.07","3,374.43","3,449.52","3,322.74","","0.34%"
"09/20/2021","3,374.43","3,434.28","3,438.60","3,336.36","","-1.74%"
"09/17/2021","3,434.28","3,442.03","3,460.67","3,405.46","","-0.23%"
"09/16/2021","3,442.03","3,403.41","3,470.44","3,402.20","","1.07%"
"09/15/2021","3,405.43","3,371.45","3,409.18","3,356.88","","1.03%"
"09/14/2021","3,370.60","3,361.22","3,390.42","3,357.99","","0.36%"
"09/13/2021","3,358.64","3,282.22","3,375.49","3,272.32","","2.42%"
"09/10/2021","3,279.21","3,298.56","3,320.13","3,272.74","","-0.57%"
"09/09/2021","3,297.96","3,287.46","3,298.81","3,273.43","","0.32%"
"09/08/2021","3,287.41","3,278.12","3,312.81","3,261.84","","0.28%"
"09/07/2021","3,278.15","3,270.65","3,293.18","3,262.94","","0.32%"
"09/06/2021","3,267.63","3,259.77","3,301.50","3,259.77","","0.21%"
"09/03/2021","3,260.76","3,225.61","3,274.80","3,225.61","","1.39%"
"09/02/2021","3,216.03","3,184.30","3,225.89","3,184.30","","1.00%"
"09/01/2021","3,184.30","3,169.67","3,190.50","3,164.34","","0.37%"
"08/31/2021","3,172.45","3,136.53","3,182.71","3,120.09","","1.15%"
"08/27/2021","3,136.53","3,112.38","3,140.81","3,108.01","","0.78%"
"08/26/2021","3,112.38","3,092.63","3,113.27","3,085.82","","0.64%"
"08/25/2021","3,092.63","3,079.20","3,101.06","3,067.20","","0.54%"
"08/24/2021","3,076.12","3,051.48","3,088.73","3,046.53","","1.25%"
"08/23/2021","3,038.25","3,032.86","3,071.95","3,026.34","","0.13%"
"08/20/2021","3,034.28","3,042.63","3,080.63","3,014.09","","-0.27%"
"08/19/2021","3,042.37","3,099.31","3,108.28","3,042.37","","-1.84%"
"08/18/2021","3,099.31","3,088.75","3,114.12","3,080.12","","0.34%"
"08/17/2021","3,088.75","3,111.54","3,132.74","3,085.92","","-0.73%"
"08/16/2021","3,111.54","3,106.04","3,147.33","3,096.41","","0.18%"
"08/13/2021","3,106.04","3,082.42","3,135.06","3,069.03","","0.67%"
"08/12/2021","3,085.41","3,034.61","3,091.43","3,034.61","","1.69%"
"08/11/2021","3,034.19","3,035.26","3,056.45","3,028.47","","-0.04%"
"08/10/2021","3,035.26","3,064.96","3,074.03","3,035.26","","-1.01%"
"08/09/2021","3,066.35","3,091.20","3,098.48","3,055.64","","-0.78%"
"08/06/2021","3,090.30","3,070.86","3,099.75","3,068.76","","0.57%"
"08/05/2021","3,072.78","3,078.44","3,092.68","3,063.62","","-0.18%"
"08/04/2021","3,078.44","3,082.31","3,104.66","3,056.67","","-0.13%"
"08/03/2021","3,082.31","3,079.43","3,092.58","3,072.60","","0.21%"
"08/02/2021","3,075.98","3,086.66","3,108.45","3,073.90","","-0.35%"
"07/30/2021","3,086.66","3,100.03","3,126.66","3,086.66","","-0.43%"
"07/29/2021","3,100.03","3,082.30","3,127.11","3,082.30","","0.58%"
"07/28/2021","3,082.30","3,077.73","3,117.64","3,060.21","","0.14%"
"07/27/2021","3,078.13","3,105.00","3,136.76","3,068.97","","-0.87%"
"07/26/2021","3,105.00","3,115.36","3,138.64","3,071.39","","-0.33%"
"07/23/2021","3,115.36","3,137.80","3,153.92","3,098.07","","-0.72%"
"07/22/2021","3,137.80","3,151.32","3,182.45","3,126.30","","-0.33%"
"07/21/2021","3,148.05","3,174.28","3,196.06","3,137.12","","-0.83%"
"07/19/2021","3,174.28","3,193.04","3,205.86","3,174.28","","-0.59%"
"07/16/2021","3,193.04","3,175.38","3,210.41","3,172.92","","0.56%"
"07/15/2021","3,175.38","3,192.37","3,213.08","3,157.85","","-0.47%"
"07/14/2021","3,190.24","3,200.94","3,234.27","3,186.98","","-0.33%"
"07/13/2021","3,200.84","3,188.38","3,236.36","3,184.02","","0.39%"
"07/12/2021","3,188.38","3,263.95","3,264.62","3,186.36","","-2.32%"
"07/09/2021","3,263.95","3,287.59","3,287.56","3,244.17","","-0.44%"
"07/08/2021","3,278.51","3,295.75","3,313.88","3,259.85","","-0.52%"
"07/07/2021","3,295.75","3,313.99","3,331.30","3,272.55","","-0.92%"
"07/02/2021","3,326.20","3,300.79","3,340.39","3,289.62","","0.77%"
"07/01/2021","3,300.79","3,338.37","3,356.97","3,300.74","","-1.29%"
"06/30/2021","3,344.07","3,342.63","3,369.25","3,333.01","","0.04%"
"06/29/2021","3,342.63","3,348.57","3,373.37","3,336.21","","-0.17%"
"06/28/2021","3,348.39","3,329.27","3,370.39","3,315.93","","0.57%"
"06/25/2021","3,329.27","3,348.78","3,370.11","3,328.41","","-0.58%"
"06/24/2021","3,348.78","3,339.37","3,357.62","3,333.04","","0.26%"
"06/23/2021","3,340.21","3,358.37","3,363.37","3,320.49","","-0.49%"
"06/22/2021","3,356.79","3,342.85","3,365.84","3,340.16","","0.42%"
"06/21/2021","3,342.85","3,349.13","3,357.90","3,314.22","","-0.19%"
"06/18/2021","3,349.13","3,358.42","3,360.03","3,329.30","","-0.26%"
"06/17/2021","3,357.86","3,353.94","3,368.50","3,342.17","","0.14%"
"06/16/2021","3,353.32","3,343.53","3,356.42","3,333.64","","0.29%"
"06/15/2021","3,343.53","3,351.23","3,359.67","3,330.37","","-0.14%"
"06/14/2021","3,348.24","3,373.89","3,375.72","3,345.24","","-0.64%"
"06/11/2021","3,369.82","3,388.69","3,396.97","3,300.09","","-0.54%"
"06/10/2021","3,388.13","3,363.56","3,396.90","3,353.05","","0.82%"
"06/09/2021","3,360.48","3,369.62","3,381.07","3,267.02","","-1.72%"
"06/08/2021","3,419.21","3,421.26","3,421.26","3,399.95","","-0.06%"
"06/07/2021","3,421.27","3,413.54","3,426.07","3,394.13","","0.24%"
"06/04/2021","3,413.23","3,401.68","3,418.99","3,398.71","","0.37%"
"06/03/2021","3,400.74","3,378.25","3,406.32","3,374.06","","0.67%"
"06/02/2021","3,378.25","3,364.22","3,384.75","3,360.95","","0.40%"
"06/01/2021","3,364.66","3,382.51","3,398.03","3,360.18","","-0.50%"
"05/31/2021","3,381.66","3,372.46","3,392.64","3,361.34","","0.26%"
"05/28/2021","3,373.00","3,358.42","3,378.14","3,346.82","","0.58%"
"05/27/2021","3,353.61","3,358.52","3,374.92","3,328.74","","-0.15%"
"05/26/2021","3,358.52","3,362.12","3,370.58","3,344.46","","-0.11%"
"05/25/2021","3,362.12","3,363.99","3,374.90","3,348.95","","-0.07%"
"05/24/2021","3,364.60","3,365.01","3,368.32","3,344.51","","0.08%"
"05/21/2021","3,361.77","3,351.21","3,367.63","3,345.10","","0.32%"
"05/20/2021","3,351.21","3,355.51","3,364.11","3,347.67","","-0.13%"
"05/19/2021","3,355.51","3,349.52","3,363.53","3,336.75","","0.16%"
"05/18/2021","3,350.01","3,302.98","3,361.54","3,302.98","","0.82%"
"05/17/2021","3,322.75","3,299.91","3,324.63","3,299.91","","0.69%"
"05/14/2021","3,299.92","3,294.87","3,315.03","3,282.81","","0.15%"
"05/13/2021","3,294.87","3,312.28","3,333.05","3,294.87","","-0.53%"
"05/12/2021","3,312.28","3,296.93","3,318.92","3,286.68","","0.47%"
"05/11/2021","3,296.93","3,262.19","3,302.23","3,259.07","","1.06%"
"05/06/2021","3,262.19","3,248.68","3,264.53","3,238.80","","0.44%"
"05/05/2021","3,247.94","3,254.06","3,257.47","3,226.67","","-0.19%"
"05/04/2021","3,253.96","3,245.60","3,267.94","3,208.37","","0.34%"
"04/30/2021","3,242.81","3,245.97","3,250.67","3,202.59","","-0.07%"
"04/29/2021","3,245.15","3,241.01","3,262.40","3,203.47","","0.13%"
"04/28/2021","3,241.01","3,245.46","3,261.99","3,207.41","","-0.14%"
"04/27/2021","3,245.46","3,230.00","3,261.09","3,230.00","","0.47%"
"04/26/2021","3,230.13","3,238.85","3,289.16","3,120.54","","-0.17%"
"04/23/2021","3,235.74","3,197.51","3,247.21","3,161.72","","1.26%"
"04/22/2021","3,195.45","3,227.52","3,250.90","3,118.88","","-0.99%"
"04/21/2021","3,227.52","3,235.33","3,265.39","3,212.80","","-0.24%"
"04/20/2021","3,235.33","3,245.22","3,256.83","3,198.16","","-0.30%"
"04/19/2021","3,245.20","3,257.53","3,279.44","3,142.36","","-0.38%"
"04/16/2021","3,257.53","3,256.38","3,298.05","3,208.70","","0.04%"
"04/15/2021","3,256.15","3,228.83","3,290.61","3,228.83","","0.85%"
"04/14/2021","3,228.83","3,274.41","3,316.35","3,228.70","","-1.59%"
"04/13/2021","3,280.94","3,311.51","3,322.37","3,228.98","","-0.92%"
"04/12/2021","3,311.51","3,261.07","3,312.88","3,244.86","","1.56%"
"04/09/2021","3,260.79","3,214.83","3,283.31","3,209.80","","1.43%"
"04/08/2021","3,214.83","3,211.80","3,226.51","3,209.24","","0.08%"
"04/07/2021","3,212.33","3,193.43","3,228.07","3,193.43","","0.64%"
"04/06/2021","3,191.95","3,143.50","3,198.11","3,143.50","","1.47%"
"04/05/2021","3,145.71","3,143.78","3,151.70","3,128.40","","0.06%"
"04/02/2021","3,143.78","3,133.31","3,153.85","3,130.27","","0.33%"
"04/01/2021","3,133.31","3,111.67","3,136.50","3,098.69","","0.67%"
"03/31/2021","3,112.32","3,099.17","3,116.79","3,095.26","","0.42%"
"03/30/2021","3,099.17","3,097.92","3,111.14","3,091.09","","0.04%"
"03/29/2021","3,097.92","3,073.84","3,102.51","3,061.05","","0.78%"
"03/26/2021","3,073.84","3,061.33","3,099.65","3,050.05","","0.39%"
"03/25/2021","3,062.01","3,087.93","3,090.85","3,045.89","","-0.98%"
"03/19/2021","3,092.38","3,051.95","3,104.98","3,051.46","","1.31%"
"03/18/2021","3,052.26","3,020.09","3,066.90","3,009.75","","1.08%"
"03/17/2021","3,019.60","3,013.60","3,023.72","3,001.59","","0.28%"
"03/16/2021","3,011.30","2,988.30","3,019.00","2,975.92","","0.79%"
"03/15/2021","2,987.73","2,967.17","2,991.48","2,959.08","","0.83%"
"03/12/2021","2,963.03","2,962.82","2,972.00","2,919.68","","0.07%"
"03/11/2021","2,960.91","2,962.07","2,972.54","2,937.46","","-0.04%"
"03/10/2021","2,962.07","2,949.50","2,970.38","2,934.34","","0.43%"
"03/09/2021","2,949.51","2,939.33","2,956.66","2,910.96","","0.35%"
"03/05/2021","2,939.33","2,952.96","2,955.51","2,923.44","","-0.52%"
"03/04/2021","2,954.80","2,958.67","2,970.96","2,941.67","","-0.11%"
"03/03/2021","2,958.17","2,965.58","2,977.16","2,944.04","","-0.26%"
"03/02/2021","2,965.89","2,963.73","2,981.52","2,950.20","","0.04%"
"03/01/2021","2,964.58","2,957.76","2,965.85","2,933.01","","0.23%"
"02/26/2021","2,957.76","2,965.68","2,981.49","2,935.83","","-0.22%"
"02/25/2021","2,964.20","2,973.70","2,986.35","2,950.78","","-0.32%"
"02/24/2021","2,973.63","2,972.33","2,986.70","2,962.23","","0.04%"
"02/23/2021","2,972.33","2,962.75","3,000.45","2,962.75","","0.32%"
"02/22/2021","2,962.75","2,961.16","2,988.89","2,948.35","","0.21%"
"02/19/2021","2,956.63","2,977.59","2,977.59","2,928.85","","-0.67%"
"02/18/2021","2,976.56","2,984.64","2,995.50","2,966.51","","-0.27%"
"02/17/2021","2,984.72","2,946.07","2,989.64","2,940.73","","1.31%"
"02/16/2021","2,946.07","2,888.44","2,955.19","2,888.44","","1.99%"
"02/15/2021","2,888.70","2,858.41","2,895.24","2,841.16","","1.06%"
"02/12/2021","2,858.41","2,858.86","2,874.44","2,845.42","","-0.06%"
"02/11/2021","2,860.26","2,847.99","2,860.50","2,830.57","","0.40%"
"02/10/2021","2,848.87","2,847.48","2,870.57","2,828.99","","0.15%"
"02/09/2021","2,844.72","2,862.59","2,876.23","2,811.28","","-0.42%"
"02/08/2021","2,856.69","2,857.78","2,874.16","2,816.53","","-0.04%"
"02/05/2021","2,857.78","2,819.68","2,865.21","2,810.44","","1.45%"
"02/04/2021","2,816.92","2,798.12","2,833.17","2,789.80","","0.68%"
"02/03/2021","2,797.93","2,812.37","2,828.27","2,776.45","","-0.50%"
"02/02/2021","2,811.98","2,791.22","2,816.15","2,782.37","","0.74%"
"02/01/2021","2,791.22","2,800.62","2,805.53","2,782.16","","-0.31%"
"01/29/2021","2,799.92","2,794.00","2,801.90","2,775.71","","0.21%"
"01/28/2021","2,793.99","2,811.98","2,830.54","2,775.83","","-0.64%"
"01/27/2021","2,811.98","2,796.75","2,833.33","2,787.86","","0.54%"
"01/26/2021","2,796.75","2,817.99","2,825.11","2,784.77","","-0.75%"
"01/25/2021","2,817.99","2,814.33","2,826.10","2,793.06","","0.15%"
"01/22/2021","2,813.86","2,818.67","2,832.79","2,796.34","","-0.29%"
"01/21/2021","2,822.04","2,797.34","2,840.64","2,797.02","","0.91%"
"01/20/2021","2,796.72","2,815.08","2,847.48","2,782.16","","-0.65%"
"01/19/2021","2,815.12","2,831.64","2,832.54","2,785.58","","-0.60%"
"01/18/2021","2,832.16","2,848.22","2,853.39","2,823.23","","-0.61%"
"01/15/2021","2,849.54","2,858.01","2,872.44","2,844.74","","-0.29%"
"01/14/2021","2,857.71","2,803.89","2,860.32","2,803.89","","1.89%"
"01/13/2021","2,804.77","2,812.96","2,817.31","2,789.35","","-0.29%"
"01/12/2021","2,812.93","2,793.58","2,818.66","2,778.36","","0.69%"
"01/11/2021","2,793.58","2,781.39","2,809.45","2,779.96","","0.44%"
"01/08/2021","2,781.36","2,718.93","2,813.30","2,718.93","","2.32%"
"01/06/2021","2,718.29","2,711.65","2,730.17","2,697.01","","0.24%"
"01/05/2021","2,711.65","2,675.59","2,721.84","2,670.95","","1.35%"
"12/31/2020","2,675.58","2,678.25","2,689.91","2,666.86","","-0.10%"
"12/30/2020","2,678.37","2,662.55","2,686.14","2,654.78","","0.59%"
"12/29/2020","2,662.68","2,647.71","2,667.40","2,641.18","","0.57%"
"12/28/2020","2,647.67","2,640.29","2,651.32","2,637.18","","0.15%"
"12/25/2020","2,643.80","2,635.47","2,653.15","2,621.53","","0.51%"
"12/24/2020","2,630.27","2,618.10","2,634.61","2,607.73","","0.46%"
"12/23/2020","2,618.10","2,600.07","2,626.09","2,594.32","","0.72%"
"12/22/2020","2,599.29","2,617.39","2,621.65","2,586.77","","-0.71%"
"12/21/2020","2,617.81","2,610.25","2,642.96","2,589.35","","-0.04%"
"12/15/2020","2,618.76","2,621.85","2,630.04","2,609.33","","-0.10%"
"12/14/2020","2,621.36","2,617.79","2,626.64","2,609.37","","0.17%"
"12/11/2020","2,616.86","2,606.38","2,631.25","2,606.38","","0.40%"
"12/10/2020","2,606.38","2,622.14","2,628.69","2,600.98","","-0.60%"
"12/09/2020","2,622.14","2,629.26","2,640.75","2,609.66","","-0.27%"
"12/08/2020","2,629.21","2,611.47","2,642.85","2,603.75","","0.67%"
"12/07/2020","2,611.80","2,608.55","2,618.17","2,600.83","","0.09%"
"12/04/2020","2,609.35","2,622.26","2,626.07","2,603.67","","-0.50%"
"12/03/2020","2,622.40","2,608.09","2,623.01","2,591.47","","0.64%"
"12/02/2020","2,605.65","2,586.34","2,610.57","2,580.28","","0.75%"
"11/30/2020","2,586.34","2,586.99","2,591.82","2,564.21","","-0.03%"
"11/27/2020","2,587.10","2,573.13","2,589.09","2,570.50","","0.55%"
"11/26/2020","2,572.89","2,568.60","2,584.05","2,563.43","","0.16%"
"11/25/2020","2,568.72","2,575.85","2,585.50","2,563.45","","-0.28%"
"11/24/2020","2,575.85","2,572.37","2,583.97","2,561.98","","0.14%"
"11/23/2020","2,572.37","2,553.32","2,581.53","2,553.32","","0.74%"
"11/20/2020","2,553.40","2,552.18","2,565.44","2,544.04","","0.05%"
"11/19/2020","2,552.18","2,554.55","2,565.08","2,544.80","","-0.09%"
"11/18/2020","2,554.55","2,541.20","2,561.72","2,518.10","","0.57%"
"11/17/2020","2,540.16","2,519.66","2,547.99","2,517.09","","0.88%"
"11/16/2020","2,518.06","2,521.75","2,533.67","2,512.42","","-0.14%"
"11/13/2020","2,521.49","2,516.06","2,524.16","2,506.89","","0.07%"
"11/12/2020","2,519.73","2,500.30","2,521.39","2,499.81","","0.78%"
"11/11/2020","2,500.35","2,508.69","2,518.25","2,499.38","","-0.49%"
"11/10/2020","2,512.70","2,496.08","2,522.31","2,486.34","","0.70%"
"11/09/2020","2,495.29","2,489.67","2,496.73","2,478.47","","0.18%"
"11/06/2020","2,490.73","2,483.45","2,496.86","2,478.61","","0.29%"
"11/05/2020","2,483.64","2,488.00","2,493.38","2,473.06","","-0.18%"
"11/04/2020","2,488.00","2,473.18","2,496.23","2,473.18","","0.64%"
"11/03/2020","2,472.16","2,456.52","2,492.60","2,454.81","","0.72%"
"11/02/2020","2,454.55","2,456.40","2,465.39","2,443.34","","-0.10%"
"10/30/2020","2,456.93","2,470.23","2,471.31","2,444.29","","-0.42%"
"10/29/2020","2,467.40","2,467.31","2,477.25","2,443.87","","0.13%"
"10/28/2020","2,464.31","2,432.96","2,479.25","2,426.14","","1.25%"
"10/27/2020","2,433.87","2,448.23","2,452.80","2,433.02","","-0.59%"
"10/26/2020","2,448.24","2,457.10","2,466.59","2,447.96","","-0.49%"
"10/23/2020","2,460.38","2,459.43","2,476.18","2,444.88","","0.02%"
"10/22/2020","2,459.78","2,454.82","2,462.81","2,446.25","","0.22%"
"10/21/2020","2,454.30","2,448.50","2,456.07","2,439.88","","0.79%"
"10/20/2020","2,435.05","2,431.62","2,450.46","2,431.10","","0.14%"
"10/19/2020","2,431.56","2,431.16","2,461.92","2,403.75","","-0.09%"
"10/16/2020","2,433.74","2,434.71","2,450.10","2,423.95","","0.02%"
"10/15/2020","2,433.19","2,427.44","2,439.31","2,415.93","","0.39%"
"10/14/2020","2,423.79","2,427.20","2,435.96","2,405.21","","-0.14%"
"10/13/2020","2,427.21","2,426.54","2,438.08","2,418.71","","0.23%"
"10/12/2020","2,421.76","2,437.90","2,439.41","2,393.50","","-0.66%"
"10/09/2020","2,437.90","2,418.72","2,439.58","2,411.49","","0.80%"
"10/08/2020","2,418.47","2,425.45","2,431.33","2,412.02","","-0.35%"
"10/07/2020","2,426.88","2,403.35","2,429.42","2,397.72","","0.98%"
"10/06/2020","2,403.32","2,414.38","2,419.78","2,394.50","","-0.46%"
"10/05/2020","2,414.38","2,409.98","2,424.07","2,390.24","","0.09%"
"10/02/2020","2,412.14","2,413.49","2,425.54","2,401.95","","-0.18%"
"10/01/2020","2,416.38","2,426.93","2,442.27","2,412.64","","-0.36%"
"09/30/2020","2,425.16","2,427.96","2,436.79","2,410.94","","0.00%"
"09/29/2020","2,425.07","2,425.72","2,440.27","2,412.50","","-0.18%"
"09/28/2020","2,429.49","2,430.45","2,437.89","2,423.40","","-0.09%"
"09/25/2020","2,431.72","2,435.41","2,445.45","2,418.80","","-0.15%"
"09/24/2020","2,435.47","2,449.48","2,461.23","2,422.30","","-0.81%"
"09/23/2020","2,455.30","2,460.47","2,473.34","2,434.14","","-0.21%"
"09/22/2020","2,460.44","2,463.10","2,485.25","2,447.38","","-0.11%"
"09/21/2020","2,463.10","2,474.73","2,488.72","2,448.57","","-0.48%"
"09/18/2020","2,474.99","2,475.43","2,487.34","2,454.92","","0.20%"
"09/17/2020","2,470.05","2,481.80","2,488.80","2,459.47","","-0.44%"
"09/16/2020","2,480.99","2,464.22","2,482.43","2,451.78","","0.68%"
"09/15/2020","2,464.25","2,472.74","2,481.57","2,451.55","","-0.34%"
"09/14/2020","2,472.68","2,469.13","2,477.63","2,451.96","","0.21%"
"09/11/2020","2,467.55","2,467.29","2,474.46","2,454.18","","0.01%"
"09/10/2020","2,467.29","2,458.63","2,477.38","2,451.96","","0.30%"
"09/09/2020","2,459.98","2,476.98","2,481.14","2,450.51","","-0.71%"
"09/08/2020","2,477.67","2,464.12","2,485.03","2,460.89","","0.65%"
"09/07/2020","2,461.74","2,476.27","2,481.74","2,458.48","","-0.65%"
"09/04/2020","2,477.77","2,491.31","2,491.31","2,453.25","","-0.60%"
"09/03/2020","2,492.75","2,500.07","2,505.06","2,476.52","","-0.25%"
"09/02/2020","2,499.06","2,481.45","2,502.40","2,462.77","","0.57%"
"09/01/2020","2,484.97","2,474.01","2,490.94","2,464.85","","0.37%"
"08/28/2020","2,475.71","2,466.12","2,476.41","2,447.19","","0.41%"
"08/27/2020","2,465.50","2,441.09","2,470.18","2,441.09","","1.00%"
"08/26/2020","2,441.09","2,435.72","2,446.19","2,431.26","","0.44%"
"08/25/2020","2,430.44","2,434.37","2,443.54","2,422.80","","-0.18%"
"08/24/2020","2,434.77","2,431.53","2,443.28","2,414.11","","0.14%"
"08/21/2020","2,431.42","2,442.51","2,454.50","2,421.69","","0.10%"
"08/20/2020","2,428.92","2,446.89","2,447.92","2,423.62","","-0.83%"
"08/19/2020","2,449.20","2,425.44","2,449.20","2,407.87","","1.12%"
"08/18/2020","2,422.01","2,440.67","2,446.63","2,418.42","","-0.25%"
"08/17/2020","2,428.16","2,424.85","2,446.43","2,407.55","","0.05%"
"08/14/2020","2,427.03","2,436.76","2,439.93","2,416.76","","-0.29%"
"08/13/2020","2,434.04","2,428.44","2,450.60","2,423.38","","0.27%"
"08/12/2020","2,427.45","2,435.65","2,442.51","2,419.33","","-0.34%"
"08/11/2020","2,435.65","2,413.12","2,442.83","2,400.76","","0.94%"
"08/10/2020","2,413.08","2,440.47","2,448.35","2,406.28","","-1.12%"
"08/07/2020","2,440.47","2,438.69","2,447.51","2,427.99","","-0.34%"
"08/06/2020","2,448.70","2,451.48","2,462.17","2,433.64","","0.32%"
"08/05/2020","2,440.81","2,431.54","2,456.43","2,427.03","","0.27%"
"08/04/2020","2,434.31","2,432.26","2,464.44","2,419.70","","0.61%"
"08/03/2020","2,419.55","2,443.89","2,443.92","2,415.87","","-1.07%"
"07/30/2020","2,445.81","2,432.37","2,452.62","2,431.46","","0.55%"
"07/29/2020","2,432.37","2,422.65","2,442.65","2,418.36","","0.40%"
"07/28/2020","2,422.62","2,420.28","2,446.54","2,413.72","","0.13%"
"07/27/2020","2,419.57","2,410.75","2,437.98","2,405.13","","0.47%"
"07/24/2020","2,408.16","2,430.11","2,439.14","2,407.65","","-0.90%"
"07/23/2020","2,430.11","2,417.18","2,442.16","2,410.90","","0.53%"
"07/22/2020","2,417.18","2,414.72","2,431.71","2,400.83","","-0.48%"
"07/21/2020","2,428.73","2,429.00","2,431.52","2,379.15","","-0.01%"
"07/20/2020","2,429.00","2,438.37","2,440.59","2,409.84","","-0.38%"
"07/17/2020","2,438.37","2,420.94","2,446.72","2,420.32","","0.52%"
"07/16/2020","2,425.84","2,426.83","2,431.70","2,405.31","","-0.04%"
"07/15/2020","2,426.81","2,400.36","2,429.68","2,393.34","","1.10%"
"07/14/2020","2,400.36","2,406.37","2,413.78","2,388.23","","-0.25%"
"07/13/2020","2,406.30","2,387.08","2,421.39","2,381.30","","0.90%"
"07/10/2020","2,384.89","2,403.19","2,406.88","2,337.11","","-0.76%"
"07/09/2020","2,403.19","2,377.06","2,410.30","2,367.66","","1.00%"
"07/08/2020","2,379.41","2,364.14","2,385.19","2,346.95","","0.65%"
"07/07/2020","2,364.14","2,376.79","2,381.26","2,356.94","","-0.50%"
"07/03/2020","2,376.04","2,383.45","2,389.47","2,368.72","","-0.31%"
"07/02/2020","2,383.45","2,357.83","2,392.66","2,346.08","","1.09%"
"07/01/2020","2,357.82","2,344.07","2,363.72","2,333.70","","0.62%"
"06/30/2020","2,343.21","2,352.41","2,360.87","2,336.33","","-0.39%"
"06/29/2020","2,352.41","2,350.06","2,358.04","2,328.49","","0.10%"
"06/26/2020","2,350.17","2,370.30","2,376.23","2,340.42","","-0.85%"
"06/25/2020","2,370.30","2,372.93","2,381.87","2,354.66","","-0.24%"
"06/24/2020","2,376.01","2,363.53","2,382.08","2,349.83","","0.50%"
"06/23/2020","2,364.23","2,338.13","2,364.23","2,329.35","","1.13%"
"06/22/2020","2,337.74","2,338.46","2,345.94","2,322.59","","-0.28%"
"06/19/2020","2,344.28","2,323.37","2,347.00","2,322.13","","0.76%"
"06/18/2020","2,326.70","2,310.09","2,327.86","2,296.81","","0.72%"
"06/17/2020","2,310.13","2,310.63","2,319.59","2,299.96","","-0.14%"
"06/16/2020","2,313.37","2,287.46","2,320.44","2,282.03","","1.13%"
"06/15/2020","2,287.46","2,279.18","2,294.53","2,246.66","","0.43%"
"06/12/2020","2,277.67","2,306.81","2,306.81","2,269.77","","-1.23%"
"06/11/2020","2,306.08","2,297.27","2,314.26","2,278.22","","0.09%"
"06/10/2020","2,303.96","2,310.35","2,321.83","2,259.71","","-0.28%"
"06/09/2020","2,310.35","2,330.29","2,331.86","2,297.54","","-0.99%"
"06/08/2020","2,333.48","2,323.59","2,336.90","2,302.51","","0.44%"
"06/05/2020","2,323.36","2,312.33","2,329.45","2,300.30","","0.51%"
"06/04/2020","2,311.62","2,312.08","2,337.45","2,285.17","","0.74%"
"06/03/2020","2,294.66","2,325.75","2,335.50","2,274.52","","-1.34%"
"06/02/2020","2,325.75","2,323.48","2,329.56","2,294.95","","0.10%"
"06/01/2020","2,323.48","2,323.49","2,337.12","2,297.71","","-0.06%"
"05/29/2020","2,324.92","2,309.60","2,328.09","2,282.59","","0.51%"
"05/28/2020","2,313.21","2,304.04","2,318.35","2,272.39","","0.40%"
"05/27/2020","2,304.04","2,284.95","2,304.04","2,272.82","","0.47%"
"05/26/2020","2,293.33","2,282.02","2,299.41","2,273.10","","0.62%"
"05/25/2020","2,279.31","2,290.27","2,294.95","2,261.60","","-0.64%"
"05/22/2020","2,293.95","2,302.62","2,306.80","2,276.60","","-0.28%"
"05/21/2020","2,300.49","2,293.28","2,317.38","2,286.69","","0.41%"
"05/20/2020","2,290.99","2,285.34","2,295.56","2,275.33","","0.75%"
"05/19/2020","2,273.92","2,270.86","2,290.95","2,255.56","","0.15%"
"05/18/2020","2,270.50","2,264.70","2,277.80","2,240.58","","0.20%"
"05/15/2020","2,265.86","2,248.10","2,265.87","2,233.95","","0.89%"
"05/14/2020","2,245.82","2,254.17","2,264.24","2,229.88","","-0.38%"
"05/13/2020","2,254.38","2,271.84","2,272.09","2,241.77","","-0.63%"
"05/12/2020","2,268.77","2,276.02","2,286.21","2,259.94","","-0.12%"
"05/11/2020","2,271.51","2,277.04","2,286.57","2,255.24","","-0.24%"
"05/06/2020","2,277.04","2,280.55","2,289.38","2,265.21","","-0.15%"
"05/05/2020","2,280.55","2,261.68","2,280.58","2,261.38","","0.62%"
"05/04/2020","2,266.45","2,267.46","2,281.48","2,242.03","","-0.37%"
"04/30/2020","2,274.98","2,250.78","2,280.34","2,243.40","","1.08%"
"04/29/2020","2,250.77","2,263.86","2,269.99","2,247.96","","-0.54%"
"04/28/2020","2,262.99","2,272.51","2,285.12","2,258.14","","-0.38%"
"04/27/2020","2,271.60","2,270.41","2,288.77","2,259.86","","0.07%"
"04/24/2020","2,269.95","2,254.60","2,281.42","2,250.08","","0.63%"
"04/23/2020","2,255.83","2,234.42","2,269.57","2,233.45","","0.83%"
"04/22/2020","2,237.20","2,257.20","2,257.20","2,187.60","","-0.89%"
"04/21/2020","2,257.20","2,273.46","2,283.85","2,251.45","","-0.99%"
"04/20/2020","2,279.88","2,255.74","2,287.57","2,252.68","","0.82%"
"04/17/2020","2,261.31","2,261.49","2,293.76","2,247.43","","-0.22%"
"04/16/2020","2,266.39","2,267.38","2,271.26","2,235.26","","-0.04%"
"04/15/2020","2,267.38","2,283.05","2,292.95","2,255.86","","-0.28%"
"04/14/2020","2,273.74","2,257.80","2,276.10","2,257.80","","0.64%"
"04/13/2020","2,259.20","2,249.72","2,273.76","2,241.72","","0.42%"
"04/10/2020","2,249.72","2,243.54","2,266.25","2,243.54","","0.28%"
"04/09/2020","2,243.54","2,254.54","2,255.35","2,230.09","","-0.44%"
"04/08/2020","2,253.53","2,214.95","2,253.53","2,197.19","","1.75%"
"04/07/2020","2,214.78","2,227.75","2,238.84","2,212.30","","-0.37%"
"04/06/2020","2,222.90","2,220.69","2,233.46","2,203.63","","0.61%"
"04/03/2020","2,209.51","2,211.06","2,219.25","2,174.36","","-0.34%"
"04/02/2020","2,217.10","2,212.70","2,253.83","2,181.92","","0.20%"
"04/01/2020","2,212.62","2,224.51","2,240.76","2,208.25","","-0.52%"
"03/31/2020","2,224.17","2,173.61","2,224.17","2,144.92","","2.24%"
"03/30/2020","2,175.54","2,157.62","2,176.48","2,145.25","","0.93%"
"03/27/2020","2,155.58","2,150.75","2,166.48","2,145.74","","0.57%"
"03/26/2020","2,143.38","2,149.85","2,172.21","2,123.35","","-0.27%"
"03/20/2020","2,149.09","2,116.54","2,159.55","2,113.79","","1.82%"
"03/19/2020","2,110.59","2,098.06","2,119.69","2,059.19","","0.25%"
"03/18/2020","2,105.43","2,079.53","2,105.43","2,060.64","","1.73%"
"03/17/2020","2,069.66","2,057.19","2,104.43","2,048.11","","0.68%"
"03/16/2020","2,055.72","2,093.39","2,113.11","2,027.90","","-2.23%"
"03/13/2020","2,102.68","2,108.85","2,108.85","2,017.26","","-0.05%"
"03/12/2020","2,103.64","2,149.97","2,146.10","2,095.51","","-2.54%"
"03/11/2020","2,158.49","2,132.56","2,158.49","2,108.05","","0.90%"
"03/10/2020","2,139.18","2,241.50","2,241.50","2,080.88","","-4.77%"
"03/06/2020","2,246.39","2,260.60","2,269.74","2,240.13","","-0.88%"
"03/05/2020","2,266.44","2,285.38","2,292.61","2,260.97","","-0.83%"
"03/04/2020","2,285.38","2,281.82","2,292.80","2,255.75","","0.20%"
"03/03/2020","2,280.76","2,234.32","2,280.76","2,234.32","","2.05%"
"03/02/2020","2,235.01","2,223.17","2,261.71","2,201.28","","0.56%"
"02/28/2020","2,222.59","2,302.27","2,302.27","2,208.57","","-3.48%"
"02/27/2020","2,302.72","2,304.64","2,306.87","2,283.20","","-0.09%"
"02/26/2020","2,304.73","2,331.01","2,335.54","2,293.37","","-1.40%"
"02/25/2020","2,337.39","2,335.90","2,341.68","2,323.79","","0.07%"
"02/24/2020","2,335.79","2,373.11","2,378.97","2,326.13","","-1.66%"
"02/21/2020","2,375.10","2,390.16","2,394.52","2,366.12","","-0.26%"
"02/20/2020","2,381.23","2,338.33","2,386.84","2,338.33","","1.74%"
"02/19/2020","2,340.49","2,336.63","2,348.39","2,333.69","","0.19%"
"02/18/2020","2,335.96","2,343.12","2,344.44","2,334.13","","-0.25%"
"02/17/2020","2,341.93","2,322.17","2,346.15","2,322.17","","0.86%"
"02/14/2020","2,322.02","2,322.67","2,339.62","2,322.02","","-0.02%"
"02/13/2020","2,322.50","2,316.40","2,322.50","2,311.86","","0.26%"
"02/12/2020","2,316.42","2,314.30","2,333.16","2,296.99","","0.10%"
"02/11/2020","2,314.16","2,330.52","2,330.99","2,296.58","","-0.70%"
"02/10/2020","2,330.54","2,342.68","2,344.45","2,320.88","","-0.49%"
"02/07/2020","2,342.09","2,321.77","2,349.16","2,321.77","","0.86%"
"02/06/2020","2,322.05","2,322.84","2,347.57","2,316.23","","-0.02%"
"02/05/2020","2,322.44","2,314.46","2,332.18","2,305.01","","0.35%"
"02/04/2020","2,314.45","2,311.21","2,315.07","2,296.94","","0.61%"
"02/03/2020","2,300.36","2,300.53","2,310.47","2,277.99","","0.05%"
"01/31/2020","2,299.25","2,287.51","2,318.05","2,285.22","","0.51%"
"01/30/2020","2,287.51","2,300.54","2,301.62","2,278.67","","-0.51%"
"01/29/2020","2,299.22","2,275.49","2,300.28","2,261.33","","1.06%"
"01/28/2020","2,275.08","2,257.56","2,275.49","2,248.34","","0.78%"
"01/27/2020","2,257.55","2,275.64","2,289.57","2,255.82","","-0.87%"
"01/24/2020","2,277.42","2,310.73","2,310.73","2,275.37","","-1.55%"
"01/23/2020","2,313.33","2,342.61","2,343.61","2,276.50","","-1.25%"
"01/22/2020","2,342.61","2,345.54","2,364.21","2,339.11","","-0.13%"
"01/21/2020","2,345.57","2,379.32","2,383.43","2,333.15","","-1.55%"
"01/20/2020","2,382.60","2,375.60","2,385.88","2,373.50","","0.29%"
"01/17/2020","2,375.60","2,381.84","2,391.77","2,370.72","","-0.24%"
"01/16/2020","2,381.28","2,391.37","2,397.34","2,377.63","","-0.42%"
"01/15/2020","2,391.37","2,388.21","2,405.16","2,379.75","","0.22%"
"01/14/2020","2,386.04","2,371.34","2,406.36","2,371.34","","0.76%"
"01/13/2020","2,368.07","2,365.21","2,388.52","2,364.30","","0.20%"
"01/10/2020","2,363.46","2,362.12","2,381.05","2,362.12","","0.05%"
"01/09/2020","2,362.17","2,354.19","2,372.30","2,347.01","","0.39%"
"01/08/2020","2,352.99","2,359.89","2,366.85","2,337.64","","-0.26%"
"01/06/2020","2,359.14","2,370.14","2,378.64","2,351.79","","-0.20%"
"12/31/2019","2,363.79","2,397.06","2,397.06","2,351.89","","-1.39%"
"12/30/2019","2,397.20","2,359.84","2,397.20","2,347.82","","1.54%"
"12/27/2019","2,360.94","2,346.91","2,363.02","2,331.12","","0.60%"
"12/26/2019","2,346.91","2,344.55","2,350.64","2,338.00","","0.14%"
"12/25/2019","2,343.66","2,338.60","2,354.49","2,337.64","","0.22%"
"12/24/2019","2,338.60","2,336.83","2,355.70","2,328.77","","0.00%"
"12/23/2019","2,338.56","2,327.98","2,340.87","2,313.73","","0.45%"
"12/20/2019","2,327.98","2,338.91","2,344.78","2,321.87","","-0.35%"
"12/19/2019","2,336.21","2,320.61","2,338.08","2,320.61","","0.71%"
"12/18/2019","2,319.72","2,324.54","2,354.44","2,308.96","","-0.22%"
"12/13/2019","2,324.80","2,302.66","2,334.04","2,291.85","","1.06%"
"12/12/2019","2,300.44","2,302.94","2,321.16","2,294.23","","-0.16%"
"12/11/2019","2,304.04","2,303.47","2,315.58","2,293.00","","-0.10%"
"12/10/2019","2,306.25","2,295.23","2,313.41","2,284.96","","0.11%"
"12/09/2019","2,303.76","2,313.60","2,328.92","2,288.81","","-0.02%"
"12/06/2019","2,304.15","2,296.18","2,311.86","2,297.93","","0.01%"
"12/05/2019","2,303.84","2,295.68","2,307.39","2,288.12","","0.31%"
"12/04/2019","2,296.78","2,276.80","2,305.39","2,273.83","","0.78%"
"12/03/2019","2,278.93","2,318.56","2,322.78","2,277.93","","-1.70%"
"11/29/2019","2,318.23","2,330.13","2,333.86","2,306.10","2.13B","-0.40%"
"11/28/2019","2,327.47","2,327.42","2,333.22","2,317.90","2.13B","0.00%"
"11/27/2019","2,327.42","2,317.75","2,331.34","2,314.57","2.12B","0.42%"
"11/26/2019","2,317.75","2,309.56","2,327.96","2,300.16","2.15B","0.06%"
"11/25/2019","2,316.36","2,309.56","2,319.84","2,307.95","2.13B","0.10%"
"11/22/2019","2,313.95","2,319.39","2,319.39","2,304.83","2.15B","0.02%"
"11/21/2019","2,313.53","2,319.39","2,319.39","2,311.95","2.14B","0.26%"
"11/20/2019","2,307.64","2,319.39","2,319.39","2,307.64","1.99B","-0.20%"
"11/19/2019","2,312.20","2,318.16","2,330.00","2,305.45","2.15B","-0.30%"
"11/18/2019","2,319.22","2,328.25","2,330.85","2,309.80","2.12B","-0.48%"
"11/15/2019","2,330.29","2,334.48","2,334.48","2,319.93","2.11B","-0.11%"
"11/14/2019","2,332.86","2,314.10","2,333.41","2,313.21","2.14B","0.85%"
"11/13/2019","2,313.21","2,319.93","2,326.12","2,303.47","2.13B","-0.29%"
"11/12/2019","2,319.93","2,302.81","2,319.93","2,296.72","2.14B","0.67%"
"11/11/2019","2,304.45","2,318.88","2,319.04","2,298.24","1.89B","-0.62%"
"11/08/2019","2,318.89","2,309.37","2,318.92","2,296.46","2.14B","0.32%"
"11/07/2019","2,311.41","2,289.32","2,317.07","2,282.93","2.12B","1.02%"
"11/06/2019","2,288.00","2,288.30","2,295.69","2,279.67","2.13B","0.13%"
"11/05/2019","2,284.95","2,280.63","2,297.48","2,266.35","2.12B","0.20%"
"11/04/2019","2,280.33","2,256.46","2,284.74","2,251.70","1.89B","1.06%"
"11/01/2019","2,256.38","2,251.93","2,264.76","2,248.41","2.09B","0.29%"
"10/31/2019","2,249.89","2,249.63","2,269.42","2,236.71","2.11B","0.06%"
"10/30/2019","2,248.53","2,242.80","2,257.33","2,242.80","2.14B","0.25%"
"10/29/2019","2,243.01","2,243.21","2,253.89","2,231.86","2.14B","0.05%"
"10/28/2019","2,241.95","2,241.71","2,248.39","2,234.19","2.14B","0.02%"
"10/25/2019","2,241.56","2,244.58","2,248.76","2,230.38","2.15B","-0.18%"
"10/24/2019","2,245.68","2,225.70","2,246.80","2,212.64","2.13B","0.91%"
"10/23/2019","2,225.45","2,227.07","2,230.96","2,207.52","2.12B","0.09%"
"10/22/2019","2,223.39","2,221.54","2,242.27","2,217.41","2.14B","0.01%"
"10/21/2019","2,223.17","2,194.35","2,223.17","2,192.01","2.13B","1.31%"
"10/18/2019","2,194.35","2,197.86","2,202.01","2,187.67","2.13B","-0.16%"
"10/17/2019","2,197.86","2,189.26","2,197.86","2,176.87","2.12B","0.39%"
"10/16/2019","2,189.26","2,188.97","2,194.82","2,177.03","2.12B","0.16%"
"10/15/2019","2,185.66","2,191.63","2,197.85","2,179.51","2.14B","-0.15%"
"10/14/2019","2,189.02","2,180.75","2,196.13","2,160.51","2.13B","0.45%"
"10/11/2019","2,179.13","2,183.78","2,195.01","2,178.14","2.14B","-0.22%"
"10/10/2019","2,184.01","2,171.28","2,184.01","2,167.44","1.31B","0.51%"
"10/09/2019","2,172.88","2,159.73","2,175.90","2,154.07","2.13B","0.61%"
"10/08/2019","2,159.71","2,172.01","2,176.14","2,154.25","2.11B","-0.35%"
"10/07/2019","2,167.31","2,162.54","2,172.37","2,160.04","2.14B","0.31%"
"10/04/2019","2,160.67","2,151.34","2,161.31","2,144.87","2.11B","0.12%"
"10/03/2019","2,158.12","2,172.19","2,172.19","2,143.56","2.12B","-0.65%"
"10/02/2019","2,172.19","2,173.97","2,174.05","2,163.60","1.78B","0.09%"
"10/01/2019","2,170.14","2,171.96","2,179.73","2,160.36","2.15B","-0.04%"
"09/30/2019","2,170.90","2,166.67","2,176.91","2,152.23","2.11B","0.03%"
"09/27/2019","2,170.22","2,174.84","2,200.47","2,168.04","2.07B","0.22%"
"09/26/2019","2,165.42","2,173.48","2,177.15","2,153.53","2.15B","-0.10%"
"09/25/2019","2,167.50","2,172.16","2,174.14","2,159.69","2.12B","-0.21%"
"09/24/2019","2,172.16","2,184.94","2,193.49","2,154.60","2.14B","-0.56%"
"09/23/2019","2,184.31","2,195.64","2,196.64","2,176.52","2.12B","-0.39%"
"09/20/2019","2,192.94","2,187.44","2,195.68","2,181.99","2.14B","0.28%"
"09/19/2019","2,186.91","2,189.55","2,195.29","2,181.30","2.12B","-0.08%"
"09/18/2019","2,188.76","2,181.14","2,192.12","2,176.96","2.14B","0.29%"
"09/17/2019","2,182.44","2,188.10","2,192.28","2,178.67","2.13B","-0.26%"
"09/16/2019","2,188.10","2,189.10","2,192.24","2,181.24","2.13B","-0.05%"
"09/13/2019","2,189.09","2,190.65","2,198.05","2,184.53","2.09B","-0.02%"
"09/12/2019","2,189.42","2,176.49","2,195.40","2,176.49","2.14B","0.68%"
"09/11/2019","2,174.65","2,156.90","2,179.77","2,149.61","2.13B","0.83%"
"09/10/2019","2,156.65","2,174.36","2,180.19","2,155.69","2.13B","-0.82%"
"09/09/2019","2,174.38","2,178.26","2,183.41","2,161.50","2.12B","-0.18%"
"09/06/2019","2,178.29","2,176.61","2,184.75","2,168.91","2.12B","0.12%"
"09/05/2019","2,175.71","2,155.74","2,177.51","2,155.74","2.12B","0.93%"
"09/04/2019","2,155.74","2,156.87","2,166.11","2,144.55","2.14B","0.01%"
"09/03/2019","2,155.56","2,183.99","2,189.08","2,154.01","2.12B","-1.22%"
"09/02/2019","2,182.11","2,172.83","2,190.60","2,147.94","2.13B","0.36%"
"08/29/2019","2,174.36","2,157.42","2,178.44","2,141.78","2.12B","0.79%"
"08/28/2019","2,157.42","2,151.06","2,161.35","2,139.60","2.11B","0.30%"
"08/27/2019","2,151.06","2,139.68","2,151.10","2,132.16","2.12B","0.53%"
"08/26/2019","2,139.68","2,150.92","2,155.32","2,132.62","2.14B","-0.38%"
"08/23/2019","2,147.88","2,148.52","2,153.25","2,140.80","2.13B","0.00%"
"08/22/2019","2,147.88","2,145.94","2,147.94","2,135.86","2.12B","0.09%"
"08/21/2019","2,145.94","2,152.47","2,160.67","2,140.70","2.07B","-0.35%"
"08/20/2019","2,153.52","2,148.49","2,155.16","2,133.27","1.88B","0.47%"
"08/19/2019","2,143.40","2,158.99","2,159.80","2,137.82","175.13M","-0.72%"
"08/16/2019","2,158.99","2,165.54","2,171.01","2,135.89","229.72M","-0.36%"
"08/15/2019","2,166.78","2,202.21","2,205.52","2,158.89","250.19M","-1.61%"
"08/14/2019","2,202.22","2,214.18","2,216.66","2,201.26","2.11B","-0.56%"
"08/13/2019","2,214.72","2,208.12","2,220.36","2,201.26","2.09B","0.30%"
"08/12/2019","2,208.04","2,221.21","2,226.03","2,203.38","2.14B","-0.59%"
"08/09/2019","2,221.21","2,225.01","2,244.49","2,208.56","2.15B","-0.15%"
"08/08/2019","2,224.57","2,219.30","2,232.36","2,204.78","2.13B","0.22%"
"08/07/2019","2,219.64","2,221.53","2,222.74","2,202.06","2.14B","-0.14%"
"08/06/2019","2,222.74","2,209.52","2,234.19","2,198.87","2.10B","0.27%"
"08/05/2019","2,216.86","2,248.90","2,248.90","2,202.42","2.14B","-1.35%"
"08/02/2019","2,247.25","2,279.93","2,286.72","2,247.25","2.15B","-1.16%"
"08/01/2019","2,273.71","2,275.65","2,279.34","2,261.58","2.11B","0.00%"
"07/31/2019","2,273.64","2,274.35","2,283.76","2,261.66","2.13B","0.02%"
"07/30/2019","2,273.22","2,271.98","2,275.33","2,251.33","157.44M","0.14%"
"07/29/2019","2,270.01","2,265.26","2,274.59","2,258.20","2.13B","0.21%"
"07/26/2019","2,265.21","2,275.36","2,275.36","2,250.08","1.91B","-0.45%"
"07/25/2019","2,275.36","2,256.80","2,275.50","2,245.75","2.14B","0.82%"
"07/24/2019","2,256.80","2,263.37","2,274.30","2,242.49","2.13B","-0.29%"
"07/23/2019","2,263.37","2,263.43","2,268.51","2,246.62","2.12B","0.00%"
"07/22/2019","2,263.43","2,250.05","2,271.66","2,244.61","2.12B","0.19%"
"07/19/2019","2,259.23","2,256.50","2,269.44","2,253.29","2.11B","0.34%"
"07/18/2019","2,251.52","2,280.81","2,288.41","2,246.25","2.15B","-1.28%"
"07/17/2019","2,280.81","2,280.18","2,289.76","2,271.27","2.13B","0.01%"
"07/16/2019","2,280.65","2,292.48","2,299.17","2,276.19","2.13B","-0.52%"
"07/15/2019","2,292.48","2,284.67","2,293.45","2,273.52","2.13B","0.62%"
"07/12/2019","2,278.34","2,283.28","2,290.86","2,274.10","2.12B","-0.19%"
"07/11/2019","2,282.71","2,272.98","2,289.92","2,272.38","123.53M","0.50%"
"07/10/2019","2,271.34","2,285.63","2,288.06","2,259.72","610.00K","-0.63%"
"07/09/2019","2,285.64","2,296.45","2,312.55","2,274.77","1.58B","-0.47%"
"07/05/2019","2,296.45","2,283.65","2,304.12","2,283.63","48.44M","0.56%"
"07/04/2019","2,283.65","2,282.51","2,292.37","2,276.60","27.41M","0.05%"
"07/03/2019","2,282.51","2,283.25","2,284.84","2,259.59","2.13B","0.03%"
"07/02/2019","2,281.86","2,291.01","2,298.11","2,271.15","2.14B","-0.22%"
"07/01/2019","2,286.96","2,290.50","2,308.95","2,282.92","2.12B","-0.09%"
"06/28/2019","2,289.00","2,275.76","2,296.33","2,264.01","2.12B","0.66%"
"06/27/2019","2,273.91","2,260.89","2,276.97","2,246.92","2.13B","0.38%"
"06/26/2019","2,265.34","2,244.64","2,276.03","2,236.50","2.14B","0.85%"
"06/25/2019","2,246.25","2,246.74","2,254.03","2,228.96","2.14B","-0.02%"
"06/24/2019","2,246.73","2,279.98","2,287.99","2,243.41","2.14B","-1.46%"
"06/21/2019","2,279.91","2,266.40","2,282.33","2,264.06","2.13B","0.60%"
"06/20/2019","2,266.40","2,248.01","2,278.06","2,247.84","2.12B","0.83%"
"06/19/2019","2,247.84","2,244.33","2,263.24","2,242.97","2.14B","0.25%"
"06/18/2019","2,242.15","2,222.56","2,246.39","2,222.56","2.10B","0.78%"
"06/17/2019","2,224.73","2,230.07","2,236.38","2,220.37","1.16B","-0.39%"
"06/14/2019","2,233.40","2,220.21","2,233.41","2,219.72","2.12B","0.60%"
"06/13/2019","2,220.08","2,215.13","2,227.67","2,212.38","2.13B","0.22%"
"06/12/2019","2,215.12","2,214.50","2,226.42","2,208.24","2.14B","-0.21%"
"06/11/2019","2,219.83","2,196.98","2,222.47","2,196.98","2.14B","1.33%"
"06/10/2019","2,190.75","2,197.06","2,204.28","2,184.81","2.13B","-0.20%"
"06/07/2019","2,195.22","2,186.47","2,209.99","2,175.51","2.13B","0.72%"
"06/06/2019","2,179.48","2,215.27","2,216.25","2,172.43","2.12B","-1.60%"
"06/05/2019","2,214.84","2,214.41","2,239.11","2,207.35","2.14B","0.06%"
"06/04/2019","2,213.60","2,212.00","2,231.31","2,204.25","2.13B","0.07%"
"06/03/2019","2,212.04","2,256.65","2,258.23","2,199.23","2.12B","-1.98%"
"05/31/2019","2,256.68","2,257.40","2,263.73","2,247.74","2.14B","-0.03%"
"05/30/2019","2,257.40","2,260.56","2,273.88","2,254.62","2.13B","-0.27%"
"05/29/2019","2,263.56","2,275.82","2,276.46","2,256.69","2.14B","-0.39%"
"05/28/2019","2,272.36","2,271.98","2,288.40","2,267.59","2.08B","-0.12%"
"05/27/2019","2,275.18","2,266.12","2,283.02","2,266.12","2.13B","0.45%"
"05/24/2019","2,265.00","2,284.35","2,287.06","2,265.00","2.12B","-0.85%"
"05/23/2019","2,284.35","2,290.53","2,293.92","2,265.87","2.14B","-0.21%"
"05/22/2019","2,289.14","2,304.94","2,304.94","2,274.23","2.11B","-0.54%"
"05/21/2019","2,301.65","2,299.16","2,325.92","2,298.89","2.14B","0.05%"
"05/20/2019","2,300.40","2,302.42","2,332.38","2,298.75","2.11B","-0.12%"
"05/17/2019","2,303.15","2,311.58","2,311.58","2,295.39","2.12B","-0.35%"
"05/16/2019","2,311.30","2,287.90","2,317.24","2,287.90","2.14B","0.86%"
"05/15/2019","2,291.50","2,290.59","2,301.64","2,278.36","2.15B","0.25%"
"05/14/2019","2,285.87","2,318.85","2,320.66","2,269.70","2.11B","-1.49%"
"05/13/2019","2,320.45","2,324.02","2,324.08","2,306.82","2.11B","-0.28%"
"05/08/2019","2,326.87","2,333.01","2,342.47","2,308.47","2.14B","-0.32%"
"05/06/2019","2,334.30","2,340.73","2,342.96","2,309.63","2.12B","0.94%"
"05/03/2019","2,312.67","2,314.24","2,317.84","2,293.63","1.97B","0.11%"
"05/02/2019","2,310.13","2,333.58","2,337.31","2,303.73","2.10B","-0.99%"
"04/30/2019","2,333.17","2,340.50","2,349.58","2,321.26","2.15B","-0.06%"
"04/29/2019","2,334.62","2,340.50","2,349.52","2,321.26","2.14B","-0.25%"
"04/26/2019","2,340.50","2,330.91","2,344.39","2,319.63","2.13B","0.32%"
"04/25/2019","2,333.03","2,400.75","2,403.47","2,303.29","2.12B","-2.87%"
"04/24/2019","2,402.02","2,403.20","2,410.09","2,387.67","2.13B","-0.05%"
"04/23/2019","2,403.20","2,387.02","2,404.96","2,379.20","2.13B","0.67%"
"04/22/2019","2,387.22","2,374.55","2,395.26","2,371.75","2.14B","0.19%"
"04/19/2019","2,382.69","2,399.44","2,401.98","2,345.99","2.12B","-0.69%"
"04/18/2019","2,399.20","2,429.22","2,429.22","2,381.50","2.12B","-1.13%"
"04/17/2019","2,426.73","2,449.34","2,464.27","2,403.49","2.10B","-0.85%"
"04/16/2019","2,447.45","2,515.42","2,516.31","2,446.24","2.11B","-2.70%"
"04/15/2019","2,515.32","2,499.85","2,518.62","2,493.14","2.09B","0.63%"
"04/12/2019","2,499.55","2,484.72","2,504.75","2,482.48","2.10B","0.60%"
"04/11/2019","2,484.72","2,507.71","2,515.38","2,483.31","2.12B","-0.84%"
"04/10/2019","2,505.86","2,465.22","2,515.85","2,463.88","2.11B","1.65%"
"04/09/2019","2,465.22","2,452.10","2,467.86","2,445.62","2.12B","0.54%"
"04/08/2019","2,452.09","2,448.75","2,465.70","2,444.69","2.11B","0.10%"
"04/05/2019","2,449.66","2,445.50","2,458.01","2,442.25","2.14B","0.27%"
"04/04/2019","2,443.00","2,456.49","2,460.69","2,440.71","2.13B","-0.50%"
"04/03/2019","2,455.29","2,425.66","2,461.34","2,425.66","2.13B","1.08%"
"04/02/2019","2,429.15","2,423.40","2,430.65","2,411.28","2.13B","0.25%"
"04/01/2019","2,423.06","2,464.17","2,464.41","2,414.42","2.14B","-1.55%"
"03/29/2019","2,461.26","2,396.48","2,461.27","2,384.49","2.14B","2.70%"
"03/28/2019","2,396.48","2,393.59","2,398.26","2,379.15","2.11B","0.16%"
"03/27/2019","2,392.61","2,380.43","2,397.76","2,372.00","2.12B","0.62%"
"03/26/2019","2,377.85","2,384.87","2,395.17","2,375.48","2.13B","-0.13%"
"03/20/2019","2,380.91","2,390.98","2,395.12","2,361.84","2.12B","-0.42%"
"03/19/2019","2,391.00","2,397.35","2,404.36","2,384.34","2.14B","-0.27%"
"03/18/2019","2,397.52","2,391.06","2,399.63","2,386.35","2.14B","0.27%"
"03/15/2019","2,391.03","2,373.73","2,395.17","2,367.85","2.12B","0.73%"
"03/14/2019","2,373.72","2,374.74","2,377.56","2,357.91","2.13B","-0.01%"
"03/13/2019","2,373.95","2,377.13","2,384.69","2,357.96","2.13B","-0.10%"
"03/12/2019","2,376.28","2,351.45","2,376.28","2,349.08","2.14B","0.87%"
"03/11/2019","2,355.89","2,367.56","2,374.34","2,343.22","2.14B","-0.54%"
"03/07/2019","2,368.58","2,363.60","2,377.67","2,361.97","2.12B","0.24%"
"03/06/2019","2,362.88","2,372.50","2,376.56","2,362.12","2.14B","-0.40%"
"03/05/2019","2,372.48","2,388.06","2,391.10","2,359.02","2.14B","-0.41%"
"03/04/2019","2,382.15","2,361.94","2,393.16","2,361.94","2.11B","0.84%"
"03/01/2019","2,362.28","2,367.97","2,380.39","2,328.07","2.12B","-0.14%"
"02/28/2019","2,365.55","2,373.60","2,374.97","2,351.71","2.11B","-0.35%"
"02/27/2019","2,373.83","2,376.95","2,384.96","2,369.29","2.13B","-0.13%"
"02/26/2019","2,376.95","2,377.15","2,386.17","2,375.65","2.13B","0.06%"
"02/25/2019","2,375.50","2,367.00","2,378.14","2,352.19","2.12B","0.55%"
"02/22/2019","2,362.49","2,365.69","2,386.43","2,359.74","2.10B","-0.22%"
"02/21/2019","2,367.60","2,348.95","2,381.95","2,348.95","2.13B","0.79%"
"02/20/2019","2,348.95","2,326.32","2,357.78","2,324.32","2.13B","0.97%"
"02/19/2019","2,326.30","2,327.40","2,338.45","2,314.76","2.13B","-0.29%"
"02/18/2019","2,333.00","2,321.27","2,338.13","2,307.26","2.13B","0.49%"
"02/15/2019","2,321.51","2,315.04","2,323.82","2,306.68","2.04B","0.42%"
"02/14/2019","2,311.80","2,322.28","2,323.42","2,303.97","2.13B","-0.45%"
"02/13/2019","2,322.28","2,306.45","2,330.41","2,302.88","2.14B","0.69%"
"02/12/2019","2,306.45","2,319.18","2,325.53","2,278.85","2.10B","-0.55%"
"02/11/2019","2,319.18","2,301.13","2,319.18","2,289.62","2.13B","0.79%"
"02/08/2019","2,301.06","2,287.34","2,301.06","2,282.40","2.13B","0.60%"
"02/07/2019","2,287.34","2,297.82","2,310.30","2,283.83","2.07B","-0.43%"
"02/06/2019","2,297.27","2,321.83","2,334.21","2,294.41","2.14B","-0.91%"
"02/05/2019","2,318.47","2,310.85","2,343.01","2,284.30","2.09B","0.33%"
"02/04/2019","2,310.85","2,301.03","2,321.97","2,292.56","2.13B","0.58%"
"02/01/2019","2,297.61","2,279.57","2,336.09","2,271.38","2.12B","0.85%"
"01/31/2019","2,278.33","2,267.87","2,279.70","2,250.67","2.14B","0.43%"
"01/30/2019","2,268.51","2,261.96","2,288.03","2,260.56","2.14B","0.09%"
"01/29/2019","2,266.39","2,267.95","2,291.31","2,260.03","2.12B","0.00%"
"01/28/2019","2,266.41","2,243.80","2,285.70","2,243.16","2.13B","1.01%"
"01/25/2019","2,243.80","2,276.18","2,277.78","2,243.80","2.15B","-1.42%"
"01/24/2019","2,276.18","2,273.57","2,286.44","2,264.45","2.13B","0.11%"
"01/23/2019","2,273.57","2,283.39","2,293.95","2,259.83","2.12B","-0.48%"
"01/22/2019","2,284.45","2,292.79","2,292.79","2,280.92","2.14B","-0.36%"
"01/21/2019","2,292.79","2,322.66","2,332.59","2,288.97","2.08B","-1.32%"
"01/18/2019","2,323.35","2,322.83","2,337.58","2,319.65","2.14B","-0.04%"
"01/17/2019","2,324.34","2,321.18","2,335.17","2,320.18","1.19B","-0.23%"
"01/16/2019","2,329.59","2,325.28","2,342.29","2,324.43","2.12B","0.22%"
"01/15/2019","2,324.51","2,332.09","2,341.03","2,324.50","2.01B","-0.36%"
"01/14/2019","2,332.88","2,338.49","2,339.57","2,325.74","2.14B","-0.20%"
"01/11/2019","2,337.64","2,331.77","2,340.72","2,325.82","2.11B","0.25%"
"01/10/2019","2,331.77","2,324.43","2,336.79","2,322.79","2.14B","0.48%"
"01/09/2019","2,320.53","2,314.92","2,332.34","2,304.88","2.13B","0.24%"
"01/08/2019","2,314.92","2,315.07","2,316.74","2,300.11","2.13B","-0.01%"
"01/04/2019","2,315.06","2,291.43","2,318.59","2,290.30","2.14B","0.93%"
"01/03/2019","2,293.71","2,303.73","2,313.09","2,292.45","2.14B","-1.36%"