"Date","Price","Open","High","Low","Vol.","Change %"
"12/31/2025","87.4449","87.4387","87.4449","87.4387","","0.01%"
"12/30/2025","87.4387","87.4521","87.4521","87.4387","","-0.02%"
"12/29/2025","87.4521","87.4772","87.4772","87.4521","","-0.03%"
"12/26/2025","87.4772","87.4772","87.4772","87.4772","","0.00%"
"12/25/2025","87.4772","87.4772","87.4772","87.4772","","0.00%"
"12/24/2025","87.4772","87.4772","87.4772","87.4772","","0.00%"
"12/23/2025","87.4772","87.4772","87.4772","87.4772","","0.00%"
"12/22/2025","87.4772","87.4772","87.4772","87.4772","","0.00%"
"12/19/2025","87.4772","87.4772","87.4772","87.4772","","0.00%"
"12/18/2025","87.4772","87.4772","87.4772","87.4772","","0.00%"
"12/17/2025","87.4772","87.4772","87.4772","87.4772","","0.00%"
"12/16/2025","87.4772","87.4772","87.4772","87.4772","","0.00%"
"12/15/2025","87.4772","87.4772","87.4772","87.4772","","0.00%"
"12/12/2025","87.4772","87.4772","87.4772","87.4772","","0.00%"
"12/11/2025","87.4772","87.4772","87.4772","87.4772","","0.00%"
"12/10/2025","87.4772","87.4772","87.4772","87.4772","","0.00%"
"12/09/2025","87.4772","87.4772","87.4772","87.4772","","0.00%"
"12/08/2025","87.4772","87.4772","87.4772","87.4772","","0.00%"
"12/05/2025","87.4772","87.4772","87.4772","87.4772","","0.00%"
"12/04/2025","87.4772","87.4772","87.4772","87.4772","","0.00%"
"12/03/2025","87.4772","87.4772","87.4772","87.4772","","0.00%"
"12/02/2025","87.4772","87.4772","87.4772","87.4772","","0.00%"
"12/01/2025","87.4772","87.4772","87.4772","87.4772","","0.00%"
"11/28/2025","87.4772","87.4772","87.4772","87.4772","","0.00%"
"11/27/2025","87.4772","87.4772","87.4772","87.4772","","0.00%"
"11/26/2025","87.4772","87.4772","87.4772","87.4772","","0.00%"
"11/25/2025","87.4772","87.4772","87.4772","87.4772","","0.00%"
"11/24/2025","87.4772","87.4772","87.4772","87.4772","","0.00%"
"11/21/2025","87.4772","87.4772","87.4772","87.4772","","0.00%"
"11/20/2025","87.4772","87.4760","87.4772","87.4760","","0.00%"
"11/19/2025","87.4760","87.4772","87.4772","87.4760","","-0.03%"
"11/18/2025","87.5000","87.4772","87.7250","87.2522","","0.03%"
"11/17/2025","87.4772","87.4772","87.4772","87.4772","","0.00%"
"11/14/2025","87.4772","87.4772","87.4772","87.4772","","0.00%"
"11/13/2025","87.4772","87.4772","87.4772","87.4772","","0.00%"
"11/12/2025","87.4772","87.4772","87.4772","87.4772","","0.00%"
"11/11/2025","87.4772","87.4772","87.4772","87.4772","","0.00%"
"11/10/2025","87.4772","87.4772","87.4772","87.4772","","0.00%"
"11/07/2025","87.4772","87.4772","87.4772","87.4772","","0.00%"
"11/06/2025","87.4772","87.4772","87.4772","87.4772","","0.00%"
"11/05/2025","87.4772","87.4761","87.4772","87.4761","","0.00%"
"11/04/2025","87.4761","87.4772","87.4772","87.4761","","0.00%"
"11/03/2025","87.4772","87.4772","87.4772","87.4772","","0.00%"
"10/31/2025","87.4772","87.4772","87.4772","87.4772","","0.00%"
"10/30/2025","87.4772","87.4772","87.4772","87.4772","","0.00%"
"10/29/2025","87.4772","87.4772","87.4772","87.4772","","0.00%"
"10/28/2025","87.4772","87.4772","87.4772","87.4772","","0.00%"
"10/27/2025","87.4772","87.4772","87.4772","87.4772","","0.00%"
"10/24/2025","87.4772","87.4772","87.4772","87.4772","","0.00%"
"10/23/2025","87.4772","87.4772","87.4772","87.4772","","0.00%"
"10/22/2025","87.4772","87.4772","87.4772","87.4772","","0.00%"
"10/21/2025","87.4772","87.4772","87.4772","87.4772","","0.00%"
"10/20/2025","87.4772","87.4772","87.4772","87.4772","","0.00%"
"10/17/2025","87.4772","87.4772","87.4772","87.4772","","0.00%"
"10/16/2025","87.4772","87.4772","87.4772","87.4772","","0.00%"
"10/15/2025","87.4772","87.4772","87.4772","87.4772","","0.00%"
"10/14/2025","87.4772","87.4772","87.4772","87.4772","","0.00%"
"10/13/2025","87.4772","87.4722","87.4772","87.4722","","0.01%"
"10/10/2025","87.4722","87.4772","87.7250","87.2497","","-0.01%"
"10/09/2025","87.4772","87.4772","87.4772","87.4772","","0.00%"
"10/08/2025","87.4772","87.4772","87.4772","87.4772","","0.00%"
"10/07/2025","87.4772","87.4667","87.4772","87.4667","","0.01%"
"10/06/2025","87.4667","87.4772","87.4772","87.4667","","-0.01%"
"10/03/2025","87.4772","87.4772","87.4772","87.4772","","0.00%"
"10/02/2025","87.4772","87.4367","87.7250","87.2320","","-0.03%"
"10/01/2025","87.5000","87.4290","87.7048","87.2281","","0.08%"
"09/30/2025","87.4290","87.4772","87.4772","87.4290","","-0.06%"
"09/29/2025","87.4772","87.4772","87.4772","87.4772","","0.00%"
"09/26/2025","87.4772","87.4772","87.4772","87.4772","","0.00%"
"09/25/2025","87.4772","87.4772","87.4772","87.4772","","0.00%"
"09/24/2025","87.4772","87.4772","87.4772","87.4772","","0.00%"
"09/23/2025","87.4772","87.4772","87.4772","87.4772","","0.00%"
"09/22/2025","87.4772","87.4772","87.4772","87.4772","","0.00%"
"09/19/2025","87.4772","87.4772","87.4772","87.4772","","0.00%"
"09/18/2025","87.4772","87.4758","87.4772","87.4758","","0.00%"
"09/17/2025","87.4758","87.4772","87.4772","87.4758","","0.00%"
"09/16/2025","87.4772","87.4772","87.4772","87.4772","","0.00%"
"09/15/2025","87.4772","87.4772","87.4772","87.4772","","0.00%"
"09/12/2025","87.4772","87.4772","87.4772","87.4772","","0.00%"
"09/11/2025","87.4772","87.4772","87.4772","87.4772","","0.00%"
"09/10/2025","87.4772","87.4772","87.4772","87.4772","","0.00%"
"09/09/2025","87.4772","87.4772","87.4772","87.4772","","0.00%"
"09/08/2025","87.4772","87.4772","87.4772","87.4772","","0.00%"
"09/05/2025","87.4772","87.4641","87.4772","87.4641","","0.01%"
"09/04/2025","87.4641","87.4093","87.4641","87.4093","","0.06%"
"09/03/2025","87.4093","87.4154","87.4154","87.4093","","-0.01%"
"09/02/2025","87.4154","87.4185","87.4185","87.4154","","0.00%"
"09/01/2025","87.4185","87.3835","87.4185","87.3835","","0.04%"
"08/29/2025","87.3835","87.3772","87.3835","87.3772","","0.01%"
"08/28/2025","87.3772","87.3772","87.3772","87.3772","","0.00%"
"08/27/2025","87.3772","87.3978","87.3978","87.3772","","-0.02%"
"08/26/2025","87.3978","87.4546","87.4546","87.3978","","-0.06%"
"08/25/2025","87.4546","87.4752","87.4752","87.4546","","-0.02%"
"08/22/2025","87.4752","87.4695","87.4752","87.4695","","0.01%"
"08/21/2025","87.4695","87.4772","87.4772","87.4695","","-0.01%"
"08/20/2025","87.4772","87.4772","87.4772","87.4772","","0.00%"
"08/19/2025","87.4772","87.4632","87.4772","87.4632","","0.02%"
"08/18/2025","87.4632","87.4059","87.4632","87.4059","","0.07%"
"08/15/2025","87.4059","87.3772","87.4059","87.3772","","0.03%"
"08/14/2025","87.3772","87.3772","87.3772","87.3772","","0.00%"
"08/13/2025","87.3772","87.4555","87.4555","87.3772","","-0.09%"
"08/12/2025","87.4555","87.4772","87.4772","87.4555","","-0.02%"
"08/11/2025","87.4772","87.4772","87.4772","87.4772","","0.00%"
"08/08/2025","87.4772","87.4772","87.4772","87.4772","","0.00%"
"08/07/2025","87.4772","87.4772","87.4772","87.4772","","0.00%"
"08/06/2025","87.4772","87.4772","87.4772","87.4772","","0.00%"
"08/05/2025","87.4772","87.4772","87.4772","87.4772","","0.00%"
"08/04/2025","87.4772","87.4772","87.4772","87.4772","","0.00%"
"08/01/2025","87.4772","87.4772","87.4772","87.4772","","0.00%"
"07/31/2025","87.4772","87.3435","87.4772","87.3435","","0.15%"
"07/30/2025","87.3435","87.3271","87.3435","87.3271","","0.02%"
"07/29/2025","87.3271","87.3271","87.3271","87.3271","","0.00%"
"07/28/2025","87.3271","87.3298","87.3298","87.3271","","0.00%"
"07/25/2025","87.3298","87.3985","87.3985","87.3298","","-0.08%"
"07/24/2025","87.3985","87.4772","87.4772","87.0272","","-0.09%"
"07/23/2025","87.4772","87.4772","87.4772","87.4772","","0.00%"
"07/22/2025","87.4772","87.4772","87.4772","87.4772","","0.00%"
"07/21/2025","87.4772","87.4772","87.4772","87.4772","","0.00%"
"07/18/2025","87.4772","87.4772","87.4772","87.4772","","0.00%"
"07/17/2025","87.4772","87.4772","87.4772","87.4772","","0.00%"
"07/16/2025","87.4772","87.4704","87.4772","87.4704","","0.01%"
"07/15/2025","87.4704","87.4772","87.4772","87.4704","","-0.01%"
"07/14/2025","87.4772","87.4772","87.4772","87.4772","","0.00%"
"07/11/2025","87.4772","87.4772","87.4772","87.4772","","0.00%"
"07/10/2025","87.4772","87.4772","87.4772","87.4772","","0.00%"
"07/09/2025","87.4772","87.4772","87.4772","87.4772","","0.00%"
"07/08/2025","87.4772","87.4772","87.4772","87.4772","","0.00%"
"07/07/2025","87.4772","87.4772","87.4772","87.4772","","0.00%"
"07/04/2025","87.4772","87.4772","87.4772","87.4772","","0.00%"
"07/03/2025","87.4772","87.4772","87.4772","87.4772","","0.00%"
"07/02/2025","87.4772","87.4564","87.4772","87.4564","","0.02%"
"07/01/2025","87.4564","87.3180","87.4564","87.3180","","0.16%"
"06/30/2025","87.3180","87.3180","87.3180","87.3180","","0.00%"
"06/27/2025","87.3180","87.2591","87.3180","87.2591","","0.07%"
"06/26/2025","87.2591","87.2938","87.2938","87.2591","","-0.04%"
"06/25/2025","87.2938","87.4408","87.4408","87.2938","","-0.17%"
"06/24/2025","87.4408","87.4772","87.4772","87.4408","","-0.04%"
"06/23/2025","87.4772","87.4772","87.4772","87.4772","","0.00%"
"06/20/2025","87.4772","87.4772","87.4772","87.4772","","0.00%"
"06/19/2025","87.4772","87.4772","87.4772","87.4772","","0.00%"
"06/18/2025","87.4772","87.4772","87.4772","87.4772","","0.00%"
"06/17/2025","87.4772","87.4772","87.4772","87.4772","","0.00%"
"06/16/2025","87.4772","87.4772","87.4772","87.4772","","0.00%"
"06/13/2025","87.4772","87.4772","87.7250","87.2522","","0.00%"
"06/12/2025","87.4772","87.5000","87.7250","87.2522","","0.00%"
"06/11/2025","87.4772","87.4772","87.7250","87.2522","","-0.03%"
"06/10/2025","87.5000","87.4772","87.7250","87.2522","","0.03%"
"06/09/2025","87.4772","87.4772","87.7250","87.2522","","0.00%"
"06/06/2025","87.4772","87.4772","87.7250","87.2522","","0.00%"
"06/05/2025","87.4772","87.4772","88.2250","87.2522","","0.00%"
"06/04/2025","87.4772","87.4772","87.4772","87.4772","","0.00%"
"06/03/2025","87.4772","87.4772","87.4772","87.4772","","0.00%"
"06/02/2025","87.4772","87.4772","87.4772","87.4772","","0.00%"
"05/30/2025","87.4772","87.4772","87.4772","87.4772","","0.00%"
"05/29/2025","87.4772","87.4772","87.4772","87.4772","","0.00%"
"05/28/2025","87.4772","87.4772","87.4772","87.4772","","0.00%"
"05/27/2025","87.4772","87.4772","87.4772","87.4772","","0.00%"
"05/26/2025","87.4772","87.4772","87.4772","87.4772","","0.00%"
"05/23/2025","87.4772","87.4772","87.4772","87.4772","","0.00%"
"05/22/2025","87.4772","87.4772","87.4772","87.4772","","0.00%"
"05/21/2025","87.4772","87.4772","87.4772","87.4772","","0.00%"
"05/20/2025","87.4772","87.4772","88.2250","87.2522","","0.00%"
"05/19/2025","87.4772","87.4772","88.2250","87.2522","","0.00%"
"05/16/2025","87.4772","87.4772","88.2250","87.2522","","0.00%"
"05/15/2025","87.4772","87.4772","87.4772","87.4772","","0.00%"
"05/14/2025","87.4772","87.4772","87.4772","87.4772","","0.00%"
"05/13/2025","87.4772","87.4772","87.4772","87.4772","","0.00%"
"05/12/2025","87.4772","87.4772","87.4772","87.4772","","0.00%"
"05/09/2025","87.4772","87.4772","87.4772","87.4772","","0.00%"
"05/08/2025","87.4772","87.4772","87.4772","87.4772","","0.00%"
"05/07/2025","87.4772","87.4772","87.4772","87.4772","","0.00%"
"05/06/2025","87.4772","87.4772","87.4772","87.4772","","0.00%"
"05/05/2025","87.4772","87.4772","87.4772","87.4772","","0.00%"
"05/02/2025","87.4772","87.4772","87.4772","87.4772","","0.00%"
"05/01/2025","87.4772","87.4772","87.4772","87.4772","","0.00%"
"04/30/2025","87.4772","87.4772","87.4772","87.4772","","0.00%"
"04/29/2025","87.4772","87.3446","87.4772","87.3446","","0.15%"
"04/28/2025","87.3446","87.3446","87.3446","87.3446","","0.00%"
"04/25/2025","87.3446","87.0197","87.3446","87.0197","","0.37%"
"04/24/2025","87.0197","86.9022","87.0197","86.9022","","0.14%"
"04/23/2025","86.9022","86.8950","86.9022","86.8950","","0.01%"
"04/22/2025","86.8950","87.1272","87.1272","86.8950","","-0.27%"
"04/21/2025","87.1272","87.2607","87.2607","87.1272","","-0.15%"
"04/18/2025","87.2607","87.4448","87.4448","87.2607","","-0.21%"
"04/17/2025","87.4448","87.4764","87.4764","87.4448","","-0.04%"
"04/16/2025","87.4764","87.4772","87.4772","87.4764","","0.00%"
"04/15/2025","87.4772","87.4772","87.4772","87.4772","","0.00%"
"04/14/2025","87.4772","87.4772","87.4772","87.4772","","0.00%"
"04/11/2025","87.4772","87.4183","88.2250","87.2227","","0.07%"
"04/10/2025","87.4183","87.0843","87.4183","87.0843","","0.38%"
"04/09/2025","87.0843","86.8599","87.0843","86.8599","","0.26%"
"04/08/2025","86.8599","86.7960","86.8599","86.7960","","0.07%"
"04/07/2025","86.7960","86.7388","86.7960","86.7388","","0.07%"
"04/04/2025","86.7388","86.7977","86.7977","86.7388","","-0.07%"
"04/03/2025","86.7977","86.6904","86.7977","86.6904","","0.12%"
"04/02/2025","86.6904","86.5323","86.6904","86.5323","","0.18%"
"04/01/2025","86.5323","86.4272","86.5323","86.4272","","0.12%"
"03/31/2025","86.4272","86.5272","86.5272","86.4272","","-0.12%"
"03/28/2025","86.5272","86.4838","86.5272","86.4838","","0.05%"
"03/27/2025","86.4838","86.4937","86.4937","86.4838","","-0.01%"
"03/26/2025","86.4937","86.7174","86.7174","86.4937","","-0.26%"
"03/25/2025","86.7174","86.3248","86.7174","85.9323","","0.91%"
"03/24/2025","85.9323","85.6365","85.9323","85.6365","","0.35%"
"03/21/2025","85.6365","85.6365","85.6365","85.6365","","-1.61%"
"03/20/2025","87.0421","87.0421","87.0421","87.0421","","0.00%"
"03/19/2025","87.0421","87.4230","88.1979","87.0347","","-0.44%"
"03/18/2025","87.4230","87.4772","88.2250","87.2251","","-0.66%"
"03/17/2025","88.0000","87.4772","88.2250","87.2522","","0.60%"
"03/14/2025","87.4772","87.4772","87.4772","87.4772","","0.00%"
"03/13/2025","87.4761","87.4761","87.4761","87.4761","","0.00%"
"03/12/2025","87.4761","87.4772","88.2250","87.2517","","0.00%"
"03/11/2025","87.4772","87.4772","87.4772","87.4772","","0.00%"
"03/10/2025","87.4772","87.4696","87.4772","87.4696","","0.01%"
"03/07/2025","87.4696","87.4772","87.4772","87.4696","","-0.01%"
"03/06/2025","87.4772","87.4738","87.4772","87.4738","","0.00%"
"03/05/2025","87.4738","87.4772","87.4772","87.4732","","0.00%"
"03/04/2025","87.4772","87.4761","87.4772","87.4761","","0.00%"
"03/03/2025","87.4761","87.4769","87.4769","87.4761","","0.00%"
"02/28/2025","87.4769","87.4772","87.4772","87.4769","","0.00%"
"02/27/2025","87.4772","87.4768","87.4772","87.4768","","0.00%"
"02/26/2025","87.4768","87.4772","87.4772","87.4768","","0.00%"
"02/25/2025","87.4772","87.4772","87.4772","87.4772","","0.00%"
"02/24/2025","87.4772","87.4772","87.4772","87.4772","","0.00%"
"02/21/2025","87.4772","87.4772","87.4772","87.4772","","0.00%"
"02/20/2025","87.4772","87.4772","87.4772","87.4772","","0.00%"
"02/19/2025","87.4772","87.4772","87.4772","87.4772","","0.00%"
"02/18/2025","87.4772","87.4772","87.4772","87.4772","","0.00%"
"02/17/2025","87.4772","87.4772","87.4772","87.4772","","0.00%"
"02/14/2025","87.4772","87.4772","87.4772","87.4772","","0.00%"
"02/13/2025","87.4772","87.4772","87.4772","87.4772","","0.00%"
"02/12/2025","87.4772","87.4772","87.4772","87.4772","","0.00%"
"02/11/2025","87.4772","87.4772","87.4772","87.4772","","-0.59%"
"02/10/2025","88.0000","87.4772","88.2250","87.2522","","0.60%"
"02/07/2025","87.4772","87.4772","88.2250","87.2522","","0.00%"
"02/06/2025","87.4772","87.4772","88.2250","87.2522","","0.00%"
"02/05/2025","87.4772","88.0000","88.2250","87.2522","","0.00%"
"02/04/2025","87.4772","87.4772","87.4772","87.4772","","0.00%"
"02/03/2025","87.4772","87.4772","87.4772","87.4772","","0.00%"
"01/31/2025","87.4772","87.4772","87.4772","87.4772","","0.00%"
"01/30/2025","87.4772","87.4772","87.4772","87.4772","","0.00%"
"01/29/2025","87.4772","87.4772","88.2250","87.2522","","0.00%"
"01/28/2025","87.4772","87.4772","88.2250","87.2522","","0.00%"
"01/27/2025","87.4772","87.4755","87.4772","87.4755","","0.00%"
"01/24/2025","87.4755","87.4772","87.4772","87.4755","","0.00%"
"01/23/2025","87.4772","87.4772","88.2250","87.2522","","0.00%"
"01/22/2025","87.4772","87.4752","87.4772","87.4752","","0.00%"
"01/21/2025","87.4752","87.4772","87.4772","87.4752","","0.00%"
"01/20/2025","87.4772","87.4767","87.4772","87.4767","","0.00%"
"01/17/2025","87.4767","87.4765","87.4767","87.4765","","0.00%"
"01/16/2025","87.4765","87.4772","87.4772","87.4672","","0.00%"
"01/15/2025","87.4772","87.4631","87.4772","87.4631","","0.02%"
"01/14/2025","87.4631","87.2772","87.4631","87.2772","","0.21%"
"01/13/2025","87.2772","87.0272","87.2772","87.0272","","0.29%"
"01/10/2025","87.0272","87.0272","87.0272","87.0272","","0.00%"
"01/09/2025","87.0272","87.0235","87.0272","87.0235","","0.00%"
"01/08/2025","87.0235","87.0235","87.0235","87.0235","","0.00%"
"01/07/2025","87.0272","87.0272","87.0272","87.0272","","0.00%"
"01/06/2025","87.0272","87.0272","87.0272","87.0272","","0.00%"
"01/03/2025","87.0272","87.0272","87.0272","87.0272","","0.00%"
"01/02/2025","87.0272","87.0272","87.0272","87.0272","","0.00%"
"01/01/2025","87.0272","87.0272","87.0272","87.0272","","0.00%"
"12/31/2024","87.0272","87.0266","87.0272","87.0266","","0.00%"
"12/30/2024","87.0266","87.0272","87.0272","87.0266","","0.00%"
"12/27/2024","87.0272","87.0272","87.0272","87.0272","","0.00%"
"12/26/2024","87.0272","87.0272","87.0272","87.0272","","0.00%"
"12/25/2024","87.0272","87.0272","87.0272","87.0272","","0.00%"
"12/24/2024","87.0272","87.0272","87.0272","87.0272","","0.00%"
"12/23/2024","87.0272","87.0272","87.0272","87.0272","","0.00%"
"12/20/2024","87.0272","87.0272","87.0272","87.0272","","0.00%"
"12/19/2024","87.0272","87.0272","87.0272","87.0272","","0.00%"
"12/18/2024","87.0272","87.0249","87.0272","87.0249","","0.00%"
"12/17/2024","87.0249","86.9849","87.0249","86.9849","","0.05%"
"12/16/2024","86.9849","86.8271","86.9849","86.8271","","0.18%"
"12/13/2024","86.8271","86.8271","86.8271","86.8271","","0.00%"
"12/12/2024","86.8271","86.8270","86.8271","86.8270","","0.00%"
"12/11/2024","86.8270","86.8271","86.8271","86.8270","","0.00%"
"12/10/2024","86.8271","86.8271","86.8271","86.8271","","0.00%"
"12/09/2024","86.8271","86.8271","86.8271","86.8271","","0.00%"
"12/06/2024","86.8271","86.8271","86.8271","86.8271","","1.52%"
"12/05/2024","85.5272","85.5272","85.5272","85.5272","","-1.50%"
"12/04/2024","86.8271","86.8270","86.8271","86.8270","","0.00%"
"12/03/2024","86.8270","86.8270","86.8270","86.8270","","0.00%"
"12/02/2024","86.8270","86.8270","86.8270","86.8270","","0.00%"
"11/29/2024","86.8270","86.8271","86.8271","86.8270","","0.00%"
"11/28/2024","86.8271","86.8271","86.8271","86.8271","","0.00%"
"11/27/2024","86.8271","86.8166","86.8271","86.8166","","0.01%"
"11/26/2024","86.8166","86.5272","86.8166","86.5072","","0.33%"
"11/25/2024","86.5272","86.5272","86.5272","86.5272","","0.00%"
"11/22/2024","86.5272","86.5272","86.5272","86.5272","","0.00%"
"11/21/2024","86.5272","86.5272","86.5272","86.5272","","0.00%"
"11/20/2024","86.5272","86.5272","86.5272","86.5272","","0.00%"
"11/19/2024","86.5272","86.5272","86.5272","86.5272","","0.00%"
"11/18/2024","86.5272","86.4037","86.5272","86.4037","","0.14%"
"11/15/2024","86.4037","86.2272","86.4037","86.2272","","0.20%"
"11/14/2024","86.2272","86.2272","86.2272","86.2272","","0.00%"
"11/13/2024","86.2272","86.2272","86.2272","86.2272","","0.00%"
"11/12/2024","86.2272","86.2272","86.2272","86.2272","","0.00%"
"11/11/2024","86.2272","86.1995","86.2272","86.1995","","0.03%"
"11/08/2024","86.1995","86.1995","86.1995","86.1995","","0.00%"
"11/07/2024","86.1995","86.1995","86.1995","86.1995","","0.00%"
"11/06/2024","86.1995","85.8271","86.1995","85.8271","","0.43%"
"11/05/2024","85.8271","85.8271","85.8271","85.8271","","0.00%"
"11/04/2024","85.8271","85.8271","85.8271","85.8271","","0.00%"
"11/01/2024","85.8271","85.8271","85.8271","85.8271","","0.00%"
"10/31/2024","85.8271","85.8271","85.8271","85.8271","","0.00%"
"10/30/2024","85.8271","85.8271","85.8271","85.8271","","0.00%"
"10/29/2024","85.8271","85.8271","85.8271","85.8271","","0.00%"
"10/28/2024","85.8271","85.8271","85.8271","85.8271","","0.35%"
"10/25/2024","85.5272","85.5272","85.5272","85.5272","","0.00%"
"10/24/2024","85.5272","85.5272","85.5272","85.5272","","0.00%"
"10/23/2024","85.5272","85.5272","85.5272","85.5272","","0.00%"
"10/22/2024","85.5272","85.5272","85.5272","85.5272","","0.00%"
"10/21/2024","85.5272","85.5272","85.5272","85.5272","","0.00%"
"10/18/2024","85.5272","85.5272","85.5272","85.5272","","0.00%"
"10/17/2024","85.5272","85.5272","85.5272","85.5272","","0.00%"
"10/16/2024","85.5272","85.5272","85.5272","85.5272","","0.00%"
"10/15/2024","85.5272","85.5272","85.5272","85.5272","","0.00%"
"10/14/2024","85.5272","85.2272","85.5272","85.2272","","0.35%"
"10/11/2024","85.2272","85.2272","85.2272","85.2272","","0.00%"
"10/10/2024","85.2272","85.0882","85.2272","85.0882","","0.16%"
"10/09/2024","85.0882","84.7272","85.0882","84.7272","","0.43%"
"10/08/2024","84.7272","84.7272","84.7272","84.7272","","0.00%"
"10/07/2024","84.7272","84.4872","84.7272","84.4872","","0.28%"
"10/04/2024","84.4872","84.4272","84.4872","84.4272","","0.07%"
"10/03/2024","84.4272","84.2685","84.4272","84.2685","","0.19%"
"10/02/2024","84.2685","84.2309","84.2685","84.2309","","0.04%"
"10/01/2024","84.2309","84.2272","84.2309","84.2272","","0.00%"
"09/30/2024","84.2272","84.2272","84.2272","84.2272","","0.00%"
"09/27/2024","84.2272","84.2272","84.2272","84.2272","","0.00%"
"09/26/2024","84.2272","84.2493","84.2493","84.2272","","-0.03%"
"09/25/2024","84.2493","84.2772","84.2772","84.2493","","-0.03%"
"09/24/2024","84.2772","84.2656","84.2772","84.2656","","0.01%"
"09/23/2024","84.2656","84.3022","84.6375","84.1464","","-0.04%"
"09/20/2024","84.3022","84.3894","84.3894","84.3022","","-0.10%"
"09/19/2024","84.3894","84.5825","84.5825","84.3894","","-0.23%"
"09/18/2024","84.5825","84.6960","84.6960","84.5825","","-0.13%"
"09/17/2024","84.6960","84.5770","84.6960","84.5770","","0.14%"
"09/16/2024","84.5770","84.3875","84.5770","84.3875","","0.22%"
"09/13/2024","84.3875","84.2272","84.3875","84.2272","","0.19%"
"09/12/2024","84.2272","84.2272","84.2272","84.2272","","0.00%"
"09/11/2024","84.2272","84.2272","84.2272","84.2272","","0.00%"
"09/10/2024","84.2272","84.2272","84.2272","84.2272","","0.00%"
"09/09/2024","84.2272","84.2272","84.2272","84.2272","","0.00%"
"09/06/2024","84.2272","84.2572","84.2572","84.2272","","-0.04%"
"09/05/2024","84.2572","84.3964","84.3964","84.2572","","-0.16%"
"09/04/2024","84.3964","84.6349","84.6349","84.3964","","-0.28%"
"09/03/2024","84.6349","84.9424","84.9424","84.6349","","-0.36%"
"09/02/2024","84.9424","84.9424","84.9424","84.9424","","0.00%"
"08/30/2024","84.9424","85.0838","85.0838","84.9424","","-0.17%"
"08/29/2024","85.0838","85.1272","85.1272","85.0838","","-0.05%"
"08/28/2024","85.1272","85.1636","85.1636","85.1272","","-0.04%"
"08/27/2024","85.1636","85.2372","86.1050","85.0954","","-0.09%"
"08/26/2024","85.2372","85.3669","85.3669","85.2372","","-0.15%"
"08/23/2024","85.3669","85.5240","86.2484","85.1970","","-0.18%"
"08/22/2024","85.5240","85.6361","86.3045","85.2756","","-0.13%"
"08/21/2024","85.6361","85.6998","86.3363","85.3316","","-0.07%"
"08/20/2024","85.6998","85.7272","85.7272","85.6998","","-0.03%"
"08/19/2024","85.7272","85.7272","85.7272","85.7272","","0.00%"
"08/16/2024","85.7272","85.7272","85.7272","85.7272","","-0.32%"
"08/15/2024","86.0000","85.7269","86.3500","85.3771","","0.32%"
"08/14/2024","85.7269","85.6999","85.7269","85.6999","","0.03%"
"08/13/2024","85.6999","85.4272","85.6999","85.4272","","0.32%"
"08/12/2024","85.4272","85.4272","86.2000","85.2272","","0.00%"
"08/09/2024","85.4272","85.1808","85.4272","85.1808","","0.29%"
"08/08/2024","85.1808","84.7644","85.1808","84.7644","","0.49%"
"08/07/2024","84.7644","84.6121","84.7644","84.6121","","0.18%"
"08/06/2024","84.6121","84.5297","84.6121","84.5297","","0.10%"
"08/05/2024","84.5297","84.0572","84.5297","84.0572","","0.56%"
"08/02/2024","84.0572","84.0572","84.0572","84.0572","","0.00%"
"08/01/2024","84.0572","84.0572","84.0572","84.0572","","0.00%"
"07/31/2024","84.0572","84.0572","84.0572","84.0572","","0.00%"
"07/30/2024","84.0572","84.0572","84.0572","84.0572","","0.00%"
"07/29/2024","84.0572","84.0677","84.0677","84.0572","","-0.01%"
"07/26/2024","84.0677","84.2272","84.2272","84.0677","","-0.19%"
"07/25/2024","84.2272","84.2544","84.2544","84.2272","","-0.03%"
"07/24/2024","84.2544","85.0000","85.1833","84.1408","","-0.17%"
"07/23/2024","84.3939","84.6272","84.6272","84.3939","","-0.28%"
"07/22/2024","84.6272","84.6699","84.6699","84.6272","","-0.05%"
"07/19/2024","84.6699","84.8297","84.8297","84.6699","","-0.19%"
"07/18/2024","84.8297","84.9850","84.9850","84.8297","","-0.18%"
"07/17/2024","84.9850","85.2595","85.2595","84.9850","","-0.32%"
"07/16/2024","85.2595","85.3271","85.3271","85.2595","","-0.08%"
"07/15/2024","85.3271","85.3271","85.3271","85.3271","","0.00%"
"07/12/2024","85.3271","85.3375","86.1552","85.1772","","-0.01%"
"07/11/2024","85.3375","85.5161","86.2445","85.1824","","-0.21%"
"07/10/2024","85.5161","85.6695","85.6695","85.5161","","-0.18%"
"07/09/2024","85.6695","85.7938","85.7938","85.6695","","-0.14%"
"07/08/2024","85.7938","85.9272","85.9272","85.7938","","-0.16%"
"07/05/2024","85.9272","86.0878","86.0878","85.9272","","-0.19%"
"07/04/2024","86.0878","86.0878","86.0878","86.0878","","0.00%"
"07/03/2024","86.0878","86.1566","86.1566","86.0878","","-0.08%"
"07/02/2024","86.1566","86.3772","86.3772","86.1566","","-0.26%"
"07/01/2024","86.3772","86.4726","86.4726","86.3772","","-0.11%"
"06/28/2024","86.4726","86.4772","86.4772","86.4726","","-0.01%"
"06/27/2024","86.4772","86.4987","86.4987","86.4772","","-0.02%"
"06/26/2024","86.4987","86.6139","86.6139","86.4987","","-0.13%"
"06/25/2024","86.6139","86.7207","87.5000","86.6139","","-0.12%"
"06/24/2024","86.7207","86.7859","87.5000","86.7207","","-0.08%"
"06/21/2024","86.7859","86.9240","86.9240","86.7859","","-0.16%"
"06/20/2024","86.9240","87.3271","88.1500","86.9240","","-0.46%"
"06/19/2024","87.3271","87.6288","88.3008","87.1772","","-0.34%"
"06/18/2024","87.6288","87.8870","87.8870","87.6288","","-0.29%"
"06/17/2024","87.8870","87.8870","87.8870","87.8870","","-0.13%"
"06/14/2024","88.0000","87.1454","88.0591","87.0863","","0.98%"
"06/13/2024","87.1454","86.9716","88.0591","86.9716","","0.14%"
"06/12/2024","87.0223","87.0175","87.0223","86.9716","","0.01%"
"06/11/2024","87.0175","87.0376","87.0376","87.0175","","-0.02%"
"06/10/2024","87.0376","87.3285","87.3285","87.0376","","-0.33%"
"06/07/2024","87.3285","87.3285","87.3285","87.3285","","0.00%"
"06/06/2024","87.3285","87.3449","87.3449","87.3285","","-0.02%"
"06/05/2024","87.3449","87.5754","87.5754","87.3449","","-0.26%"
"06/04/2024","87.5754","87.7272","87.7272","87.5754","","-0.17%"
"06/03/2024","87.7272","87.7272","87.7272","87.7272","","0.00%"
"05/31/2024","87.7272","87.7272","87.7272","87.7272","","0.00%"
"05/30/2024","87.7272","87.7272","87.7272","87.7272","","0.00%"
"05/29/2024","87.7272","87.9272","87.9272","87.7272","","-0.23%"
"05/28/2024","87.9272","87.9829","87.9829","87.9272","","-0.06%"
"05/27/2024","87.9829","87.9829","87.9829","87.9829","","0.00%"
"05/24/2024","87.9829","88.0221","88.0221","87.9829","","-0.04%"
"05/23/2024","88.0221","88.0481","88.0481","88.0221","","-0.03%"
"05/22/2024","88.0481","88.1772","88.1772","88.0481","","-0.15%"
"05/21/2024","88.1772","88.2226","88.2226","88.1772","","-0.05%"
"05/20/2024","88.2226","88.2364","88.2364","88.2226","","-0.02%"
"05/17/2024","88.2364","88.2893","88.2893","88.2364","","-0.06%"
"05/16/2024","88.2893","88.3533","88.3533","88.2893","","-0.07%"
"05/15/2024","88.3533","88.3618","88.3618","88.3533","","-0.01%"
"05/14/2024","88.3618","88.3663","88.3663","88.3618","","-0.01%"
"05/13/2024","88.3663","88.3870","88.3870","88.3663","","-0.02%"
"05/10/2024","88.3870","88.4143","88.4143","88.3870","","-0.03%"
"05/09/2024","88.4143","88.4143","88.4143","88.4143","","0.00%"
"05/08/2024","88.4143","88.5925","88.5925","88.4143","","-0.20%"
"05/07/2024","88.5925","88.7017","88.7017","88.5925","","-0.12%"
"05/06/2024","88.7017","88.7093","88.7093","88.7017","","-0.01%"
"05/03/2024","88.7093","88.7091","88.7093","88.7091","","0.00%"
"05/02/2024","88.7091","88.7093","88.7093","88.7091","","0.00%"
"05/01/2024","88.7093","88.6890","88.7093","88.6890","","0.02%"
"04/30/2024","88.6890","88.6890","88.6890","88.6890","","-0.16%"
"04/29/2024","88.8341","88.8341","88.8341","88.8341","","-0.04%"
"04/26/2024","88.8676","88.8785","88.8785","88.8676","","-0.01%"
"04/25/2024","88.8785","88.8785","88.8785","88.8785","","0.00%"
"04/24/2024","88.8777","88.9332","88.9332","88.8777","","-0.06%"
"04/23/2024","88.9332","88.9332","88.9332","88.9332","","-0.12%"
"04/22/2024","89.0437","89.0437","89.0437","89.0437","","0.01%"
"04/19/2024","89.0337","89.0323","89.0337","89.0323","","0.00%"
"04/18/2024","89.0323","89.1333","89.1333","89.0323","","-0.11%"
"04/17/2024","89.1333","89.1333","89.1333","89.1333","","0.00%"
"04/16/2024","89.1334","89.1472","89.1472","89.1334","","-0.02%"
"04/15/2024","89.1472","89.1472","89.1472","89.1472","","0.00%"
"04/12/2024","89.1472","89.1472","89.1472","89.1472","","0.00%"
"04/11/2024","89.1472","89.1472","89.1472","89.1472","","0.00%"
"04/10/2024","89.1472","89.1472","89.1472","89.1472","","0.00%"
"04/09/2024","89.1472","89.1951","89.1951","89.1472","","-0.05%"
"04/08/2024","89.1951","89.3628","89.3628","89.1951","","-0.19%"
"04/05/2024","89.3628","89.3772","89.3772","89.3628","","-0.02%"
"04/04/2024","89.3772","89.3772","89.3772","89.3772","","0.00%"
"04/03/2024","89.3772","89.3772","89.3772","89.3772","","0.00%"
"04/02/2024","89.3772","89.4346","89.4980","89.3772","","-0.06%"
"04/01/2024","89.4346","89.4980","89.4980","89.4346","","-0.07%"
"03/29/2024","89.4980","89.4982","89.4982","89.4980","","0.00%"
"03/28/2024","89.4982","89.5372","89.5372","89.4982","","-0.04%"
"03/27/2024","89.5372","89.5372","89.5372","89.5372","","0.00%"
"03/26/2024","89.5372","89.5372","89.5372","89.5372","","0.00%"
"03/25/2024","89.5372","89.5372","89.5372","89.5372","","0.00%"
"03/22/2024","89.5372","89.5372","89.5372","89.5372","","0.00%"
"03/21/2024","89.5372","89.5372","89.5372","89.5372","","0.00%"
"03/20/2024","89.5372","89.5372","89.5372","89.5372","","0.00%"
"03/19/2024","89.5372","89.5372","89.5372","89.5372","","0.00%"
"03/18/2024","89.5372","89.5372","89.5372","89.5372","","0.00%"
"03/15/2024","89.5372","89.5372","89.5372","89.5372","","0.00%"
"03/14/2024","89.5372","89.5142","89.5372","89.5142","","0.03%"
"03/13/2024","89.5142","89.4572","89.5142","89.4572","","0.06%"
"03/12/2024","89.4572","89.4572","89.4572","89.4572","","0.00%"
"03/11/2024","89.4572","89.4572","89.4572","89.4572","","0.00%"
"03/08/2024","89.4572","89.4572","89.4572","89.4572","","0.00%"
"03/07/2024","89.4572","89.4572","89.4572","89.4572","","0.00%"
"03/06/2024","89.4572","89.4572","89.4572","89.4572","","0.00%"
"03/05/2024","89.4572","89.4572","89.4572","89.4572","","0.00%"
"03/04/2024","89.4572","89.4270","89.4572","89.3472","","0.03%"
"03/01/2024","89.4270","89.4478","89.4478","89.4270","","-0.02%"
"02/29/2024","89.4478","89.4572","89.4572","89.4478","","-0.01%"
"02/28/2024","89.4572","89.4572","89.4572","89.4572","","0.00%"
"02/27/2024","89.4572","89.4572","89.4572","89.4572","","0.00%"
"02/26/2024","89.4572","89.4572","89.4572","89.4572","","0.00%"
"02/23/2024","89.4572","89.4572","89.4572","89.4572","","0.00%"
"02/22/2024","89.4572","89.4572","89.4572","89.4471","","0.00%"
"02/21/2024","89.4572","89.4572","89.4572","89.4572","","0.00%"
"02/20/2024","89.4572","89.4572","89.4572","89.4572","","0.00%"
"02/19/2024","89.4572","89.4572","89.4572","89.4572","","0.00%"
"02/16/2024","89.4572","89.4572","89.4572","89.4572","","0.00%"
"02/15/2024","89.4572","89.4572","89.4572","89.4572","","0.00%"
"02/14/2024","89.4572","89.4572","89.4572","89.4572","","0.00%"
"02/13/2024","89.4572","89.4572","89.4572","89.4572","","0.00%"
"02/12/2024","89.4572","89.4572","89.4572","89.4572","","0.00%"
"02/09/2024","89.4572","89.4572","89.4572","89.4572","","0.00%"
"02/08/2024","89.4572","89.4572","89.4572","89.4471","","0.00%"
"02/07/2024","89.4572","89.4572","89.4572","89.4572","","0.00%"
"02/06/2024","89.4572","89.4572","89.4572","89.4572","","0.00%"
"02/05/2024","89.4572","89.3472","89.4572","89.3472","","0.12%"
"02/02/2024","89.3472","89.3472","89.3472","89.3472","","0.00%"
"02/01/2024","89.3472","89.3472","89.3472","89.3472","","0.00%"
"01/31/2024","89.3472","89.3472","89.3472","89.3472","","0.00%"
"01/30/2024","89.3472","89.3472","89.3472","89.3472","","0.00%"
"01/29/2024","89.3472","89.3472","89.3472","89.3472","","0.00%"
"01/26/2024","89.3472","89.3472","89.3472","89.3472","","0.00%"
"01/25/2024","89.3472","89.3422","89.3472","89.3422","","0.01%"
"01/24/2024","89.3422","89.3177","89.3425","89.3177","","0.03%"
"01/23/2024","89.3177","89.3346","89.3346","89.3177","","-0.02%"
"01/22/2024","89.3346","89.3447","89.3447","89.3346","","-0.01%"
"01/19/2024","89.3447","89.3293","89.3447","89.3293","","0.02%"
"01/18/2024","89.3293","89.3207","89.3293","89.3207","","0.01%"
"01/17/2024","89.3207","89.3435","89.3435","89.3207","","-0.03%"
"01/16/2024","89.3435","89.3472","89.3472","89.3435","","0.00%"
"01/15/2024","89.3472","89.3472","89.3472","89.3472","","0.00%"
"01/12/2024","89.3472","89.3472","89.3472","89.3472","","0.00%"
"01/11/2024","89.3472","89.3441","89.3472","89.3441","","0.00%"
"01/10/2024","89.3441","89.3084","89.3441","89.3084","","0.04%"
"01/09/2024","89.3084","89.0986","89.3084","89.0986","","0.24%"
"01/08/2024","89.0986","89.1125","89.1125","89.0986","","-0.02%"
"01/05/2024","89.1125","89.1125","89.1125","89.1125","","0.00%"
"01/04/2024","89.1125","89.1123","89.1125","89.1123","","0.00%"
"01/03/2024","89.1123","89.1125","89.1125","89.1123","","0.00%"
"01/02/2024","89.1125","89.1125","89.1125","89.1125","","0.00%"
"01/01/2024","89.1125","89.1125","89.1125","89.1125","","0.00%"
"12/29/2023","89.1125","89.0895","89.1125","89.0895","","0.03%"
"12/28/2023","89.0895","89.0557","89.0895","89.0557","","0.04%"
"12/27/2023","89.0557","89.0338","89.0557","89.0338","","0.02%"
"12/26/2023","89.0338","89.0338","89.0338","89.0338","","-0.24%"
"12/25/2023","89.2522","89.2522","89.2522","89.2522","","0.00%"
"12/22/2023","89.2522","88.9123","89.2522","88.9123","","0.38%"
"12/21/2023","88.9123","88.8928","88.9123","88.8928","","0.02%"
"12/20/2023","88.8928","89.0438","89.0438","88.8928","","-0.17%"
"12/19/2023","89.0438","89.0771","89.0771","89.0438","","-0.04%"
"12/18/2023","89.0771","89.0605","89.0771","89.0605","","0.02%"
"12/15/2023","89.0605","89.1062","89.1062","89.0605","","-0.05%"
"12/14/2023","89.1062","89.2272","89.2272","89.1062","","-0.14%"
"12/13/2023","89.2272","89.3472","89.3472","89.2272","","-0.13%"
"12/12/2023","89.3472","89.3472","89.3472","89.3472","","0.00%"
"12/11/2023","89.3472","89.3472","89.3472","89.3472","","0.00%"
"12/08/2023","89.3472","89.3472","89.3472","89.3472","","0.00%"
"12/07/2023","89.3472","89.3472","89.3472","89.3472","","0.00%"
"12/06/2023","89.3472","89.3418","89.3472","89.3418","","0.01%"
"12/05/2023","89.3418","89.3271","89.3418","89.3271","","0.02%"
"12/04/2023","89.3271","89.2127","89.3271","89.2127","","0.13%"
"12/01/2023","89.2127","89.1915","89.2127","89.1915","","0.02%"
"11/30/2023","89.1915","89.0643","89.1915","89.0643","","0.14%"
"11/29/2023","89.0643","88.9464","89.0643","88.9464","","0.13%"
"11/28/2023","88.9464","88.8772","88.9464","88.8672","","0.08%"
"11/27/2023","88.8772","88.6543","88.8772","88.6543","","0.25%"
"11/24/2023","88.6543","88.9588","88.9588","88.6543","","-0.34%"
"11/23/2023","88.9588","88.9588","88.9588","88.9588","","0.00%"
"11/22/2023","88.9588","89.0372","89.0372","88.9588","","-0.09%"
"11/21/2023","89.0372","89.1450","89.1450","89.0372","","-0.12%"
"11/20/2023","89.1450","89.1530","89.1530","89.1450","","-0.01%"
"11/17/2023","89.1530","89.2998","89.2998","89.1530","","-0.16%"
"11/16/2023","89.2998","89.3360","89.3360","89.2998","","-0.04%"
"11/15/2023","89.3360","89.3472","89.3571","89.3360","","-0.01%"
"11/14/2023","89.3472","89.3472","89.3472","89.3472","","0.00%"
"11/13/2023","89.3472","89.3472","89.3472","89.3472","","0.00%"
"11/10/2023","89.3472","89.3472","89.3472","89.3472","","0.00%"
"11/09/2023","89.3472","89.3472","89.3472","89.3472","","0.00%"
"11/08/2023","89.3472","89.3472","89.3472","89.3472","","0.00%"
"11/07/2023","89.3472","89.3472","89.3472","89.3472","","0.00%"
"11/06/2023","89.3472","89.3472","89.3472","89.3271","","0.00%"
"11/03/2023","89.3472","89.3472","89.6600","89.1872","","0.00%"
"11/02/2023","89.3472","89.3472","89.3472","89.3472","","0.00%"
"11/01/2023","89.3472","89.3464","90.1600","89.1868","","0.00%"
"10/31/2023","89.3464","89.3472","90.1600","89.1868","","0.00%"
"10/30/2023","89.3472","89.3472","90.1600","89.1872","","0.00%"
"10/27/2023","89.3472","89.3472","90.1600","89.1872","","0.00%"
"10/26/2023","89.3472","89.3472","90.1600","89.1872","","0.00%"
"10/25/2023","89.3472","89.3472","90.1600","89.1872","","0.00%"
"10/24/2023","89.3472","89.3472","89.3472","89.3271","","0.00%"
"10/23/2023","89.3472","89.3472","89.3472","89.3472","","0.00%"
"10/20/2023","89.3472","89.3472","89.3472","89.3472","","0.00%"
"10/19/2023","89.3472","89.3472","89.3472","89.3472","","0.00%"
"10/18/2023","89.3472","89.3472","89.3472","89.3271","","0.00%"
"10/17/2023","89.3472","89.2090","89.3472","89.2090","","0.15%"
"10/16/2023","89.2090","89.1971","89.2090","89.1971","","0.01%"
"10/13/2023","89.1971","89.1971","89.1971","89.1971","","0.28%"
"10/12/2023","88.9471","88.9471","88.9471","88.9471","","0.00%"
"10/11/2023","88.9471","88.9471","88.9471","88.9471","","0.00%"
"10/10/2023","88.9471","88.9471","88.9471","88.9471","","0.00%"
"10/09/2023","88.9471","88.9471","88.9471","88.9471","","0.00%"
"10/06/2023","88.9471","88.7372","88.9471","88.7272","","0.24%"
"10/05/2023","88.7372","88.7272","88.7372","88.7272","","0.01%"
"10/04/2023","88.7272","88.7372","88.7372","88.7272","","-0.01%"
"10/03/2023","88.7372","88.7372","88.7372","88.7372","","0.00%"
"10/02/2023","88.7372","88.7372","88.7372","88.7372","","0.00%"
"09/29/2023","88.7372","88.7372","88.7372","88.7372","","0.00%"
"09/28/2023","88.7372","88.7372","88.7372","88.7272","","0.00%"
"09/27/2023","88.7372","88.7372","88.7372","88.7372","","0.00%"
"09/26/2023","88.7372","88.7372","88.7372","88.7372","","0.00%"
"09/25/2023","88.7372","88.7372","88.8550","88.3822","","0.00%"
"09/22/2023","88.7372","88.7372","88.7372","88.7272","","0.00%"
"09/21/2023","88.7372","88.7372","88.7372","88.7372","","0.00%"
"09/20/2023","88.7372","88.7372","88.7372","88.7372","","0.00%"
"09/19/2023","88.7372","88.7372","88.7372","88.7372","","0.00%"
"09/18/2023","88.7372","88.7372","88.7372","88.7372","","0.00%"
"09/15/2023","88.7372","88.7005","88.7372","88.7005","","0.04%"
"09/14/2023","88.7005","88.4171","88.7005","88.4171","","0.32%"
"09/13/2023","88.4171","88.4171","88.4171","88.4171","","-0.09%"
"09/12/2023","88.5000","88.4171","89.1950","88.2222","","0.09%"
"09/11/2023","88.4171","88.4051","89.1950","88.2162","","0.01%"
"09/08/2023","88.4051","88.4094","89.1911","88.2162","","0.00%"
"09/07/2023","88.4094","88.2971","89.1911","88.1622","","0.13%"
"09/06/2023","88.2971","88.2971","88.2971","88.2971","","0.00%"
"09/05/2023","88.2971","88.2852","88.2971","88.2852","","0.01%"
"09/04/2023","88.2852","88.2852","88.2852","88.2852","","0.00%"
"09/01/2023","88.2852","88.2809","88.2852","88.2809","","0.00%"
"08/31/2023","88.2809","88.2809","88.2809","88.2809","","0.00%"
"08/30/2023","88.2809","88.2747","88.2809","88.2747","","0.01%"
"08/29/2023","88.2747","88.2757","88.2757","88.2747","","0.00%"
"08/28/2023","88.2757","88.2466","88.2757","88.2466","","0.03%"
"08/25/2023","88.2469","88.2543","88.2543","88.2469","","-0.01%"
"08/24/2023","88.2543","88.1986","88.2543","88.1986","","0.06%"
"08/23/2023","88.1986","88.1772","88.1986","88.1772","","0.02%"
"08/22/2023","88.1772","88.2971","88.6350","88.1022","","-0.36%"
"08/21/2023","88.5000","88.2971","88.6350","88.1622","","0.23%"
"08/18/2023","88.2971","88.2971","88.2971","88.2872","","0.00%"
"08/17/2023","88.2971","88.2971","88.2971","88.2971","","0.00%"
"08/16/2023","88.2971","88.2971","88.2971","88.2971","","0.00%"
"08/15/2023","88.2971","88.2700","88.2971","88.2952","","0.28%"
"08/14/2023","88.0471","88.0471","88.0471","88.0471","","0.00%"
"08/11/2023","88.0471","87.8972","88.0471","87.8972","","0.17%"
"08/10/2023","87.8972","87.8972","87.8972","87.8972","","0.00%"
"08/09/2023","87.8972","87.8972","87.8972","87.8972","","0.00%"
"08/08/2023","87.8972","87.8972","87.8972","87.8972","","0.00%"
"08/07/2023","87.8972","87.8611","87.8972","87.8611","","0.04%"
"08/04/2023","87.8611","87.7980","87.8611","87.7980","","0.07%"
"08/03/2023","87.7980","87.7841","87.7980","87.7841","","0.02%"
"08/02/2023","87.7841","87.8092","87.8092","87.7841","","-0.03%"
"08/01/2023","87.8092","87.7341","87.8092","87.7341","","0.09%"
"07/31/2023","87.7341","87.6661","87.7341","87.6661","","0.08%"
"07/28/2023","87.6661","87.6272","87.6661","87.6272","","0.04%"
"07/27/2023","87.6272","87.8794","87.8794","87.6272","","-0.29%"
"07/26/2023","87.8794","87.8794","87.8794","87.8794","","0.00%"
"07/25/2023","87.8794","87.8875","87.8875","87.8794","","-0.01%"
"07/24/2023","87.8875","87.8972","87.8972","87.8875","","-0.01%"
"07/21/2023","87.8972","87.8972","87.8972","87.8972","","0.00%"
"07/20/2023","87.8972","87.8972","87.8972","87.8972","","0.00%"
"07/19/2023","87.8972","87.8972","87.8972","87.8972","","0.00%"
"07/18/2023","87.8972","87.8959","87.8972","87.8959","","0.00%"
"07/17/2023","87.8959","87.8972","87.8972","87.8959","","0.00%"
"07/14/2023","87.8972","87.8972","87.8972","87.8972","","0.00%"
"07/13/2023","87.8972","87.8913","87.8972","87.8913","","0.01%"
"07/12/2023","87.8913","87.7672","87.8913","87.7672","","0.14%"
"07/11/2023","87.7672","87.7651","87.8700","87.3961","","0.00%"
"07/10/2023","87.7651","87.7672","87.8700","87.3961","","0.30%"
"07/07/2023","87.5000","87.6172","87.8700","87.3221","","-0.13%"
"07/06/2023","87.6172","87.5995","87.6172","87.5995","","0.02%"
"07/05/2023","87.5995","87.3378","87.5995","87.3378","","0.30%"
"07/04/2023","87.3378","88.0000","88.1553","87.1825","","0.00%"
"07/03/2023","87.3378","87.2286","87.3378","87.2286","","0.13%"
"06/30/2023","87.2286","87.2539","87.2539","87.2286","","-0.03%"
"06/29/2023","87.2539","87.3372","87.3372","87.2539","","-0.10%"
"06/28/2023","87.3372","87.3372","87.3372","87.3372","","0.00%"
"06/27/2023","87.3372","87.3502","88.1616","87.1822","","-0.01%"
"06/26/2023","87.3502","87.3255","88.1616","87.1764","","0.03%"
"06/23/2023","87.3255","87.3271","88.1500","87.1764","","0.00%"
"06/22/2023","87.3271","87.3314","87.3314","87.3271","","0.00%"
"06/21/2023","87.3314","87.3672","87.3772","87.3314","","-0.04%"
"06/20/2023","87.3672","87.5035","87.5035","87.3672","","-0.16%"
"06/19/2023","87.5035","87.6172","87.6172","87.5035","","-0.13%"
"06/16/2023","87.6172","87.6172","87.6172","87.6071","","0.00%"
"06/15/2023","87.6172","87.6172","87.6172","87.6122","","0.00%"
"06/14/2023","87.6172","87.6172","87.6172","87.6172","","0.00%"
"06/13/2023","87.6172","87.6172","87.6172","87.6071","","0.00%"
"06/12/2023","87.6172","87.6068","87.6172","87.6068","","0.01%"
"06/09/2023","87.6068","87.5372","87.6068","87.5372","","0.08%"
"06/08/2023","87.5372","87.4120","87.5372","87.4120","","0.14%"
"06/07/2023","87.4120","87.4286","87.4286","87.4120","","-0.02%"
"06/06/2023","87.4286","87.5052","87.5052","87.4286","","-0.09%"
"06/05/2023","87.5052","87.6152","87.6152","87.5052","","-0.13%"
"06/02/2023","87.6172","87.6139","87.6172","87.6137","","0.00%"
"06/01/2023","87.6139","87.6172","87.6172","87.6139","","0.00%"
"05/31/2023","87.6172","87.6172","87.6172","87.6071","","0.00%"
"05/30/2023","87.6172","87.6071","87.6172","87.6071","","0.01%"
"05/29/2023","87.6071","87.6071","87.6071","87.6071","","-0.01%"
"05/26/2023","87.6172","87.6172","87.6172","87.6071","","0.00%"
"05/25/2023","87.6172","87.5471","87.6172","87.5471","","0.08%"
"05/24/2023","87.5471","87.5471","87.5471","87.5471","","0.00%"
"05/23/2023","87.5471","87.5471","87.5471","87.5471","","0.00%"
"05/22/2023","87.5471","87.5471","87.5471","87.5471","","0.00%"
"05/19/2023","87.5471","87.5458","87.5471","87.5458","","0.00%"
"05/18/2023","87.5458","87.5453","87.5458","87.5453","","0.00%"
"05/17/2023","87.5453","87.5089","87.5453","87.5089","","0.04%"
"05/16/2023","87.5089","87.3819","87.5089","87.3819","","0.15%"
"05/15/2023","87.3819","87.3271","87.3819","87.3271","","0.06%"
"05/12/2023","87.3271","87.3314","87.3314","87.3271","","-0.20%"
"05/11/2023","87.5000","87.5000","87.6521","87.1772","","0.20%"
"05/10/2023","87.3271","87.3331","87.6530","87.1772","","-0.01%"
"05/09/2023","87.3331","87.3331","87.6530","87.1802","","0.00%"
"05/08/2023","87.3331","87.3331","87.6530","87.1802","","0.00%"
"05/05/2023","87.3331","87.3322","87.6530","87.1797","","0.00%"
"05/04/2023","87.3322","87.5471","87.7600","87.1797","","-0.25%"
"05/03/2023","87.5471","87.5471","88.2600","87.2872","","0.00%"
"05/02/2023","87.5471","87.5471","87.5471","87.5471","","0.00%"
"05/01/2023","87.5471","87.5471","87.5471","87.5471","","0.00%"
"04/28/2023","87.5471","87.5471","87.5471","87.5471","","0.00%"
"04/27/2023","87.5471","87.5471","87.5471","87.5471","","0.00%"
"04/26/2023","87.5471","87.5471","87.5471","87.5471","","0.00%"
"04/25/2023","87.5471","87.5471","87.5471","87.5471","","0.00%"
"04/24/2023","87.5471","87.5471","87.5471","87.5471","","0.00%"
"04/21/2023","87.5471","87.5471","87.5471","87.5272","","0.00%"
"04/20/2023","87.5471","87.5471","88.2600","87.2872","","0.00%"
"04/19/2023","87.5471","87.5408","87.5471","87.4471","","0.01%"
"04/18/2023","87.5408","87.5452","87.5452","87.5408","","-0.01%"
"04/17/2023","87.5452","87.5471","87.5471","87.5452","","0.00%"
"04/14/2023","87.5471","87.5410","87.5471","87.5410","","0.01%"
"04/13/2023","87.5410","87.4471","87.5410","87.4272","","0.11%"
"04/12/2023","87.4471","87.4471","88.2100","87.2372","","0.00%"
"04/11/2023","87.4471","87.4471","88.2100","87.2372","","0.00%"
"04/10/2023","87.4471","87.4471","87.4471","87.4471","","0.00%"
"04/07/2023","87.4471","87.4471","87.4471","87.4471","","0.00%"
"04/06/2023","87.4471","87.4471","87.4471","87.4471","","0.00%"
"04/05/2023","87.4471","87.4471","87.4471","87.4471","","0.00%"
"04/04/2023","87.4471","87.4471","88.2100","87.2372","","0.00%"
"04/03/2023","87.4471","87.4471","88.2100","87.2372","","0.00%"
"03/31/2023","87.4471","87.4471","87.4471","87.4471","","0.00%"
"03/30/2023","87.4471","87.4471","87.4471","87.4471","","0.00%"
"03/29/2023","87.4471","87.4471","87.4471","87.4471","","0.00%"
"03/28/2023","87.4471","87.4471","88.2100","87.2372","","0.00%"
"03/27/2023","87.4471","87.4471","87.4471","87.4471","","0.00%"
"03/24/2023","87.4471","87.4471","87.4471","87.4471","","0.00%"
"03/23/2023","87.4471","87.4471","87.4471","87.4471","","0.00%"
"03/22/2023","87.4471","87.4471","87.4471","87.4471","","0.00%"
"03/21/2023","87.4471","87.4471","87.4471","87.4471","","0.00%"
"03/20/2023","87.4471","87.4471","87.4471","87.4471","","0.00%"
"03/17/2023","87.4471","87.4471","87.4471","87.4471","","0.00%"
"03/16/2023","87.4471","87.4449","87.4471","87.4449","","0.00%"
"03/15/2023","87.4449","87.4470","87.4470","87.4449","","0.00%"
"03/14/2023","87.4470","87.4471","87.4471","87.4272","","0.00%"
"03/13/2023","87.4471","87.4471","87.4471","87.4471","","0.00%"
"03/10/2023","87.4471","87.4471","88.2100","87.2372","","0.00%"
"03/09/2023","87.4471","87.4471","87.4471","87.4471","","0.00%"
"03/08/2023","87.4471","87.4471","87.4471","87.4471","","0.00%"
"03/07/2023","87.4471","87.4471","87.4471","87.4471","","0.00%"
"03/06/2023","87.4471","87.4461","87.4471","87.4461","","0.00%"
"03/03/2023","87.4461","87.4461","87.4461","87.4461","","0.00%"
"03/02/2023","87.4461","87.5000","87.7095","87.2352","","0.00%"
"03/01/2023","87.4432","87.4471","87.4471","87.4432","","0.00%"
"02/28/2023","87.4471","87.4442","87.4471","87.4442","","0.00%"
"02/27/2023","87.4442","87.4471","87.4471","87.4272","","0.00%"
"02/24/2023","87.4471","87.4471","87.7100","87.2372","","-0.06%"
"02/23/2023","87.5000","87.4471","87.7100","87.2372","","0.06%"
"02/22/2023","87.4471","87.4452","87.4471","87.4452","","0.00%"
"02/21/2023","87.4452","87.4272","88.2090","87.2272","","0.02%"
"02/20/2023","87.4272","87.4272","87.4272","87.4272","","0.52%"
"02/17/2023","86.9772","86.9972","86.9972","86.9772","","-0.02%"
"02/16/2023","86.9972","86.9972","86.9972","86.9972","","0.00%"
"02/15/2023","86.9972","86.9964","86.9972","86.9964","","0.00%"
"02/14/2023","86.9964","86.7971","86.9964","86.7971","","0.23%"
"02/13/2023","86.7971","86.7928","86.7971","86.7928","","0.00%"
"02/10/2023","86.7928","86.7971","86.7971","86.7928","","0.00%"
"02/09/2023","86.7971","86.7971","86.7971","86.7971","","0.00%"
"02/08/2023","86.7971","86.7908","86.7971","86.7908","","0.01%"
"02/07/2023","86.7908","86.2772","87.3818","86.1522","","0.60%"
"02/06/2023","86.2772","86.2772","87.1250","86.1522","","0.00%"
"02/03/2023","86.2772","86.2478","87.1250","86.1375","","-0.83%"
"02/02/2023","87.0000","86.1772","87.1103","86.1022","","0.95%"
"02/01/2023","86.1772","86.1772","86.5750","86.1022","","0.00%"
"01/31/2023","86.1772","86.1772","86.5750","86.0872","","0.00%"
"01/30/2023","86.1772","86.1772","86.1772","86.1772","","0.00%"
"01/27/2023","86.1772","86.1497","86.1772","86.1497","","0.03%"
"01/26/2023","86.1497","86.1178","86.1497","86.1178","","0.04%"
"01/25/2023","86.1178","86.0771","86.1178","86.0771","","0.05%"
"01/24/2023","86.0771","86.1662","87.0695","86.0522","","-0.10%"
"01/23/2023","86.1662","86.1071","87.0695","86.0671","","0.07%"
"01/20/2023","86.1071","85.9161","86.1071","85.9161","","0.22%"
"01/19/2023","85.9161","85.6971","85.9161","85.6971","","0.26%"
"01/18/2023","85.6971","85.6971","86.3350","85.3622","","0.00%"
"01/17/2023","85.6971","85.6971","86.3350","85.3622","","0.00%"
"01/16/2023","85.6971","85.6971","85.6971","85.6971","","0.00%"
"01/13/2023","85.6971","85.6971","86.3350","85.3622","","0.00%"
"01/12/2023","85.6971","85.6971","86.3350","85.3622","","0.00%"
"01/11/2023","85.6971","85.6971","86.3350","85.3622","","0.00%"
"01/10/2023","85.6971","85.7072","85.7072","85.6971","","-0.01%"
"01/09/2023","85.7072","85.6772","85.7072","85.6772","","0.04%"
"01/06/2023","85.6772","85.7072","85.8400","85.3522","","-0.04%"
"01/05/2023","85.7072","85.7072","85.7072","85.7072","","0.00%"
"01/04/2023","85.7072","85.7072","85.7072","85.7072","","0.00%"
"01/03/2023","85.7072","85.7072","85.7072","85.7072","","0.00%"
"01/02/2023","85.7072","85.7072","85.7072","85.7072","","0.00%"
"12/30/2022","85.7072","85.7072","85.7072","85.7072","","0.00%"
"12/29/2022","85.7072","85.7072","85.7072","85.7072","","0.00%"
"12/28/2022","85.7072","85.7072","85.7072","85.6071","","0.00%"
"12/27/2022","85.7072","85.6772","85.7072","85.6772","","0.04%"
"12/26/2022","85.6772","85.7072","85.7072","85.6772","","-0.04%"
"12/23/2022","85.7072","85.7072","85.7072","85.7072","","0.00%"
"12/22/2022","85.7072","85.7071","85.7072","85.7071","","0.00%"
"12/21/2022","85.7071","85.0072","85.7071","85.0072","","0.82%"
"12/20/2022","85.0072","84.9772","85.3650","84.9772","","0.04%"
"12/19/2022","84.9772","84.9772","84.9772","84.9772","","0.00%"
"12/16/2022","84.9772","84.9772","84.9772","84.9772","","0.00%"
"12/15/2022","84.9772","84.9772","85.4750","84.5022","","-0.03%"
"12/14/2022","85.0000","84.9772","85.4750","84.5022","","0.03%"
"12/13/2022","84.9772","84.9772","85.4750","84.5022","","0.00%"
"12/12/2022","84.9772","84.9772","85.0222","84.9772","","0.00%"
"12/09/2022","84.9772","84.9762","85.4750","84.5017","","0.00%"
"12/08/2022","84.9762","84.9772","85.4750","84.5017","","0.00%"
"12/07/2022","84.9772","84.9427","85.4750","84.4850","","0.04%"
"12/06/2022","84.9427","84.4772","85.4578","84.2522","","0.55%"
"12/05/2022","84.4772","84.4772","85.2250","84.2472","","0.00%"
"12/02/2022","84.4772","84.4772","85.2250","84.2522","","0.00%"
"12/01/2022","84.4772","84.4747","84.4772","84.4743","","0.00%"
"11/30/2022","84.4747","84.4747","84.7238","84.2509","","0.00%"
"11/29/2022","84.4747","84.4615","85.2238","84.2443","","0.02%"
"11/28/2022","84.4615","84.4772","85.2250","84.2443","","-0.02%"
"11/25/2022","84.4772","84.4596","85.2250","84.2433","","0.02%"
"11/24/2022","84.4596","84.4596","84.4596","84.4596","","0.00%"
"11/23/2022","84.4596","84.4586","85.2162","84.2429","","0.00%"
"11/22/2022","84.4586","84.4401","84.4586","84.4401","","0.02%"
"11/21/2022","84.4401","84.4705","84.4705","84.4401","","-0.04%"
"11/18/2022","84.4705","84.4770","84.4770","84.4705","","-0.01%"
"11/17/2022","84.4770","84.4488","84.4770","84.4488","","0.03%"
"11/16/2022","84.4488","84.4080","84.4488","84.4080","","0.05%"
"11/15/2022","84.4080","84.4089","84.4089","84.4080","","0.00%"
"11/14/2022","84.4089","84.3279","84.4409","83.9275","","0.10%"
"11/11/2022","84.3279","84.2445","84.3279","84.2445","","0.10%"
"11/10/2022","84.2445","84.1776","84.6087","83.6024","","0.08%"
"11/09/2022","84.1776","84.0253","84.5752","83.5262","","0.18%"
"11/08/2022","84.0253","84.0252","84.0253","84.0252","","0.00%"
"11/07/2022","84.0252","84.0253","84.0253","84.0252","","0.00%"
"11/04/2022","84.0253","83.7573","84.0253","83.7573","","0.32%"
"11/03/2022","83.7573","83.5394","84.3651","83.2833","","-0.29%"
"11/02/2022","84.0000","83.5229","84.2561","83.2749","","0.57%"
"11/01/2022","83.5229","83.2753","83.5229","83.2753","","0.30%"
"10/31/2022","83.2753","83.2753","83.3112","83.2753","","0.00%"
"10/28/2022","83.2753","82.9582","82.9582","82.9572","","0.38%"
"10/27/2022","82.9582","82.7465","83.4656","82.3868","","0.26%"
"10/26/2022","82.7465","82.6831","82.7465","82.6831","","0.08%"
"10/25/2022","82.6831","82.6580","83.0780","82.2926","","0.03%"
"10/24/2022","82.6580","82.3869","82.8154","82.2069","","0.33%"
"10/21/2022","82.3869","82.3869","82.6405","82.3867","","0.00%"
"10/20/2022","82.3869","82.2864","83.1799","82.1568","","0.12%"
"10/19/2022","82.2864","82.1679","83.1296","82.0976","","0.14%"
"10/18/2022","82.1679","82.7447","82.7447","82.1679","","-1.72%"
"10/17/2022","83.6037","83.6037","83.6037","83.6037","","0.00%"
"10/14/2022","83.6037","83.6080","83.6080","83.6037","","0.73%"
"10/13/2022","83.0000","82.5000","83.0000","82.5000","","0.61%"
"10/12/2022","82.5000","82.3767","82.6748","82.2020","","0.15%"
"10/11/2022","82.3767","81.4194","82.3767","81.4194","","1.18%"
"10/10/2022","81.4194","81.3433","82.1961","81.1852","","1.14%"
"10/07/2022","80.5047","80.5047","80.5047","80.5047","","0.00%"
"10/06/2022","80.5047","80.3568","80.5047","80.3567","","0.18%"
"10/05/2022","80.3568","80.2886","80.3568","80.2886","","0.08%"
"10/04/2022","80.2886","80.2035","80.6307","79.8653","","0.11%"
"10/03/2022","80.2035","80.2043","80.2043","80.2035","","0.00%"
"09/30/2022","80.2043","80.2099","80.2099","80.2043","","-0.01%"
"09/29/2022","80.2099","80.2941","81.1335","80.0272","","-0.10%"
"09/28/2022","80.2941","80.5339","80.5339","80.2941","","-0.30%"
"09/27/2022","80.5339","81.5017","81.5017","80.5339","","-1.19%"
"09/26/2022","81.5017","81.5928","81.5928","81.5017","","-0.11%"
"09/23/2022","81.5928","81.5648","81.5928","81.5647","","0.03%"
"09/22/2022","81.5648","81.2210","82.2688","81.1241","","0.42%"
"09/21/2022","81.2210","81.1590","82.0969","81.0931","","0.08%"
"09/20/2022","81.1590","81.0763","82.0659","81.0518","","0.10%"
"09/19/2022","81.0763","81.0785","82.0257","80.8018","","0.00%"
"09/16/2022","81.0785","81.0734","82.0257","81.0503","","0.01%"
"09/15/2022","81.0734","81.7596","82.3663","81.0503","","-0.84%"
"09/14/2022","81.7596","81.9054","81.9054","81.7596","","-0.18%"
"09/13/2022","81.9054","82.0082","82.0405","81.4663","","-0.13%"
"09/12/2022","82.0082","82.1007","82.1007","82.0082","","-0.11%"
"09/09/2022","82.1007","81.9150","82.1007","81.9150","","0.23%"
"09/08/2022","81.9150","81.3635","81.9150","81.3635","","0.68%"
"09/07/2022","81.3635","81.0785","81.3635","81.0785","","0.35%"
"09/06/2022","81.0785","80.9242","81.5257","80.4757","","0.19%"
"09/05/2022","80.9242","80.9242","81.4485","80.4757","","0.00%"
"09/02/2022","80.9242","80.8097","81.4485","80.4184","","0.14%"
"09/01/2022","80.8097","80.7261","81.3913","80.3767","","-0.23%"
"08/31/2022","81.0000","80.7261","81.3495","80.3767","","0.34%"
"08/30/2022","80.7261","80.7272","81.3500","80.3767","","0.00%"
"08/29/2022","80.7272","80.7110","80.7272","80.7110","","0.02%"
"08/26/2022","80.7110","80.4082","80.7110","80.4082","","0.38%"
"08/25/2022","80.4082","80.3211","81.1905","80.1741","","0.11%"
"08/24/2022","80.3211","80.3561","81.1645","80.1741","","-0.04%"
"08/23/2022","80.3561","80.7772","80.7772","80.3561","","-0.52%"
"08/22/2022","80.7772","81.0072","81.0072","80.7772","","-0.28%"
"08/19/2022","81.0072","81.2285","81.2285","81.0072","","-0.27%"
"08/18/2022","81.2285","81.0085","81.2285","81.0085","","0.27%"
"08/17/2022","81.0085","82.4022","82.4022","81.0085","","-1.69%"
"08/16/2022","82.4022","82.4022","82.4022","82.4022","","0.00%"
"08/15/2022","82.4022","82.0315","82.4022","82.0315","","0.45%"
"08/12/2022","82.0315","82.2866","82.2866","82.0315","","-0.31%"
"08/11/2022","82.2866","82.2575","82.2866","82.2575","","0.04%"
"08/10/2022","82.2575","82.8563","83.4146","82.1423","","-0.72%"
"08/09/2022","82.8563","83.0272","83.0272","82.8563","","-0.21%"
"08/08/2022","83.0272","83.0229","84.0000","83.0227","","0.01%"
"08/05/2022","83.0229","83.5000","84.0690","82.9827","","-0.17%"
"08/04/2022","83.1652","83.1647","84.0690","83.0959","","-0.99%"
"08/03/2022","84.0000","83.1661","84.0695","83.0959","","1.00%"
"08/02/2022","83.1661","83.0117","83.1661","83.0117","","-0.99%"
"08/01/2022","84.0000","83.2012","84.0870","83.0117","","0.96%"
"07/29/2022","83.2012","83.0976","83.2012","83.0976","","0.12%"
"07/28/2022","83.0976","82.3956","83.0976","82.3956","","2.61%"
"07/27/2022","80.9876","80.9876","80.9876","80.9876","","0.00%"
"07/26/2022","80.9876","80.4488","81.7500","80.4477","","0.67%"
"07/25/2022","80.4488","79.7865","80.4488","79.7865","","0.83%"
"07/22/2022","79.7865","79.7069","79.7865","79.7069","","0.10%"
"07/21/2022","79.7069","79.5557","79.7069","79.5557","","0.19%"
"07/20/2022","79.5557","79.6416","79.6416","79.5557","","-0.11%"
"07/19/2022","79.6416","79.8749","79.8749","79.6416","","-1.67%"
"07/18/2022","80.9966","80.9966","80.9966","80.9966","","0.00%"
"07/15/2022","80.9966","81.1272","81.1272","80.9966","","-0.16%"
"07/14/2022","81.1272","80.9987","81.1272","80.9987","","-1.86%"
"07/13/2022","82.6671","82.6671","82.6671","82.6671","","0.00%"
"07/12/2022","82.6671","82.6725","82.6725","82.6671","","-0.01%"
"07/11/2022","82.6725","82.6721","82.6725","82.6671","","0.00%"
"07/08/2022","82.6725","82.4022","82.6725","81.9647","","0.33%"
"07/07/2022","82.4022","79.5272","82.4022","79.5272","","3.62%"
"07/06/2022","79.5272","79.5272","79.5272","79.5272","","0.00%"
"07/05/2022","79.5272","79.5272","79.5272","79.5272","","0.00%"
"07/04/2022","79.5272","79.5272","79.5272","79.5272","","0.00%"
"07/01/2022","79.5272","79.5272","79.5272","79.5272","","0.00%"
"06/30/2022","79.5272","79.5272","79.5272","79.5272","","0.00%"
"06/29/2022","79.5272","79.5272","79.5272","79.5272","","0.00%"
"06/28/2022","79.5272","79.5274","79.5274","79.5272","","0.00%"
"06/27/2022","79.5274","79.5286","79.5286","79.5274","","0.03%"
"06/24/2022","79.5000","79.5315","79.7522","79.2779","","-0.04%"
"06/23/2022","79.5315","79.5322","79.7525","79.2793","","0.00%"
"06/22/2022","79.5322","79.5322","79.7525","79.2797","","0.00%"
"06/21/2022","79.5322","79.5283","80.2525","79.2777","","0.00%"
"06/20/2022","79.5283","79.5283","79.5283","79.5283","","0.00%"
"06/17/2022","79.5283","79.5282","79.5283","79.5272","","0.00%"
"06/16/2022","79.5282","79.5282","80.2505","79.2777","","0.00%"
"06/15/2022","79.5282","79.5282","79.5282","79.5282","","0.00%"
"06/14/2022","79.5282","79.5282","79.5282","79.5282","","0.00%"
"06/13/2022","79.5282","79.5284","80.0007","79.2777","","0.00%"
"06/10/2022","79.5284","79.5368","80.2548","79.2778","","-0.01%"
"06/09/2022","79.5368","79.5366","80.0048","79.2818","","0.00%"
"06/08/2022","79.5366","79.5272","80.0047","79.2772","","0.01%"
"06/07/2022","79.5272","79.5272","80.2500","79.2772","","0.00%"
"06/06/2022","79.5272","79.5272","80.2500","79.2772","","0.00%"
"06/03/2022","79.5272","79.5749","80.0239","79.5272","","-0.06%"
"06/02/2022","79.5749","79.5749","80.2739","79.3010","","0.00%"
"06/01/2022","79.5749","80.8009","81.4000","79.5749","","-1.52%"
"05/31/2022","80.8009","80.8009","82.0000","80.8009","","0.00%"
"05/30/2022","80.8009","80.8009","80.8009","80.8009","","1.00%"
"05/27/2022","80.0000","79.5272","80.2500","79.2772","","0.59%"
"05/26/2022","79.5272","79.5272","80.2500","79.2772","","0.00%"
"05/25/2022","79.5272","79.5272","80.2500","79.2772","","0.00%"
"05/24/2022","79.5272","79.5272","80.2500","79.2772","","-0.59%"
"05/23/2022","80.0000","79.8968","80.4348","79.2772","","0.13%"
"05/20/2022","79.8968","80.0370","80.0370","79.8968","","-0.18%"
"05/19/2022","80.0370","80.3047","80.8888","79.7821","","-0.33%"
"05/18/2022","80.3047","82.3079","82.3079","80.3047","","-2.43%"
"05/17/2022","82.3079","82.4105","82.6917","82.1675","","-0.12%"
"05/16/2022","82.4105","82.7012","83.3371","82.2188","","-0.35%"
"05/13/2022","82.7012","82.7012","82.7012","82.7012","","0.00%"
"05/12/2022","82.7012","82.6850","82.8371","82.3561","","0.02%"
"05/11/2022","82.6850","82.1510","82.6850","82.1510","","0.65%"
"05/10/2022","82.1510","82.0272","82.8119","81.7772","","0.15%"
"05/09/2022","82.0272","82.0272","82.7500","81.7772","","0.00%"
"05/06/2022","82.0272","82.0272","82.0272","82.0272","","0.00%"
"05/05/2022","82.0272","82.5000","82.7500","81.7772","","0.00%"
"05/04/2022","82.0272","82.0272","82.0272","82.0272","","0.00%"
"05/03/2022","82.0272","82.0272","82.2500","81.7772","","0.00%"
"05/02/2022","82.0272","82.1285","82.5507","82.0272","","-0.57%"
"04/29/2022","82.5000","82.6985","82.8357","82.0779","","-0.24%"
"04/28/2022","82.6985","84.1574","84.1574","82.6985","","-1.73%"
"04/27/2022","84.1574","84.2247","84.2247","84.1574","","-0.08%"
"04/26/2022","84.2247","83.1171","84.2247","83.1171","","1.33%"
"04/25/2022","83.1171","80.8922","83.1171","80.8922","","2.75%"
"04/22/2022","80.8922","80.3913","80.9325","80.2092","","-1.95%"
"04/21/2022","82.5000","82.5847","82.7788","82.3059","","1.23%"
"04/20/2022","81.5000","81.0343","81.5000","81.0343","","1.24%"
"04/19/2022","80.5000","80.4747","80.7238","80.2509","","0.03%"
"04/18/2022","80.4747","81.4572","81.4572","80.4747","","-1.21%"
"04/15/2022","81.4572","81.4572","81.7150","81.2422","","0.00%"
"04/14/2022","81.4572","83.5297","83.5297","81.4572","","-2.48%"
"04/13/2022","83.5297","86.0471","86.0471","83.5297","","-2.93%"
"04/12/2022","86.0471","86.1700","86.5714","86.0372","","-0.14%"
"04/11/2022","86.1700","92.6917","92.6917","86.0986","","-5.29%"
"04/08/2022","90.9828","90.9828","90.9828","90.9828","","-0.02%"
"04/07/2022","91.0000","90.9828","91.3528","90.6300","","0.02%"
"04/06/2022","90.9828","85.7272","90.9828","85.7272","","6.13%"
"04/05/2022","85.7272","85.7272","86.0000","85.5772","","3.91%"
"04/04/2022","82.5000","81.5477","82.5103","81.5374","","1.17%"
"04/01/2022","81.5477","82.4892","82.4892","81.4124","","-1.14%"
"03/31/2022","82.4892","83.3362","83.3545","82.4582","","-1.80%"
"03/30/2022","84.0000","87.9764","87.9764","83.1816","","-4.52%"
"03/29/2022","87.9764","94.3216","94.3216","87.9764","","-6.73%"
"03/28/2022","94.3216","95.2676","95.2676","94.1744","","-0.99%"
"03/25/2022","95.2676","99.4709","99.4709","95.2676","","-4.23%"
"03/24/2022","99.4709","99.4709","99.7219","99.2490","","0.00%"
"03/23/2022","99.4709","102.9167","102.9167","99.4709","","-3.35%"
"03/22/2022","102.9167","102.9167","102.9167","102.9167","","0.00%"
"03/21/2022","102.9167","102.9168","103.1948","102.7219","","0.00%"
"03/18/2022","102.9168","104.5000","104.7147","102.9168","","-1.47%"
"03/17/2022","104.4564","104.9898","104.9898","104.4564","","-0.51%"
"03/16/2022","104.9898","105.0272","105.2500","104.7585","","-0.04%"
"03/15/2022","105.0272","104.9904","105.3500","104.8838","","0.04%"
"03/14/2022","104.9904","105.1000","105.2816","104.8088","","0.95%"
"03/11/2022","104.0000","103.1486","105.0043","103.0879","","0.83%"
"03/10/2022","103.1486","97.7217","103.8107","97.7217","","5.55%"
"03/09/2022","97.7217","97.7217","97.8473","97.3744","","0.00%"
"03/08/2022","97.7217","97.7217","97.8473","97.3744","","14.97%"
"03/07/2022","85.0000","85.0000","85.0000","85.0000","","0.00%"
"03/04/2022","85.0000","85.0000","85.0000","85.0000","","0.00%"
"03/03/2022","85.0000","85.0000","85.0000","85.0000","","0.00%"
"03/02/2022","85.0000","85.0000","85.0000","85.0000","","0.00%"
"03/01/2022","85.0000","85.0000","85.0000","85.0000","","0.00%"
"02/28/2022","85.0000","85.0000","85.0000","85.0000","","0.00%"
"02/25/2022","85.0000","84.8271","85.1500","84.6772","","0.20%"
"02/24/2022","84.8271","84.8271","85.1500","84.6772","","0.00%"
"02/23/2022","84.8271","84.8271","85.1500","84.6769","","0.00%"
"02/22/2022","84.8271","84.8271","85.1500","84.6772","","0.00%"
"02/21/2022","84.8271","84.8271","84.8271","84.8271","","0.00%"
"02/18/2022","84.8271","84.8271","84.8271","84.8271","","0.00%"
"02/17/2022","84.8271","84.8257","85.1500","84.6764","","0.00%"
"02/16/2022","84.8257","84.8218","85.1493","84.6745","","0.00%"
"02/15/2022","84.8218","84.8212","84.8218","84.8212","","0.00%"
"02/14/2022","84.8212","84.8117","85.1471","84.6695","","0.01%"
"02/11/2022","84.8117","84.8271","85.1500","84.6695","","-0.02%"
"02/10/2022","84.8271","84.8271","85.1500","84.6772","","0.00%"
"02/09/2022","84.8271","84.8186","85.1500","84.6729","","-0.20%"
"02/08/2022","85.0000","84.8263","85.1498","84.6729","","0.20%"
"02/07/2022","84.8263","84.8271","85.1500","84.6768","","0.00%"
"02/04/2022","84.8271","84.8049","85.1500","84.6661","","-0.20%"
"02/03/2022","85.0000","84.8207","85.1468","84.6661","","0.21%"
"02/02/2022","84.8207","84.8236","85.1482","84.6739","","0.00%"
"02/01/2022","84.8236","84.8245","85.1487","84.6754","","0.00%"
"01/31/2022","84.8245","84.8263","85.1498","84.6759","","0.00%"
"01/28/2022","84.8263","84.8251","85.1496","84.6761","","0.00%"
"01/27/2022","84.8251","84.8209","85.1490","84.6739","","0.00%"
"01/26/2022","84.8209","84.8210","85.1469","84.7990","","0.00%"
"01/25/2022","84.8210","84.8210","85.1469","84.6740","","0.00%"
"01/24/2022","84.8210","84.8235","85.1482","84.6740","","0.00%"
"01/21/2022","84.8235","84.8091","84.8235","84.8091","","0.02%"
"01/20/2022","84.8091","84.8249","85.0239","84.6681","","-0.02%"
"01/19/2022","84.8249","84.8157","85.0239","84.6714","","0.01%"
"01/18/2022","84.8157","84.8074","84.8157","84.7272","","0.01%"
"01/17/2022","84.8074","84.8074","84.8074","84.8074","","0.00%"
"01/14/2022","84.8074","84.8269","85.0249","84.6673","","-0.02%"
"01/13/2022","84.8269","84.8150","85.0498","84.6914","","0.01%"
"01/12/2022","84.8150","84.8156","85.0192","84.6711","","0.00%"
"01/11/2022","84.8156","84.8271","85.0250","84.6713","","-0.01%"
"01/10/2022","84.8271","84.8271","85.0250","84.6772","","0.00%"
"01/07/2022","84.8271","84.8271","84.8271","84.8271","","0.00%"
"01/06/2022","84.8271","84.8271","85.0250","84.6772","","0.00%"
"01/05/2022","84.8271","84.8271","85.0250","84.6771","","0.00%"
"01/04/2022","84.8271","84.8271","85.0250","84.6772","","0.00%"
"01/03/2022","84.8271","84.8271","85.0250","84.6772","","0.00%"
"12/31/2021","84.8271","84.7858","84.8271","84.7858","","0.05%"
"12/30/2021","84.7858","84.8180","85.0204","84.6565","","-0.04%"
"12/29/2021","84.8180","84.8271","85.0250","84.6726","","-0.01%"
"12/28/2021","84.8271","84.8271","85.0250","84.6772","","0.00%"
"12/27/2021","84.8271","84.8185","85.0250","84.6728","","-0.06%"
"12/24/2021","84.8750","84.8185","85.0207","84.6728","","0.07%"
"12/23/2021","84.8185","84.8253","85.0241","84.6728","","-0.01%"
"12/22/2021","84.8253","84.8228","85.0241","84.6750","","0.00%"
"12/21/2021","84.8228","84.8257","84.8257","84.8228","","0.00%"
"12/20/2021","84.8257","84.8266","84.8997","84.6764","","-0.06%"
"12/17/2021","84.8750","84.8167","85.0247","84.6719","","0.07%"
"12/16/2021","84.8167","84.8202","85.0218","84.6719","","0.00%"
"12/15/2021","84.8202","84.8244","85.0236","84.6737","","0.00%"
"12/14/2021","84.8244","84.8262","85.0246","84.6757","","0.00%"
"12/13/2021","84.8262","84.8108","85.0246","84.6690","","0.02%"
"12/10/2021","84.8108","84.8108","85.0168","84.6690","","-0.08%"
"12/09/2021","84.8750","84.8263","85.0246","84.6729","","0.06%"
"12/08/2021","84.8263","84.8243","85.0246","84.6757","","0.00%"
"12/07/2021","84.8243","84.8214","85.0236","84.6743","","0.00%"
"12/06/2021","84.8214","84.8218","85.0223","84.6743","","0.00%"
"12/03/2021","84.8218","84.8168","85.0223","84.6720","","0.01%"
"12/02/2021","84.8168","84.8241","84.8241","84.8168","","-0.01%"
"12/01/2021","84.8241","84.8160","85.0235","84.6716","","0.01%"
"11/30/2021","84.8160","84.8271","84.8271","84.8160","","-0.01%"
"11/29/2021","84.8271","84.8019","85.0250","84.6645","","-0.06%"
"11/26/2021","84.8750","84.8019","85.0124","84.6645","","0.06%"
"11/25/2021","84.8271","84.8271","84.8271","84.8271","","0.00%"
"11/24/2021","84.8271","84.8271","85.0250","84.6772","","0.00%"
"11/23/2021","84.8271","84.8152","85.0250","84.6712","","0.01%"
"11/22/2021","84.8152","84.8075","85.0190","84.6674","","0.01%"
"11/19/2021","84.8075","84.8271","84.8271","84.8075","","-0.02%"
"11/18/2021","84.8271","84.8163","85.0250","84.6717","","0.01%"
"11/17/2021","84.8163","84.8177","84.8177","84.8163","","0.00%"
"11/16/2021","84.8177","84.8181","85.0205","84.6724","","0.00%"
"11/15/2021","84.8181","84.8098","84.8955","84.5435","","0.01%"
"11/12/2021","84.8098","84.8271","85.0250","84.5934","","-0.02%"
"11/11/2021","84.8271","84.8266","84.8271","84.8266","","0.00%"
"11/10/2021","84.8266","84.8270","85.0499","84.6269","","0.00%"
"11/09/2021","84.8270","84.8270","84.8270","84.8270","","0.00%"
"11/08/2021","84.8270","84.8270","85.0499","84.6269","","0.00%"
"11/05/2021","84.8270","84.8271","85.0250","84.6771","","0.00%"
"11/04/2021","84.8271","84.7949","85.0500","84.6110","","0.04%"
"11/03/2021","84.7949","84.8271","85.0500","84.6110","","-0.04%"
"11/02/2021","84.8271","84.8194","85.0250","84.5483","","0.01%"
"11/01/2021","84.8194","84.8271","85.0500","84.6233","","-0.01%"
"10/29/2021","84.8271","84.8245","84.8271","84.8245","","0.00%"
"10/28/2021","84.8245","84.8163","85.0237","84.6717","","0.01%"
"10/27/2021","84.8163","84.8163","84.8163","84.8163","","0.00%"
"10/26/2021","84.8163","84.8211","85.0970","84.6717","","-0.01%"
"10/25/2021","84.8211","84.8072","85.0220","84.5372","","0.01%"
"10/22/2021","84.8147","84.8271","85.0500","84.5709","","-0.01%"
"10/21/2021","84.8271","84.8202","85.1000","84.6237","","0.03%"
"10/20/2021","84.8000","84.8207","85.0468","84.5737","","-0.02%"
"10/19/2021","84.8207","84.8233","85.0981","84.6739","","0.08%"
"10/18/2021","84.7500","84.8271","85.0250","84.5502","","-0.09%"
"10/15/2021","84.8271","84.8271","85.0500","84.5522","","-0.03%"
"10/14/2021","84.8500","84.8271","85.0500","84.6272","","0.03%"
"10/13/2021","84.8271","84.8271","85.0750","84.6772","","0.00%"
"10/12/2021","84.8271","84.8271","85.0750","84.7021","","0.00%"
"10/11/2021","84.8271","84.8271","84.8271","84.8271","","0.00%"
"10/08/2021","84.8271","84.8191","85.0750","84.6731","","0.01%"
"10/07/2021","84.8191","84.8271","84.8271","84.8191","","-0.01%"
"10/06/2021","84.8271","84.8271","85.0750","84.7021","","0.00%"
"10/05/2021","84.8271","84.8271","84.8271","84.8271","","0.00%"
"10/04/2021","84.8271","84.8254","85.0249","84.5513","","0.00%"
"10/01/2021","84.8254","84.8271","84.8271","84.8254","","0.00%"
"09/30/2021","84.8271","84.8178","85.1500","84.6725","","0.01%"
"09/29/2021","84.8178","84.8271","84.8271","84.8178","","-0.01%"
"09/28/2021","84.8271","84.8267","84.9000","84.4269","","0.00%"
"09/27/2021","84.8267","84.8271","85.0250","84.6769","","0.00%"
"09/24/2021","84.8271","84.8271","84.9000","84.6772","","0.00%"
"09/23/2021","84.8271","84.8271","84.9000","84.6772","","0.00%"
"09/22/2021","84.8271","84.8271","84.8271","84.5000","","0.00%"
"09/21/2021","84.8271","84.8257","85.0250","84.6014","","0.00%"
"09/20/2021","84.8257","84.8044","85.0493","84.6158","","0.09%"
"09/17/2021","84.7500","84.8232","84.8980","84.6658","","-0.09%"
"09/16/2021","84.8232","84.8232","85.0980","84.6752","","-0.15%"
"09/15/2021","84.9500","84.8263","85.0996","84.6752","","0.15%"
"09/14/2021","84.8263","84.8271","84.9050","84.6768","","0.00%"
"09/13/2021","84.8271","84.8271","85.0250","84.6772","","0.00%"
"09/10/2021","84.8271","84.8271","84.8271","84.8271","","0.00%"
"09/09/2021","84.8271","84.8271","84.8271","84.8271","","0.00%"
"09/08/2021","84.8271","84.7772","84.8271","84.7722","","0.06%"
"09/07/2021","84.7772","84.7772","84.7772","84.7772","","0.00%"
"09/06/2021","84.7772","84.7772","84.7772","84.7772","","0.00%"
"09/03/2021","84.7772","84.7321","84.7772","84.7272","","0.05%"
"09/02/2021","84.7321","84.7321","84.7321","84.7321","","0.00%"
"09/01/2021","84.7321","84.7272","84.7321","84.7272","","0.01%"
"08/31/2021","84.7272","84.7272","84.7327","84.7272","","0.00%"
"08/30/2021","84.7272","84.7272","84.7327","84.7272","","0.00%"
"08/27/2021","84.7272","84.7272","84.7272","84.7272","","0.00%"
"08/26/2021","84.7272","84.7235","85.0500","84.6254","","0.00%"
"08/25/2021","84.7235","84.6647","84.9482","84.3459","","0.07%"
"08/24/2021","84.6647","84.6113","84.8647","84.6113","","0.06%"
"08/23/2021","84.6113","84.6710","84.8219","84.4442","","-0.07%"
"08/20/2021","84.6710","84.6499","84.8219","84.4385","","0.20%"
"08/19/2021","84.5000","84.6272","84.8114","84.3272","","-0.15%"
"08/18/2021","84.6272","84.7412","84.9070","84.4772","","-0.13%"
"08/17/2021","84.7412","84.7663","85.0196","84.5841","","-0.16%"
"08/16/2021","84.8750","84.8192","85.0210","84.6467","","0.07%"
"08/13/2021","84.8192","84.8168","85.0960","84.6720","","0.00%"
"08/12/2021","84.8168","84.8271","84.8271","84.8168","","0.08%"
"08/11/2021","84.7500","84.8174","84.9500","84.6223","","-0.12%"
"08/10/2021","84.8500","84.8097","85.0451","84.6184","","0.05%"
"08/09/2021","84.8097","84.7979","84.9413","84.4125","","0.01%"
"08/06/2021","84.7979","84.7382","84.8854","84.3824","","0.07%"
"08/05/2021","84.7382","84.7373","85.0056","84.5823","","0.00%"
"08/04/2021","84.7373","84.7325","85.0551","84.5048","","0.01%"
"08/03/2021","84.7325","84.7526","84.7526","84.7325","","-0.02%"
"08/02/2021","84.7526","84.7857","84.7857","84.3750","","-0.04%"
"07/30/2021","84.7857","84.8132","84.8132","84.7857","","-0.03%"
"07/29/2021","84.8132","84.6927","84.8132","84.6927","","0.14%"
"07/28/2021","84.6927","84.5834","84.8328","84.3053","","0.13%"
"07/27/2021","84.5834","84.4372","84.6531","84.2321","","0.17%"
"07/26/2021","84.4372","84.2892","84.5050","84.0082","","0.18%"
"07/23/2021","84.2892","84.4115","84.5672","84.1582","","-0.14%"
"07/22/2021","84.4115","84.7255","84.7255","84.4115","","-0.37%"
"07/21/2021","84.7255","84.8082","84.9905","84.5263","","-0.10%"
"07/20/2021","84.8082","84.8082","84.9905","84.5677","","0.00%"
"07/19/2021","84.8082","84.8082","85.0405","84.6172","","0.00%"
"07/16/2021","84.8082","84.7894","84.8082","84.7894","","0.02%"
"07/15/2021","84.7894","84.7483","85.0061","84.6377","","0.02%"
"07/14/2021","84.7750","84.7629","85.0428","84.5127","","0.01%"
"07/13/2021","84.7629","84.8057","85.0643","84.5950","","-0.04%"
"07/12/2021","84.8000","84.7467","84.9893","84.5870","","0.06%"
"07/09/2021","84.7467","84.8238","84.9984","84.5870","","-0.09%"
"07/08/2021","84.8238","84.8271","85.0500","84.6255","","0.00%"
"07/07/2021","84.8271","84.8160","85.0250","84.5466","","0.01%"
"07/06/2021","84.8160","84.8075","84.8945","84.5674","","0.01%"
"07/05/2021","84.8075","84.8075","84.8075","84.8075","","0.00%"
"07/02/2021","84.8075","84.8072","84.8075","84.7971","","0.00%"
"07/01/2021","84.8072","84.7281","84.8650","84.4776","","0.09%"
"06/30/2021","84.7281","84.6911","84.9505","84.4591","","0.04%"
"06/29/2021","84.6911","84.5500","84.7820","84.4511","","0.11%"
"06/28/2021","84.6000","84.6876","84.8073","84.4511","","-0.10%"
"06/25/2021","84.6876","84.6897","84.7813","84.4574","","0.00%"
"06/24/2021","84.6897","84.6753","84.8063","84.4512","","0.02%"
"06/23/2021","84.6753","84.5916","84.7741","84.4094","","0.10%"
"06/22/2021","84.5916","84.5463","84.7822","84.2867","","0.05%"
"06/21/2021","84.5463","84.5994","84.7861","84.3617","","-0.06%"
"06/18/2021","84.5994","84.6671","84.6671","84.5994","","-0.08%"
"06/17/2021","84.6671","84.6022","84.9200","84.4647","","0.08%"
"06/16/2021","84.6022","84.5801","84.7375","84.3384","","0.03%"
"06/15/2021","84.5801","84.7338","85.0033","84.5036","","-0.18%"
"06/14/2021","84.7338","84.5942","84.8533","84.3107","","0.17%"
"06/11/2021","84.5942","84.3459","84.7835","84.0116","","0.29%"
"06/10/2021","84.3459","84.5526","84.5527","84.3459","","-0.24%"
"06/09/2021","84.5526","84.6580","84.8154","84.3399","","-0.12%"
"06/08/2021","84.6580","84.6576","84.8154","84.3424","","0.00%"
"06/07/2021","84.6581","84.6995","84.6995","84.6581","","-0.05%"
"06/04/2021","84.6995","84.5000","84.9366","84.3634","","0.00%"
"06/03/2021","84.7003","84.5068","84.7003","84.5068","","0.23%"
"06/02/2021","84.5068","84.4529","84.5068","84.4529","","0.13%"
"06/01/2021","84.3990","83.6436","84.3990","83.6436","","0.90%"
"05/31/2021","83.6436","83.6528","83.6528","83.6436","","-0.01%"
"05/28/2021","83.6528","83.4100","83.6628","83.0686","","0.29%"
"05/27/2021","83.4100","83.0403","83.5414","82.9088","","0.45%"
"05/26/2021","83.0403","83.2788","83.4758","82.9088","","-0.29%"
"05/25/2021","83.2788","83.6540","83.6540","83.2788","","-0.45%"
"05/24/2021","83.6540","83.8080","84.0404","83.5406","","-0.18%"
"05/21/2021","83.8080","83.9923","84.1826","83.6676","","-0.22%"
"05/20/2021","83.9923","84.0048","84.2388","83.8097","","-0.01%"
"05/19/2021","84.0048","84.2771","84.4750","83.9160","","-0.32%"
"05/18/2021","84.2771","84.3232","84.5230","84.1521","","-0.68%"
"05/17/2021","84.8500","84.6485","84.9607","84.3232","","0.24%"
"05/14/2021","84.6485","84.6865","85.0297","84.5628","","-0.04%"
"05/13/2021","84.6865","84.6865","85.0547","84.5818","","0.00%"
"05/12/2021","84.6865","84.7646","84.9438","84.5818","","-0.09%"
"05/11/2021","84.7646","84.7384","84.9938","84.6078","","0.03%"
"05/10/2021","84.7384","84.7996","85.0112","84.6078","","-0.07%"
"05/07/2021","84.7996","84.8271","85.0250","84.5634","","-0.03%"
"05/06/2021","84.8271","84.8185","85.1000","84.6479","","0.01%"
"05/05/2021","84.8185","84.8185","85.0207","84.6479","","0.00%"
"05/04/2021","84.8185","84.8253","85.0241","84.6229","","-0.01%"
"05/03/2021","84.8253","84.8248","85.0490","84.6260","","0.00%"
"04/30/2021","84.8248","84.8271","85.0250","84.6760","","0.00%"
"04/29/2021","84.8271","84.8271","85.0250","84.6771","","0.00%"
"04/28/2021","84.8271","84.8234","85.0250","84.6747","","0.00%"
"04/27/2021","84.8234","84.8271","85.0500","84.6503","","0.00%"
"04/26/2021","84.8271","84.8267","85.0250","84.5769","","0.00%"
"04/23/2021","84.8267","84.8271","85.0000","84.5769","","-0.09%"
"04/22/2021","84.9000","84.8186","85.0250","84.5729","","0.10%"
"04/21/2021","84.8186","84.8271","85.0500","84.5729","","-0.01%"
"04/20/2021","84.8271","84.8204","85.0500","84.6738","","0.01%"
"04/19/2021","84.8204","84.8271","85.0500","84.6238","","-0.01%"
"04/16/2021","84.8271","84.8072","85.0500","84.6172","","0.02%"
"04/15/2021","84.8072","84.8271","85.0500","84.6172","","-0.02%"
"04/14/2021","84.8271","84.8185","84.8750","84.6978","","0.01%"
"04/13/2021","84.8185","84.8271","84.8750","84.6728","","0.14%"
"04/12/2021","84.7000","84.8134","84.8750","84.6453","","-0.13%"
"04/09/2021","84.8134","84.8223","84.8223","84.8134","","-0.01%"
"04/08/2021","84.8223","84.8141","84.8223","84.8141","","0.01%"
"04/07/2021","84.8141","84.8257","84.8257","84.8141","","-0.01%"
"04/06/2021","84.8257","84.8257","84.8257","84.8141","","0.00%"
"04/05/2021","84.8257","84.8264","84.8264","84.8257","","0.00%"
"04/02/2021","84.8264","84.8270","84.8999","84.6518","","0.15%"
"04/01/2021","84.7000","84.8221","84.8999","84.6497","","-0.14%"
"03/31/2021","84.8221","84.8064","85.0725","84.6418","","0.02%"
"03/30/2021","84.8064","84.8064","85.0898","84.6418","","-0.17%"
"03/29/2021","84.9500","84.8264","85.1248","84.6668","","0.15%"
"03/26/2021","84.8264","84.8271","85.1250","84.6768","","-0.15%"
"03/25/2021","84.9500","84.8271","85.1000","84.6772","","0.14%"
"03/24/2021","84.8271","84.8271","85.1500","84.7021","","0.00%"
"03/23/2021","84.8271","84.8271","85.1500","84.7272","","0.00%"
"03/22/2021","84.8271","84.8271","85.1500","84.6772","","0.00%"
"03/19/2021","84.8271","84.8271","85.1000","84.6772","","0.00%"
"03/18/2021","84.8271","84.8252","85.1000","84.6262","","0.00%"
"03/17/2021","84.8252","84.8271","85.0500","84.6262","","0.00%"
"03/16/2021","84.8271","84.8271","85.2250","84.6772","","0.00%"
"03/15/2021","84.8271","84.8271","85.2250","84.8021","","0.00%"
"03/12/2021","84.8271","84.8270","85.2250","84.8021","","0.00%"
"03/11/2021","84.8270","84.8271","85.0000","84.5771","","0.00%"
"03/10/2021","84.8271","84.8271","84.9500","84.7272","","-0.44%"
"03/09/2021","85.2000","84.8271","85.2250","84.7772","","0.44%"
"03/08/2021","84.8271","84.8271","85.2500","84.7772","","0.00%"
"03/05/2021","84.8271","84.8271","85.2500","84.5771","","0.00%"
"03/04/2021","84.8271","84.8271","85.2500","84.6772","","0.00%"
"03/03/2021","84.8271","84.8385","85.1557","84.6772","","-0.01%"
"03/02/2021","84.8385","84.8000","85.1557","84.5689","","0.03%"
"03/01/2021","84.8107","84.7772","84.9418","84.5522","","0.04%"
"02/26/2021","84.7772","84.7068","84.9250","84.5170","","0.08%"
"02/25/2021","84.7068","84.6451","84.7068","84.6451","","0.07%"
"02/24/2021","84.6451","84.6737","85.0235","84.4861","","-0.36%"
"02/23/2021","84.9500","84.6734","85.0233","84.5002","","0.33%"
"02/22/2021","84.6734","84.6622","84.8981","84.4697","","0.01%"
"02/19/2021","84.6622","84.5711","84.8675","84.2992","","0.11%"
"02/18/2021","84.5711","84.4401","84.6720","84.2336","","0.16%"
"02/17/2021","84.4401","84.4072","84.7815","84.2122","","0.04%"
"02/16/2021","84.4072","84.4919","84.8074","84.1172","","-0.10%"
"02/15/2021","84.4919","84.5376","84.5376","84.4919","","-0.05%"
"02/12/2021","84.5376","84.2172","84.6052","83.9972","","0.38%"
"02/11/2021","84.2172","84.2272","85.0500","83.9972","","-0.01%"
"02/10/2021","84.2272","84.7043","85.1138","84.2272","","-0.56%"
"02/09/2021","84.7043","84.8221","85.1475","84.5657","","-0.14%"
"02/08/2021","84.8221","84.8271","85.1000","84.6247","","-0.01%"
"02/05/2021","84.8271","84.8221","85.1500","84.6247","","0.01%"
"02/04/2021","84.8221","84.8228","85.1479","84.6747","","0.00%"
"02/03/2021","84.8228","84.8238","85.1483","84.6750","","0.00%"
"02/02/2021","84.8238","84.8249","85.0490","84.6255","","0.00%"
"02/01/2021","84.8249","84.8271","85.0550","84.6260","","-0.15%"
"01/29/2021","84.9500","84.8271","85.1000","84.6764","","0.14%"
"01/28/2021","84.8271","84.8072","84.8500","84.6000","","0.02%"
"01/27/2021","84.8072","84.8271","85.0500","84.6172","","-0.04%"
"01/26/2021","84.8400","84.8183","85.0450","84.6177","","0.03%"
"01/25/2021","84.8183","84.7943","85.1456","84.6607","","0.03%"
"01/22/2021","84.7943","84.5471","84.8836","84.2772","","0.29%"
"01/21/2021","84.5471","84.8271","85.0250","84.3871","","-0.33%"
"01/20/2021","84.8271","84.8263","85.0500","84.6000","","0.00%"
"01/19/2021","84.8263","84.6341","84.8498","84.3806","","0.23%"
"01/18/2021","84.6341","84.5089","84.6341","84.5089","","0.15%"
"01/15/2021","84.5089","84.5272","84.7500","84.2680","","-0.02%"
"01/14/2021","84.5272","83.8472","84.5272","83.8472","","0.81%"
"01/13/2021","83.8472","83.2125","84.1600","82.9949","","0.76%"
"01/12/2021","83.2125","83.2129","83.4679","82.9949","","0.02%"
"01/11/2021","83.2000","83.1045","83.4179","82.9158","","0.11%"
"01/08/2021","83.1045","83.1045","83.3637","82.9158","","0.00%"
"01/07/2021","83.1045","83.1045","83.3387","82.9158","","0.00%"
"01/06/2021","83.1045","83.2082","83.3905","82.9158","","-0.12%"
"01/05/2021","83.2082","83.2552","83.3640","83.1177","","-0.06%"
"01/04/2021","83.2552","83.5272","83.7000","83.2412","","-0.33%"
"01/01/2021","83.5272","83.5272","83.5272","83.5272","","0.00%"
"12/31/2020","83.5272","82.6770","83.5272","82.5021","","1.03%"
"12/30/2020","82.6770","82.8632","82.8681","82.6020","","-0.22%"
"12/29/2020","82.8632","82.7370","82.8632","82.7370","","0.15%"
"12/28/2020","82.7370","83.6701","83.6701","82.7370","","-1.12%"
"12/25/2020","83.6701","83.6701","83.6701","83.6701","","0.00%"
"12/24/2020","83.6701","83.2172","83.6714","82.9972","","3.11%"
"12/23/2020","81.1500","81.0825","81.3277","80.9048","","0.08%"
"12/22/2020","81.0825","80.6272","81.1277","80.4222","","0.56%"
"12/21/2020","80.6272","80.7272","80.9500","80.4272","","-0.12%"
"12/18/2020","80.7272","83.1752","83.1752","80.7272","","-3.00%"
"12/17/2020","83.2250","83.5272","83.6000","82.9761","","-0.36%"
"12/16/2020","83.5272","83.0196","83.5272","83.0196","","0.61%"
"12/15/2020","83.0196","83.0196","83.3750","83.0196","","-2.16%"
"12/14/2020","84.8500","84.8271","85.0500","84.6269","","-0.06%"
"12/11/2020","84.9000","84.8271","85.0750","84.6271","","0.09%"
"12/10/2020","84.8271","84.8229","85.0000","84.5751","","0.00%"
"12/09/2020","84.8229","84.8271","85.0000","84.5751","","0.00%"
"12/08/2020","84.8271","84.7500","85.0500","84.5754","","0.00%"
"12/07/2020","84.8236","84.8271","84.8271","84.8236","","0.00%"
"12/04/2020","84.8271","84.8221","85.0500","84.6247","","-0.03%"
"12/03/2020","84.8500","84.7500","85.0496","84.5746","","0.03%"
"12/02/2020","84.8263","84.8270","85.0499","84.6268","","0.00%"
"12/01/2020","84.8270","84.8244","85.0499","84.5758","","0.00%"
"11/30/2020","84.8244","84.8255","84.9992","84.5758","","0.00%"
"11/27/2020","84.8255","84.8262","85.1000","84.6264","","0.00%"
"11/26/2020","84.8262","84.8271","84.8271","84.8262","","0.00%"
"11/25/2020","84.8271","84.8172","85.0500","84.6122","","0.01%"
"11/24/2020","84.8172","84.8240","85.1484","84.6722","","-0.01%"
"11/23/2020","84.8240","84.8241","85.0485","84.6006","","0.00%"
"11/20/2020","84.8241","84.8091","85.0485","84.5682","","0.02%"
"11/19/2020","84.8091","84.7997","84.8092","84.7997","","0.01%"
"11/18/2020","84.7997","84.8271","85.0500","84.5384","","-0.03%"
"11/17/2020","84.8271","84.7250","85.0500","84.5421","","0.00%"
"11/16/2020","84.8271","84.8271","85.0000","84.5771","","0.39%"
"11/13/2020","84.5000","84.1750","84.5000","84.1750","","0.42%"
"11/12/2020","84.1500","84.1437","84.3583","83.9353","","0.01%"
"11/11/2020","84.1437","83.8435","84.1439","83.8435","","0.36%"
"11/10/2020","83.8435","83.8434","83.8582","83.4849","","0.14%"
"11/09/2020","83.7250","83.8435","84.0083","83.5603","","-0.14%"
"11/06/2020","83.8435","83.8336","84.0582","83.5804","","0.01%"
"11/05/2020","83.8336","83.9093","84.0911","83.6303","","-0.09%"
"11/04/2020","83.9093","83.9096","83.9412","83.5933","","2.52%"
"11/03/2020","81.8500","81.8271","82.0500","81.5771","","0.03%"
"11/02/2020","81.8271","81.8271","82.1000","81.6772","","0.00%"
"10/30/2020","81.8271","81.6960","82.0500","81.5616","","0.16%"
"10/29/2020","81.6960","81.6960","81.7844","81.4616","","0.00%"
"10/28/2020","81.6960","81.6960","81.6960","81.6960","","1.49%"
"10/27/2020","80.5000","80.6636","80.7682","80.3954","","-0.20%"
"10/26/2020","80.6636","80.6572","80.8182","80.3921","","0.01%"
"10/23/2020","80.6572","80.7701","81.0215","80.4922","","-0.14%"
"10/22/2020","80.7701","80.8271","81.0500","80.5486","","-0.07%"
"10/21/2020","80.8271","81.2321","81.4525","80.8271","","-0.50%"
"10/20/2020","81.2321","81.8243","82.0486","81.2321","","-0.72%"
"10/19/2020","81.8243","81.8243","81.8243","81.8107","","2.79%"
"10/16/2020","79.6000","79.6000","79.6000","79.6000","","0.00%"
"10/15/2020","79.6000","79.7085","79.8407","79.4678","","-0.14%"
"10/14/2020","79.7085","79.6850","79.8407","79.4311","","0.03%"
"10/13/2020","79.6850","79.6439","79.8289","79.3855","","0.05%"
"10/12/2020","79.6439","79.6439","79.6439","79.6439","","0.00%"
"10/09/2020","79.6439","79.6439","79.8083","79.3855","","0.00%"
"10/08/2020","79.6439","79.6439","79.8083","79.3605","","0.00%"
"10/07/2020","79.6439","79.6439","79.8083","79.3355","","0.00%"
"10/06/2020","79.6439","79.5000","79.8083","79.3355","","0.00%"
"10/05/2020","79.6439","79.5153","79.8083","79.2712","","0.16%"
"10/02/2020","79.5153","79.5153","79.7441","79.2712","","0.00%"
"10/01/2020","79.5153","79.6272","79.7500","79.3212","","-0.14%"
"09/30/2020","79.6272","79.6272","79.8000","79.3272","","0.00%"
"09/29/2020","79.6272","79.5270","79.6272","79.0872","","0.13%"
"09/28/2020","79.5270","79.5270","79.7499","79.2771","","0.00%"
"09/25/2020","79.5270","79.3771","79.5999","79.1521","","0.19%"
"09/24/2020","79.3771","79.3758","79.5750","79.1515","","0.00%"
"09/23/2020","79.3758","79.2915","79.5243","79.0343","","0.11%"
"09/22/2020","79.2915","79.1772","79.4072","78.7522","","0.14%"
"09/21/2020","79.1772","79.0716","79.3250","78.7994","","0.13%"
"09/18/2020","79.0716","78.9869","79.2722","78.6069","","0.11%"
"09/17/2020","78.9869","79.0694","79.2711","78.6570","","-0.10%"
"09/16/2020","79.0694","79.0522","79.2712","78.7897","","0.02%"
"09/15/2020","79.0522","78.8750","79.2625","78.7647","","0.00%"
"09/14/2020","79.0522","78.8972","79.1625","78.5272","","0.20%"
"09/11/2020","78.8972","79.0856","79.3293","78.7621","","-0.24%"
"09/10/2020","79.0856","79.1100","79.2914","78.8564","","-0.03%"
"09/09/2020","79.1100","78.6000","79.1100","78.5410","","0.45%"
"09/08/2020","78.7549","78.7572","78.7572","78.7544","","0.00%"
"09/07/2020","78.7572","78.7592","78.7592","78.7572","","0.00%"
"09/04/2020","78.7592","78.7147","78.8660","78.4959","","0.06%"
"09/03/2020","78.7147","78.2918","78.7147","78.2918","","0.54%"
"09/02/2020","78.2918","78.2567","78.4073","78.1419","","0.04%"
"09/01/2020","78.2567","78.4955","78.4955","78.2567","","-0.30%"
"08/31/2020","78.4955","78.4955","78.4955","78.4955","","0.00%"
"08/28/2020","78.4955","78.4641","78.6092","78.3454","","0.04%"
"08/27/2020","78.4641","78.2072","78.4641","78.2072","","0.33%"
"08/26/2020","78.2072","77.9755","78.2172","77.9755","","0.30%"
"08/25/2020","77.9755","77.9853","78.0791","77.8013","","-0.01%"
"08/24/2020","77.9853","77.9727","78.1291","77.8500","","0.02%"
"08/21/2020","77.9727","77.7637","77.9727","77.7637","","0.27%"
"08/20/2020","77.7637","77.7284","77.9684","77.6277","","0.05%"
"08/19/2020","77.7284","77.8923","77.8923","77.7284","","-0.21%"
"08/18/2020","77.8923","77.8457","78.0576","77.6114","","0.06%"
"08/17/2020","77.8457","78.1747","78.2238","77.6364","","-0.42%"
"08/14/2020","78.1747","78.0172","78.1747","77.5272","","0.20%"
"08/13/2020","78.0172","77.8834","78.2500","77.6053","","0.17%"
"08/12/2020","77.8834","77.6322","77.9282","77.4297","","0.32%"
"08/11/2020","77.6322","77.4474","77.6800","77.2372","","0.24%"
"08/10/2020","77.4474","77.0771","77.7101","77.0522","","0.48%"
"08/07/2020","77.0771","76.9474","77.2750","76.7373","","0.17%"
"08/06/2020","76.9474","76.9290","77.1603","76.7281","","0.02%"
"08/05/2020","76.9290","76.8596","76.9290","76.8596","","0.09%"
"08/04/2020","76.8596","76.8704","76.8704","76.8596","","-0.01%"
"08/03/2020","76.8704","76.7825","77.0467","76.5548","","0.11%"
"07/31/2020","76.7825","76.7825","76.7825","76.7822","","0.00%"
"07/30/2020","76.7825","76.8077","77.0403","76.6048","","-0.03%"
"07/29/2020","76.8077","76.6494","76.8904","76.3383","","0.21%"
"07/28/2020","76.6494","76.6494","76.8111","76.3039","","0.00%"
"07/27/2020","76.6494","76.6914","76.8321","76.3383","","-0.05%"
"07/24/2020","76.6914","76.5261","76.8322","76.2766","","0.22%"
"07/23/2020","76.5261","77.2500","77.2500","76.2766","","-1.34%"
"07/22/2020","77.5667","77.5667","77.5667","77.5667","","-0.08%"
"07/21/2020","77.6250","77.5750","77.7698","77.2969","","0.08%"
"07/20/2020","77.5667","77.5771","77.7750","77.2969","","-0.01%"
"07/17/2020","77.5771","77.4731","77.7750","77.2501","","0.13%"
"07/16/2020","77.4731","77.6478","77.8603","77.3501","","-0.22%"
"07/15/2020","77.6478","77.5367","77.8103","77.2819","","0.14%"
"07/14/2020","77.5367","77.7294","77.8512","77.4069","","-0.25%"
"07/13/2020","77.7294","77.8271","77.9500","77.4783","","-0.13%"
"07/10/2020","77.8271","77.8246","78.0500","77.6247","","0.00%"
"07/09/2020","77.8246","78.0537","78.2633","77.6759","","-0.29%"
"07/08/2020","78.0537","77.7146","78.0538","77.4958","","0.44%"
"07/07/2020","77.7146","77.2372","77.7147","77.0272","","0.62%"
"07/06/2020","77.2372","77.2372","77.2372","77.2372","","-2.05%"
"07/03/2020","78.8500","78.8143","79.0436","78.6208","","0.05%"
"07/02/2020","78.8143","78.8143","78.8143","78.8143","","3.70%"
"07/01/2020","76.0000","76.0156","76.2442","75.7712","","-0.02%"
"06/30/2020","76.0156","76.0159","76.2444","75.7714","","0.00%"
"06/29/2020","76.0159","75.4693","76.2444","75.4474","","1.02%"
"06/26/2020","75.2500","75.1495","75.5712","74.9883","","0.13%"
"06/25/2020","75.1495","74.9347","75.3112","74.7307","","0.29%"
"06/24/2020","74.9347","75.0146","75.2438","74.7309","","-0.11%"
"06/23/2020","75.0146","75.0192","75.2475","74.7709","","-0.01%"
"06/22/2020","75.0192","74.9387","75.1961","74.7329","","0.26%"
"06/19/2020","74.8250","74.8962","75.1058","74.6297","","-0.10%"
"06/18/2020","74.8962","74.7547","74.8964","74.4909","","0.19%"
"06/17/2020","74.7547","74.7072","75.0638","74.4572","","0.06%"
"06/16/2020","74.7072","74.9012","75.0873","74.5672","","-0.26%"
"06/15/2020","74.9012","74.8091","75.0875","74.6177","","0.12%"
"06/12/2020","74.8091","74.3037","74.8092","74.1152","","0.68%"
"06/11/2020","74.3037","74.3622","74.5425","74.1654","","-0.08%"
"06/10/2020","74.3622","74.1293","74.5195","73.9782","","0.31%"
"06/09/2020","74.1293","74.2236","74.4483","73.9782","","-0.13%"
"06/08/2020","74.2236","74.2612","74.4675","74.0254","","-0.05%"
"06/05/2020","74.2612","73.9272","74.3572","73.4750","","0.45%"
"06/04/2020","73.9272","73.4998","73.9471","73.2885","","0.58%"
"06/03/2020","73.5000","73.5492","73.7110","73.3134","","-0.07%"
"06/02/2020","73.5492","73.5250","73.7611","73.2734","","0.04%"
"06/01/2020","73.5197","73.7950","73.9839","73.2734","","-0.37%"
"05/29/2020","73.7950","73.7406","73.9839","73.5089","","0.07%"
"05/28/2020","73.7406","73.5172","73.7407","73.5121","","0.30%"
"05/27/2020","73.5172","74.0992","74.2860","73.5172","","-0.79%"
"05/26/2020","74.0992","74.0992","74.0992","74.0992","","-1.23%"
"05/25/2020","75.0250","75.0250","75.0250","75.0250","","0.00%"
"05/22/2020","75.0250","75.0562","75.2645","74.8167","","-0.04%"
"05/21/2020","75.0562","75.7217","76.2000","75.0417","","-0.88%"
"05/20/2020","75.7217","76.1648","76.4188","75.7217","","-0.58%"
"05/19/2020","76.1648","76.6531","76.8130","76.0960","","-0.50%"
"05/18/2020","76.5500","76.6122","76.8130","76.3672","","-0.08%"
"05/15/2020","76.6122","76.5272","76.6122","76.5272","","-0.50%"
"05/14/2020","77.0000","76.9672","77.2200","76.7472","","0.04%"
"05/13/2020","76.9672","78.0250","78.0500","76.9672","","-0.73%"
"05/12/2020","77.5342","78.0272","78.2500","77.5307","","-0.63%"
"05/11/2020","78.0272","78.9272","78.9272","78.0272","","-1.14%"
"05/08/2020","78.9272","78.9291","79.2010","78.7272","","0.00%"
"05/07/2020","78.9291","78.8884","79.0510","78.6577","","0.05%"
"05/06/2020","78.8884","78.9145","79.0688","78.7078","","-0.03%"
"05/05/2020","78.9145","78.9144","79.0688","78.5958","","0.00%"
"05/04/2020","78.9144","78.9145","79.6500","78.5958","","0.00%"
"05/01/2020","78.9145","78.9147","79.6500","78.7209","","0.00%"
"04/30/2020","78.9147","79.9704","80.2716","78.9147","","-0.74%"
"04/29/2020","79.5000","79.7250","80.1217","79.1958","","0.17%"
"04/28/2020","79.3644","80.4054","80.4054","79.3644","","-1.29%"
"04/27/2020","80.4054","80.4057","80.4057","80.4054","","0.00%"
"04/24/2020","80.4057","80.4599","80.7164","80.0250","","-0.21%"
"04/23/2020","80.5750","80.4294","80.7415","80.0250","","0.18%"
"04/22/2020","80.4294","79.7504","80.4296","79.5138","","0.85%"
"04/21/2020","79.7504","79.5607","79.8867","79.2939","","0.24%"
"04/20/2020","79.5607","80.3726","80.4478","79.2939","","-1.01%"
"04/17/2020","80.3726","80.0342","80.4478","79.7807","","0.42%"
"04/16/2020","80.0342","79.7144","80.2535","79.6208","","0.40%"
"04/15/2020","79.7144","78.9128","79.7147","78.5799","","1.02%"
"04/14/2020","78.9128","78.2816","79.0179","78.2792","","0.81%"
"04/13/2020","78.2816","77.8271","78.3773","77.6772","","0.58%"
"04/10/2020","77.8271","77.8072","78.0500","77.6172","","0.03%"
"04/09/2020","77.8072","84.8983","84.8983","77.8072","","-8.35%"
"04/08/2020","84.8983","84.8983","85.1607","84.7378","","0.00%"
"04/07/2020","84.8983","84.8981","85.1607","84.7372","","0.00%"
"04/06/2020","84.8981","84.8985","85.1857","84.7127","","0.00%"
"04/03/2020","84.8985","84.8985","84.8985","84.8985","","3.25%"
"04/02/2020","82.2250","82.2172","82.4460","81.9972","","0.01%"
"04/01/2020","82.2172","82.2072","82.2272","82.2072","","0.01%"
"03/31/2020","82.2072","80.8352","82.2150","80.4547","","1.70%"
"03/30/2020","80.8352","80.2272","80.9100","80.1212","","0.76%"
"03/27/2020","80.2282","80.5000","80.6005","80.1277","","0.35%"
"03/26/2020","79.9500","79.0000","80.0200","79.0000","","9.70%"
"03/25/2020","72.8811","72.8822","72.8822","72.8811","","0.00%"
"03/24/2020","72.8822","72.8922","72.8922","72.8822","","-0.01%"
"03/23/2020","72.8922","72.8991","72.8991","72.8922","","-0.01%"
"03/20/2020","72.8991","72.8972","72.9084","72.8152","","0.00%"
"03/19/2020","72.8972","72.9072","72.9072","72.8972","","-0.01%"
"03/18/2020","72.9072","72.9092","72.9092","72.9072","","0.00%"
"03/17/2020","72.9092","72.9092","72.9092","72.9092","","0.00%"
"03/16/2020","72.9092","72.9093","72.9093","72.9092","","0.00%"
"03/13/2020","72.9093","72.8839","72.9094","72.8836","","0.03%"
"03/12/2020","72.8839","72.9272","72.9750","72.7272","","-0.06%"
"03/11/2020","72.9272","69.8772","72.9272","69.8772","","4.36%"
"03/10/2020","69.8772","69.8772","70.0000","69.8221","","0.00%"
"03/09/2020","69.8772","69.8672","70.0000","69.8221","","0.01%"
"03/06/2020","69.8672","69.8672","69.9500","69.8221","","0.00%"
"03/05/2020","69.8672","69.8772","69.9325","69.8221","","-0.01%"
"03/04/2020","69.8772","69.8772","69.9750","69.8022","","-0.10%"
"03/03/2020","69.9500","69.8772","70.0000","69.8272","","0.10%"
"03/02/2020","69.8772","69.8772","70.0000","69.8272","","-0.10%"
"02/28/2020","69.9500","69.8772","70.0000","69.8272","","0.10%"
"02/27/2020","69.8772","69.8772","69.9500","69.8200","","0.00%"
"02/26/2020","69.8772","69.8672","70.0250","69.7972","","0.01%"
"02/25/2020","69.8672","69.8772","70.0000","69.7722","","-0.01%"
"02/24/2020","69.8772","69.8772","69.9500","69.8221","","0.00%"
"02/21/2020","69.8772","69.8772","69.9500","69.6602","","0.00%"
"02/20/2020","69.8772","69.8759","69.9500","69.8266","","0.00%"
"02/19/2020","69.8759","69.8677","69.9495","69.7724","","0.01%"
"02/18/2020","69.8677","69.8772","69.9500","69.7724","","-0.01%"
"02/17/2020","69.8772","69.8772","69.9000","69.8272","","0.00%"
"02/14/2020","69.8772","69.8772","69.9750","69.8022","","0.00%"
"02/13/2020","69.8772","69.8772","69.9750","69.7872","","0.00%"
"02/12/2020","69.8772","69.8772","69.8772","69.8772","","0.00%"
"02/11/2020","69.8772","69.8772","70.0000","69.7972","","0.00%"
"02/10/2020","69.8772","69.8772","69.9500","69.8221","","0.00%"
"02/07/2020","69.8772","69.8772","69.9500","69.8272","","0.00%"
"02/06/2020","69.8772","69.8672","69.9750","69.7972","","0.01%"
"02/05/2020","69.8672","69.8772","69.9500","69.7722","","-0.01%"
"02/04/2020","69.8772","69.8772","69.9500","69.7772","","0.00%"
"02/03/2020","69.8772","69.8672","69.8772","69.8672","","0.01%"
"01/31/2020","69.8672","69.8271","69.9750","69.7272","","0.02%"
"01/30/2020","69.8500","69.8772","69.9750","69.7522","","-0.07%"
"01/29/2020","69.9000","69.8772","70.0000","69.7472","","0.03%"
"01/28/2020","69.8772","69.8672","70.0000","69.7722","","0.01%"
"01/27/2020","69.8672","69.8722","69.9500","69.7722","","-0.01%"
"01/24/2020","69.8722","69.8772","69.9250","69.6996","","-0.01%"
"01/23/2020","69.8772","69.8571","69.9250","69.6922","","0.03%"
"01/22/2020","69.8571","69.8672","69.8950","69.7172","","-0.01%"
"01/21/2020","69.8672","69.8772","69.8772","69.7472","","-0.01%"
"01/20/2020","69.8772","69.8571","69.9500","69.7672","","0.03%"
"01/17/2020","69.8571","69.8515","69.8571","69.8515","","0.01%"
"01/16/2020","69.8515","69.7971","69.8871","69.6022","","0.29%"
"01/15/2020","69.6500","69.6750","69.9200","69.6122","","-0.39%"
"01/14/2020","69.9195","69.8322","69.9200","69.6500","","0.13%"
"01/13/2020","69.8322","69.6602","69.8325","69.6000","","0.25%"
"01/10/2020","69.6602","69.6602","69.7301","69.6301","","0.01%"
"01/09/2020","69.6500","69.6604","69.7052","69.6301","","-0.01%"
"01/08/2020","69.6604","69.6605","69.7303","69.6302","","0.00%"
"01/07/2020","69.6605","69.6615","69.7558","69.6553","","0.00%"
"01/06/2020","69.6615","69.6615","69.8000","69.6610","","-0.06%"
"01/03/2020","69.7000","69.6615","69.7309","69.6305","","0.06%"
"01/02/2020","69.6615","69.6617","69.6617","69.5500","","0.00%"
"01/01/2020","69.6617","69.6617","69.6617","69.6617","","0.00%"
"12/31/2019","69.6617","69.7939","69.7939","69.6559","","-0.19%"
"12/30/2019","69.7939","69.8470","69.8470","69.6500","","-0.08%"
"12/27/2019","69.8470","69.8969","69.9485","69.8235","","-0.07%"
"12/26/2019","69.8969","69.9500","69.9500","69.8485","","-0.08%"
"12/25/2019","69.9500","69.9500","69.9500","69.9500","","0.00%"
"12/24/2019","69.9500","69.9500","70.0250","69.9250","","0.00%"
"12/23/2019","69.9500","69.9922","69.9961","69.9250","","-0.06%"
"12/20/2019","69.9922","69.9900","70.0963","69.9450","","0.00%"
"12/19/2019","69.9900","69.9900","70.0700","69.9700","","0.00%"
"12/18/2019","69.9900","69.9890","69.9950","69.9440","","0.00%"
"12/17/2019","69.9890","69.9885","70.0500","69.9885","","0.00%"
"12/16/2019","69.9885","69.9982","70.0500","69.9885","","-0.01%"
"12/13/2019","69.9982","70.0000","70.0500","69.9982","","0.00%"
"12/12/2019","70.0000","70.0000","70.0500","69.9500","","0.00%"
"12/11/2019","70.0000","69.9988","70.0500","69.9494","","0.00%"
"12/10/2019","69.9988","70.0000","70.0500","69.9494","","0.00%"
"12/09/2019","70.0000","69.9990","70.0250","69.9495","","0.00%"
"12/06/2019","69.9990","70.0000","70.0250","69.9745","","0.00%"
"12/05/2019","70.0000","70.0000","70.0000","69.8500","","0.00%"
"12/04/2019","70.0000","70.0000","70.0000","69.9250","","0.00%"
"12/03/2019","70.0000","69.9250","70.0250","69.9250","","0.00%"
"12/02/2019","70.0000","69.9800","70.0000","69.9100","","0.03%"
"11/29/2019","69.9800","70.0000","70.0250","69.9150","","-0.03%"
"11/28/2019","70.0000","70.0000","70.0000","70.0000","","0.00%"
"11/27/2019","70.0000","70.0000","70.0000","69.9250","","0.00%"
"11/26/2019","70.0000","69.9900","70.0000","69.9200","","0.01%"
"11/25/2019","69.9900","70.0000","70.0000","69.9200","","-0.01%"
"11/22/2019","70.0000","70.0000","70.0000","69.9250","","0.00%"
"11/21/2019","70.0000","70.0000","70.0000","69.9000","","0.00%"
"11/20/2019","70.0000","70.0000","70.0000","69.9000","","0.00%"
"11/19/2019","70.0000","70.0000","70.0000","69.7900","","0.00%"
"11/18/2019","70.0000","70.0000","70.0000","69.9250","","0.00%"
"11/15/2019","70.0000","70.0000","70.0000","69.9250","","0.00%"
"11/14/2019","70.0000","70.0000","70.0000","69.7250","","0.00%"
"11/13/2019","70.0000","69.9926","70.0000","69.9925","","0.01%"
"11/12/2019","69.9925","69.9926","69.9963","69.8750","","0.00%"
"11/11/2019","69.9926","69.9712","69.9963","69.9000","","0.03%"
"11/08/2019","69.9712","69.9712","69.9856","69.9256","","0.00%"
"11/07/2019","69.9712","69.9000","69.9756","69.9000","","0.00%"
"11/06/2019","69.9712","69.9725","69.9863","69.9000","","0.00%"
"11/05/2019","69.9725","69.9640","69.9863","69.9000","","0.01%"
"11/04/2019","69.9640","69.9550","69.9821","69.9000","","0.01%"
"11/01/2019","69.9550","69.9550","69.9550","69.9550","","0.00%"
"10/31/2019","69.9550","69.9550","69.9775","69.9275","","0.00%"
"10/30/2019","69.9550","69.9663","70.0082","69.9025","","-0.02%"
"10/29/2019","69.9663","69.8750","70.0146","69.8500","","-0.02%"
"10/28/2019","69.9792","69.9800","69.9900","69.8750","","0.00%"
"10/25/2019","69.9800","69.9625","69.9900","69.8750","","0.03%"
"10/24/2019","69.9625","69.9730","69.9865","69.8250","","-0.02%"
"10/23/2019","69.9730","69.9390","69.9730","69.8250","","0.05%"
"10/22/2019","69.9390","69.9390","69.9445","69.8250","","0.00%"
"10/21/2019","69.9390","69.9530","69.9530","69.8500","","-0.02%"
"10/18/2019","69.9530","69.9890","69.9890","69.8000","","-0.05%"
"10/17/2019","69.9890","69.9890","69.9890","69.8000","","0.00%"
"10/16/2019","69.9890","69.9895","69.9895","69.8500","","0.00%"
"10/15/2019","69.9895","69.9579","69.9948","69.8500","","0.05%"
"10/14/2019","69.9579","69.9606","69.9606","69.9505","","0.00%"
"10/11/2019","69.9606","70.0000","70.0000","69.8250","","-0.06%"
"10/10/2019","70.0000","69.9940","70.0000","69.8500","","0.01%"
"10/09/2019","69.9940","69.9850","69.9972","69.8750","","0.01%"
"10/08/2019","69.9850","69.9600","69.9860","69.8250","","0.04%"
"10/07/2019","69.9600","69.8150","69.9600","69.8075","","0.21%"
"10/04/2019","69.8150","69.8151","69.8826","69.7825","","0.00%"
"10/03/2019","69.8151","69.8151","69.8576","69.8076","","0.00%"
"10/02/2019","69.8151","69.8153","69.9000","69.8151","","0.00%"
"10/01/2019","69.8153","69.8155","69.8578","69.7826","","0.00%"
"09/30/2019","69.8155","69.9220","69.9220","69.7500","","-0.15%"
"09/27/2019","69.9220","69.9240","69.9240","69.8500","","0.00%"
"09/26/2019","69.9240","69.8872","69.9240","69.8435","","0.05%"
"09/25/2019","69.8872","69.9742","69.9871","69.8872","","-0.12%"
"09/24/2019","69.9742","69.9745","69.9873","69.9371","","0.00%"
"09/23/2019","69.9745","69.9817","69.9817","69.8800","","-0.01%"
"09/20/2019","69.9817","69.9585","69.9909","69.9290","","0.03%"
"09/19/2019","69.9585","69.9588","69.9794","69.9293","","0.00%"
"09/18/2019","69.9588","69.9590","69.9590","69.8250","","0.00%"
"09/17/2019","69.9590","69.9250","69.9799","69.7750","","0.00%"
"09/16/2019","69.9598","70.0000","70.0000","69.9000","","-0.06%"
"09/13/2019","70.0000","70.0000","70.0000","69.8500","","0.00%"
"09/12/2019","70.0000","70.0000","70.0500","69.8500","","0.00%"
"09/11/2019","70.0000","70.0000","70.0500","69.8500","","0.00%"
"09/10/2019","70.0000","70.0000","70.0000","69.8500","","0.00%"
"09/09/2019","70.0000","69.9995","70.0000","69.8998","","0.00%"
"09/06/2019","69.9995","69.9997","69.9999","69.8998","","0.00%"
"09/05/2019","69.9997","70.0000","70.0000","69.8999","","0.00%"
"09/04/2019","70.0000","69.9940","70.0000","69.8970","","0.01%"
"09/03/2019","69.9940","69.6500","69.9950","69.6500","","0.49%"
"09/02/2019","69.6500","69.6500","69.6500","69.6500","","-0.36%"
"08/30/2019","69.9000","69.6500","69.9000","69.6500","","-0.07%"
"08/29/2019","69.9500","69.9500","69.9750","69.6500","","0.14%"
"08/28/2019","69.8500","69.9400","69.9500","69.7500","","-0.13%"
"08/27/2019","69.9400","69.9450","69.9475","69.8950","","-0.01%"
"08/26/2019","69.9450","69.9460","69.9460","69.8500","","0.00%"
"08/23/2019","69.9460","69.9650","69.9650","69.9460","","-0.03%"
"08/22/2019","69.9650","69.9530","69.9660","69.9525","","0.02%"
"08/21/2019","69.9530","69.8800","69.9530","69.8750","","0.10%"
"08/20/2019","69.8858","69.8854","69.8858","69.8800","","0.00%"
"08/19/2019","69.8854","69.8858","69.8858","69.8854","","0.00%"
"08/16/2019","69.8858","69.7400","69.8859","69.7400","","0.21%"
"08/15/2019","69.7400","69.7400","69.7400","69.7300","","0.00%"
"08/14/2019","69.7400","69.7500","69.7500","69.7400","","-0.01%"
"08/13/2019","69.7500","69.7500","69.7500","69.7500","","0.00%"
"08/12/2019","69.7500","69.7500","69.7500","69.7500","","0.00%"
"08/09/2019","69.7500","69.7500","69.9500","69.7500","","0.00%"
"08/08/2019","69.7500","69.7500","69.9500","69.7500","","0.00%"
"08/07/2019","69.7500","69.7500","69.9500","69.7500","","0.00%"
"08/06/2019","69.7500","69.7500","69.9750","69.7500","","-0.18%"
"08/05/2019","69.8750","69.7500","69.9000","69.7500","","0.18%"
"08/02/2019","69.7500","69.7400","69.8750","69.7400","","0.01%"
"08/01/2019","69.7400","69.7500","69.9000","69.7200","","-0.01%"
"07/31/2019","69.7500","69.7800","69.9000","69.6250","","-0.04%"
"07/30/2019","69.7800","69.7900","69.9000","69.7800","","-0.01%"
"07/29/2019","69.7900","69.7800","69.9000","69.7800","","0.01%"
"07/26/2019","69.7800","69.7800","69.9000","69.7650","","0.00%"
"07/25/2019","69.7800","69.7950","69.9250","69.6500","","-0.02%"
"07/24/2019","69.7950","69.7950","69.9225","69.7475","","0.00%"
"07/23/2019","69.7950","69.7000","69.9490","69.6250","","0.14%"
"07/22/2019","69.7000","69.6500","69.9000","69.6250","","0.07%"
"07/19/2019","69.6500","69.6300","69.9500","69.5900","","0.03%"
"07/18/2019","69.6300","69.6400","69.9500","69.5900","","-0.01%"
"07/17/2019","69.6400","69.7800","69.9750","69.5950","","-0.20%"
"07/16/2019","69.7800","69.6500","69.9750","69.6000","","0.19%"
"07/15/2019","69.6500","69.5400","69.9500","69.5200","","0.16%"
"07/12/2019","69.5400","69.7900","69.9500","69.5200","","-0.36%"
"07/11/2019","69.7900","69.8000","69.9750","69.7450","","-0.01%"
"07/10/2019","69.8000","69.8000","70.0000","69.7750","","0.00%"
"07/09/2019","69.8000","69.8500","69.9500","69.6500","","-0.07%"
"07/08/2019","69.8500","69.5800","69.9700","69.5800","","0.39%"
"07/05/2019","69.5800","69.5900","69.9500","69.5500","","-0.01%"
"07/04/2019","69.5900","69.6000","69.6250","69.5250","","-0.01%"
"07/03/2019","69.6000","69.4000","69.9250","69.3850","","0.29%"
"07/02/2019","69.4000","69.5010","69.8500","69.3500","","-0.15%"
"07/01/2019","69.5010","69.6425","69.8750","69.4000","","-0.20%"
"06/28/2019","69.6425","69.5700","69.9250","69.5700","","0.10%"
"06/27/2019","69.5700","69.5800","69.9500","69.5700","","-0.01%"
"06/26/2019","69.5800","69.5900","69.9500","69.5800","","-0.01%"
"06/25/2019","69.5900","69.6300","69.9250","69.5450","","-0.06%"
"06/24/2019","69.6300","69.7500","69.9250","69.5900","","-0.17%"
"06/21/2019","69.7500","69.7500","69.9000","69.5500","","0.00%"
"06/20/2019","69.7500","69.8500","69.8750","69.7000","","-0.14%"
"06/19/2019","69.8500","69.8400","69.9500","69.8400","","0.01%"
"06/18/2019","69.8400","69.8500","69.9200","69.8400","","-0.01%"
"06/17/2019","69.8500","69.9200","69.9600","69.7750","","-0.10%"
"06/14/2019","69.9200","69.9600","69.9800","69.7750","","-0.06%"
"06/13/2019","69.9600","69.9633","70.0068","69.8000","","0.00%"
"06/12/2019","69.9633","69.9210","69.9818","69.8250","","0.02%"
"06/11/2019","69.9500","69.9065","69.9605","69.7750","","0.06%"
"06/10/2019","69.9065","69.9950","69.9990","69.7500","","-0.13%"
"06/07/2019","69.9950","69.9250","69.9975","69.7500","","0.00%"
"06/06/2019","69.9935","70.0000","70.0000","69.9468","","-0.01%"
"06/05/2019","70.0000","69.9980","70.0000","69.9000","","0.00%"
"06/04/2019","69.9980","70.0000","70.0000","69.8000","","0.00%"
"06/03/2019","70.0000","69.9950","70.0000","69.8250","","0.14%"
"05/31/2019","69.9000","69.9920","69.9950","69.8000","","-0.13%"
"05/30/2019","69.9920","70.0000","70.0000","69.8000","","-0.01%"
"05/29/2019","70.0000","69.9910","70.0000","69.9000","","0.01%"
"05/28/2019","69.9910","69.9950","69.9975","69.7750","","-0.01%"
"05/27/2019","69.9950","70.0000","70.0000","69.8500","","-0.01%"
"05/24/2019","70.0000","69.9940","70.0000","69.8250","","0.14%"
"05/23/2019","69.9000","69.9950","69.9975","69.8000","","-0.14%"
"05/22/2019","69.9950","70.0000","70.0000","69.7750","","-0.01%"
"05/21/2019","70.0000","69.9980","70.0000","69.8000","","0.00%"
"05/20/2019","69.9980","69.9500","70.0000","69.7750","","0.07%"
"05/17/2019","69.9500","70.0000","70.0000","69.7250","","-0.07%"
"05/16/2019","70.0000","70.0000","70.0000","69.7250","","0.00%"
"05/15/2019","70.0000","70.0000","70.0000","69.7250","","0.00%"
"05/14/2019","70.0000","69.9985","70.0000","69.7250","","0.00%"
"05/13/2019","69.9985","69.8500","69.9988","69.7750","","0.00%"
"05/10/2019","69.9985","69.9986","69.9986","69.7500","","0.36%"
"05/09/2019","69.7500","69.9986","69.9986","69.7250","","-0.36%"
"05/08/2019","69.9986","69.9966","69.9986","69.7250","","0.00%"
"05/07/2019","69.9966","69.9988","69.9988","69.7250","","0.00%"
"05/06/2019","69.9988","69.9990","69.9990","69.7250","","0.00%"
"05/03/2019","69.9990","69.9975","70.0000","69.7250","","0.00%"
"05/02/2019","69.9975","69.9950","69.9979","69.7250","","0.00%"
"05/01/2019","69.9950","70.0000","70.0000","69.9900","","-0.01%"
"04/30/2019","70.0000","70.0300","70.0300","69.7250","","-0.04%"
"04/29/2019","70.0300","69.9000","70.0300","69.7250","","0.19%"
"04/26/2019","69.9000","69.8500","69.9250","69.7000","","0.07%"
"04/25/2019","69.8500","69.7500","69.8500","69.7250","","0.14%"
"04/24/2019","69.7500","69.7750","69.8500","69.7250","","-0.04%"
"04/23/2019","69.7750","69.8225","69.8613","69.7000","","-0.07%"
"04/22/2019","69.8225","69.7926","69.8750","69.7000","","0.04%"
"04/19/2019","69.7926","69.8225","69.9250","69.7926","","-0.04%"
"04/18/2019","69.8225","69.8285","69.9250","69.8225","","-0.11%"
"04/17/2019","69.9000","69.8400","69.9000","69.7250","","0.09%"
"04/16/2019","69.8400","69.9500","69.9500","69.7250","","-0.16%"
"04/15/2019","69.9500","70.0000","70.0000","69.8900","","-0.07%"
"04/12/2019","70.0000","70.0000","70.0000","69.8250","","0.00%"
"04/11/2019","70.0000","69.9980","70.0000","69.3700","","0.00%"
"04/10/2019","69.9980","69.9950","70.0000","69.7750","","0.21%"
"04/09/2019","69.8500","69.9900","70.0000","69.7500","","-0.20%"
"04/08/2019","69.9900","70.0000","70.0000","69.8200","","-0.01%"
"04/05/2019","70.0000","69.9900","70.0000","69.7650","","0.01%"
"04/04/2019","69.9900","69.9950","70.0000","69.7650","","-0.01%"
"04/03/2019","69.9950","69.9950","70.0000","69.7650","","0.00%"
"04/02/2019","69.9950","69.9990","70.0000","69.7400","","-0.01%"
"04/01/2019","69.9990","69.9995","69.9995","69.7650","","0.00%"
"03/29/2019","69.9995","69.9927","69.9996","69.7650","","0.01%"
"03/28/2019","69.9927","69.9414","69.9927","69.7500","","0.07%"
"03/27/2019","69.9414","69.9050","69.9415","69.7500","","0.05%"
"03/26/2019","69.9050","69.9050","69.9050","69.7400","","0.00%"
"03/25/2019","69.9050","69.9062","69.9062","69.7300","","0.00%"
"03/22/2019","69.9062","69.9063","69.9063","69.8200","","0.08%"
"03/21/2019","69.8500","69.9060","69.9531","69.8000","","-0.08%"
"03/20/2019","69.9060","69.9127","69.9127","69.7750","","-0.01%"
"03/19/2019","69.9127","69.9545","69.9545","69.7500","","-0.06%"
"03/18/2019","69.9545","69.9750","69.9750","69.7250","","-0.03%"
"03/15/2019","69.9750","69.9755","69.9755","69.7500","","0.00%"
"03/14/2019","69.9755","69.7250","69.9759","69.7000","","0.01%"
"03/13/2019","69.9715","69.8400","69.9715","69.7000","","0.19%"
"03/12/2019","69.8400","69.9255","69.9255","69.6750","","-0.12%"
"03/11/2019","69.9255","69.9256","69.9256","69.7000","","0.00%"
"03/08/2019","69.9256","69.7400","69.9256","69.7200","","0.27%"
"03/07/2019","69.7400","69.7300","69.7750","69.7150","","0.01%"
"03/06/2019","69.7300","69.7100","69.8000","69.6750","","-0.01%"
"03/05/2019","69.7400","69.7400","69.8500","69.6500","","0.00%"
"03/04/2019","69.7400","69.6900","69.9000","69.6500","","-0.16%"
"03/01/2019","69.8500","69.6900","69.8500","69.6700","","0.23%"
"02/28/2019","69.6900","69.6900","69.8400","69.6850","","0.00%"
"02/27/2019","69.6900","69.6900","69.8250","69.6700","","-0.09%"
"02/26/2019","69.7500","69.6900","69.8000","69.6250","","0.09%"
"02/25/2019","69.6900","69.7900","69.8450","69.6250","","-0.14%"
"02/22/2019","69.7900","69.7900","69.8500","69.7450","","0.00%"
"02/21/2019","69.7900","69.7900","69.8500","69.6900","","0.00%"
"02/20/2019","69.7900","69.7550","69.8500","69.7250","","0.00%"
"02/19/2019","69.7900","69.8000","69.8050","69.7050","","-0.01%"
"02/18/2019","69.8000","69.7700","69.8000","69.7350","","0.04%"
"02/15/2019","69.7700","69.7800","69.8600","69.7100","","-0.01%"
"02/14/2019","69.7800","69.7900","69.8900","69.6750","","-0.01%"
"02/13/2019","69.7900","69.8000","69.8250","69.6750","","-0.01%"
"02/12/2019","69.8000","69.8200","69.8600","69.7250","","-0.03%"
"02/11/2019","69.8200","69.8600","69.8600","69.7250","","0.03%"
"02/08/2019","69.8000","69.8500","69.9050","69.6950","","-0.07%"
"02/07/2019","69.8500","69.8200","69.8500","69.7500","","0.04%"
"02/06/2019","69.8200","69.8500","69.9250","69.7650","","-0.04%"
"02/05/2019","69.8500","69.8500","69.9500","69.7750","","0.00%"
"02/04/2019","69.8500","69.8500","69.9000","69.8500","","0.00%"
"02/01/2019","69.8500","69.8300","69.9500","69.7700","","0.04%"
"01/31/2019","69.8250","69.9000","69.9000","69.7800","","-0.11%"
"01/30/2019","69.9000","69.8550","69.9250","69.7950","","0.06%"
"01/29/2019","69.8550","69.8500","69.9500","69.7950","","0.01%"
"01/28/2019","69.8500","69.8520","69.9050","69.7450","","0.00%"
"01/25/2019","69.8520","69.8600","69.9500","69.8520","","-0.01%"
"01/24/2019","69.8600","69.8500","69.8800","69.7700","","0.01%"
"01/23/2019","69.8500","69.8500","69.9250","69.7500","","0.00%"
"01/22/2019","69.8500","69.8400","69.8500","69.7250","","0.01%"
"01/21/2019","69.8400","69.8500","69.8500","69.7500","","-0.01%"
"01/18/2019","69.8500","69.9250","69.9750","69.7950","","0.01%"
"01/17/2019","69.8400","69.8400","69.9500","69.7900","","0.00%"
"01/16/2019","69.8400","69.9750","69.9750","69.7900","","-0.01%"
"01/15/2019","69.8500","69.8500","70.0000","69.8000","","0.00%"
"01/14/2019","69.8500","69.8500","69.9500","69.7950","","0.00%"
"01/11/2019","69.8500","69.8500","69.9400","69.8000","","0.00%"
"01/10/2019","69.8500","69.8500","69.9400","69.7900","","0.00%"
"01/09/2019","69.8500","69.8400","69.9000","69.8400","","0.01%"
"01/08/2019","69.8400","69.9150","69.9200","69.7900","","-0.01%"
"01/07/2019","69.8500","69.8500","69.9200","69.8500","","0.00%"
"01/04/2019","69.8500","69.8500","69.9250","69.8250","","0.00%"
"01/03/2019","69.8500","69.8500","69.9000","69.8500","","0.00%"
"01/02/2019","69.8500","69.8500","69.9050","69.8500","","0.00%"
"01/01/2019","69.8500","69.8500","69.8500","69.8500","","0.00%"