"Date","Price","Open","High","Low","Vol.","Change %"
"12/31/2025","8,907.60","8,880.38","8,919.81","8,880.38","","0.65%"
"12/30/2025","8,850.04","8,962.98","8,966.69","8,830.11","","-1.27%"
"12/29/2025","8,963.86","8,984.73","8,992.29","8,943.80","","-0.22%"
"12/28/2025","8,983.54","8,983.03","8,994.31","8,972.08","","0.06%"
"12/25/2025","8,978.07","8,979.39","8,991.69","8,974.11","","0.18%"
"12/24/2025","8,962.06","8,986.79","8,992.84","8,960.66","","-0.20%"
"12/23/2025","8,980.33","8,965.27","8,984.65","8,949.01","","0.20%"
"12/22/2025","8,962.31","8,961.77","8,965.14","8,925.16","","0.07%"
"12/21/2025","8,956.31","8,935.78","8,971.24","8,935.78","","0.40%"
"12/18/2025","8,921.00","8,919.72","8,944.28","8,891.41","","0.11%"
"12/17/2025","8,911.54","8,970.38","8,981.20","8,907.88","","-0.60%"
"12/16/2025","8,965.23","9,018.80","9,029.60","8,962.56","","-0.62%"
"12/15/2025","9,020.96","9,088.80","9,096.89","9,020.84","","-0.69%"
"12/14/2025","9,083.47","9,083.33","9,120.98","9,083.03","","0.28%"
"12/11/2025","9,058.21","9,026.99","9,064.72","9,023.93","","0.48%"
"12/10/2025","9,015.00","9,016.64","9,027.46","8,974.23","","0.06%"
"12/09/2025","9,009.90","8,980.23","9,020.06","8,963.68","","0.58%"
"12/08/2025","8,957.80","8,892.20","8,960.12","8,892.00","","0.79%"
"12/07/2025","8,888.00","8,872.58","8,902.03","8,867.94","","0.35%"
"12/04/2025","8,857.17","8,823.08","8,867.08","8,808.40","","0.43%"
"12/03/2025","8,819.16","8,797.48","8,823.48","8,791.42","","0.45%"
"12/02/2025","8,779.54","8,814.65","8,816.98","8,752.59","","-0.27%"
"12/01/2025","8,803.71","8,863.28","8,872.15","8,802.25","","-0.59%"
"11/30/2025","8,856.27","8,847.40","8,872.03","8,847.40","","0.22%"
"11/27/2025","8,837.17","8,874.16","8,892.43","8,837.07","","-0.20%"
"11/26/2025","8,854.59","8,856.91","8,866.65","8,829.78","","0.12%"
"11/25/2025","8,843.92","8,836.22","8,861.82","8,834.68","","0.26%"
"11/24/2025","8,820.69","8,822.15","8,846.08","8,813.63","","0.04%"
"11/23/2025","8,817.46","8,847.35","8,857.32","8,817.20","","-0.16%"
"11/20/2025","8,831.39","8,828.60","8,848.88","8,815.03","","0.20%"
"11/19/2025","8,814.12","8,799.14","8,842.94","8,788.47","","0.29%"
"11/18/2025","8,788.93","8,848.11","8,852.18","8,709.58","","-0.72%"
"11/17/2025","8,852.45","8,851.80","8,867.63","8,831.96","","0.16%"
"11/16/2025","8,838.35","8,888.74","8,896.91","8,834.87","","-0.62%"
"11/13/2025","8,893.75","8,897.55","8,920.92","8,890.32","","-0.01%"
"11/12/2025","8,894.44","8,911.61","8,914.23","8,882.25","","-0.26%"
"11/11/2025","8,918.02","8,890.20","8,925.52","8,890.16","","0.44%"
"11/10/2025","8,879.18","8,898.15","8,911.75","8,879.09","","-0.06%"
"11/09/2025","8,884.72","8,924.91","8,930.41","8,872.91","","-0.32%"
"11/06/2025","8,913.21","8,918.71","8,953.98","8,906.80","","-0.04%"
"11/05/2025","8,916.53","8,961.25","8,965.24","8,914.92","","-0.47%"
"11/04/2025","8,958.73","8,957.74","8,985.41","8,936.99","","-0.22%"
"11/03/2025","8,978.54","9,042.37","9,045.41","8,956.80","","-0.55%"
"11/02/2025","9,028.11","9,042.65","9,059.52","9,027.73","","-0.04%"
"10/30/2025","9,031.88","8,985.28","9,034.43","8,980.60","","0.64%"
"10/29/2025","8,974.42","8,919.99","8,986.60","8,919.46","","0.78%"
"10/28/2025","8,904.80","8,870.56","8,909.34","8,870.51","","0.46%"
"10/27/2025","8,863.78","8,911.88","8,920.40","8,863.78","","-0.50%"
"10/26/2025","8,908.15","8,935.21","8,937.90","8,902.13","","-0.17%"
"10/23/2025","8,923.02","8,915.11","8,924.76","8,889.67","","0.16%"
"10/22/2025","8,908.33","8,908.54","8,915.65","8,890.54","","0.15%"
"10/21/2025","8,895.33","8,891.90","8,897.27","8,874.02","","0.14%"
"10/20/2025","8,883.20","8,897.59","8,914.04","8,856.68","","-0.09%"
"10/19/2025","8,891.08","8,884.41","8,898.29","8,871.14","","0.32%"
"10/16/2025","8,862.87","8,859.96","8,879.77","8,850.32","","0.22%"
"10/15/2025","8,843.34","8,866.35","8,881.50","8,843.17","","-0.17%"
"10/14/2025","8,858.82","8,853.00","8,885.37","8,829.31","","0.21%"
"10/13/2025","8,840.28","8,806.09","8,855.12","8,806.00","","0.73%"
"10/12/2025","8,775.99","8,693.11","8,783.73","8,666.36","","-0.05%"
"10/09/2025","8,780.10","8,821.63","8,826.86","8,766.88","","-0.36%"
"10/08/2025","8,811.58","8,835.79","8,843.66","8,804.27","","-0.16%"
"10/07/2025","8,825.55","8,798.15","8,857.72","8,796.18","","0.39%"
"10/06/2025","8,791.59","8,793.26","8,812.99","8,776.55","","0.00%"
"10/05/2025","8,791.86","8,782.20","8,797.97","8,758.27","","0.21%"
"10/02/2025","8,773.35","8,797.92","8,801.77","8,769.72","","-0.10%"
"10/01/2025","8,781.89","8,807.07","8,817.93","8,773.40","","-0.16%"
"09/30/2025","8,795.74","8,808.11","8,815.63","8,793.22","","-0.11%"
"09/29/2025","8,805.79","8,778.14","8,807.88","8,752.44","","0.57%"
"09/28/2025","8,755.47","8,779.91","8,784.61","8,747.42","","-0.26%"
"09/25/2025","8,778.10","8,843.20","8,853.80","8,728.32","","-0.55%"
"09/24/2025","8,826.59","8,898.34","8,906.18","8,819.58","","-0.65%"
"09/23/2025","8,884.23","8,814.55","8,894.24","8,814.48","","0.86%"
"09/22/2025","8,808.80","8,803.55","8,817.60","8,782.44","","0.16%"
"09/21/2025","8,794.74","8,825.66","8,838.78","8,791.14","","-0.30%"
"09/18/2025","8,820.82","8,825.55","8,841.54","8,820.27","","0.05%"
"09/17/2025","8,816.70","8,836.39","8,839.07","8,810.12","","-0.07%"
"09/16/2025","8,822.64","8,821.46","8,829.01","8,783.24","","0.07%"
"09/15/2025","8,816.31","8,790.91","8,827.75","8,789.81","","0.36%"
"09/14/2025","8,784.83","8,739.57","8,790.83","8,739.25","","0.78%"
"09/11/2025","8,716.63","8,729.92","8,739.68","8,705.74","","-0.12%"
"09/10/2025","8,727.26","8,692.43","8,740.23","8,668.29","","0.17%"
"09/09/2025","8,712.18","8,658.47","8,712.26","8,657.46","","0.84%"
"09/08/2025","8,639.76","8,518.03","8,649.06","8,517.98","","1.59%"
"09/07/2025","8,504.45","8,515.77","8,530.11","8,490.51","","0.00%"
"09/03/2025","8,504.82","8,534.49","8,546.36","8,502.49","","-0.43%"
"09/02/2025","8,541.80","8,491.69","8,542.81","8,487.95","","0.37%"
"09/01/2025","8,510.30","8,515.21","8,542.78","8,501.82","","0.13%"
"08/31/2025","8,499.21","8,520.28","8,522.35","8,449.46","","-0.19%"
"08/28/2025","8,515.23","8,570.63","8,591.46","8,514.51","","-0.59%"
"08/27/2025","8,565.39","8,604.83","8,615.13","8,564.58","","-0.17%"
"08/26/2025","8,579.72","8,645.07","8,649.33","8,578.57","","-0.71%"
"08/25/2025","8,640.66","8,656.20","8,663.72","8,613.90","","-0.11%"
"08/24/2025","8,650.50","8,683.26","8,719.45","8,650.50","","-0.18%"
"08/21/2025","8,665.84","8,676.32","8,681.18","8,644.12","","-0.01%"
"08/20/2025","8,666.66","8,687.73","8,697.82","8,665.40","","-0.19%"
"08/19/2025","8,683.38","8,682.99","8,690.47","8,666.16","","0.10%"
"08/18/2025","8,674.30","8,695.41","8,699.99","8,660.77","","-0.24%"
"08/17/2025","8,695.55","8,707.88","8,720.38","8,684.76","","-0.02%"
"08/14/2025","8,697.35","8,694.51","8,720.48","8,691.02","","0.09%"
"08/13/2025","8,689.32","8,639.12","8,689.75","8,635.38","","0.69%"
"08/12/2025","8,629.78","8,660.98","8,663.64","8,628.03","","-0.55%"
"08/11/2025","8,677.90","8,657.52","8,681.20","8,656.67","","0.33%"
"08/10/2025","8,649.41","8,607.09","8,652.32","8,607.09","","0.61%"
"08/07/2025","8,597.00","8,575.67","8,616.78","8,563.65","","0.42%"
"08/06/2025","8,561.27","8,585.16","8,594.13","8,557.13","","-0.26%"
"08/05/2025","8,583.51","8,559.33","8,598.17","8,551.90","","0.38%"
"08/04/2025","8,550.74","8,591.82","8,602.58","8,531.38","","-0.51%"
"08/03/2025","8,594.39","8,616.98","8,617.83","8,584.86","","-0.27%"
"07/31/2025","8,617.83","8,586.41","8,620.44","8,574.82","","0.42%"
"07/30/2025","8,582.10","8,557.94","8,589.03","8,554.94","","0.34%"
"07/29/2025","8,552.99","8,526.12","8,560.40","8,526.12","","0.50%"
"07/28/2025","8,510.70","8,572.36","8,579.84","8,510.63","","-0.73%"
"07/27/2025","8,573.03","8,611.28","8,623.23","8,561.08","","-0.22%"
"07/24/2025","8,592.26","8,616.31","8,632.27","8,585.06","","-0.25%"
"07/23/2025","8,613.77","8,605.29","8,614.76","8,550.37","","0.11%"
"07/22/2025","8,604.67","8,613.44","8,635.79","8,604.47","","-0.08%"
"07/21/2025","8,611.27","8,608.60","8,627.12","8,589.23","","0.11%"
"07/20/2025","8,602.13","8,610.62","8,617.99","8,583.99","","0.04%"
"07/17/2025","8,598.42","8,526.52","8,599.05","8,519.65","","0.83%"
"07/16/2025","8,528.00","8,603.85","8,606.75","8,527.25","","-0.92%"
"07/15/2025","8,607.54","8,620.84","8,632.38","8,595.07","","-0.17%"
"07/14/2025","8,622.47","8,629.72","8,635.62","8,570.95","","-0.02%"
"07/13/2025","8,624.40","8,618.54","8,638.42","8,613.64","","0.22%"
"07/10/2025","8,605.67","8,548.29","8,617.23","8,544.94","","0.71%"
"07/09/2025","8,545.28","8,494.23","8,547.01","8,494.04","","0.58%"
"07/08/2025","8,496.05","8,496.37","8,503.40","8,460.38","","0.09%"
"07/07/2025","8,488.73","8,440.52","8,488.89","8,439.45","","0.53%"
"07/06/2025","8,443.87","8,404.99","8,446.12","8,404.98","","0.53%"
"07/03/2025","8,399.35","8,393.45","8,402.59","8,372.99","","0.22%"
"07/02/2025","8,380.79","8,406.13","8,428.43","8,370.47","","-0.34%"
"07/01/2025","8,409.28","8,448.00","8,450.57","8,389.89","","-0.54%"
"06/30/2025","8,455.16","8,460.79","8,497.02","8,419.44","","0.20%"
"06/29/2025","8,438.48","8,340.46","8,454.30","8,340.46","","1.75%"
"06/25/2025","8,293.37","8,252.79","8,297.76","8,248.53","","0.76%"
"06/24/2025","8,230.93","8,164.06","8,244.97","8,164.06","","2.20%"
"06/23/2025","8,053.65","8,014.60","8,066.74","8,012.55","","0.65%"
"06/22/2025","8,001.49","7,900.49","8,021.19","7,900.49","","0.63%"
"06/19/2025","7,951.10","7,898.43","7,953.85","7,895.06","","0.73%"
"06/18/2025","7,893.43","7,996.84","7,997.56","7,893.05","","-1.46%"
"06/17/2025","8,010.13","7,982.35","8,021.28","7,982.29","","0.65%"
"06/16/2025","7,958.02","7,879.19","8,011.31","7,879.19","","1.46%"
"06/15/2025","7,843.39","7,790.50","7,944.39","7,718.07","","-3.84%"
"06/12/2025","8,156.56","8,217.28","8,218.16","8,136.26","","-1.35%"
"06/11/2025","8,268.50","8,227.29","8,270.08","8,227.29","","0.63%"
"06/10/2025","8,216.99","8,169.02","8,222.09","8,169.02","","0.70%"
"06/04/2025","8,159.63","8,122.52","8,167.38","8,121.43","","0.55%"
"06/03/2025","8,114.85","8,158.63","8,176.36","8,111.96","","-0.41%"
"06/02/2025","8,147.86","8,150.36","8,154.08","8,123.17","","0.01%"
"06/01/2025","8,146.83","8,137.52","8,151.51","8,125.93","","0.42%"
"05/29/2025","8,112.49","8,126.92","8,139.41","8,109.45","","-0.08%"
"05/28/2025","8,119.30","8,083.71","8,127.24","8,083.71","","0.61%"
"05/27/2025","8,069.98","8,044.42","8,074.03","8,044.41","","0.37%"
"05/26/2025","8,040.43","8,048.45","8,060.18","8,037.94","","0.01%"
"05/25/2025","8,039.38","8,049.79","8,055.41","8,027.60","","-0.17%"
"05/22/2025","8,052.89","8,074.35","8,077.04","8,032.45","","-0.21%"
"05/21/2025","8,070.02","8,044.13","8,074.39","8,044.13","","0.33%"
"05/20/2025","8,043.13","8,056.01","8,070.73","8,019.13","","-0.11%"
"05/19/2025","8,051.87","8,078.00","8,083.87","8,035.74","","-0.31%"
"05/18/2025","8,077.22","8,096.99","8,101.48","8,072.35","","-0.14%"
"05/15/2025","8,088.70","8,093.79","8,101.97","8,077.23","","0.05%"
"05/14/2025","8,085.00","8,087.45","8,093.67","8,069.20","","0.02%"
"05/13/2025","8,083.04","8,072.22","8,095.56","8,058.15","","0.23%"
"05/12/2025","8,064.76","8,070.71","8,080.99","8,053.80","","0.11%"
"05/11/2025","8,055.92","8,030.75","8,079.36","8,030.75","","0.56%"
"05/08/2025","8,010.75","7,999.34","8,021.79","7,992.36","","0.04%"
"05/07/2025","8,007.15","7,991.56","8,007.90","7,974.56","","0.21%"
"05/06/2025","7,990.36","7,982.87","8,000.72","7,978.33","","0.20%"
"05/05/2025","7,974.57","7,977.67","7,979.05","7,944.06","","0.10%"
"05/04/2025","7,966.54","7,966.25","7,996.30","7,960.52","","0.22%"
"05/01/2025","7,949.20","7,958.52","7,969.12","7,923.49","","-0.13%"
"04/30/2025","7,959.54","7,906.83","7,966.16","7,891.76","","0.53%"
"04/29/2025","7,917.92","7,899.02","7,920.83","7,878.08","","0.21%"
"04/28/2025","7,901.22","7,918.04","7,932.13","7,876.55","","-0.17%"
"04/27/2025","7,914.97","7,933.66","7,952.90","7,913.53","","-0.22%"
"04/24/2025","7,932.53","7,898.36","7,944.96","7,897.12","","0.46%"
"04/23/2025","7,896.24","7,876.84","7,908.35","7,876.84","","0.58%"
"04/22/2025","7,850.45","7,839.54","7,853.18","7,820.91","","-0.30%"
"04/21/2025","7,873.77","7,881.66","7,900.58","7,859.05","","-0.09%"
"04/20/2025","7,880.52","7,883.08","7,901.33","7,865.62","","0.15%"
"04/17/2025","7,868.98","7,810.79","7,871.41","7,787.89","","0.71%"
"04/16/2025","7,813.34","7,803.44","7,814.38","7,786.48","","0.10%"
"04/15/2025","7,805.44","7,796.00","7,825.33","7,788.99","","0.06%"
"04/14/2025","7,800.77","7,799.26","7,814.24","7,755.34","","-0.10%"
"04/13/2025","7,808.26","7,841.53","7,854.82","7,798.75","","-0.15%"
"04/10/2025","7,819.91","7,877.37","7,906.57","7,816.67","","1.55%"
"04/09/2025","7,700.26","7,716.52","7,737.56","7,666.61","","-0.53%"
"04/08/2025","7,741.13","7,647.18","7,759.47","7,597.21","","2.74%"
"04/07/2025","7,534.86","7,486.77","7,575.79","7,440.79","","-0.70%"
"04/06/2025","7,587.89","7,673.75","7,713.05","7,513.97","","-5.16%"
"04/03/2025","8,000.73","8,018.42","8,020.83","7,962.43","","-0.36%"
"04/02/2025","8,029.34","8,052.00","8,078.09","8,029.14","","-0.55%"
"03/27/2025","8,074.04","8,070.15","8,074.44","8,034.64","248.69M","0.14%"
"03/26/2025","8,062.72","8,086.86","8,096.85","8,054.83","","-0.26%"
"03/25/2025","8,083.94","8,035.30","8,098.76","8,035.30","","0.76%"
"03/24/2025","8,023.33","8,000.47","8,027.45","7,977.55","277.46M","0.48%"
"03/23/2025","7,985.36","7,989.36","8,000.90","7,961.19","","-0.04%"
"03/20/2025","7,988.41","7,946.43","7,989.91","7,938.21","339.88M","0.66%"
"03/19/2025","7,936.23","7,908.79","7,945.71","7,890.42","","0.38%"
"03/18/2025","7,905.91","7,879.85","7,905.91","7,858.22","","0.37%"
"03/17/2025","7,876.56","7,897.05","7,900.12","7,825.94","","-0.05%"
"03/16/2025","7,880.30","7,927.70","7,938.10","7,838.36","","-0.35%"
"03/13/2025","7,907.97","8,007.99","8,011.93","7,891.68","","-1.12%"
"03/12/2025","7,997.69","7,994.69","8,036.06","7,977.46","","0.01%"
"03/11/2025","7,996.88","8,005.52","8,006.09","7,959.24","","-0.87%"
"03/10/2025","8,067.36","8,042.42","8,070.09","7,939.09","","0.32%"
"03/09/2025","8,041.88","8,103.43","8,107.72","8,040.90","","-0.95%"
"03/06/2025","8,119.35","8,167.05","8,187.78","8,098.47","344.35M","-0.57%"
"03/05/2025","8,166.22","8,161.49","8,202.29","8,125.04","355.04M","0.01%"
"03/04/2025","8,165.15","8,172.43","8,183.17","8,113.40","500.86M","-0.10%"
"03/03/2025","8,173.21","8,147.64","8,184.29","8,122.86","438.10M","0.40%"
"03/02/2025","8,140.92","8,111.09","8,140.92","8,097.15","315.95M","0.49%"
"02/24/2025","8,101.19","8,094.56","8,120.25","8,080.17","340.23M","0.11%"
"02/23/2025","8,091.92","8,145.92","8,164.43","8,089.27","514.12M","-0.63%"
"02/20/2025","8,142.94","8,105.33","8,144.81","8,100.29","480.56M","0.49%"
"02/19/2025","8,103.23","8,068.45","8,103.34","8,061.11","705.17M","0.50%"
"02/18/2025","8,063.08","8,024.64","8,066.26","8,024.29","926.96M","0.54%"
"02/17/2025","8,020.16","8,028.86","8,041.73","8,016.21","665.36M","-0.10%"
"02/16/2025","8,027.94","8,024.65","8,035.26","8,005.54","668.02M","0.11%"
"02/13/2025","8,019.03","7,978.52","8,019.20","7,976.57","542.53M","0.56%"
"02/12/2025","7,974.16","7,964.50","7,980.21","7,958.51","610.76M","0.19%"
"02/11/2025","7,959.41","7,939.19","7,959.41","7,918.01","575.84M","0.19%"
"02/10/2025","7,944.18","7,919.33","7,945.44","7,915.84","788.81M","0.32%"
"02/09/2025","7,919.09","7,899.15","7,927.85","7,888.49","655.25M","0.30%"
"02/06/2025","7,895.39","7,897.89","7,906.44","7,867.18","686.51M","-0.06%"
"02/05/2025","7,900.09","7,905.78","7,917.23","7,884.10","658.53M","-0.05%"
"02/04/2025","7,903.96","7,857.76","7,906.36","7,857.76","519.01M","0.62%"
"02/03/2025","7,854.96","7,819.04","7,856.85","7,781.26","592.55M","0.40%"
"02/02/2025","7,823.98","7,797.62","7,831.08","7,797.47","546.82M","0.50%"
"01/29/2025","7,784.67","7,774.55","7,796.00","7,723.28","447.61M","-0.15%"
"01/28/2025","7,796.41","7,840.64","7,845.24","7,745.13","596.73M","-0.44%"
"01/27/2025","7,830.81","7,783.63","7,840.56","7,781.05","484.10M","0.69%"
"01/26/2025","7,776.97","7,696.51","7,777.90","7,695.53","378.64M","1.32%"
"01/23/2025","7,676.03","7,704.82","7,729.25","7,675.45","379.26M","-0.19%"
"01/22/2025","7,691.01","7,625.66","7,692.32","7,625.62","392.31M","0.90%"
"01/21/2025","7,622.59","7,584.33","7,631.46","7,584.33","344.59M","0.55%"
"01/20/2025","7,580.64","7,553.82","7,583.18","7,551.39","316.45M","0.53%"
"01/19/2025","7,540.84","7,535.03","7,554.60","7,523.65","262.70M","0.18%"
"01/16/2025","7,527.46","7,531.79","7,550.70","7,518.24","367.34M","0.08%"
"01/15/2025","7,521.29","7,532.64","7,542.68","7,518.91","473.71M","-0.12%"
"01/14/2025","7,530.52","7,498.22","7,539.95","7,498.22","323.40M","0.63%"
"01/13/2025","7,483.71","7,492.52","7,516.75","7,462.85","304.52M","-0.11%"
"01/12/2025","7,491.75","7,550.94","7,565.46","7,489.07","394.13M","-0.67%"
"01/09/2025","7,542.31","7,489.01","7,582.21","7,486.21","395.86M","0.75%"
"01/08/2025","7,486.42","7,482.16","7,502.83","7,465.83","497.26M","0.11%"
"01/07/2025","7,477.85","7,441.13","7,485.21","7,441.13","282.01M","0.64%"
"01/06/2025","7,430.29","7,423.86","7,446.31","7,423.86","278.31M","0.19%"
"01/05/2025","7,416.38","7,375.29","7,429.34","7,375.29","203.44M","0.73%"
"12/31/2024","7,362.54","7,384.41","7,402.22","7,360.77","267.10M","-0.19%"
"12/30/2024","7,376.57","7,367.86","7,383.58","7,364.21","266.66M","0.15%"
"12/29/2024","7,365.27","7,348.37","7,378.51","7,348.37","198.20M","0.20%"
"12/26/2024","7,350.86","7,348.15","7,365.20","7,343.04","172.45M","0.07%"
"12/25/2024","7,345.66","7,333.25","7,352.01","7,326.77","260.86M","0.22%"
"12/24/2024","7,329.38","7,287.19","7,343.14","7,286.35","255.20M","0.54%"
"12/23/2024","7,290.25","7,294.52","7,302.66","7,277.49","318.10M","-0.01%"
"12/22/2024","7,291.04","7,289.18","7,297.51","7,265.33","288.43M","0.17%"
"12/19/2024","7,278.70","7,273.84","7,286.85","7,264.37","332.09M","-0.06%"
"12/18/2024","7,282.96","7,294.65","7,302.34","7,275.68","311.55M","0.01%"
"12/17/2024","7,282.07","7,298.90","7,304.17","7,276.81","352.94M","-0.16%"
"12/16/2024","7,293.99","7,315.76","7,320.31","7,279.28","376.00M","-0.24%"
"12/15/2024","7,311.48","7,333.85","7,354.46","7,310.05","433.58M","-0.27%"
"12/12/2024","7,331.01","7,328.27","7,347.73","7,325.19","386.91M","0.07%"
"12/11/2024","7,325.53","7,317.82","7,331.89","7,313.12","332.58M","0.11%"
"12/10/2024","7,317.72","7,311.11","7,337.04","7,310.27","272.67M","0.05%"
"12/09/2024","7,313.76","7,291.23","7,317.42","7,280.59","394.61M","0.52%"
"12/08/2024","7,275.70","7,292.52","7,294.50","7,265.25","347.19M","-0.19%"
"12/05/2024","7,289.24","7,282.61","7,290.38","7,267.15","348.33M","0.16%"
"12/04/2024","7,277.46","7,268.59","7,281.07","7,253.87","371.06M","0.19%"
"12/03/2024","7,263.36","7,260.23","7,278.05","7,257.23","358.87M","0.10%"
"12/02/2024","7,256.42","7,243.96","7,261.02","7,234.95","330.86M","0.14%"
"11/28/2024","7,245.99","7,234.07","7,251.20","7,222.57","319.25M","0.18%"
"11/27/2024","7,232.79","7,255.90","7,258.70","7,229.72","382.95M","-0.40%"
"11/26/2024","7,261.51","7,276.11","7,299.74","7,247.32","387.82M","0.03%"
"11/25/2024","7,259.12","7,297.23","7,302.68","7,258.78","437.58M","-0.61%"
"11/24/2024","7,303.69","7,336.40","7,344.07","7,288.04","356.67M","-0.21%"
"11/21/2024","7,319.32","7,349.67","7,360.31","7,319.27","314.72M","-0.46%"
"11/20/2024","7,352.96","7,353.99","7,379.50","7,340.89","361.39M","-0.08%"
"11/19/2024","7,359.03","7,324.59","7,359.45","7,316.76","336.53M","0.53%"
"11/18/2024","7,320.32","7,327.22","7,345.38","7,300.10","445.96M","0.01%"
"11/17/2024","7,319.38","7,304.50","7,333.96","7,304.50","433.73M","0.28%"
"11/14/2024","7,298.84","7,291.74","7,316.89","7,282.27","438.72M","0.15%"
"11/13/2024","7,287.71","7,281.38","7,289.03","7,251.17","450.47M","0.06%"
"11/12/2024","7,283.05","7,285.54","7,302.28","7,267.60","686.85M","0.21%"
"11/11/2024","7,267.44","7,238.87","7,286.56","7,238.83","581.18M","0.53%"
"11/10/2024","7,229.10","7,192.17","7,230.03","7,192.17","495.66M","0.63%"
"11/07/2024","7,183.70","7,210.32","7,226.88","7,179.53","386.79M","-0.12%"
"11/06/2024","7,192.17","7,150.65","7,202.52","7,150.48","499.71M","0.60%"
"11/05/2024","7,149.45","7,128.00","7,150.38","7,123.17","275.68M","0.36%"
"11/04/2024","7,124.10","7,139.48","7,141.81","7,106.96","281.62M","-0.10%"
"11/03/2024","7,131.52","7,162.83","7,179.49","7,127.60","388.53M","-0.37%"
"10/31/2024","7,157.72","7,120.84","7,168.68","7,120.65","538.45M","0.62%"
"10/30/2024","7,113.40","7,119.20","7,128.03","7,109.06","509.74M","0.04%"
"10/29/2024","7,110.81","7,100.88","7,115.23","7,091.02","398.91M","0.19%"
"10/28/2024","7,097.10","7,107.00","7,121.13","7,080.44","474.05M","0.13%"
"10/27/2024","7,087.72","7,029.97","7,107.10","7,029.97","456.77M","1.52%"
"10/24/2024","6,981.53","6,987.91","7,001.73","6,978.70","404.92M","-0.02%"
"10/23/2024","6,982.69","7,018.32","7,024.95","6,982.48","389.13M","-0.44%"
"10/22/2024","7,013.85","7,027.82","7,035.71","7,010.16","346.38M","-0.19%"
"10/21/2024","7,026.91","7,053.42","7,063.11","7,015.05","281.40M","-0.32%"
"10/20/2024","7,049.59","7,087.25","7,091.85","7,047.51","401.79M","-0.43%"
"10/17/2024","7,080.17","7,108.71","7,117.51","7,076.18","324.71M","-0.33%"
"10/16/2024","7,103.85","7,108.94","7,113.47","7,080.49","505.22M","0.03%"
"10/15/2024","7,101.90","7,047.83","7,102.28","7,047.83","482.77M","0.86%"
"10/14/2024","7,041.02","7,039.83","7,047.33","7,025.52","365.84M","-0.01%"
"10/13/2024","7,042.07","7,058.56","7,063.03","7,022.74","326.24M","-0.09%"
"10/10/2024","7,048.23","7,053.15","7,059.20","7,033.71","399.67M","0.03%"
"10/09/2024","7,045.88","7,048.17","7,077.55","7,045.51","427.65M","0.14%"
"10/08/2024","7,035.74","6,997.40","7,039.02","6,994.75","329.34M","0.73%"
"10/07/2024","6,984.42","6,986.16","7,004.61","6,976.59","280.16M","0.27%"
"10/06/2024","6,965.71","7,046.79","7,047.37","6,884.45","458.81M","-1.00%"
"10/03/2024","7,036.08","7,080.77","7,095.32","7,029.67","368.25M","-0.49%"
"10/02/2024","7,070.52","7,123.09","7,123.09","7,068.68","447.28M","-1.20%"
"10/01/2024","7,156.71","7,135.31","7,156.82","7,129.96","493.90M","0.29%"
"09/30/2024","7,136.28","7,159.92","7,163.10","7,121.06","634.25M","-0.22%"
"09/29/2024","7,151.67","7,178.98","7,183.09","7,142.97","457.64M","-0.63%"
"09/26/2024","7,197.07","7,203.75","7,212.52","7,178.57","412.91M","-0.08%"
"09/25/2024","7,202.89","7,177.97","7,215.44","7,176.51","439.04M","0.48%"
"09/24/2024","7,168.70","7,161.35","7,174.27","7,132.88","385.27M","0.16%"
"09/23/2024","7,156.95","7,178.81","7,182.65","7,152.77","415.55M","-0.18%"
"09/22/2024","7,170.09","7,180.43","7,188.01","7,155.54","447.61M","-0.03%"
"09/19/2024","7,172.47","7,150.53","7,174.55","7,137.06","515.10M","0.54%"
"09/18/2024","7,133.99","7,129.66","7,135.52","7,116.30","287.54M","0.08%"
"09/17/2024","7,128.32","7,156.82","7,160.99","7,109.46","303.64M","-0.39%"
"09/16/2024","7,156.25","7,166.23","7,174.74","7,141.23","352.22M","-0.03%"
"09/12/2024","7,158.56","7,156.71","7,171.94","7,153.87","273.37M","0.16%"
"09/11/2024","7,147.01","7,189.80","7,204.17","7,145.67","458.45M","-0.66%"
"09/10/2024","7,194.34","7,183.21","7,197.01","7,174.39","403.78M","0.18%"
"09/09/2024","7,181.52","7,196.26","7,197.92","7,177.49","442.12M","0.03%"
"09/08/2024","7,179.48","7,182.47","7,187.24","7,161.47","447.99M","-0.10%"
"09/05/2024","7,186.65","7,152.66","7,188.72","7,149.53","331.01M","0.42%"
"09/04/2024","7,156.49","7,169.50","7,169.56","7,138.60","210.40M","-0.45%"
"09/03/2024","7,188.98","7,171.65","7,189.87","7,153.32","322.35M","0.28%"
"09/02/2024","7,169.14","7,169.39","7,176.21","7,150.78","306.34M","-0.05%"
"09/01/2024","7,172.41","7,183.27","7,196.63","7,166.43","356.93M","-0.12%"
"08/29/2024","7,180.92","7,179.03","7,195.25","7,156.86","313.08M","0.01%"
"08/28/2024","7,180.38","7,194.89","7,229.11","7,179.66","290.42M","-0.11%"
"08/27/2024","7,188.16","7,158.85","7,188.16","7,151.91","250.56M","0.37%"
"08/26/2024","7,161.90","7,144.84","7,169.01","7,141.45","233.82M","0.37%"
"08/25/2024","7,135.31","7,169.25","7,196.40","7,118.68","279.49M","-0.40%"
"08/22/2024","7,164.16","7,148.47","7,164.16","7,136.62","318.56M","0.29%"
"08/21/2024","7,143.26","7,121.12","7,143.64","7,111.31","296.89M","0.36%"
"08/20/2024","7,117.68","7,137.04","7,141.39","7,108.22","225.15M","-0.13%"
"08/19/2024","7,127.16","7,132.27","7,135.30","7,102.60","198.23M","-0.01%"
"08/18/2024","7,127.88","7,122.02","7,140.73","7,116.50","208.37M","0.29%"
"08/15/2024","7,107.48","7,105.65","7,118.05","7,083.04","251.02M","0.20%"
"08/14/2024","7,093.27","7,028.51","7,093.72","7,020.79","206.65M","1.19%"
"08/13/2024","7,009.61","7,054.25","7,059.58","7,004.74","199.92M","-0.61%"
"08/12/2024","7,052.81","7,090.15","7,094.53","7,052.68","175.57M","-0.82%"
"08/11/2024","7,111.06","7,084.02","7,125.81","7,084.02","202.10M","0.64%"
"08/08/2024","7,065.61","7,056.56","7,067.74","7,036.24","172.78M","0.11%"
"08/07/2024","7,057.50","7,022.66","7,066.39","7,022.02","183.47M","0.88%"
"08/06/2024","6,995.87","6,951.49","7,018.89","6,951.47","224.41M","0.99%"
"08/05/2024","6,927.33","7,017.23","7,017.23","6,897.13","260.53M","-2.03%"
"08/04/2024","7,070.68","7,124.14","7,142.64","7,060.78","213.58M","-1.99%"
"08/01/2024","7,214.13","7,241.61","7,249.25","7,195.24","207.73M","-0.35%"
"07/31/2024","7,239.41","7,185.29","7,241.59","7,185.23","319.51M","0.73%"
"07/30/2024","7,186.71","7,192.39","7,204.65","7,186.57","233.68M","-0.06%"
"07/29/2024","7,190.71","7,180.84","7,200.21","7,172.41","166.08M","0.18%"
"07/28/2024","7,177.71","7,165.31","7,192.53","7,164.03","176.88M","0.32%"
"07/25/2024","7,154.88","7,156.56","7,159.23","7,132.08","162.12M","0.00%"
"07/24/2024","7,154.95","7,140.07","7,167.89","7,133.75","183.72M","0.32%"
"07/23/2024","7,132.30","7,122.28","7,143.91","7,121.50","184.64M","0.21%"
"07/22/2024","7,117.62","7,080.39","7,117.62","7,071.55","143.51M","0.64%"
"07/21/2024","7,072.23","7,094.66","7,095.60","7,064.16","103.63M","-0.42%"
"07/18/2024","7,102.18","7,121.97","7,133.83","7,088.60","107.06M","-0.21%"
"07/17/2024","7,117.39","7,113.91","7,119.98","7,093.30","115.04M","0.22%"
"07/16/2024","7,101.66","7,117.89","7,129.57","7,092.31","128.07M","-0.22%"
"07/15/2024","7,117.56","7,140.71","7,145.80","7,101.77","130.30M","-0.12%"
"07/14/2024","7,126.03","7,109.74","7,146.59","7,109.74","232.42M","0.40%"
"07/11/2024","7,097.75","7,066.44","7,098.46","7,061.63","184.53M","0.53%"
"07/10/2024","7,060.17","7,091.95","7,107.96","7,056.15","179.90M","-0.30%"
"07/09/2024","7,081.39","7,065.36","7,092.58","7,065.36","218.92M","0.41%"
"07/08/2024","7,052.36","6,999.36","7,054.73","6,995.69","197.18M","0.98%"
"07/04/2024","6,983.90","6,955.40","6,993.03","6,953.02","114.94M","0.45%"
"07/03/2024","6,952.61","6,945.05","6,981.57","6,935.45","116.30M","0.22%"
"07/02/2024","6,937.13","6,956.52","6,966.29","6,937.13","120.20M","-0.08%"
"07/01/2024","6,943.01","6,948.44","6,962.37","6,936.13","126.02M","0.09%"
"06/30/2024","6,936.98","6,973.62","6,984.56","6,936.88","141.41M","-0.43%"
"06/27/2024","6,967.10","6,931.39","6,971.52","6,911.81","137.93M","0.58%"
"06/26/2024","6,927.11","6,991.90","6,997.85","6,915.65","134.90M","-0.73%"
"06/25/2024","6,978.18","7,004.06","7,008.15","6,977.23","114.55M","-0.23%"
"06/24/2024","6,994.10","7,008.74","7,022.18","6,980.84","138.67M","-0.21%"
"06/23/2024","7,008.90","7,054.21","7,060.47","7,000.75","169.14M","-0.42%"
"06/20/2024","7,038.48","7,019.13","7,067.95","7,019.13","237.90M","0.46%"
"06/19/2024","7,006.28","7,041.99","7,052.05","7,004.35","177.40M","-0.39%"
"06/13/2024","7,033.58","7,048.60","7,056.47","7,028.62","189.51M","-0.05%"
"06/12/2024","7,037.22","7,049.92","7,068.69","7,036.79","224.24M","-0.08%"
"06/11/2024","7,042.54","7,058.89","7,064.93","7,042.54","185.83M","-0.18%"
"06/10/2024","7,055.31","7,067.87","7,074.39","7,055.31","184.71M","0.02%"
"06/09/2024","7,054.02","7,049.80","7,066.23","7,048.73","143.45M","0.13%"
"06/06/2024","7,045.16","7,055.77","7,062.14","7,043.70","158.94M","-0.05%"
"06/05/2024","7,049.01","7,050.46","7,059.41","7,038.42","211.25M","0.14%"
"06/04/2024","7,039.20","7,021.78","7,053.71","7,019.42","203.53M","0.19%"
"06/03/2024","7,025.56","7,065.54","7,078.15","7,021.70","190.02M","-0.57%"
"06/02/2024","7,065.86","7,099.72","7,100.49","7,059.11","215.70M","0.20%"
"05/30/2024","7,051.92","7,070.20","7,075.25","7,035.13","386.88M","-0.22%"
"05/29/2024","7,067.37","7,069.29","7,074.43","7,037.12","173.96M","0.13%"
"05/28/2024","7,058.29","7,089.91","7,105.56","7,057.87","237.83M","-0.31%"
"05/27/2024","7,080.50","7,130.71","7,132.23","7,079.47","208.63M","-0.68%"
"05/26/2024","7,129.22","7,143.23","7,151.79","7,116.26","322.76M","-0.08%"
"05/23/2024","7,134.67","7,148.65","7,155.45","7,133.06","405.46M","-0.11%"
"05/22/2024","7,142.74","7,138.62","7,153.24","7,132.86","359.92M","0.06%"
"05/21/2024","7,138.55","7,141.49","7,146.58","7,098.05","323.61M","-0.19%"
"05/20/2024","7,152.23","7,184.65","7,187.70","7,142.02","273.33M","-0.36%"
"05/19/2024","7,178.19","7,171.65","7,187.59","7,169.49","296.64M","0.21%"
"05/16/2024","7,163.23","7,186.34","7,202.85","7,159.88","277.54M","-0.17%"
"05/15/2024","7,175.51","7,201.95","7,220.32","7,171.38","252.21M","-0.28%"
"05/14/2024","7,195.34","7,205.02","7,208.66","7,179.91","272.44M","-0.11%"
"05/13/2024","7,203.22","7,182.92","7,205.16","7,172.11","283.60M","0.33%"
"05/12/2024","7,179.45","7,194.99","7,241.09","7,165.72","360.80M","1.39%"
"05/09/2024","7,081.05","7,063.79","7,111.85","7,063.79","271.97M","0.31%"
"05/08/2024","7,059.16","7,026.96","7,059.38","6,999.61","304.63M","0.47%"
"05/07/2024","7,026.40","7,043.31","7,048.77","7,006.07","214.78M","-0.20%"
"05/06/2024","7,040.42","7,043.74","7,057.02","7,029.45","212.40M","-0.05%"
"05/05/2024","7,043.71","7,046.48","7,055.43","7,036.81","219.76M","0.15%"
"05/02/2024","7,033.48","7,035.07","7,056.58","7,032.31","216.84M","0.11%"
"05/01/2024","7,025.42","7,040.75","7,046.96","7,020.64","198.77M","-0.36%"
"04/30/2024","7,051.05","7,057.59","7,068.21","7,034.39","226.67M","0.12%"
"04/29/2024","7,042.89","7,025.29","7,049.50","7,006.66","216.47M","0.30%"
"04/28/2024","7,022.09","7,034.90","7,054.92","7,017.33","205.63M","-0.06%"
"04/25/2024","7,026.05","7,058.00","7,065.36","7,021.76","181.04M","-0.50%"
"04/24/2024","7,061.10","7,079.39","7,088.33","7,050.11","147.81M","-0.19%"
"04/23/2024","7,074.70","7,071.45","7,106.72","7,056.77","177.76M","0.04%"
"04/22/2024","7,071.91","7,066.91","7,109.45","7,062.97","204.56M","0.21%"
"04/21/2024","7,057.13","7,009.93","7,066.09","6,984.30","256.21M","0.86%"
"04/18/2024","6,997.12","6,910.43","7,004.14","6,905.34","290.41M","1.26%"
"04/17/2024","6,910.12","6,948.33","6,954.53","6,893.97","186.20M","-0.29%"
"04/16/2024","6,930.21","7,094.06","7,097.63","6,913.21","364.68M","-2.54%"
"04/15/2024","7,111.17","7,141.51","7,184.82","7,105.67","170.39M","-0.08%"
"04/14/2024","7,116.98","7,110.25","7,141.89","7,102.40","135.60M","-0.98%"
"04/08/2024","7,187.13","7,205.73","7,233.71","7,172.11","110.75M","-0.12%"
"04/07/2024","7,195.53","7,153.30","7,229.03","7,145.46","86.08M","-1.05%"
"04/03/2024","7,271.82","7,364.98","7,369.25","7,271.02","137.54M","-1.31%"
"04/02/2024","7,368.11","7,356.11","7,371.97","7,346.41","143.30M","0.19%"
"04/01/2024","7,354.28","7,333.52","7,360.48","7,317.72","169.46M","0.37%"
"03/31/2024","7,327.23","7,392.19","7,398.31","7,322.26","223.93M","-0.63%"
"03/28/2024","7,374.02","7,387.46","7,411.23","7,353.00","237.18M","0.09%"
"03/27/2024","7,367.26","7,402.48","7,409.51","7,362.36","168.63M","-0.44%"
"03/26/2024","7,399.49","7,397.61","7,414.65","7,385.81","119.48M","0.05%"
"03/25/2024","7,396.06","7,426.51","7,428.35","7,395.00","112.51M","-0.27%"
"03/24/2024","7,415.72","7,426.10","7,431.98","7,407.85","148.54M","0.00%"
"03/21/2024","7,415.81","7,406.39","7,425.49","7,405.15","136.76M","0.38%"
"03/20/2024","7,387.41","7,389.11","7,405.67","7,380.34","132.34M","0.16%"
"03/19/2024","7,375.30","7,420.05","7,429.43","7,374.65","131.38M","-0.44%"
"03/18/2024","7,408.04","7,444.05","7,446.57","7,407.37","122.92M","-0.40%"
"03/17/2024","7,437.94","7,455.64","7,461.65","7,437.58","105.27M","-0.07%"
"03/14/2024","7,443.22","7,466.53","7,489.96","7,442.48","226.99M","-0.20%"
"03/13/2024","7,458.25","7,482.43","7,492.90","7,457.23","208.78M","-0.20%"
"03/12/2024","7,473.55","7,445.30","7,483.05","7,445.17","147.10M","0.44%"
"03/11/2024","7,440.50","7,417.05","7,454.74","7,396.73","134.01M","0.10%"
"03/10/2024","7,433.04","7,421.61","7,434.00","7,409.46","176.18M","0.30%"
"03/07/2024","7,410.86","7,392.01","7,420.48","7,388.94","172.66M","0.14%"
"03/06/2024","7,400.47","7,423.48","7,425.73","7,382.13","160.67M","-0.38%"
"03/05/2024","7,428.57","7,431.94","7,442.72","7,425.50","167.62M","-0.05%"
"03/04/2024","7,432.51","7,440.41","7,459.91","7,428.05","205.96M","-0.09%"
"03/03/2024","7,438.86","7,430.98","7,459.46","7,422.72","204.92M","-0.02%"
"02/29/2024","7,440.58","7,423.87","7,445.27","7,408.55","213.51M","0.27%"
"02/28/2024","7,420.57","7,439.30","7,442.01","7,413.32","158.33M","-0.17%"
"02/27/2024","7,433.27","7,431.85","7,441.91","7,411.21","269.60M","0.25%"
"02/22/2024","7,414.62","7,425.33","7,433.45","7,414.62","272.40M","-0.08%"
"02/21/2024","7,420.42","7,401.32","7,429.60","7,401.32","306.50M","0.35%"
"02/20/2024","7,394.36","7,350.93","7,395.89","7,347.61","311.30M","0.56%"
"02/19/2024","7,353.37","7,303.08","7,353.44","7,281.93","261.76M","0.66%"
"02/18/2024","7,305.27","7,335.50","7,347.22","7,304.22","220.75M","-0.39%"
"02/15/2024","7,333.73","7,331.63","7,358.22","7,330.52","319.51M","0.03%"
"02/14/2024","7,331.26","7,345.79","7,346.43","7,323.17","268.00M","-0.26%"
"02/13/2024","7,350.19","7,366.50","7,374.75","7,335.80","304.72M","-0.13%"
"02/12/2024","7,360.02","7,352.96","7,369.66","7,337.47","245.23M","0.36%"
"02/11/2024","7,333.72","7,278.01","7,337.26","7,278.01","243.38M","1.07%"
"02/07/2024","7,256.16","7,274.50","7,278.65","7,234.37","246.12M","-0.08%"
"02/06/2024","7,261.94","7,246.75","7,277.84","7,233.06","291.98M","0.28%"
"02/05/2024","7,241.59","7,201.82","7,244.93","7,160.74","255.54M","0.66%"
"02/04/2024","7,194.28","7,240.98","7,242.29","7,177.96","254.32M","-0.61%"
"02/01/2024","7,238.31","7,255.86","7,265.24","7,213.64","236.79M","-0.41%"
"01/31/2024","7,268.38","7,342.69","7,352.37","7,252.75","264.26M","-0.82%"
"01/30/2024","7,328.75","7,315.65","7,341.89","7,299.74","244.72M","0.29%"
"01/29/2024","7,307.24","7,336.71","7,348.51","7,290.45","194.49M","-0.33%"
"01/28/2024","7,331.57","7,344.51","7,360.48","7,320.97","206.51M","-0.16%"
"01/25/2024","7,342.98","7,345.70","7,352.83","7,318.32","264.69M","0.10%"
"01/24/2024","7,335.50","7,322.39","7,347.53","7,320.90","270.46M","0.30%"
"01/23/2024","7,313.27","7,280.78","7,324.80","7,280.78","267.78M","0.52%"
"01/22/2024","7,275.21","7,278.28","7,291.30","7,263.19","264.62M","0.14%"
"01/21/2024","7,264.97","7,253.45","7,282.46","7,253.45","272.02M","0.48%"
"01/18/2024","7,230.06","7,254.23","7,256.33","7,226.38","265.08M","-0.15%"
"01/17/2024","7,240.60","7,271.88","7,296.51","7,239.86","448.65M","-0.35%"
"01/16/2024","7,265.80","7,270.96","7,282.68","7,249.09","402.95M","0.03%"
"01/15/2024","7,263.54","7,216.33","7,271.40","7,195.21","305.29M","0.72%"
"01/14/2024","7,211.32","7,212.87","7,242.48","7,210.02","342.40M","-0.04%"
"01/11/2024","7,214.22","7,136.16","7,217.22","7,129.05","342.81M","1.15%"
"01/10/2024","7,132.13","7,155.38","7,168.80","7,120.51","288.45M","-0.17%"
"01/09/2024","7,144.28","7,085.72","7,158.83","7,085.72","347.98M","0.87%"
"01/08/2024","7,082.32","7,044.44","7,084.61","7,024.21","292.26M","0.73%"
"01/07/2024","7,030.87","6,987.32","7,036.00","6,987.32","310.98M","0.94%"
"01/04/2024","6,965.45","6,944.14","6,970.38","6,919.62","237.68M","0.21%"
"01/03/2024","6,950.70","6,925.70","6,958.62","6,905.76","209.31M","0.56%"
"01/02/2024","6,912.10","6,834.75","6,913.40","6,832.29","197.89M","1.39%"
"12/28/2023","6,817.29","6,791.85","6,817.73","6,782.51","182.27M","0.45%"
"12/27/2023","6,786.92","6,735.98","6,787.01","6,724.56","173.44M","0.80%"
"12/26/2023","6,732.88","6,777.55","6,798.69","6,727.48","190.86M","-0.62%"
"12/25/2023","6,774.56","6,813.17","6,814.72","6,774.32","172.80M","-0.47%"
"12/24/2023","6,806.33","6,836.73","6,840.41","6,802.16","171.70M","-0.36%"
"12/21/2023","6,830.82","6,820.74","6,831.58","6,805.33","129.21M","0.16%"
"12/20/2023","6,820.01","6,787.71","6,847.14","6,787.71","194.80M","0.80%"
"12/14/2023","6,765.70","6,803.78","6,804.88","6,755.29","245.63M","-0.33%"
"12/13/2023","6,788.28","6,784.45","6,797.68","6,772.18","203.53M","0.26%"
"12/12/2023","6,770.75","6,716.66","6,772.30","6,715.69","258.12M","0.90%"
"12/11/2023","6,710.63","6,673.23","6,710.63","6,672.51","276.82M","0.57%"
"12/10/2023","6,672.82","6,665.21","6,677.65","6,657.20","223.23M","0.27%"
"12/07/2023","6,654.64","6,650.68","6,658.09","6,628.24","220.61M","-0.01%"
"12/06/2023","6,655.40","6,638.98","6,655.61","6,629.50","219.71M","0.26%"
"12/05/2023","6,637.88","6,644.09","6,650.11","6,622.38","183.15M","0.02%"
"12/04/2023","6,636.64","6,635.32","6,649.20","6,630.00","189.85M","0.06%"
"12/03/2023","6,632.74","6,654.48","6,657.86","6,619.99","152.05M","-0.32%"
"11/30/2023","6,653.84","6,601.00","6,654.11","6,568.17","225.24M","0.76%"
"11/29/2023","6,603.46","6,640.56","6,650.37","6,588.87","226.56M","-0.53%"
"11/28/2023","6,638.65","6,630.42","6,643.75","6,606.57","198.71M","0.06%"
"11/27/2023","6,634.87","6,687.10","6,689.45","6,611.15","245.46M","-0.67%"
"11/26/2023","6,679.44","6,675.75","6,689.75","6,669.86","247.92M","0.23%"
"11/23/2023","6,664.26","6,670.00","6,676.29","6,661.01","224.68M","0.06%"
"11/22/2023","6,660.36","6,652.49","6,665.21","6,644.09","187.31M","0.14%"
"11/21/2023","6,651.10","6,640.82","6,651.16","6,632.66","226.73M","0.41%"
"11/20/2023","6,623.72","6,649.05","6,649.05","6,610.87","158.05M","-0.40%"
"11/19/2023","6,650.47","6,648.85","6,678.24","6,648.46","186.90M","0.12%"
"11/16/2023","6,642.26","6,643.08","6,659.86","6,615.38","201.56M","0.13%"
"11/15/2023","6,633.56","6,587.07","6,633.77","6,584.19","211.71M","1.20%"
"11/14/2023","6,554.64","6,571.67","6,590.25","6,548.85","157.33M","-0.09%"
"11/13/2023","6,560.26","6,612.57","6,614.20","6,559.98","103.20M","-0.69%"
"11/12/2023","6,605.52","6,609.88","6,640.36","6,598.49","125.89M","0.22%"
"11/09/2023","6,590.72","6,562.64","6,593.41","6,556.90","129.35M","0.50%"
"11/08/2023","6,557.77","6,578.28","6,591.47","6,547.42","134.62M","-0.26%"
"11/07/2023","6,574.71","6,607.07","6,621.81","6,573.12","144.50M","-0.51%"
"11/06/2023","6,608.16","6,633.37","6,639.75","6,603.49","149.69M","-0.07%"
"11/05/2023","6,612.47","6,572.52","6,624.49","6,572.37","178.37M","1.21%"
"11/02/2023","6,533.29","6,489.64","6,555.29","6,489.64","135.54M","0.95%"
"11/01/2023","6,471.73","6,541.22","6,542.35","6,470.57","129.73M","-0.92%"
"10/31/2023","6,531.76","6,505.17","6,552.73","6,500.75","149.33M","1.07%"
"10/30/2023","6,462.51","6,403.53","6,466.38","6,393.36","136.00M","1.57%"
"10/29/2023","6,362.44","6,499.61","6,503.57","6,357.12","172.47M","-2.18%"
"10/26/2023","6,504.31","6,592.39","6,598.61","6,502.96","151.66M","-1.34%"
"10/25/2023","6,592.83","6,645.33","6,665.98","6,580.08","136.57M","-0.38%"
"10/24/2023","6,618.04","6,704.58","6,734.04","6,618.04","120.27M","-1.28%"
"10/23/2023","6,703.74","6,715.66","6,731.61","6,684.99","111.04M","-0.05%"
"10/22/2023","6,707.42","6,724.91","6,751.52","6,650.16","115.00M","-0.45%"
"10/19/2023","6,737.56","6,747.39","6,817.74","6,722.07","129.91M","-0.11%"
"10/18/2023","6,744.91","6,849.03","6,872.79","6,737.43","172.33M","-1.14%"
"10/17/2023","6,822.53","6,675.03","6,847.25","6,675.03","295.82M","2.81%"
"10/16/2023","6,636.15","6,592.74","6,644.51","6,577.06","138.76M","1.02%"
"10/15/2023","6,568.98","6,636.09","6,638.27","6,561.86","138.84M","-0.81%"
"10/12/2023","6,622.89","6,591.83","6,634.49","6,584.92","175.78M","0.46%"
"10/11/2023","6,592.43","6,661.19","6,680.27","6,590.56","181.03M","-0.89%"
"10/10/2023","6,651.46","6,647.13","6,699.40","6,647.13","158.34M","0.33%"
"10/09/2023","6,629.43","6,728.06","6,731.49","6,608.05","195.45M","-1.53%"
"10/08/2023","6,732.12","6,782.74","6,798.99","6,729.58","148.98M","-0.85%"
"10/05/2023","6,789.68","6,834.90","6,841.74","6,789.68","181.98M","-0.61%"
"10/04/2023","6,831.16","6,854.09","6,857.98","6,812.98","130.75M","-0.40%"
"10/03/2023","6,858.86","6,860.12","6,892.80","6,841.41","147.59M","0.06%"
"10/02/2023","6,854.58","6,926.67","6,931.67","6,853.03","189.98M","-0.91%"
"10/01/2023","6,917.72","6,893.13","6,934.36","6,893.03","164.86M","0.45%"
"09/27/2023","6,886.73","6,901.75","6,903.98","6,876.74","228.46M","-0.12%"
"09/26/2023","6,895.27","6,882.03","6,908.46","6,875.16","210.91M","0.43%"
"09/25/2023","6,865.94","6,844.46","6,870.10","6,813.05","237.76M","0.31%"
"09/24/2023","6,844.56","6,944.25","6,947.58","6,838.03","306.21M","-1.32%"
"09/21/2023","6,936.46","6,970.82","6,978.20","6,936.46","209.26M","-0.42%"
"09/20/2023","6,965.68","6,998.55","7,001.05","6,958.60","158.09M","-0.34%"
"09/19/2023","6,989.67","7,007.82","7,019.57","6,984.36","177.04M","-0.21%"
"09/18/2023","7,004.63","7,022.03","7,023.88","7,004.58","138.54M","-0.09%"
"09/17/2023","7,011.06","7,029.73","7,037.55","7,007.21","143.03M","-0.26%"
"09/14/2023","7,029.12","7,035.66","7,040.88","7,014.86","183.01M","-0.10%"
"09/13/2023","7,036.17","7,023.79","7,041.59","7,018.00","164.26M","0.40%"
"09/12/2023","7,007.99","7,017.34","7,018.21","6,981.86","165.50M","-0.11%"
"09/11/2023","7,015.52","7,032.48","7,038.94","7,013.16","144.11M","-0.11%"
"09/10/2023","7,023.21","7,032.89","7,039.69","7,006.69","163.30M","0.19%"
"09/07/2023","7,009.91","6,973.12","7,028.58","6,971.26","138.15M","0.61%"
"09/06/2023","6,967.48","6,932.45","6,974.99","6,922.74","160.60M","0.50%"
"09/05/2023","6,933.11","6,961.95","6,962.13","6,927.69","159.88M","-0.15%"
"09/04/2023","6,943.35","7,000.45","7,003.70","6,939.30","171.37M","-0.67%"
"09/03/2023","6,990.09","7,022.98","7,032.51","6,984.38","148.67M","-0.22%"
"08/31/2023","7,005.84","7,028.40","7,044.76","7,003.06","257.92M","-0.20%"
"08/30/2023","7,019.87","7,032.36","7,045.77","7,013.98","128.98M","-0.01%"
"08/29/2023","7,020.36","7,022.70","7,041.26","7,015.58","106.11M","0.05%"
"08/28/2023","7,016.93","7,052.41","7,053.70","7,016.23","104.37M","-0.38%"
"08/27/2023","7,043.36","7,061.42","7,068.76","7,042.42","93.22M","-0.12%"
"08/24/2023","7,051.85","7,040.66","7,062.23","7,040.66","105.38M","0.31%"
"08/23/2023","7,029.86","7,022.19","7,054.22","7,015.98","100.36M","0.26%"
"08/22/2023","7,011.68","7,020.57","7,034.90","6,989.94","131.15M","0.10%"
"08/21/2023","7,004.99","7,118.04","7,120.35","7,004.99","128.13M","-1.34%"
"08/20/2023","7,099.97","7,132.73","7,148.56","7,098.89","113.06M","-0.34%"
"08/17/2023","7,124.00","7,121.59","7,151.59","7,116.32","103.30M","0.05%"
"08/16/2023","7,120.47","7,119.32","7,132.11","7,105.05","142.46M","-0.05%"
"08/15/2023","7,123.88","7,136.72","7,145.10","7,117.43","129.48M","-0.14%"
"08/14/2023","7,133.91","7,145.02","7,147.56","7,116.61","188.66M","-0.49%"
"08/13/2023","7,168.96","7,165.86","7,173.00","7,130.18","213.13M","0.29%"
"08/10/2023","7,147.93","7,190.73","7,197.17","7,143.04","220.04M","-0.48%"
"08/09/2023","7,182.35","7,198.29","7,204.10","7,147.71","220.52M","-0.06%"
"08/08/2023","7,186.99","7,223.43","7,242.54","7,186.57","240.89M","-0.25%"
"08/07/2023","7,204.97","7,164.29","7,211.33","7,159.13","211.12M","0.67%"
"08/06/2023","7,156.77","7,159.83","7,167.99","7,133.87","157.39M","0.16%"
"08/03/2023","7,145.07","7,170.97","7,170.97","7,128.26","200.50M","-0.61%"
"08/02/2023","7,188.82","7,231.62","7,241.86","7,186.94","241.37M","-0.57%"
"08/01/2023","7,229.91","7,259.86","7,266.82","7,215.43","162.52M","-0.33%"
"07/31/2023","7,253.76","7,276.67","7,311.95","7,246.63","247.39M","-0.29%"
"07/30/2023","7,274.62","7,270.71","7,292.51","7,262.26","273.18M","0.15%"
"07/27/2023","7,263.44","7,273.29","7,285.06","7,255.23","247.30M","-0.20%"
"07/26/2023","7,278.14","7,291.25","7,293.63","7,254.70","217.13M","0.03%"
"07/25/2023","7,275.60","7,276.68","7,285.39","7,263.74","131.12M","0.37%"
"07/24/2023","7,248.47","7,350.87","7,355.62","7,248.46","215.83M","-1.06%"
"07/23/2023","7,325.96","7,340.27","7,363.33","7,324.86","240.13M","0.08%"
"07/18/2023","7,319.97","7,290.79","7,320.81","7,283.72","231.36M","0.45%"
"07/17/2023","7,287.09","7,309.71","7,319.89","7,261.31","267.48M","-0.27%"
"07/16/2023","7,307.04","7,321.13","7,337.16","7,285.01","267.09M","-0.09%"
"07/13/2023","7,313.71","7,302.87","7,317.70","7,295.92","274.36M","0.33%"
"07/12/2023","7,289.32","7,275.39","7,310.93","7,275.39","272.84M","0.36%"
"07/11/2023","7,263.48","7,227.58","7,280.32","7,227.58","256.60M","0.67%"
"07/10/2023","7,215.10","7,205.47","7,228.04","7,202.70","215.25M","0.20%"
"07/09/2023","7,200.76","7,191.45","7,209.75","7,189.38","184.40M","0.26%"
"07/06/2023","7,182.07","7,187.31","7,190.30","7,150.47","160.65M","0.04%"
"07/05/2023","7,178.84","7,160.17","7,205.52","7,160.17","217.94M","0.45%"
"07/04/2023","7,147.02","7,084.64","7,147.71","7,084.64","229.69M","1.05%"
"07/03/2023","7,072.52","7,051.43","7,086.08","7,046.92","204.21M","0.61%"
"06/26/2023","7,029.77","6,987.97","7,032.02","6,987.97","195.59M","0.57%"
"06/25/2023","6,989.68","7,044.29","7,051.33","6,988.98","151.11M","-0.85%"
"06/22/2023","7,049.33","7,038.85","7,057.56","7,036.39","167.72M","0.05%"
"06/21/2023","7,045.98","7,035.78","7,049.41","7,025.22","129.05M","0.06%"
"06/20/2023","7,041.51","7,043.28","7,062.95","7,029.94","160.52M","-0.01%"
"06/19/2023","7,042.54","7,045.22","7,054.30","7,024.98","214.30M","-0.07%"
"06/18/2023","7,047.50","7,013.78","7,052.59","7,013.64","301.52M","0.63%"
"06/15/2023","7,003.72","6,983.44","7,010.13","6,975.57","376.87M","0.42%"
"06/14/2023","6,974.18","6,936.54","6,974.54","6,936.03","340.04M","0.71%"
"06/13/2023","6,925.30","6,914.38","6,929.87","6,910.33","205.43M","0.27%"
"06/12/2023","6,906.78","6,908.92","6,936.12","6,897.17","216.73M","0.09%"
"06/11/2023","6,900.30","6,860.13","6,906.80","6,859.99","139.24M","0.61%"
"06/08/2023","6,858.52","6,868.69","6,870.32","6,843.53","113.57M","-0.01%"
"06/07/2023","6,859.37","6,906.53","6,926.88","6,847.28","177.15M","-0.67%"
"06/05/2023","6,905.87","6,858.63","6,909.53","6,856.15","216.43M","0.84%"
"06/04/2023","6,848.25","6,790.08","6,853.09","6,782.28","162.67M","0.90%"
"06/01/2023","6,787.14","6,812.07","6,827.84","6,786.57","128.11M","-0.14%"
"05/31/2023","6,796.79","6,841.27","6,845.13","6,793.76","222.96M","-0.63%"
"05/30/2023","6,839.99","6,842.97","6,860.92","6,834.93","179.24M","0.10%"
"05/29/2023","6,833.18","6,808.62","6,848.62","6,808.60","189.00M","0.51%"
"05/28/2023","6,798.47","6,776.55","6,806.05","6,776.37","118.42M","0.50%"
"05/25/2023","6,764.93","6,757.83","6,781.05","6,757.23","133.84M","0.14%"
"05/24/2023","6,755.19","6,758.82","6,778.94","6,750.76","148.45M","-0.04%"
"05/23/2023","6,757.99","6,765.99","6,809.82","6,757.99","151.53M","-0.11%"
"05/22/2023","6,765.57","6,796.39","6,801.12","6,753.75","172.93M","-0.79%"
"05/21/2023","6,819.46","6,812.56","6,866.07","6,812.19","153.00M","0.28%"
"05/18/2023","6,800.58","6,758.96","6,803.72","6,758.78","125.61M","0.82%"
"05/17/2023","6,745.55","6,827.41","6,830.07","6,734.52","106.05M","-1.01%"
"05/16/2023","6,814.52","6,850.92","6,859.44","6,812.26","100.80M","-0.47%"
"05/15/2023","6,847.00","6,906.19","6,907.30","6,845.04","126.25M","-0.84%"
"05/14/2023","6,904.85","6,952.04","6,955.18","6,904.85","77.17M","-0.61%"
"05/11/2023","6,946.97","6,976.23","6,982.50","6,935.99","91.84M","-0.24%"
"05/10/2023","6,963.74","6,947.01","6,980.79","6,932.87","97.62M","0.24%"
"05/09/2023","6,947.12","7,006.81","7,013.54","6,937.94","111.34M","-0.77%"
"05/08/2023","7,000.80","7,019.58","7,020.44","6,985.98","102.02M","-0.47%"
"05/07/2023","7,033.56","7,043.69","7,062.56","7,031.61","97.81M","0.00%"
"05/04/2023","7,033.53","7,010.35","7,037.24","6,995.16","104.95M","0.55%"
"05/03/2023","6,995.30","7,038.43","7,049.45","6,995.30","94.83M","-0.73%"
"05/02/2023","7,046.42","7,110.63","7,115.41","7,045.00","144.35M","-0.96%"
"05/01/2023","7,114.53","7,140.24","7,154.06","7,114.48","115.92M","-0.39%"
"04/30/2023","7,142.45","7,174.46","7,182.02","7,142.03","148.35M","-0.28%"
"04/27/2023","7,162.54","7,159.25","7,171.31","7,148.08","131.99M","0.06%"
"04/26/2023","7,158.55","7,155.97","7,185.39","7,154.30","149.21M","0.04%"
"04/20/2023","7,155.67","7,121.13","7,157.34","7,118.36","103.09M","0.46%"
"04/19/2023","7,123.18","7,141.13","7,144.70","7,099.62","154.89M","-0.04%"
"04/18/2023","7,126.02","7,094.25","7,137.19","7,094.11","156.66M","0.60%"
"04/17/2023","7,083.77","7,035.18","7,084.86","7,033.42","157.29M","0.79%"
"04/16/2023","7,027.99","6,990.59","7,030.56","6,988.60","80.73M","0.55%"
"04/13/2023","6,989.87","7,005.28","7,015.75","6,982.97","94.18M","-0.05%"
"04/12/2023","6,993.18","6,934.38","6,993.24","6,933.35","148.98M","1.30%"
"04/11/2023","6,903.73","6,827.17","6,903.99","6,827.17","81.14M","1.03%"
"04/10/2023","6,833.10","6,903.39","6,913.40","6,833.10","66.90M","-1.01%"
"04/09/2023","6,902.98","6,955.42","6,962.91","6,900.59","73.45M","-0.95%"
"04/06/2023","6,969.18","6,993.86","7,003.74","6,965.87","86.54M","-0.34%"
"04/05/2023","6,992.83","6,989.94","6,992.90","6,967.97","100.94M","0.08%"
"04/04/2023","6,987.47","7,008.13","7,027.74","6,980.00","122.51M","-0.75%"
"04/03/2023","7,039.97","7,061.80","7,074.22","7,029.19","115.85M","-0.25%"
"04/02/2023","7,057.51","7,049.99","7,093.47","7,043.50","155.68M","0.10%"
"03/30/2023","7,050.76","7,038.12","7,067.19","7,032.45","136.35M","0.40%"
"03/29/2023","7,022.69","7,031.46","7,039.80","7,004.03","91.05M","-0.10%"
"03/28/2023","7,029.38","7,028.78","7,057.14","7,013.26","101.36M","0.21%"
"03/27/2023","7,014.58","7,038.10","7,056.24","7,012.82","87.30M","-0.20%"
"03/26/2023","7,028.91","7,042.29","7,052.17","7,008.23","55.73M","-0.31%"
"03/23/2023","7,050.87","7,060.05","7,072.46","7,026.21","83.65M","-0.15%"
"03/22/2023","7,061.64","7,062.10","7,084.69","7,042.63","151.33M","0.28%"
"03/21/2023","7,041.79","7,033.45","7,076.68","7,033.45","119.55M","0.41%"
"03/20/2023","7,013.14","7,090.99","7,104.15","7,008.24","125.86M","-0.69%"
"03/19/2023","7,062.17","7,054.93","7,090.33","7,033.80","104.54M","0.23%"
"03/16/2023","7,045.83","7,033.22","7,058.73","6,984.07","218.16M","-0.44%"
"03/15/2023","7,077.22","7,069.47","7,116.11","7,056.28","151.63M","0.77%"
"03/14/2023","7,023.09","7,208.58","7,210.77","7,018.55","234.79M","-2.70%"
"03/13/2023","7,217.77","7,254.20","7,272.36","7,201.49","117.41M","-0.29%"
"03/12/2023","7,238.46","7,241.89","7,251.76","7,210.37","120.31M","-0.62%"
"03/09/2023","7,283.41","7,298.36","7,308.21","7,278.06","76.33M","-0.28%"
"03/08/2023","7,304.05","7,322.31","7,330.85","7,292.28","73.13M","-0.32%"
"03/07/2023","7,327.77","7,314.28","7,346.18","7,294.26","98.96M","0.23%"
"03/06/2023","7,310.99","7,323.97","7,333.30","7,297.03","103.85M","-0.12%"
"03/05/2023","7,319.80","7,315.42","7,331.83","7,311.70","100.59M","0.45%"
"03/02/2023","7,286.83","7,268.72","7,301.44","7,246.22","100.19M","0.42%"
"03/01/2023","7,256.34","7,256.33","7,275.10","7,244.96","100.01M","0.16%"
"02/28/2023","7,244.43","7,267.96","7,271.15","7,221.54","126.89M","-0.31%"
"02/23/2023","7,266.89","7,304.12","7,313.24","7,253.51","108.30M","-0.51%"
"02/22/2023","7,303.83","7,338.21","7,342.81","7,302.87","95.87M","-0.63%"
"02/21/2023","7,350.27","7,368.57","7,371.65","7,330.71","100.04M","-0.10%"
"02/20/2023","7,357.68","7,364.75","7,383.38","7,356.14","134.82M","-0.09%"
"02/16/2023","7,364.47","7,375.13","7,380.40","7,363.52","114.97M","-0.08%"
"02/15/2023","7,370.40","7,326.92","7,374.06","7,322.62","99.71M","0.55%"
"02/14/2023","7,330.43","7,351.47","7,366.02","7,326.94","130.05M","-0.08%"
"02/13/2023","7,336.53","7,362.03","7,375.95","7,336.47","125.67M","-0.29%"
"02/12/2023","7,358.09","7,340.22","7,374.06","7,330.50","215.38M","0.25%"
"02/09/2023","7,339.91","7,399.36","7,399.36","7,338.44","192.73M","-0.72%"
"02/08/2023","7,393.22","7,406.49","7,415.87","7,388.54","137.07M","-0.10%"
"02/07/2023","7,400.54","7,407.07","7,434.16","7,392.94","159.01M","-0.02%"
"02/06/2023","7,402.32","7,332.85","7,402.52","7,321.20","183.78M","0.89%"
"02/05/2023","7,336.66","7,339.64","7,344.59","7,318.74","128.50M","0.09%"
"02/02/2023","7,330.29","7,312.25","7,330.75","7,298.97","112.17M","0.31%"
"02/01/2023","7,307.33","7,278.92","7,319.47","7,276.99","132.20M","0.41%"
"01/31/2023","7,277.29","7,284.55","7,284.85","7,235.19","113.11M","-0.06%"
"01/30/2023","7,281.32","7,332.00","7,332.00","7,233.22","126.87M","-0.69%"
"01/29/2023","7,331.83","7,324.55","7,341.30","7,313.31","140.91M","0.28%"
"01/26/2023","7,311.43","7,334.47","7,345.46","7,311.25","134.63M","-0.37%"
"01/25/2023","7,338.66","7,374.86","7,375.47","7,316.49","148.79M","-0.49%"
"01/24/2023","7,374.66","7,377.63","7,410.18","7,374.29","236.22M","0.16%"
"01/23/2023","7,362.77","7,289.36","7,364.19","7,289.36","279.18M","1.18%"
"01/22/2023","7,277.26","7,251.63","7,300.74","7,249.42","232.00M","0.28%"
"01/19/2023","7,256.91","7,212.66","7,257.18","7,191.48","169.12M","0.60%"
"01/18/2023","7,213.70","7,207.21","7,248.68","7,203.65","171.65M","0.06%"
"01/17/2023","7,209.67","7,212.38","7,244.99","7,201.32","187.35M","0.04%"
"01/16/2023","7,206.91","7,123.54","7,214.82","7,122.42","211.53M","1.30%"
"01/15/2023","7,114.44","7,124.16","7,150.18","7,080.58","123.76M","-0.24%"
"01/12/2023","7,131.47","7,231.97","7,239.17","7,124.31","175.04M","-1.34%"
"01/11/2023","7,228.46","7,238.17","7,259.34","7,228.46","167.70M","0.03%"
"01/10/2023","7,226.27","7,168.57","7,231.17","7,157.63","197.03M","0.85%"
"01/09/2023","7,165.12","7,147.25","7,165.90","7,117.03","105.96M","0.34%"
"01/08/2023","7,140.76","7,147.29","7,166.54","7,140.69","129.24M","0.26%"
"01/05/2023","7,122.02","7,080.84","7,125.69","7,080.60","136.93M","0.56%"
"01/04/2023","7,082.68","7,145.39","7,153.54","7,082.51","156.86M","-0.72%"
"01/03/2023","7,134.16","7,152.85","7,155.73","7,090.55","169.49M","-0.39%"
"01/02/2023","7,162.36","7,286.21","7,287.17","7,162.36","154.86M","-1.78%"
"12/29/2022","7,292.12","7,307.52","7,344.50","7,291.24","177.58M","-0.21%"
"12/28/2022","7,307.59","7,290.83","7,308.11","7,272.30","121.64M","0.37%"
"12/27/2022","7,280.47","7,244.68","7,281.52","7,231.27","123.56M","0.72%"
"12/26/2022","7,228.07","7,190.73","7,247.15","7,190.73","112.97M","0.70%"
"12/25/2022","7,178.12","7,228.26","7,232.92","7,177.90","88.48M","-0.43%"
"12/22/2022","7,209.33","7,234.94","7,254.70","7,208.80","104.19M","0.05%"
"12/21/2022","7,205.61","7,235.91","7,263.45","7,205.61","124.75M","-0.33%"
"12/20/2022","7,229.80","7,298.27","7,299.03","7,211.09","131.30M","-0.93%"
"12/19/2022","7,297.32","7,288.01","7,310.92","7,277.93","78.46M","0.26%"
"12/18/2022","7,278.54","7,330.76","7,334.67","7,278.25","118.57M","-0.98%"
"12/15/2022","7,350.82","7,379.93","7,383.99","7,321.84","120.64M","-0.54%"
"12/14/2022","7,390.50","7,390.26","7,407.54","7,378.10","125.06M","0.08%"
"12/13/2022","7,384.85","7,429.78","7,440.90","7,384.85","137.09M","-0.36%"
"12/12/2022","7,411.60","7,458.68","7,466.74","7,394.86","143.02M","-0.60%"
"12/11/2022","7,456.01","7,466.41","7,492.07","7,449.33","136.52M","0.08%"
"12/08/2022","7,449.88","7,431.17","7,483.79","7,431.17","157.92M","0.26%"
"12/07/2022","7,430.51","7,385.58","7,432.13","7,365.43","166.65M","0.10%"
"12/06/2022","7,422.88","7,552.07","7,552.07","7,422.88","245.05M","-1.82%"
"12/05/2022","7,560.71","7,574.34","7,579.83","7,560.58","194.61M","-0.19%"
"12/04/2022","7,575.35","7,569.87","7,586.05","7,566.72","141.18M","0.12%"
"12/01/2022","7,566.53","7,586.88","7,596.62","7,566.28","177.05M","-0.24%"
"11/30/2022","7,584.59","7,543.02","7,587.40","7,541.50","262.46M","0.67%"
"11/29/2022","7,533.81","7,533.41","7,545.69","7,520.42","142.42M","-0.03%"
"11/28/2022","7,536.27","7,590.37","7,595.27","7,534.94","184.84M","-0.77%"
"11/27/2022","7,594.45","7,593.64","7,611.27","7,588.99","182.12M","0.10%"
"11/24/2022","7,586.59","7,558.26","7,587.56","7,557.07","144.78M","0.41%"
"11/23/2022","7,555.34","7,572.76","7,577.82","7,547.14","152.43M","-0.22%"
"11/22/2022","7,572.13","7,581.43","7,581.94","7,551.02","151.12M","-0.08%"
"11/21/2022","7,578.50","7,591.38","7,594.26","7,568.43","150.64M","-0.22%"
"11/20/2022","7,595.59","7,617.47","7,625.44","7,575.03","193.83M","-0.20%"
"11/17/2022","7,610.47","7,591.98","7,616.79","7,586.10","215.68M","0.12%"
"11/16/2022","7,601.33","7,656.36","7,656.46","7,558.59","268.74M","-0.76%"
"11/15/2022","7,659.66","7,640.55","7,660.99","7,626.26","281.17M","0.20%"
"11/14/2022","7,644.44","7,633.40","7,645.12","7,594.55","271.91M","0.28%"
"11/13/2022","7,623.04","7,617.18","7,644.52","7,612.61","416.56M","1.08%"
"11/10/2022","7,541.81","7,552.08","7,571.90","7,525.00","289.53M","-0.39%"
"11/09/2022","7,571.60","7,505.05","7,582.55","7,502.81","335.94M","1.00%"
"11/08/2022","7,496.36","7,483.27","7,507.59","7,469.24","299.55M","0.28%"
"11/07/2022","7,475.48","7,441.71","7,476.87","7,405.22","187.59M","0.66%"
"11/06/2022","7,426.44","7,394.19","7,433.22","7,394.19","213.48M","0.83%"
"11/03/2022","7,365.19","7,355.98","7,378.59","7,341.55","122.27M","-0.22%"
"11/02/2022","7,381.16","7,366.33","7,382.08","7,337.61","120.70M","0.22%"
"11/01/2022","7,365.29","7,313.46","7,371.70","7,307.03","175.44M","0.64%"
"10/31/2022","7,318.41","7,287.32","7,319.69","7,272.87","150.36M","0.49%"
"10/30/2022","7,282.88","7,281.87","7,303.13","7,266.44","180.44M","0.72%"
"10/27/2022","7,231.08","7,233.09","7,233.79","7,211.40","132.40M","-0.14%"
"10/26/2022","7,240.92","7,236.14","7,258.22","7,215.45","145.47M","0.24%"
"10/25/2022","7,223.33","7,218.67","7,233.98","7,207.01","127.91M","0.31%"
"10/24/2022","7,200.98","7,259.51","7,259.51","7,186.27","139.65M","-0.90%"
"10/23/2022","7,266.53","7,295.65","7,330.09","7,254.01","261.38M","0.27%"
"10/20/2022","7,246.75","7,128.05","7,247.42","7,126.88","222.78M","1.52%"
"10/19/2022","7,138.36","7,113.51","7,138.36","7,099.00","188.65M","0.71%"
"10/18/2022","7,088.22","7,011.56","7,090.42","7,011.56","204.52M","2.01%"
"10/17/2022","6,948.27","6,928.41","6,948.27","6,904.46","107.76M","0.15%"
"10/16/2022","6,938.05","6,999.97","7,016.21","6,931.37","101.53M","-0.70%"
"10/13/2022","6,987.23","7,018.15","7,031.81","6,985.73","120.59M","-0.39%"
"10/12/2022","7,014.46","7,065.81","7,084.33","6,999.36","106.72M","-0.44%"
"10/11/2022","7,045.48","7,025.26","7,075.51","7,023.20","137.83M","0.61%"
"10/10/2022","7,003.00","7,136.87","7,138.09","6,999.44","166.99M","-2.47%"
"10/06/2022","7,180.54","7,189.02","7,212.18","7,140.77","378.65M","-0.95%"
"10/05/2022","7,249.17","7,224.46","7,341.11","7,224.46","257.12M","0.87%"
"10/04/2022","7,186.53","7,087.95","7,198.64","7,075.92","295.84M","2.93%"
"10/03/2022","6,981.98","6,944.86","6,984.66","6,861.80","174.03M","0.86%"
"10/02/2022","6,922.37","7,123.72","7,130.67","6,920.73","170.29M","-2.58%"
"09/28/2022","7,105.71","7,207.04","7,227.50","7,103.42","139.61M","-1.38%"
"09/27/2022","7,204.98","7,199.83","7,279.77","7,199.83","182.26M","0.29%"
"09/26/2022","7,184.04","7,224.68","7,227.93","7,117.15","232.54M","-0.83%"
"09/25/2022","7,244.09","7,387.75","7,400.47","7,238.63","209.17M","-2.69%"
"09/22/2022","7,444.13","7,488.14","7,490.46","7,436.26","161.14M","-0.72%"
"09/21/2022","7,497.87","7,544.42","7,544.56","7,491.14","149.24M","-0.67%"
"09/20/2022","7,548.66","7,536.76","7,564.05","7,535.68","123.32M","0.32%"
"09/19/2022","7,524.66","7,594.84","7,594.90","7,524.27","124.06M","-0.81%"
"09/18/2022","7,586.48","7,600.89","7,620.09","7,573.82","125.51M","-0.26%"
"09/15/2022","7,606.20","7,582.76","7,611.65","7,577.41","197.92M","0.65%"
"09/14/2022","7,557.24","7,559.75","7,579.22","7,547.21","57.96M","-0.66%"
"09/13/2022","7,607.43","7,579.13","7,607.47","7,562.22","197.91M","0.65%"
"09/12/2022","7,558.59","7,582.30","7,589.95","7,558.34","208.44M","-0.22%"
"09/11/2022","7,575.41","7,571.74","7,597.90","7,571.74","207.72M","0.27%"
"09/08/2022","7,555.10","7,586.92","7,597.92","7,540.17","285.96M","-0.25%"
"09/07/2022","7,574.05","7,614.35","7,625.12","7,554.99","245.62M","-0.54%"
"09/06/2022","7,615.23","7,590.78","7,621.28","7,588.05","189.99M","0.61%"
"09/05/2022","7,569.09","7,604.85","7,611.47","7,566.85","124.61M","-0.41%"
"09/04/2022","7,600.49","7,652.28","7,652.43","7,587.11","140.20M","-0.57%"
"09/01/2022","7,644.42","7,723.97","7,735.32","7,639.91","205.65M","-0.84%"
"08/31/2022","7,709.05","7,741.75","7,751.32","7,707.17","198.35M","-0.34%"
"08/30/2022","7,735.27","7,764.57","7,776.85","7,735.08","447.88M","-0.15%"
"08/29/2022","7,746.52","7,720.86","7,761.94","7,718.98","185.60M","0.31%"
"08/28/2022","7,722.87","7,756.84","7,757.04","7,722.73","242.65M","-0.81%"
"08/25/2022","7,785.95","7,824.02","7,838.68","7,785.34","206.06M","-0.28%"
"08/24/2022","7,807.87","7,889.95","7,941.13","7,807.78","298.20M","-0.74%"
"08/23/2022","7,866.34","7,763.95","7,872.83","7,758.24","315.11M","1.42%"
"08/22/2022","7,756.55","7,729.51","7,767.42","7,716.54","275.74M","0.49%"
"08/21/2022","7,718.99","7,700.01","7,730.22","7,700.01","223.66M","0.44%"
"08/18/2022","7,685.43","7,680.92","7,717.79","7,676.71","295.91M","0.19%"
"08/17/2022","7,670.77","7,641.50","7,672.12","7,640.00","298.45M","0.38%"
"08/16/2022","7,641.84","7,628.20","7,644.87","7,622.88","304.68M","0.12%"
"08/15/2022","7,632.94","7,637.60","7,656.81","7,622.03","408.30M","-0.18%"
"08/14/2022","7,646.34","7,703.58","7,706.46","7,645.62","375.33M","-0.69%"
"08/11/2022","7,699.47","7,701.54","7,726.88","7,697.13","292.61M","0.12%"
"08/10/2022","7,690.07","7,726.25","7,726.92","7,683.86","241.48M","-0.33%"
"08/09/2022","7,715.83","7,717.35","7,722.58","7,698.50","262.11M","-0.02%"
"08/08/2022","7,717.70","7,717.61","7,728.53","7,691.54","192.66M","0.06%"
"08/07/2022","7,712.74","7,737.50","7,746.27","7,712.20","157.88M","-0.26%"
"08/04/2022","7,732.75","7,733.51","7,743.65","7,724.22","123.94M","0.07%"
"08/03/2022","7,727.02","7,711.94","7,735.89","7,700.83","151.80M","0.06%"
"08/02/2022","7,722.08","7,764.03","7,766.84","7,692.78","282.32M","-0.56%"
"08/01/2022","7,765.87","7,736.42","7,785.72","7,735.31","432.20M","0.63%"
"07/28/2022","7,716.90","7,753.70","7,766.21","7,716.20","333.91M","-0.33%"
"07/27/2022","7,742.60","7,727.54","7,745.89","7,703.64","288.96M","0.27%"
"07/26/2022","7,721.85","7,750.50","7,757.92","7,702.88","283.29M","0.29%"
"07/25/2022","7,699.88","7,670.23","7,706.40","7,609.18","213.72M","0.50%"
"07/24/2022","7,661.84","7,705.82","7,755.92","7,661.84","307.96M","-0.12%"
"07/21/2022","7,670.70","7,564.34","7,682.01","7,564.34","295.08M","1.69%"
"07/20/2022","7,542.85","7,468.19","7,549.47","7,468.07","285.25M","1.28%"
"07/19/2022","7,447.16","7,425.96","7,450.26","7,421.02","169.06M","0.45%"
"07/18/2022","7,414.03","7,420.96","7,429.81","7,395.04","174.20M","0.01%"
"07/17/2022","7,412.92","7,377.47","7,421.05","7,377.47","134.46M","0.71%"
"07/14/2022","7,360.30","7,380.16","7,380.16","7,302.48","123.02M","-0.47%"
"07/07/2022","7,395.12","7,387.23","7,399.81","7,366.93","141.19M","0.16%"
"07/06/2022","7,383.60","7,485.95","7,493.47","7,374.65","193.80M","-1.18%"
"07/05/2022","7,471.48","7,456.32","7,475.21","7,428.63","145.64M","0.25%"
"07/04/2022","7,452.62","7,497.94","7,514.54","7,444.19","164.03M","-0.20%"
"07/03/2022","7,467.92","7,470.46","7,493.83","7,450.42","191.81M","0.80%"
"06/30/2022","7,408.57","7,425.22","7,493.53","7,406.43","314.72M","0.15%"
"06/29/2022","7,397.47","7,318.61","7,408.06","7,315.03","219.22M","0.90%"
"06/28/2022","7,331.73","7,338.23","7,340.31","7,300.81","165.62M","0.00%"
"06/27/2022","7,331.75","7,358.69","7,365.34","7,318.05","244.76M","0.04%"
"06/26/2022","7,328.98","7,292.16","7,343.09","7,291.69","238.29M","1.23%"
"06/23/2022","7,240.19","7,230.92","7,259.83","7,223.20","164.18M","0.32%"
"06/22/2022","7,217.05","7,274.99","7,292.62","7,204.11","187.66M","-0.34%"
"06/21/2022","7,241.78","7,201.02","7,258.15","7,201.02","191.28M","1.10%"
"06/20/2022","7,162.70","7,157.14","7,188.58","7,093.47","258.83M","-0.21%"
"06/19/2022","7,177.92","7,390.98","7,397.13","7,172.61","210.85M","-3.18%"
"06/16/2022","7,413.83","7,453.25","7,472.26","7,393.53","245.21M","0.18%"
"06/15/2022","7,400.70","7,405.74","7,438.69","7,399.77","138.55M","0.14%"
"06/14/2022","7,390.10","7,426.53","7,426.97","7,338.88","201.22M","-0.58%"
"06/13/2022","7,433.15","7,478.94","7,499.20","7,424.82","167.13M","-0.46%"
"06/12/2022","7,467.42","7,523.41","7,523.41","7,463.73","169.62M","-1.87%"
"06/09/2022","7,609.42","7,633.65","7,646.14","7,589.34","150.50M","-0.27%"
"06/08/2022","7,629.80","7,648.34","7,669.27","7,612.06","171.40M","-0.14%"
"06/07/2022","7,640.42","7,668.93","7,680.51","7,624.19","178.90M","-0.44%"
"06/06/2022","7,674.42","7,681.14","7,723.79","7,657.73","150.91M","-0.01%"
"06/05/2022","7,674.88","7,767.52","7,767.57","7,672.41","210.64M","-1.16%"
"06/02/2022","7,765.29","7,817.57","7,826.64","7,759.65","251.72M","-0.56%"
"06/01/2022","7,809.15","7,824.10","7,836.82","7,767.88","250.03M","-0.18%"
"05/31/2022","7,823.58","7,822.74","7,848.66","7,802.40","566.72M","0.18%"
"05/30/2022","7,809.16","7,795.38","7,813.18","7,731.95","275.58M","0.55%"
"05/29/2022","7,766.46","7,723.44","7,776.62","7,717.67","224.59M","1.76%"
"05/26/2022","7,632.02","7,632.14","7,690.01","7,604.32","275.33M","0.64%"
"05/25/2022","7,583.72","7,538.73","7,606.77","7,459.65","263.34M","0.63%"
"05/24/2022","7,536.60","7,745.33","7,757.48","7,536.47","298.89M","-2.08%"
"05/23/2022","7,696.97","7,812.13","7,817.67","7,673.17","197.84M","-1.37%"
"05/22/2022","7,803.74","7,861.25","7,879.46","7,784.09","171.51M","-0.33%"
"05/19/2022","7,829.50","7,835.40","7,835.45","7,754.89","256.41M","-1.37%"
"05/18/2022","7,937.96","7,852.32","7,976.63","7,848.20","261.21M","1.85%"
"05/17/2022","7,793.68","7,701.97","7,815.51","7,701.05","252.19M","1.21%"
"05/16/2022","7,700.78","7,988.51","8,033.76","7,696.73","351.96M","-2.14%"
"05/12/2022","7,868.83","8,132.03","8,146.69","7,811.73","493.68M","-3.36%"
"05/11/2022","8,142.22","8,305.56","8,322.52","8,142.14","300.75M","-1.91%"
"05/10/2022","8,301.15","8,369.37","8,371.30","8,301.15","245.48M","-1.03%"
"05/09/2022","8,387.78","8,422.01","8,422.88","8,377.69","228.49M","-0.24%"
"05/08/2022","8,407.68","8,467.33","8,472.15","8,406.31","248.85M","-0.62%"
"05/05/2022","8,460.04","8,395.22","8,463.70","8,394.88","238.99M","1.22%"
"04/28/2022","8,358.46","8,318.41","8,387.01","8,313.32","325.92M","0.14%"
"04/26/2022","8,346.98","8,343.39","8,371.80","8,339.12","218.45M","1.33%"
"04/24/2022","8,237.10","8,260.86","8,263.41","8,213.14","179.80M","-0.36%"
"04/21/2022","8,267.20","8,276.21","8,277.58","8,238.03","224.74M","-0.07%"
"04/20/2022","8,273.13","8,304.72","8,326.40","8,273.00","241.93M","-0.18%"
"04/19/2022","8,288.29","8,232.79","8,310.47","8,224.61","238.64M","0.68%"
"04/18/2022","8,232.71","8,316.77","8,318.23","8,228.89","203.16M","-0.83%"
"04/17/2022","8,301.90","8,332.30","8,367.77","8,301.40","247.98M","-0.13%"
"04/14/2022","8,312.59","8,275.27","8,316.04","8,275.27","215.84M","0.50%"
"04/13/2022","8,271.42","8,251.51","8,278.01","8,248.09","184.86M","0.34%"
"04/12/2022","8,243.62","8,236.51","8,260.41","8,220.56","150.97M","0.01%"
"04/11/2022","8,242.86","8,257.07","8,279.06","8,226.45","223.61M","-0.28%"
"04/10/2022","8,266.32","8,265.42","8,298.36","8,248.20","212.83M","0.06%"
"04/07/2022","8,261.01","8,278.73","8,315.46","8,260.39","246.18M","0.09%"
"04/06/2022","8,253.53","8,177.87","8,253.73","8,177.53","264.25M","1.23%"
"04/05/2022","8,153.54","8,098.16","8,154.94","8,082.57","239.49M","0.85%"
"04/04/2022","8,084.42","8,122.46","8,136.46","8,067.27","181.60M","-0.38%"
"04/03/2022","8,115.46","8,156.52","8,162.88","8,113.81","178.24M","-0.38%"
"03/31/2022","8,146.69","8,148.43","8,151.41","8,120.48","279.17M","0.12%"
"03/30/2022","8,136.92","8,133.69","8,151.34","8,130.29","204.94M","0.11%"
"03/29/2022","8,128.05","8,100.79","8,130.47","8,082.79","187.31M","0.05%"
"03/28/2022","8,124.34","8,132.47","8,150.78","8,080.69","251.81M","0.09%"
"03/27/2022","8,117.22","8,065.48","8,131.42","8,063.17","309.04M","0.93%"
"03/24/2022","8,042.64","7,966.49","8,043.84","7,959.51","233.96M","1.02%"
"03/23/2022","7,961.47","7,942.23","7,967.86","7,942.18","210.70M","0.34%"
"03/22/2022","7,934.16","7,879.37","7,934.16","7,878.12","258.27M","0.86%"
"03/21/2022","7,866.31","7,873.98","7,891.50","7,853.58","230.40M","0.01%"
"03/20/2022","7,865.65","7,867.59","7,899.82","7,849.43","263.70M","-0.05%"
"03/17/2022","7,869.66","7,891.33","7,907.80","7,865.95","313.10M","-0.13%"
"03/16/2022","7,879.69","7,831.95","7,879.69","7,804.45","262.47M","0.71%"
"03/15/2022","7,824.20","7,866.90","7,867.64","7,823.44","182.56M","-0.46%"
"03/14/2022","7,860.56","7,954.45","7,968.50","7,850.12","244.10M","-1.11%"
"03/13/2022","7,948.90","7,962.34","7,973.41","7,930.45","195.29M","-0.11%"
"03/10/2022","7,957.59","7,980.79","7,999.32","7,938.27","210.18M","-0.21%"
"03/09/2022","7,974.57","7,954.71","8,038.18","7,954.45","297.81M","0.51%"
"03/08/2022","7,934.39","7,861.68","7,941.53","7,856.36","248.62M","0.92%"
"03/07/2022","7,861.72","7,845.81","7,870.25","7,820.75","275.93M","0.26%"
"03/06/2022","7,841.04","7,870.92","7,877.94","7,810.92","286.24M","-0.12%"
"03/03/2022","7,850.58","7,807.44","7,853.00","7,807.44","329.35M","0.66%"
"03/02/2022","7,799.33","7,679.00","7,800.21","7,657.37","355.92M","2.12%"
"02/24/2022","7,637.55","7,586.27","7,640.97","7,538.79","390.89M","-0.31%"
"02/23/2022","7,661.06","7,616.37","7,681.82","7,606.53","315.95M","0.69%"
"02/22/2022","7,608.89","7,607.37","7,609.49","7,578.81","281.97M","-0.23%"
"02/21/2022","7,626.78","7,580.99","7,626.78","7,580.16","331.17M","0.73%"
"02/20/2022","7,571.85","7,618.84","7,630.01","7,571.35","220.27M","-0.75%"
"02/17/2022","7,629.09","7,570.74","7,635.77","7,556.16","293.28M","0.79%"
"02/16/2022","7,568.97","7,503.82","7,578.69","7,503.74","352.37M","1.08%"
"02/15/2022","7,488.02","7,460.93","7,490.21","7,451.39","279.77M","0.40%"
"02/14/2022","7,458.47","7,419.54","7,459.94","7,411.96","228.79M","0.54%"
"02/13/2022","7,418.42","7,435.77","7,437.40","7,402.01","283.18M","-0.80%"
"02/10/2022","7,477.91","7,461.10","7,486.95","7,460.97","305.53M","0.41%"
"02/09/2022","7,447.35","7,455.50","7,464.51","7,447.35","266.07M","-0.07%"
"02/08/2022","7,452.53","7,427.03","7,453.87","7,421.24","279.70M","0.44%"
"02/07/2022","7,419.85","7,428.92","7,430.00","7,409.52","238.24M","-0.04%"
"02/06/2022","7,422.80","7,416.29","7,429.81","7,414.42","202.30M","0.30%"
"02/03/2022","7,400.40","7,389.56","7,412.57","7,389.27","278.43M","0.28%"
"02/02/2022","7,379.50","7,389.12","7,392.58","7,377.19","331.76M","-0.01%"
"02/01/2022","7,380.50","7,365.30","7,381.03","7,359.70","306.19M","0.41%"
"01/31/2022","7,350.37","7,347.30","7,353.13","7,335.74","257.18M","0.17%"
"01/30/2022","7,337.62","7,335.14","7,348.44","7,331.74","289.93M","0.15%"
"01/27/2022","7,326.82","7,321.81","7,327.74","7,314.29","259.19M","0.19%"
"01/26/2022","7,312.59","7,322.27","7,329.84","7,312.02","206.97M","-0.06%"
"01/25/2022","7,317.03","7,324.16","7,325.76","7,284.03","246.92M","-0.25%"
"01/24/2022","7,335.72","7,352.25","7,359.98","7,329.20","297.45M","-0.20%"
"01/23/2022","7,350.62","7,364.30","7,364.30","7,323.92","267.48M","-0.19%"
"01/20/2022","7,364.48","7,369.73","7,376.18","7,353.21","290.92M","-0.15%"
"01/19/2022","7,375.29","7,377.74","7,380.51","7,361.78","255.37M","-0.01%"
"01/18/2022","7,376.30","7,417.41","7,423.75","7,371.18","298.89M","-0.52%"
"01/17/2022","7,415.22","7,398.44","7,416.08","7,395.10","260.35M","0.41%"
"01/16/2022","7,384.97","7,398.80","7,450.48","7,380.38","353.47M","-0.06%"
"01/13/2022","7,389.50","7,312.56","7,391.19","7,312.46","450.23M","1.17%"
"01/12/2022","7,303.88","7,262.35","7,304.35","7,253.72","435.81M","0.63%"
"01/11/2022","7,258.47","7,186.18","7,258.52","7,183.44","365.50M","0.95%"
"01/10/2022","7,190.04","7,155.39","7,193.85","7,155.39","355.70M","0.53%"
"01/09/2022","7,152.04","7,104.97","7,156.98","7,103.15","296.08M","0.77%"
"01/06/2022","7,097.26","7,088.89","7,106.87","7,084.30","341.12M","-0.12%"
"01/05/2022","7,105.91","7,056.54","7,106.57","7,055.98","262.89M","0.72%"
"01/04/2022","7,055.42","7,049.56","7,061.08","7,036.42","212.55M","0.06%"
"01/03/2022","7,051.20","7,052.84","7,058.16","7,035.34","119.56M","0.11%"
"12/30/2021","7,043.16","7,040.08","7,052.03","7,036.26","149.82M","-0.02%"
"12/29/2021","7,044.34","7,045.28","7,051.84","7,036.25","194.86M","-0.03%"
"12/28/2021","7,046.34","7,031.59","7,046.55","7,022.80","157.45M","0.28%"
"12/27/2021","7,026.77","7,034.22","7,034.66","7,014.62","151.35M","0.02%"
"12/26/2021","7,025.39","7,046.64","7,047.10","7,022.98","236.30M","-0.22%"
"12/23/2021","7,041.06","7,034.53","7,059.08","7,032.29","247.28M","0.13%"
"12/22/2021","7,031.57","6,991.48","7,033.10","6,989.31","260.62M","0.72%"
"12/21/2021","6,981.63","6,939.51","6,984.28","6,930.43","201.91M","0.59%"
"12/20/2021","6,940.92","6,929.74","6,941.60","6,893.87","187.96M","0.10%"
"12/19/2021","6,933.95","6,975.11","6,977.39","6,922.64","219.28M","-0.60%"
"12/16/2021","6,976.04","6,999.44","7,015.13","6,974.56","193.66M","-0.18%"
"12/15/2021","6,988.88","7,026.56","7,029.52","6,984.75","290.46M","-0.54%"
"12/14/2021","7,026.67","7,012.57","7,033.70","6,997.88","224.43M","0.19%"
"12/13/2021","7,013.53","7,032.17","7,039.11","7,006.95","293.44M","-0.23%"
"12/12/2021","7,029.68","7,053.78","7,064.70","7,029.58","350.22M","-0.17%"
"12/09/2021","7,041.74","7,051.50","7,062.23","7,035.35","284.41M","-0.04%"
"12/08/2021","7,044.83","7,055.17","7,080.16","7,031.94","404.10M","0.04%"
"12/07/2021","7,041.82","7,001.03","7,046.43","7,001.03","381.76M","0.83%"
"12/06/2021","6,984.18","6,984.16","7,004.35","6,982.54","369.54M","0.15%"
"12/05/2021","6,974.03","6,944.16","6,975.52","6,942.96","358.98M","0.55%"
"12/02/2021","6,936.14","6,939.79","6,947.60","6,914.81","301.87M","0.10%"
"12/01/2021","6,929.40","6,846.46","6,930.33","6,844.80","387.87M","2.05%"
"11/30/2021","6,789.96","6,977.20","6,984.66","6,788.83","423.09M","-2.32%"
"11/29/2021","6,951.47","6,975.62","6,998.35","6,951.19","294.29M","0.33%"
"11/28/2021","6,928.74","6,913.88","6,989.68","6,856.46","443.83M","-2.80%"
"11/25/2021","7,128.21","7,135.59","7,164.65","7,121.59","219.03M","-0.17%"
"11/24/2021","7,140.47","7,190.80","7,213.13","7,139.78","250.01M","-0.51%"
"11/23/2021","7,177.23","7,210.10","7,210.10","7,122.42","359.46M","-0.35%"
"11/22/2021","7,202.64","7,259.05","7,260.61","7,202.53","315.49M","-0.72%"
"11/21/2021","7,255.22","7,283.32","7,285.89","7,224.06","381.90M","-0.39%"
"11/18/2021","7,283.41","7,270.33","7,291.03","7,267.80","389.87M","0.17%"
"11/17/2021","7,271.10","7,272.33","7,288.49","7,268.64","516.60M","0.08%"
"11/16/2021","7,265.07","7,237.97","7,271.88","7,237.97","398.99M","0.57%"
"11/15/2021","7,224.15","7,256.18","7,261.80","7,204.66","450.41M","-0.51%"
"11/14/2021","7,260.82","7,352.94","7,357.17","7,251.67","494.13M","-0.78%"
"11/11/2021","7,318.00","7,309.28","7,318.01","7,294.66","433.66M","0.35%"
"11/10/2021","7,292.40","7,247.56","7,293.60","7,247.50","493.52M","0.67%"
"11/09/2021","7,243.70","7,225.19","7,244.21","7,220.13","452.13M","0.39%"
"11/08/2021","7,215.64","7,221.44","7,244.22","7,206.77","609.49M","-0.05%"
"11/07/2021","7,218.90","7,215.66","7,269.01","7,212.14","737.67M","0.24%"
"11/04/2021","7,201.93","7,184.61","7,201.99","7,175.58","814.56M","0.42%"
"11/03/2021","7,171.50","7,182.55","7,190.08","7,168.47","948.30M","-0.03%"
"11/02/2021","7,173.95","7,158.87","7,176.96","7,155.37","752.03M","0.56%"
"11/01/2021","7,133.86","7,114.93","7,141.59","7,113.71","479.40M","0.37%"
"10/31/2021","7,107.72","7,117.99","7,133.24","7,106.18","665.44M","0.11%"
"10/28/2021","7,100.13","7,042.84","7,105.69","7,042.78","680.45M","0.92%"
"10/27/2021","7,035.08","7,013.87","7,035.08","7,009.79","615.22M","0.51%"
"10/26/2021","6,999.16","6,981.41","7,013.15","6,980.63","742.21M","0.09%"
"10/25/2021","6,992.90","6,998.94","7,000.82","6,973.59","524.76M","-0.03%"
"10/24/2021","6,995.25","6,986.17","7,000.68","6,985.09","374.47M","0.27%"
"10/20/2021","6,976.59","6,963.17","6,976.59","6,959.64","379.30M","0.30%"
"10/19/2021","6,955.94","6,936.94","6,958.68","6,936.94","332.54M","0.46%"
"10/18/2021","6,923.94","6,920.80","6,937.69","6,919.09","488.59M","0.15%"
"10/17/2021","6,913.64","6,900.45","6,917.13","6,899.49","488.25M","0.40%"
"10/14/2021","6,886.15","6,885.37","6,892.45","6,877.63","409.48M","0.17%"
"10/13/2021","6,874.44","6,862.14","6,883.22","6,860.31","342.24M","0.28%"
"10/12/2021","6,854.97","6,824.05","6,856.49","6,808.84","336.05M","0.37%"
"10/11/2021","6,829.68","6,885.00","6,885.06","6,816.79","375.75M","-0.79%"
"10/10/2021","6,883.78","6,890.19","6,902.79","6,882.22","355.70M","0.00%"
"10/07/2021","6,883.51","6,875.64","6,889.99","6,875.64","365.13M","0.18%"
"10/06/2021","6,871.21","6,872.84","6,884.28","6,869.46","328.37M","-0.08%"
"10/05/2021","6,876.67","6,871.45","6,879.01","6,863.19","500.65M","-0.03%"
"10/04/2021","6,878.42","6,882.39","6,884.90","6,865.70","534.53M","-0.02%"
"10/03/2021","6,879.52","6,871.96","6,879.65","6,864.12","424.15M","0.21%"
"09/30/2021","6,864.83","6,873.57","6,876.72","6,864.62","371.03M","-0.12%"
"09/29/2021","6,872.87","6,874.94","6,875.86","6,862.36","296.16M","-0.03%"
"09/28/2021","6,874.71","6,875.44","6,879.46","6,862.38","342.67M","0.07%"
"09/27/2021","6,870.18","6,883.45","6,887.30","6,870.11","329.09M","-0.11%"
"09/26/2021","6,878.03","6,877.58","6,885.73","6,868.17","377.83M","0.03%"
"09/23/2021","6,876.00","6,852.95","6,876.27","6,852.95","309.24M","0.45%"
"09/22/2021","6,845.34","6,844.52","6,850.01","6,838.47","234.33M","0.00%"
"09/21/2021","6,845.11","6,851.91","6,859.65","6,842.46","246.40M","-0.41%"
"09/20/2021","6,873.40","6,880.03","6,885.38","6,867.47","357.83M","-0.08%"
"09/19/2021","6,878.66","6,869.73","6,881.99","6,854.72","278.80M","0.13%"
"09/16/2021","6,869.78","6,843.19","6,870.29","6,826.26","265.47M","0.45%"
"09/15/2021","6,838.69","6,845.46","6,851.89","6,817.40","258.44M","-0.03%"
"09/14/2021","6,840.75","6,816.57","6,842.75","6,813.52","188.70M","0.34%"
"09/13/2021","6,817.40","6,808.36","6,817.47","6,797.91","187.70M","0.18%"
"09/12/2021","6,805.20","6,811.80","6,821.16","6,802.02","173.02M","-0.07%"
"09/09/2021","6,809.66","6,788.45","6,809.85","6,787.42","166.14M","0.34%"
"09/08/2021","6,786.42","6,800.58","6,806.46","6,780.08","195.31M","-0.26%"
"09/07/2021","6,803.87","6,788.13","6,803.87","6,787.70","226.09M","0.26%"
"09/06/2021","6,786.51","6,786.14","6,787.37","6,759.66","181.20M","-0.07%"
"09/05/2021","6,791.18","6,812.56","6,812.83","6,786.80","265.49M","-0.32%"
"09/02/2021","6,813.11","6,812.02","6,830.34","6,802.94","310.45M","0.00%"
"09/01/2021","6,813.32","6,798.58","6,820.06","6,798.03","281.60M","0.39%"
"08/31/2021","6,786.81","6,828.35","6,830.03","6,786.74","347.91M","-0.57%"
"08/30/2021","6,825.64","6,818.27","6,831.25","6,805.54","318.85M","0.19%"
"08/29/2021","6,812.71","6,791.56","6,826.04","6,786.57","331.55M","0.31%"
"08/26/2021","6,791.35","6,776.93","6,797.39","6,770.02","375.89M","0.34%"
"08/25/2021","6,768.35","6,707.08","6,780.90","6,705.65","508.94M","0.97%"
"08/24/2021","6,703.45","6,675.73","6,705.43","6,675.73","342.43M","0.50%"
"08/23/2021","6,669.82","6,660.51","6,673.52","6,656.88","255.64M","0.18%"
"08/22/2021","6,657.76","6,659.27","6,667.69","6,635.63","222.34M","-0.16%"
"08/19/2021","6,668.22","6,661.79","6,687.49","6,661.79","285.47M","0.25%"
"08/18/2021","6,651.39","6,616.41","6,651.69","6,601.86","339.87M","0.52%"
"08/17/2021","6,616.87","6,601.04","6,619.13","6,573.75","336.21M","0.23%"
"08/16/2021","6,601.42","6,625.88","6,628.82","6,599.98","309.43M","-0.30%"
"08/15/2021","6,621.48","6,616.80","6,625.78","6,595.49","316.75M","0.13%"
"08/12/2021","6,612.65","6,609.40","6,618.00","6,603.19","288.44M","0.01%"
"08/11/2021","6,611.84","6,600.70","6,612.18","6,590.64","326.07M","0.23%"
"08/10/2021","6,596.57","6,577.65","6,598.24","6,577.50","279.69M","0.47%"
"08/05/2021","6,565.84","6,538.93","6,566.13","6,536.33","293.50M","0.36%"
"08/04/2021","6,542.51","6,547.70","6,551.55","6,526.87","330.83M","-0.08%"
"08/03/2021","6,547.82","6,551.51","6,554.19","6,528.70","242.96M","0.00%"
"08/02/2021","6,547.70","6,583.72","6,587.86","6,530.93","349.36M","-0.42%"
"08/01/2021","6,575.22","6,587.78","6,608.50","6,574.61","416.00M","-0.09%"
"07/29/2021","6,581.01","6,548.47","6,585.02","6,546.45","425.96M","0.58%"
"07/28/2021","6,542.78","6,532.90","6,562.76","6,532.78","335.95M","0.18%"
"07/27/2021","6,531.27","6,533.67","6,557.55","6,522.99","378.31M","0.10%"
"07/26/2021","6,524.78","6,467.99","6,526.44","6,465.26","403.53M","1.02%"
"07/25/2021","6,458.68","6,424.41","6,459.38","6,424.41","368.16M","0.97%"
"07/15/2021","6,396.63","6,375.76","6,408.92","6,370.62","266.48M","0.44%"
"07/14/2021","6,368.45","6,360.43","6,372.65","6,358.14","178.84M","0.17%"
"07/13/2021","6,357.85","6,379.82","6,383.44","6,355.86","193.23M","-0.20%"
"07/12/2021","6,370.28","6,386.01","6,388.96","6,365.66","264.85M","-0.15%"
"07/11/2021","6,379.63","6,384.46","6,398.91","6,375.53","234.63M","0.19%"
"07/08/2021","6,367.32","6,394.73","6,411.24","6,360.07","176.91M","-0.32%"
"07/07/2021","6,388.08","6,354.83","6,388.59","6,337.08","165.84M","0.62%"
"07/06/2021","6,348.94","6,381.60","6,386.61","6,331.10","225.86M","-0.45%"
"07/05/2021","6,377.83","6,407.93","6,412.98","6,371.98","203.08M","-0.39%"
"07/04/2021","6,402.55","6,400.19","6,420.31","6,392.05","221.32M","0.23%"
"07/01/2021","6,388.03","6,408.02","6,438.20","6,374.40","305.24M","0.02%"
"06/30/2021","6,386.79","6,486.27","6,486.27","6,386.79","401.02M","-1.55%"
"06/29/2021","6,487.41","6,472.33","6,494.93","6,466.37","322.79M","0.15%"
"06/28/2021","6,477.69","6,471.18","6,487.55","6,459.45","389.72M","0.20%"
"06/27/2021","6,465.04","6,466.46","6,472.38","6,452.55","359.74M","0.08%"
"06/24/2021","6,459.66","6,469.09","6,478.19","6,459.35","350.36M","-0.06%"
"06/23/2021","6,463.63","6,457.46","6,474.16","6,456.56","372.99M","0.28%"
"06/22/2021","6,445.80","6,420.86","6,452.84","6,420.86","470.03M","0.42%"
"06/21/2021","6,418.85","6,402.20","6,422.05","6,383.94","360.26M","0.16%"
"06/20/2021","6,408.61","6,398.89","6,423.92","6,398.49","395.34M","0.24%"
"06/17/2021","6,393.51","6,383.10","6,398.76","6,380.78","336.42M","0.20%"
"06/16/2021","6,381.01","6,380.41","6,393.65","6,378.02","382.09M","0.07%"
"06/15/2021","6,376.60","6,370.11","6,379.81","6,364.54","468.38M","0.25%"
"06/14/2021","6,360.95","6,335.08","6,370.83","6,333.02","455.50M","0.51%"
"06/13/2021","6,328.90","6,314.15","6,331.12","6,313.78","474.92M","0.38%"
"06/10/2021","6,305.24","6,306.51","6,311.91","6,293.00","368.99M","0.04%"
"06/09/2021","6,302.94","6,296.89","6,322.66","6,296.89","462.82M","0.20%"
"06/08/2021","6,290.25","6,276.08","6,302.66","6,274.18","317.89M","0.31%"
"06/07/2021","6,270.69","6,266.54","6,281.36","6,262.71","347.92M","0.15%"
"06/06/2021","6,261.48","6,262.72","6,264.58","6,249.30","309.21M","0.08%"
"06/03/2021","6,256.75","6,252.90","6,264.17","6,243.01","407.42M","0.09%"
"06/02/2021","6,251.09","6,225.87","6,252.47","6,225.44","310.05M","0.50%"
"06/01/2021","6,220.20","6,214.56","6,220.38","6,202.15","208.44M","0.15%"
"05/31/2021","6,210.90","6,211.37","6,218.74","6,176.88","340.79M","0.00%"
"05/30/2021","6,211.01","6,232.19","6,241.08","6,206.60","297.16M","0.06%"
"05/27/2021","6,207.57","6,246.52","6,246.52","6,207.05","540.96M","-0.54%"
"05/26/2021","6,241.17","6,274.58","6,280.11","6,240.29","344.68M","-0.48%"
"05/25/2021","6,271.15","6,286.18","6,300.62","6,260.53","370.30M","0.02%"
"05/24/2021","6,269.60","6,297.67","6,302.31","6,269.22","408.29M","-0.42%"
"05/23/2021","6,296.04","6,300.64","6,314.82","6,289.05","473.37M","0.09%"
"05/20/2021","6,290.33","6,292.33","6,299.61","6,275.78","536.98M","-0.08%"
"05/19/2021","6,295.11","6,307.45","6,322.18","6,293.10","464.94M","-0.22%"
"05/18/2021","6,308.97","6,324.85","6,327.29","6,294.27","563.25M","-0.07%"
"05/17/2021","6,313.20","6,286.15","6,353.83","6,286.15","579.95M","0.54%"
"05/11/2021","6,279.01","6,261.86","6,279.01","6,252.71","380.58M","0.31%"
"05/10/2021","6,259.86","6,269.22","6,275.68","6,243.93","489.72M","-0.13%"
"05/09/2021","6,268.10","6,250.03","6,279.24","6,238.44","584.03M","0.25%"
"05/06/2021","6,252.48","6,249.89","6,279.18","6,246.18","719.58M","0.31%"
"05/05/2021","6,232.97","6,187.02","6,245.84","6,186.60","525.02M","0.80%"
"05/04/2021","6,183.63","6,177.07","6,188.51","6,164.92","497.96M","0.05%"
"05/03/2021","6,180.52","6,169.15","6,182.53","6,163.38","480.48M","0.27%"
"05/02/2021","6,163.64","6,129.36","6,164.80","6,125.87","518.08M","0.82%"
"04/29/2021","6,113.60","6,136.10","6,143.17","6,113.23","605.81M","-0.29%"
"04/28/2021","6,131.14","6,083.24","6,134.55","6,080.49","554.39M","0.94%"
"04/27/2021","6,074.20","6,060.74","6,086.23","6,058.31","492.67M","0.49%"
"04/26/2021","6,044.79","6,008.88","6,045.09","6,007.15","360.55M","0.51%"
"04/25/2021","6,014.31","6,027.31","6,029.17","6,009.03","335.04M","-0.24%"
"04/22/2021","6,028.97","6,018.00","6,028.97","6,015.88","351.77M","0.17%"
"04/21/2021","6,018.63","6,027.06","6,034.36","6,013.34","405.43M","-0.04%"
"04/20/2021","6,021.20","5,979.25","6,021.27","5,978.81","453.23M","0.72%"
"04/19/2021","5,978.16","5,949.15","5,978.16","5,945.51","391.13M","0.50%"
"04/18/2021","5,948.51","5,963.56","5,965.15","5,941.57","309.40M","-0.09%"
"04/15/2021","5,953.58","5,939.47","5,953.65","5,936.65","258.29M","0.20%"
"04/14/2021","5,941.56","5,930.99","5,943.20","5,923.33","182.40M","0.15%"
"04/13/2021","5,932.63","5,954.75","5,964.96","5,929.21","225.03M","-0.43%"
"04/12/2021","5,958.04","5,977.50","5,986.64","5,956.31","390.10M","-0.40%"
"04/11/2021","5,981.82","5,930.70","5,983.38","5,930.56","406.83M","0.94%"
"04/08/2021","5,926.08","5,870.33","5,929.04","5,867.65","358.78M","1.00%"
"04/07/2021","5,867.26","5,851.99","5,867.30","5,846.36","301.35M","0.29%"
"04/06/2021","5,850.34","5,827.33","5,853.70","5,812.39","364.30M","0.50%"
"04/05/2021","5,821.09","5,841.48","5,844.13","5,814.58","278.35M","-0.25%"
"04/04/2021","5,835.96","5,813.26","5,847.26","5,812.48","255.22M","0.40%"
"04/01/2021","5,812.44","5,777.13","5,816.53","5,777.13","251.15M","0.63%"
"03/31/2021","5,775.92","5,738.48","5,777.59","5,737.73","233.44M","0.70%"
"03/30/2021","5,735.76","5,731.53","5,737.59","5,721.88","197.28M","-0.19%"
"03/29/2021","5,746.63","5,757.67","5,760.27","5,737.32","163.97M","-0.23%"
"03/28/2021","5,760.13","5,773.56","5,783.68","5,756.63","186.52M","-0.19%"
"03/25/2021","5,771.03","5,779.25","5,785.27","5,771.03","166.98M","-0.20%"
"03/24/2021","5,782.47","5,799.27","5,809.05","5,779.59","177.01M","-0.17%"
"03/23/2021","5,792.58","5,806.86","5,807.28","5,784.35","226.91M","-0.58%"
"03/22/2021","5,826.19","5,808.01","5,845.86","5,800.37","237.87M","0.36%"
"03/21/2021","5,805.32","5,810.60","5,814.19","5,792.65","254.51M","0.04%"
"03/18/2021","5,802.82","5,802.17","5,806.55","5,784.72","276.61M","0.09%"
"03/17/2021","5,797.41","5,778.55","5,798.26","5,778.52","210.16M","0.41%"
"03/16/2021","5,773.95","5,758.70","5,774.69","5,755.83","214.07M","0.32%"
"03/15/2021","5,755.75","5,760.67","5,767.11","5,738.62","188.14M","0.11%"
"03/14/2021","5,749.18","5,743.26","5,771.40","5,728.50","225.61M","0.13%"
"03/10/2021","5,741.47","5,740.05","5,748.19","5,731.57","192.38M","0.14%"
"03/09/2021","5,733.61","5,703.31","5,734.74","5,702.54","240.01M","0.57%"
"03/08/2021","5,701.02","5,702.75","5,710.10","5,697.49","223.73M","0.06%"
"03/07/2021","5,697.73","5,653.54","5,702.72","5,653.44","236.42M","0.79%"
"03/04/2021","5,653.32","5,690.56","5,693.74","5,652.31","208.86M","-0.55%"
"03/03/2021","5,684.51","5,678.63","5,694.38","5,677.62","196.06M","0.12%"
"03/02/2021","5,677.55","5,684.39","5,690.50","5,670.68","210.21M","-0.14%"
"03/01/2021","5,685.77","5,661.67","5,687.05","5,660.75","256.08M","0.65%"
"02/24/2021","5,649.16","5,659.89","5,671.05","5,640.85","252.58M","-0.14%"
"02/23/2021","5,656.84","5,688.03","5,697.38","5,639.68","242.64M","-0.75%"
"02/22/2021","5,699.58","5,694.16","5,713.18","5,693.05","178.60M","0.16%"
"02/21/2021","5,690.49","5,688.32","5,696.14","5,679.88","162.49M","-0.01%"
"02/18/2021","5,691.34","5,723.57","5,725.98","5,690.88","248.43M","-0.63%"
"02/17/2021","5,727.21","5,733.66","5,739.72","5,720.46","300.28M","0.00%"
"02/16/2021","5,727.20","5,710.78","5,731.41","5,710.78","392.53M","0.50%"
"02/15/2021","5,698.95","5,699.11","5,703.93","5,688.90","362.44M","0.04%"
"02/14/2021","5,696.70","5,698.01","5,705.87","5,682.33","368.73M","0.02%"
"02/11/2021","5,695.63","5,693.71","5,709.80","5,683.67","341.04M","-0.10%"
"02/10/2021","5,701.29","5,716.66","5,721.58","5,687.17","424.41M","-0.26%"
"02/09/2021","5,716.01","5,702.40","5,716.01","5,697.07","368.83M","0.23%"
"02/08/2021","5,703.16","5,730.56","5,737.01","5,702.65","441.97M","-0.38%"
"02/07/2021","5,724.97","5,706.31","5,728.05","5,702.07","446.87M","0.54%"
"02/04/2021","5,694.19","5,673.15","5,697.25","5,651.28","364.55M","-0.12%"
"02/03/2021","5,700.91","5,755.30","5,755.30","5,698.60","358.92M","-0.90%"
"02/02/2021","5,752.79","5,766.83","5,776.67","5,751.55","394.65M","-0.11%"
"02/01/2021","5,758.95","5,778.30","5,790.03","5,756.80","397.09M","-0.36%"
"01/31/2021","5,780.03","5,744.49","5,784.92","5,743.05","455.42M","0.56%"
"01/28/2021","5,747.89","5,748.84","5,749.06","5,725.52","403.45M","-0.08%"
"01/27/2021","5,752.78","5,727.50","5,757.60","5,727.46","481.00M","0.45%"
"01/26/2021","5,727.07","5,731.49","5,738.14","5,711.78","495.30M","-0.05%"
"01/25/2021","5,730.06","5,718.50","5,737.37","5,707.65","383.53M","0.27%"
"01/24/2021","5,714.51","5,701.20","5,717.50","5,700.45","256.79M","0.48%"
"01/21/2021","5,687.17","5,683.10","5,689.41","5,678.12","238.02M","0.11%"
"01/20/2021","5,681.16","5,671.37","5,687.05","5,664.79","315.46M","0.14%"
"01/19/2021","5,673.17","5,663.03","5,687.44","5,662.05","335.71M","0.19%"
"01/18/2021","5,662.57","5,657.16","5,664.34","5,644.45","256.83M","0.15%"
"01/17/2021","5,654.34","5,659.57","5,666.24","5,650.94","229.26M","-0.03%"
"01/14/2021","5,656.28","5,630.36","5,660.70","5,629.42","308.10M","0.35%"
"01/13/2021","5,636.37","5,643.19","5,644.47","5,618.77","223.90M","-0.15%"
"01/12/2021","5,645.06","5,623.97","5,649.06","5,621.78","309.51M","0.46%"
"01/11/2021","5,619.28","5,584.48","5,619.62","5,574.12","261.51M","0.83%"
"01/10/2021","5,572.96","5,543.81","5,584.42","5,543.78","197.24M","0.65%"
"01/07/2021","5,537.19","5,521.83","5,538.49","5,505.40","208.41M","0.14%"
"01/06/2021","5,529.66","5,557.82","5,558.21","5,528.33","196.40M","-0.60%"
"01/05/2021","5,563.11","5,546.09","5,565.51","5,509.27","261.02M","0.49%"
"01/04/2021","5,536.07","5,549.87","5,555.32","5,514.73","234.13M","-0.18%"
"12/31/2020","5,546.04","5,546.91","5,560.15","5,539.58","263.18M","-0.07%"
"12/30/2020","5,549.92","5,564.30","5,564.36","5,537.52","250.09M","-0.51%"
"12/29/2020","5,578.49","5,560.56","5,579.93","5,560.23","206.70M","0.42%"
"12/28/2020","5,555.26","5,558.51","5,562.87","5,543.51","150.86M","0.05%"
"12/27/2020","5,552.51","5,571.24","5,574.24","5,550.92","135.59M","-0.30%"
"12/24/2020","5,569.39","5,576.88","5,582.51","5,559.32","161.49M","-0.06%"
"12/23/2020","5,572.83","5,568.93","5,588.53","5,567.79","185.83M","0.26%"
"12/22/2020","5,558.49","5,550.94","5,581.22","5,540.45","166.02M","-0.53%"
"12/21/2020","5,588.12","5,617.03","5,618.73","5,574.00","214.68M","-0.79%"
"12/20/2020","5,632.44","5,642.13","5,647.58","5,623.20","197.54M","-0.18%"
"12/17/2020","5,642.38","5,590.70","5,643.08","5,585.53","307.88M","1.04%"
"12/16/2020","5,584.34","5,612.85","5,616.15","5,581.16","237.44M","-0.27%"
"12/15/2020","5,599.21","5,564.27","5,599.58","5,558.53","224.77M","0.49%"
"12/14/2020","5,571.65","5,576.66","5,581.41","5,567.44","211.00M","-0.02%"
"12/13/2020","5,572.84","5,562.99","5,572.96","5,560.53","240.48M","0.23%"
"12/10/2020","5,559.90","5,545.04","5,569.17","5,531.42","208.68M","0.20%"
"12/09/2020","5,549.01","5,557.53","5,567.70","5,522.19","257.70M","-0.17%"
"12/08/2020","5,558.22","5,570.03","5,570.67","5,546.61","369.17M","-0.15%"
"12/07/2020","5,566.37","5,527.14","5,566.37","5,525.90","159.62M","0.59%"
"12/06/2020","5,533.64","5,549.05","5,558.87","5,526.66","89.74M","-0.16%"
"12/03/2020","5,542.60","5,462.85","5,556.14","5,448.09","302.18M","1.47%"
"12/02/2020","5,462.19","5,407.81","5,462.76","5,396.18","154.86M","0.92%"
"12/01/2020","5,412.16","5,420.71","5,451.75","5,357.86","181.94M","-0.87%"
"11/30/2020","5,459.49","5,500.37","5,541.18","5,439.21","1.56B","-1.14%"
"11/29/2020","5,522.45","5,564.49","5,573.14","5,522.34","167.90M","-0.65%"
"11/26/2020","5,558.68","5,557.87","5,563.36","5,519.05","272.24M","-0.03%"
"11/25/2020","5,560.43","5,573.54","5,594.26","5,547.84","228.36M","-0.23%"
"11/24/2020","5,572.97","5,574.55","5,583.21","5,547.56","212.29M","0.13%"
"11/23/2020","5,565.81","5,543.00","5,568.49","5,519.56","158.44M","0.46%"
"11/22/2020","5,540.57","5,533.45","5,542.22","5,522.38","111.34M","0.25%"
"11/19/2020","5,526.91","5,483.54","5,535.59","5,477.69","157.22M","0.82%"
"11/18/2020","5,481.77","5,471.34","5,481.77","5,445.43","149.85M","0.23%"
"11/17/2020","5,468.99","5,461.17","5,474.06","5,450.56","174.16M","0.45%"
"11/16/2020","5,444.29","5,441.44","5,457.02","5,382.38","180.26M","0.26%"
"11/15/2020","5,430.35","5,508.93","5,514.41","5,403.64","188.70M","-1.52%"
"11/12/2020","5,514.29","5,536.95","5,538.62","5,472.60","192.92M","-0.33%"
"11/11/2020","5,532.45","5,603.21","5,606.39","5,523.89","231.51M","-1.30%"
"11/10/2020","5,605.51","5,623.39","5,639.26","5,591.08","275.06M","0.74%"
"11/09/2020","5,564.40","5,508.68","5,564.99","5,508.16","247.08M","1.16%"
"11/08/2020","5,500.50","5,489.09","5,519.14","5,487.67","127.80M","0.47%"
"11/05/2020","5,474.85","5,472.50","5,481.35","5,430.19","124.81M","0.16%"
"11/04/2020","5,465.88","5,483.47","5,504.06","5,441.04","196.64M","-0.05%"
"11/03/2020","5,468.59","5,388.55","5,468.59","5,387.63","250.77M","1.95%"
"11/02/2020","5,364.07","5,340.26","5,387.51","5,340.18","146.77M","0.36%"
"11/01/2020","5,345.02","5,414.58","5,414.58","5,335.28","170.70M","-1.80%"
"10/28/2020","5,442.99","5,442.13","5,461.28","5,422.78","189.72M","0.30%"
"10/27/2020","5,426.94","5,450.54","5,518.04","5,423.51","230.29M","-0.77%"
"10/26/2020","5,468.88","5,540.64","5,540.64","5,447.52","233.62M","-1.69%"
"10/25/2020","5,562.64","5,615.56","5,617.34","5,512.59","240.20M","-0.99%"
"10/22/2020","5,618.43","5,661.18","5,663.32","5,613.03","202.29M","-0.69%"
"10/21/2020","5,657.39","5,632.16","5,668.63","5,632.16","284.82M","0.50%"
"10/20/2020","5,629.11","5,619.28","5,639.02","5,569.71","253.51M","0.35%"
"10/19/2020","5,609.28","5,678.25","5,685.86","5,580.13","314.76M","-1.35%"
"10/18/2020","5,685.82","5,737.67","5,740.30","5,667.71","333.53M","-0.86%"
"10/15/2020","5,735.23","5,749.53","5,753.61","5,723.55","311.89M","-0.22%"
"10/14/2020","5,747.64","5,763.85","5,765.60","5,737.14","460.23M","-0.25%"
"10/13/2020","5,762.04","5,779.02","5,783.46","5,729.30","387.21M","-0.29%"
"10/12/2020","5,778.82","5,781.79","5,799.13","5,761.45","445.98M","0.03%"
"10/11/2020","5,776.98","5,733.49","5,778.45","5,698.38","395.92M","0.91%"
"10/08/2020","5,724.75","5,701.85","5,728.56","5,698.94","380.77M","0.62%"
"10/07/2020","5,689.49","5,654.25","5,696.14","5,651.20","374.10M","0.78%"
"10/06/2020","5,645.54","5,595.56","5,645.68","5,595.56","393.04M","0.86%"
"10/05/2020","5,597.57","5,600.08","5,619.78","5,583.89","342.52M","0.06%"
"10/04/2020","5,594.00","5,525.97","5,594.55","5,517.94","450.30M","2.73%"
"09/29/2020","5,445.20","5,566.63","5,566.64","5,371.58","545.53M","-2.18%"
"09/28/2020","5,566.72","5,588.92","5,593.87","5,556.45","321.95M","-0.32%"
"09/27/2020","5,584.42","5,618.74","5,631.56","5,582.62","338.73M","-0.44%"
"09/24/2020","5,608.82","5,626.00","5,635.55","5,595.93","442.56M","-0.28%"
"09/23/2020","5,624.39","5,576.65","5,624.63","5,576.65","449.26M","0.84%"
"09/22/2020","5,577.77","5,506.81","5,594.70","5,469.81","411.30M","0.80%"
"09/21/2020","5,533.73","5,516.84","5,549.47","5,505.58","526.03M","0.54%"
"09/20/2020","5,504.16","5,466.17","5,509.43","5,463.44","429.59M","1.05%"
"09/17/2020","5,447.16","5,397.44","5,452.67","5,392.42","445.63M","0.97%"
"09/16/2020","5,394.83","5,376.32","5,400.90","5,376.16","450.50M","0.63%"
"09/15/2020","5,361.14","5,368.37","5,375.19","5,352.63","501.97M","-0.02%"
"09/14/2020","5,362.11","5,359.69","5,365.58","5,341.85","390.55M","0.32%"
"09/13/2020","5,345.12","5,327.27","5,352.15","5,320.30","479.05M","0.39%"
"09/10/2020","5,324.42","5,316.35","5,338.41","5,311.73","356.98M","0.54%"
"09/09/2020","5,295.75","5,286.05","5,314.60","5,270.03","290.85M","-0.03%"
"09/08/2020","5,297.49","5,293.69","5,316.04","5,293.64","346.68M","0.05%"
"09/07/2020","5,294.71","5,294.52","5,313.46","5,293.44","290.41M","0.00%"
"09/06/2020","5,294.70","5,324.05","5,324.30","5,287.99","292.59M","-0.59%"
"09/03/2020","5,325.95","5,320.64","5,334.45","5,319.33","227.02M","0.08%"
"09/02/2020","5,321.53","5,326.76","5,329.96","5,310.62","386.81M","-0.10%"
"09/01/2020","5,326.87","5,295.08","5,326.87","5,294.67","352.46M","0.62%"
"08/31/2020","5,294.29","5,302.97","5,302.99","5,253.03","267.69M","-0.31%"
"08/30/2020","5,310.68","5,296.05","5,324.90","5,295.88","298.36M","0.41%"
"08/27/2020","5,289.16","5,267.63","5,289.16","5,258.36","205.99M","0.39%"
"08/26/2020","5,268.56","5,247.67","5,272.79","5,242.51","204.03M","0.38%"
"08/25/2020","5,248.53","5,207.74","5,257.34","5,206.85","268.57M","0.90%"
"08/24/2020","5,201.82","5,149.36","5,201.82","5,149.36","175.31M","1.38%"
"08/23/2020","5,131.25","5,212.40","5,214.47","5,131.00","196.91M","-1.57%"
"08/19/2020","5,213.00","5,206.87","5,220.80","5,163.55","177.02M","0.21%"
"08/18/2020","5,202.23","5,246.12","5,251.05","5,202.00","234.98M","-0.77%"
"08/17/2020","5,242.64","5,214.58","5,242.64","5,208.99","251.33M","0.77%"
"08/16/2020","5,202.64","5,127.06","5,202.64","5,126.72","185.74M","1.49%"
"08/13/2020","5,126.09","5,151.80","5,158.12","5,126.09","134.89M","-0.51%"
"08/12/2020","5,152.26","5,109.31","5,158.99","5,108.71","206.20M","1.03%"
"08/11/2020","5,099.57","5,060.13","5,100.22","5,059.12","193.15M","0.91%"
"08/10/2020","5,053.36","5,030.17","5,061.65","5,016.52","195.06M","0.48%"
"08/09/2020","5,029.15","5,017.96","5,046.19","5,017.96","196.43M","0.39%"
"08/06/2020","5,009.79","5,016.03","5,031.28","5,001.95","149.93M","-0.05%"
"08/05/2020","5,012.18","5,003.84","5,050.25","4,999.83","101.33M","0.16%"
"08/04/2020","5,004.38","4,961.68","5,008.70","4,955.14","76.66M","0.73%"
"07/29/2020","4,968.23","4,981.48","4,999.43","4,963.23","133.29M","-1.00%"
"07/28/2020","5,018.37","4,941.76","5,020.41","4,938.96","124.98M","1.95%"
"07/27/2020","4,922.31","4,865.51","4,928.08","4,855.96","63.47M","1.24%"
"07/26/2020","4,862.09","4,882.96","4,897.19","4,855.27","37.09M","-0.26%"
"07/23/2020","4,874.61","4,862.83","4,895.11","4,856.93","62.53M","0.26%"
"07/22/2020","4,861.96","4,946.58","4,949.77","4,856.64","165.04M","-2.39%"
"07/21/2020","4,980.88","5,000.71","5,005.73","4,974.02","103.02M","-0.19%"
"07/20/2020","4,990.52","4,997.14","5,012.34","4,987.85","71.67M","-0.05%"
"07/19/2020","4,993.25","4,979.85","5,014.08","4,912.85","159.07M","-1.05%"
"07/16/2020","5,046.16","5,094.10","5,097.47","5,032.64","139.46M","-0.82%"
"07/15/2020","5,087.66","5,106.01","5,117.41","5,054.62","132.72M","-0.13%"
"07/14/2020","5,094.22","5,178.44","5,181.98","5,094.22","190.11M","-1.60%"
"07/13/2020","5,176.86","5,158.00","5,192.20","5,155.93","212.33M","0.41%"
"07/12/2020","5,155.62","5,135.16","5,157.43","5,135.03","215.40M","0.47%"
"07/09/2020","5,131.45","5,139.28","5,143.05","5,129.03","148.62M","-0.16%"
"07/08/2020","5,139.47","5,155.54","5,155.75","5,131.33","116.01M","-0.26%"
"07/07/2020","5,153.12","5,141.82","5,154.93","5,141.81","93.77M","0.15%"
"07/06/2020","5,145.35","5,141.15","5,146.91","5,110.47","104.62M","0.06%"
"07/05/2020","5,142.34","5,126.50","5,146.44","5,126.37","103.77M","0.36%"
"07/02/2020","5,123.80","5,107.66","5,128.87","5,106.28","83.84M","0.42%"
"07/01/2020","5,102.26","5,130.42","5,133.87","5,082.67","111.93M","-0.55%"
"06/30/2020","5,130.72","5,154.82","5,157.91","5,130.44","125.41M","-0.27%"
"06/29/2020","5,144.57","5,171.95","5,171.95","5,143.84","98.66M","-0.50%"
"06/28/2020","5,170.45","5,158.16","5,172.85","5,141.01","155.27M","0.05%"
"06/25/2020","5,167.74","5,162.32","5,178.99","5,151.41","215.32M","-0.23%"
"06/24/2020","5,179.74","5,145.60","5,185.74","5,138.83","267.92M","1.14%"
"06/23/2020","5,121.16","5,064.85","5,124.09","5,064.02","184.63M","1.18%"
"06/22/2020","5,061.55","5,048.07","5,061.55","5,038.45","110.28M","0.31%"
"06/21/2020","5,045.74","5,025.17","5,048.49","5,023.71","93.54M","0.51%"
"06/18/2020","5,020.27","5,040.68","5,044.22","5,015.89","134.88M","-0.47%"
"06/17/2020","5,044.03","5,056.42","5,064.31","5,028.96","101.91M","-0.21%"
"06/16/2020","5,054.54","5,035.91","5,064.87","5,034.34","198.45M","1.14%"
"06/15/2020","4,997.49","4,941.48","5,005.09","4,937.47","123.77M","0.93%"
"06/14/2020","4,951.57","5,068.53","5,068.53","4,939.93","198.77M","-2.74%"
"06/11/2020","5,091.04","5,118.62","5,122.97","5,069.80","189.40M","0.16%"
"06/10/2020","5,083.10","5,153.31","5,168.37","5,027.80","317.75M","-1.51%"
"06/09/2020","5,160.79","5,124.35","5,163.45","5,105.79","242.21M","0.99%"
"06/08/2020","5,110.37","5,076.69","5,110.37","5,066.13","257.26M","0.88%"
"06/07/2020","5,065.98","5,038.12","5,068.19","5,038.12","256.87M","0.86%"
"06/04/2020","5,022.84","5,015.81","5,024.44","5,006.55","154.77M","0.17%"
"06/03/2020","5,014.39","5,026.26","5,047.61","5,014.25","161.87M","-0.22%"
"06/02/2020","5,025.55","5,014.19","5,032.35","5,008.58","151.69M","0.38%"
"06/01/2020","5,006.57","4,994.21","5,006.57","4,971.76","144.55M","0.22%"
"05/31/2020","4,995.61","5,010.56","5,022.02","4,988.18","171.54M","-0.46%"
"05/28/2020","5,018.83","5,019.76","5,038.12","4,987.12","196.81M","-0.03%"
"05/27/2020","5,020.40","4,972.81","5,035.77","4,972.81","212.00M","2.17%"
"05/21/2020","4,913.70","4,900.90","4,917.76","4,891.65","82.20M","0.38%"
"05/20/2020","4,895.17","4,891.18","4,909.22","4,863.92","83.46M","0.02%"
"05/19/2020","4,894.35","4,870.68","4,906.33","4,870.68","177.19M","1.43%"
"05/18/2020","4,825.37","4,807.78","4,841.53","4,807.78","106.13M","0.80%"
"05/17/2020","4,787.00","4,730.37","4,787.15","4,730.37","89.85M","1.87%"
"05/14/2020","4,699.11","4,715.55","4,723.20","4,668.63","79.99M","-0.13%"
"05/13/2020","4,705.18","4,761.56","4,761.56","4,695.59","106.11M","-1.31%"
"05/12/2020","4,767.51","4,779.59","4,802.44","4,758.16","85.21M","-0.03%"
"05/11/2020","4,768.95","4,815.80","4,815.80","4,732.49","75.33M","-0.90%"
"05/10/2020","4,812.36","4,832.77","4,840.86","4,809.09","49.20M","-1.02%"
"05/07/2020","4,861.92","4,909.84","4,912.61","4,859.93","128.03M","-0.95%"
"05/06/2020","4,908.67","4,913.13","4,931.66","4,891.30","125.98M","0.27%"
"05/05/2020","4,895.40","4,829.65","4,898.06","4,829.65","118.70M","1.35%"
"05/04/2020","4,830.36","4,870.12","4,872.40","4,815.61","95.90M","-1.13%"
"05/03/2020","4,885.51","4,955.33","4,955.33","4,884.32","149.69M","-1.81%"
"04/30/2020","4,975.39","4,897.42","4,986.81","4,895.90","220.68M","1.77%"
"04/29/2020","4,888.89","4,858.52","4,905.48","4,829.65","216.38M","0.86%"
"04/28/2020","4,847.01","4,801.15","4,861.44","4,798.22","226.13M","1.19%"
"04/27/2020","4,790.07","4,712.41","4,790.07","4,709.06","132.22M","1.42%"
"04/26/2020","4,723.21","4,700.01","4,737.82","4,700.01","91.93M","0.81%"
"04/23/2020","4,685.43","4,722.39","4,729.83","4,685.34","211.26M","-0.69%"
"04/22/2020","4,717.96","4,694.30","4,733.38","4,690.48","138.78M","0.25%"
"04/21/2020","4,706.20","4,749.71","4,759.53","4,705.47","160.65M","-1.91%"
"04/20/2020","4,797.65","4,822.71","4,831.79","4,796.90","105.41M","-0.26%"
"04/19/2020","4,810.37","4,773.13","4,816.42","4,772.95","82.72M","1.35%"
"04/16/2020","4,746.44","4,761.45","4,782.44","4,724.23","101.74M","-0.44%"
"04/15/2020","4,767.18","4,840.16","4,861.43","4,767.02","135.37M","-1.29%"
"04/14/2020","4,829.36","4,694.88","4,838.98","4,694.04","195.25M","3.24%"
"04/13/2020","4,677.76","4,650.14","4,705.28","4,650.14","180.39M","0.56%"
"04/12/2020","4,651.77","4,611.97","4,652.68","4,581.02","89.66M","1.21%"
"04/09/2020","4,596.32","4,623.51","4,629.69","4,528.54","187.13M","-2.59%"
"04/08/2020","4,718.30","4,722.48","4,746.61","4,707.96","143.08M","-0.10%"
"04/07/2020","4,723.25","4,724.05","4,730.41","4,701.18","161.83M","0.13%"
"04/06/2020","4,717.17","4,726.93","4,747.96","4,705.68","121.64M","0.09%"
"04/05/2020","4,712.85","4,726.59","4,773.06","4,706.22","81.89M","0.23%"
"04/02/2020","4,702.11","4,747.77","4,767.12","4,687.70","90.88M","-0.97%"
"04/01/2020","4,748.02","4,805.19","4,805.19","4,737.57","99.10M","-1.55%"
"03/31/2020","4,822.71","4,776.61","4,838.70","4,774.85","122.57M","1.33%"
"03/30/2020","4,759.57","4,772.61","4,814.00","4,744.38","99.60M","0.02%"
"03/29/2020","4,758.56","4,831.03","4,852.15","4,714.32","106.87M","-2.84%"
"03/26/2020","4,897.43","4,938.16","4,940.10","4,852.43","141.72M","-0.91%"
"03/25/2020","4,942.58","4,885.80","4,956.20","4,875.70","248.51M","2.45%"
"03/24/2020","4,824.29","4,649.51","4,824.33","4,642.23","253.54M","4.17%"
"03/23/2020","4,631.10","4,519.79","4,687.30","4,510.44","171.83M","0.50%"
"03/19/2020","4,608.07","4,419.40","4,758.64","4,397.93","325.78M","3.70%"
"03/18/2020","4,443.69","4,483.11","4,526.17","4,440.15","175.75M","-0.70%"
"03/17/2020","4,475.18","4,363.82","4,526.21","4,339.58","213.38M","0.42%"
"03/16/2020","4,456.43","4,635.75","4,668.54","4,454.69","175.03M","-3.87%"
"03/15/2020","4,636.06","4,718.63","4,718.63","4,556.10","156.38M","-5.48%"
"03/11/2020","4,904.61","4,946.87","4,973.68","4,870.16","200.31M","1.03%"
"03/10/2020","4,854.43","5,064.34","5,180.03","4,808.30","296.31M","0.10%"
"03/09/2020","4,849.78","4,910.35","4,911.96","4,830.37","127.48M","-8.61%"
"03/08/2020","5,306.83","5,586.88","5,586.88","5,300.05","199.68M","-8.31%"
"03/05/2020","5,788.04","5,869.69","5,880.72","5,787.57","135.92M","-0.93%"
"03/04/2020","5,842.22","5,871.52","5,873.17","5,825.62","178.78M","-0.85%"
"03/03/2020","5,892.44","5,852.68","5,924.90","5,852.68","240.02M","1.87%"
"03/02/2020","5,784.16","5,733.64","5,836.92","5,732.08","322.71M","4.86%"
"03/01/2020","5,515.86","5,620.26","5,620.26","5,507.95","143.00M","-9.16%"
"02/24/2020","6,072.05","6,170.86","6,171.11","6,065.68","214.81M","-1.60%"
"02/23/2020","6,171.07","6,184.38","6,187.56","6,153.57","113.93M","-0.28%"
"02/20/2020","6,188.37","6,118.56","6,188.37","6,118.56","143.69M","1.18%"
"02/19/2020","6,116.02","6,146.39","6,148.01","6,096.11","237.21M","-0.39%"
"02/18/2020","6,139.69","6,190.23","6,190.44","6,128.42","190.65M","-0.81%"
"02/17/2020","6,189.86","6,182.18","6,197.66","6,180.88","169.99M","0.26%"
"02/16/2020","6,173.51","6,203.82","6,208.93","6,165.01","209.59M","-0.58%"
"02/13/2020","6,209.30","6,223.83","6,233.15","6,199.43","417.93M","-0.10%"
"02/12/2020","6,215.80","6,227.00","6,227.63","6,207.51","288.97M","-0.11%"
"02/11/2020","6,222.90","6,233.67","6,241.33","6,214.19","317.58M","0.20%"
"02/10/2020","6,210.43","6,256.50","6,257.84","6,198.61","215.21M","-0.69%"
"02/09/2020","6,253.29","6,270.49","6,279.45","6,253.21","133.29M","-0.37%"
"02/06/2020","6,276.21","6,264.79","6,284.97","6,261.25","248.59M","0.29%"
"02/05/2020","6,258.07","6,281.36","6,286.42","6,249.49","194.38M","-0.25%"
"02/04/2020","6,273.71","6,279.19","6,291.22","6,245.44","246.89M","0.09%"
"02/03/2020","6,268.27","6,285.21","6,300.08","6,266.66","166.32M","-0.29%"
"02/02/2020","6,286.52","6,302.02","6,309.71","6,263.74","203.52M","-0.61%"
"01/30/2020","6,324.99","6,346.78","6,350.13","6,311.03","306.68M","-0.31%"
"01/29/2020","6,344.69","6,325.97","6,353.31","6,321.55","445.69M","0.46%"
"01/28/2020","6,315.78","6,286.75","6,315.81","6,280.88","312.34M","0.53%"
"01/27/2020","6,282.76","6,339.42","6,341.16","6,273.24","340.31M","-0.80%"
"01/26/2020","6,333.15","6,371.15","6,378.90","6,332.50","281.74M","-0.56%"
"01/23/2020","6,369.11","6,360.53","6,369.11","6,349.37","272.68M","0.16%"
"01/22/2020","6,359.08","6,371.75","6,372.96","6,343.56","169.66M","-0.19%"
"01/21/2020","6,371.38","6,376.59","6,376.59","6,312.05","162.98M","-0.16%"
"01/20/2020","6,381.86","6,407.22","6,416.43","6,370.39","160.72M","-0.17%"
"01/19/2020","6,393.04","6,351.86","6,405.06","6,351.86","200.49M","0.66%"
"01/16/2020","6,351.20","6,353.60","6,364.22","6,337.16","161.87M","-0.01%"
"01/15/2020","6,351.63","6,343.55","6,364.42","6,321.22","204.19M","0.29%"
"01/14/2020","6,333.26","6,260.73","6,349.11","6,259.81","248.95M","1.65%"
"01/09/2020","6,230.23","6,159.32","6,238.27","6,159.32","214.90M","1.77%"
"01/08/2020","6,121.73","6,079.12","6,126.34","6,062.11","151.27M","-0.13%"
"01/07/2020","6,129.84","6,088.11","6,134.27","6,088.11","163.36M","0.91%"
"01/06/2020","6,074.42","6,012.91","6,081.75","6,005.17","160.25M","0.43%"
"01/05/2020","6,048.64","6,101.12","6,115.54","6,038.57","257.98M","-3.72%"
"12/31/2019","6,282.46","6,278.03","6,283.88","6,263.00","171.56M","0.18%"
"12/30/2019","6,271.39","6,247.80","6,276.15","6,247.26","167.52M","0.38%"
"12/29/2019","6,247.64","6,252.55","6,252.73","6,233.41","125.51M","0.06%"
"12/26/2019","6,244.16","6,262.51","6,270.74","6,234.82","147.85M","-0.25%"
"12/25/2019","6,259.82","6,268.88","6,268.90","6,253.17","152.38M","-0.09%"
"12/24/2019","6,265.21","6,263.65","6,279.18","6,246.63","163.72M","-0.01%"
"12/23/2019","6,265.66","6,272.11","6,293.73","6,254.38","184.43M","0.03%"
"12/22/2019","6,263.72","6,199.81","6,264.91","6,197.99","164.21M","1.11%"
"12/19/2019","6,195.18","6,174.49","6,200.06","6,171.08","179.45M","0.54%"
"12/18/2019","6,161.78","6,142.82","6,161.78","6,129.86","115.68M","0.36%"
"12/17/2019","6,139.48","6,152.61","6,153.65","6,117.48","154.32M","-0.18%"
"12/16/2019","6,150.43","6,160.08","6,172.63","6,134.53","166.99M","-0.09%"
"12/15/2019","6,155.99","6,123.00","6,168.73","6,122.83","202.94M","0.66%"
"12/12/2019","6,115.33","6,096.21","6,122.59","6,083.63","160.02M","0.27%"
"12/11/2019","6,099.06","6,101.32","6,103.90","6,082.52","121.86M","-0.03%"
"12/10/2019","6,100.70","6,099.24","6,104.49","6,074.14","141.96M","0.08%"
"12/09/2019","6,095.65","6,081.15","6,110.48","6,081.15","194.57M","0.35%"
"12/08/2019","6,074.24","6,040.83","6,084.49","6,039.29","243.62M","0.59%"
"12/05/2019","6,038.35","6,025.95","6,041.82","6,019.32","274.44M","0.23%"
"12/04/2019","6,024.75","6,000.57","6,024.75","5,990.39","241.01M","0.35%"
"12/03/2019","6,003.74","6,038.69","6,043.54","5,995.65","195.94M","-0.51%"
"12/02/2019","6,034.64","6,022.98","6,049.95","5,986.63","238.13M","0.36%"
"12/01/2019","6,012.72","5,938.02","6,012.72","5,938.02","188.78M","1.42%"
"11/28/2019","5,928.27","5,883.50","5,942.06","5,883.34","164.72M","0.84%"
"11/27/2019","5,878.67","5,867.71","5,886.12","5,857.42","131.66M","0.92%"
"11/26/2019","5,824.80","5,864.66","5,897.23","5,824.78","203.69M","-0.59%"
"11/25/2019","5,859.64","5,808.40","5,864.55","5,805.85","211.26M","0.98%"
"11/24/2019","5,802.95","5,787.93","5,804.15","5,784.87","160.85M","0.30%"
"11/21/2019","5,785.36","5,778.08","5,785.63","5,774.43","155.18M","0.14%"
"11/20/2019","5,777.10","5,776.97","5,787.00","5,761.16","161.98M","0.10%"
"11/19/2019","5,771.25","5,753.23","5,784.33","5,753.23","173.54M","0.39%"
"11/18/2019","5,748.89","5,736.20","5,748.93","5,733.44","162.37M","0.22%"
"11/17/2019","5,736.22","5,721.71","5,740.58","5,706.59","130.51M","0.12%"
"11/14/2019","5,729.47","5,737.96","5,753.12","5,722.62","161.14M","-0.22%"
"11/13/2019","5,741.99","5,730.17","5,742.03","5,725.40","109.67M","0.20%"
"11/12/2019","5,730.71","5,744.27","5,746.68","5,726.14","133.16M","-0.22%"
"11/11/2019","5,743.31","5,743.12","5,752.49","5,730.83","144.14M","0.07%"
"11/10/2019","5,739.25","5,721.93","5,774.92","5,721.93","177.10M","0.80%"
"11/07/2019","5,693.95","5,677.39","5,696.58","5,673.61","111.55M","0.31%"
"11/06/2019","5,676.29","5,668.82","5,680.77","5,666.65","97.36M","0.15%"
"11/05/2019","5,667.87","5,696.96","5,697.71","5,648.62","165.33M","-0.41%"
"11/04/2019","5,691.30","5,711.48","5,719.11","5,682.96","119.77M","-0.32%"
"11/03/2019","5,709.74","5,721.03","5,728.85","5,705.12","105.73M","-0.13%"
"10/31/2019","5,717.33","5,730.61","5,731.06","5,690.20","133.39M","-0.22%"
"10/30/2019","5,729.74","5,768.12","5,768.19","5,725.60","158.82M","-0.65%"
"10/29/2019","5,767.28","5,767.91","5,774.09","5,761.18","146.40M","0.01%"
"10/28/2019","5,766.90","5,776.76","5,778.36","5,756.08","146.34M","-0.15%"
"10/27/2019","5,775.35","5,770.52","5,780.00","5,765.87","156.71M","0.13%"
"10/24/2019","5,767.88","5,768.03","5,775.86","5,760.33","125.61M","0.04%"
"10/23/2019","5,765.59","5,769.50","5,778.88","5,755.73","200.02M","-0.15%"
"10/22/2019","5,774.06","5,748.78","5,774.14","5,732.77","216.18M","0.41%"
"10/21/2019","5,750.70","5,743.84","5,761.61","5,743.84","167.56M","0.24%"
"10/20/2019","5,737.12","5,757.94","5,766.59","5,735.92","126.21M","-0.51%"
"10/17/2019","5,766.73","5,766.96","5,772.91","5,752.55","82.29M","0.05%"
"10/16/2019","5,763.79","5,738.45","5,770.88","5,738.45","138.51M","0.59%"
"10/15/2019","5,729.96","5,719.52","5,731.99","5,712.33","112.90M","0.23%"
"10/14/2019","5,716.79","5,723.13","5,723.29","5,708.81","107.43M","-0.09%"
"10/13/2019","5,721.84","5,700.96","5,740.53","5,699.01","84.87M","0.28%"
"10/10/2019","5,705.88","5,690.92","5,716.85","5,680.58","139.71M","0.29%"
"10/09/2019","5,689.65","5,723.34","5,727.45","5,679.87","106.38M","-0.52%"
"10/08/2019","5,719.37","5,723.67","5,746.33","5,713.47","124.35M","-0.02%"
"10/07/2019","5,720.59","5,673.04","5,720.59","5,673.00","130.77M","0.91%"
"10/06/2019","5,669.19","5,651.64","5,673.84","5,650.00","72.68M","0.60%"
"10/03/2019","5,635.65","5,627.64","5,641.39","5,601.30","90.84M","0.00%"
"10/02/2019","5,635.90","5,671.68","5,671.86","5,627.59","68.83M","-0.62%"
"10/01/2019","5,670.89","5,682.27","5,682.82","5,644.36","86.59M","-0.14%"
"09/30/2019","5,678.70","5,694.21","5,702.80","5,670.29","102.06M","-0.31%"
"09/29/2019","5,696.10","5,712.13","5,718.97","5,684.25","81.57M","-0.29%"
"09/26/2019","5,712.52","5,738.45","5,740.86","5,690.71","116.03M","-0.50%"
"09/25/2019","5,741.01","5,737.11","5,750.39","5,719.19","117.82M","0.12%"
"09/24/2019","5,734.39","5,724.52","5,738.95","5,690.89","122.42M","0.10%"
"09/23/2019","5,728.80","5,695.76","5,751.98","5,688.23","200.60M","0.92%"
"09/22/2019","5,676.51","5,540.95","5,680.11","5,540.95","181.15M","2.23%"
"09/19/2019","5,552.51","5,478.01","5,552.51","5,393.20","261.09M","0.91%"
"09/18/2019","5,502.28","5,616.30","5,628.72","5,411.71","198.89M","-1.90%"
"09/17/2019","5,608.91","5,633.44","5,670.48","5,571.66","110.72M","-0.42%"
"09/16/2019","5,632.79","5,723.16","5,725.34","5,591.34","159.89M","-1.62%"
"09/15/2019","5,725.31","5,752.80","5,754.64","5,683.57","111.89M","-0.35%"
"09/12/2019","5,745.60","5,776.47","5,807.61","5,733.87","124.15M","-0.04%"
"09/11/2019","5,747.86","5,878.09","5,885.42","5,724.96","165.17M","-2.05%"
"09/10/2019","5,868.02","5,870.85","5,889.44","5,841.95","131.37M","0.08%"
"09/09/2019","5,863.38","5,908.55","5,908.59","5,845.72","175.52M","-1.21%"
"09/08/2019","5,935.29","5,953.91","5,968.29","5,927.09","128.95M","-0.34%"
"09/05/2019","5,955.49","5,948.91","5,962.00","5,940.34","146.99M","0.09%"
"09/04/2019","5,950.19","5,963.09","5,963.09","5,935.26","155.18M","-0.19%"
"09/03/2019","5,961.32","5,954.55","5,962.78","5,944.39","106.34M","0.13%"
"09/02/2019","5,953.50","5,970.07","5,973.22","5,942.53","93.24M","-0.29%"
"09/01/2019","5,971.06","5,948.30","5,985.00","5,948.30","121.73M","0.50%"
"08/29/2019","5,941.13","5,955.64","5,961.29","5,939.72","109.36M","-0.15%"
"08/28/2019","5,950.31","5,942.64","5,960.77","5,938.67","107.68M","0.20%"
"08/27/2019","5,938.32","5,952.07","5,967.90","5,937.02","164.20M","0.06%"
"08/26/2019","5,934.88","5,907.43","5,935.50","5,879.79","119.64M","0.44%"
"08/25/2019","5,909.06","5,970.36","5,976.71","5,909.06","135.07M","-1.52%"
"08/22/2019","6,000.10","6,002.61","6,010.65","5,984.11","106.92M","-0.06%"
"08/21/2019","6,003.77","6,019.86","6,024.83","6,000.58","118.58M","-0.43%"
"08/20/2019","6,029.45","6,014.32","6,032.68","6,014.32","161.37M","0.40%"
"08/19/2019","6,005.39","5,983.76","6,005.47","5,948.27","155.92M","0.35%"
"08/18/2019","5,984.41","6,078.97","6,079.75","5,972.39","178.86M","-1.49%"
"08/15/2019","6,075.18","6,109.05","6,109.25","6,055.49","170.90M","-0.77%"
"08/14/2019","6,122.29","6,115.81","6,134.77","6,114.20","173.77M","0.29%"
"08/08/2019","6,104.30","6,114.63","6,119.40","6,104.26","167.80M","-0.17%"
"08/07/2019","6,114.75","6,091.55","6,116.36","6,091.32","118.66M","0.46%"
"08/06/2019","6,086.51","6,076.53","6,090.92","6,068.02","100.63M","-0.26%"
"08/05/2019","6,102.11","6,104.74","6,105.98","6,075.35","168.49M","-0.07%"
"08/04/2019","6,106.40","6,124.81","6,136.40","6,091.57","139.98M","-0.33%"
"08/01/2019","6,126.46","6,116.70","6,139.76","6,107.74","187.15M","0.16%"
"07/31/2019","6,116.66","6,109.71","6,125.60","6,090.86","247.00M","0.06%"
"07/30/2019","6,113.05","6,140.46","6,147.15","6,110.76","246.96M","-0.49%"
"07/29/2019","6,143.10","6,124.74","6,144.34","6,124.49","221.54M","0.31%"
"07/28/2019","6,124.29","6,088.57","6,125.92","6,088.57","451.96M","0.72%"
"07/25/2019","6,080.24","6,052.04","6,084.45","6,045.43","143.95M","0.55%"
"07/24/2019","6,047.15","6,024.33","6,047.15","6,018.28","109.33M","0.39%"
"07/23/2019","6,023.92","6,033.16","6,044.91","6,015.34","95.70M","-0.25%"
"07/22/2019","6,039.10","6,059.67","6,082.87","6,032.33","133.65M","-0.39%"
"07/21/2019","6,062.48","6,112.98","6,113.75","6,060.73","203.35M","-1.01%"
"07/18/2019","6,124.63","6,138.41","6,139.49","6,116.26","153.58M","-0.20%"
"07/17/2019","6,136.88","6,123.18","6,138.68","6,104.27","213.99M","0.25%"
"07/16/2019","6,121.81","6,101.10","6,121.81","6,076.37","219.90M","0.32%"
"07/15/2019","6,102.44","6,125.63","6,133.61","6,092.44","201.03M","-0.43%"
"07/14/2019","6,128.54","6,128.16","6,154.78","6,115.90","238.02M","0.02%"
"07/11/2019","6,127.12","6,122.04","6,129.82","6,105.05","234.78M","0.02%"
"07/10/2019","6,126.09","6,105.12","6,127.61","6,093.08","252.08M","0.49%"
"07/09/2019","6,096.03","6,016.68","6,096.07","6,011.94","258.65M","1.31%"
"07/08/2019","6,017.39","6,013.10","6,036.77","5,918.76","238.86M","0.18%"
"07/07/2019","6,006.29","5,962.26","6,010.36","5,962.15","176.21M","0.94%"
"07/04/2019","5,950.47","5,913.47","5,967.75","5,912.72","194.08M","0.54%"
"07/03/2019","5,918.25","5,890.72","5,919.16","5,890.04","168.94M","0.59%"
"07/02/2019","5,883.59","5,846.57","5,888.24","5,841.51","159.14M","0.70%"
"07/01/2019","5,842.70","5,835.47","5,844.86","5,812.87","116.94M","0.18%"
"06/30/2019","5,832.13","5,822.11","5,841.33","5,819.00","155.90M","0.34%"
"06/27/2019","5,812.65","5,798.88","5,824.73","5,794.24","137.73M","0.18%"
"06/26/2019","5,802.19","5,842.77","5,851.85","5,778.46","145.40M","-0.47%"
"06/25/2019","5,829.40","5,815.08","5,839.22","5,815.08","142.86M","0.33%"
"06/24/2019","5,809.95","5,797.19","5,824.63","5,796.03","145.32M","0.18%"
"06/23/2019","5,799.31","5,793.98","5,821.90","5,780.55","98.57M","-0.31%"
"06/20/2019","5,817.27","5,774.18","5,818.36","5,774.15","142.52M","0.74%"
"06/19/2019","5,774.58","5,792.55","5,815.40","5,771.14","129.85M","-0.09%"
"06/18/2019","5,779.97","5,823.56","5,832.82","5,759.95","122.04M","-0.71%"
"06/17/2019","5,821.12","5,819.05","5,856.57","5,809.72","140.10M","0.06%"
"06/16/2019","5,817.47","5,846.19","5,854.01","5,817.04","123.28M","-0.61%"
"06/13/2019","5,853.13","5,884.88","5,886.01","5,831.88","206.13M","-0.66%"
"06/12/2019","5,891.94","5,915.68","5,924.08","5,881.46","175.30M","-0.43%"
"06/11/2019","5,917.37","5,885.52","5,922.24","5,885.23","192.60M","0.62%"
"06/10/2019","5,880.94","5,844.25","5,904.69","5,844.25","241.03M","0.75%"
"06/09/2019","5,837.20","5,779.75","5,840.74","5,778.99","190.07M","1.26%"
"06/03/2019","5,764.59","5,732.72","5,766.21","5,723.93","62.17M","0.68%"
"06/02/2019","5,725.64","5,736.35","5,758.56","5,714.37","72.31M","-0.11%"
"05/30/2019","5,731.67","5,711.11","5,747.81","5,700.68","91.67M","0.38%"
"05/29/2019","5,710.02","5,675.63","5,725.33","5,675.63","110.39M","0.68%"
"05/28/2019","5,671.36","5,634.93","5,676.45","5,634.93","108.12M","0.76%"
"05/27/2019","5,628.67","5,598.14","5,628.74","5,598.14","94.96M","0.66%"
"05/26/2019","5,591.58","5,582.02","5,594.10","5,554.40","81.27M","0.23%"
"05/23/2019","5,578.94","5,613.34","5,613.77","5,546.65","95.35M","-0.46%"
"05/22/2019","5,604.56","5,606.67","5,638.12","5,594.94","97.03M","0.10%"
"05/21/2019","5,598.72","5,577.22","5,627.40","5,577.22","118.48M","0.68%"
"05/20/2019","5,560.84","5,567.59","5,568.96","5,515.23","76.03M","-0.27%"
"05/19/2019","5,575.99","5,631.65","5,633.92","5,554.24","84.90M","-1.30%"
"05/16/2019","5,649.17","5,596.25","5,649.97","5,593.49","135.93M","1.21%"
"05/15/2019","5,581.37","5,595.42","5,636.56","5,552.69","102.02M","-0.07%"
"05/14/2019","5,585.48","5,634.31","5,659.09","5,567.57","117.03M","-0.83%"
"05/13/2019","5,632.49","5,683.35","5,683.37","5,628.29","125.97M","-1.05%"
"05/12/2019","5,691.99","5,789.51","5,789.51","5,683.87","131.04M","-1.92%"
"05/09/2019","5,803.20","5,845.87","5,849.31","5,776.88","129.14M","-0.85%"
"05/08/2019","5,853.11","5,821.45","5,856.70","5,821.25","113.36M","0.57%"
"05/07/2019","5,819.96","5,731.86","5,831.61","5,731.26","147.98M","1.54%"
"05/06/2019","5,731.91","5,703.22","5,731.91","5,691.67","65.85M","0.40%"
"05/05/2019","5,708.85","5,690.82","5,713.61","5,689.61","67.89M","0.24%"
"05/02/2019","5,694.96","5,630.63","5,694.96","5,629.71","84.23M","1.09%"
"05/01/2019","5,633.75","5,631.18","5,653.65","5,606.90","78.62M","0.07%"
"04/30/2019","5,630.00","5,645.17","5,654.45","5,619.93","84.42M","-0.22%"
"04/29/2019","5,642.36","5,662.33","5,666.93","5,629.76","84.88M","-0.24%"
"04/28/2019","5,655.92","5,710.59","5,714.29","5,640.69","92.44M","-0.87%"
"04/25/2019","5,705.61","5,736.21","5,744.47","5,693.97","123.78M","-0.49%"
"04/24/2019","5,733.94","5,725.70","5,748.02","5,699.49","129.33M","0.20%"
"04/23/2019","5,722.30","5,748.85","5,748.85","5,702.26","153.99M","-0.46%"
"04/22/2019","5,748.85","5,800.53","5,817.59","5,748.39","193.95M","-0.89%"
"04/21/2019","5,800.53","5,805.99","5,823.06","5,783.06","173.41M","-0.09%"
"04/18/2019","5,805.99","5,770.95","5,815.78","5,768.36","207.11M","0.61%"
"04/17/2019","5,770.95","5,794.59","5,798.21","5,753.94","214.28M","-0.41%"
"04/16/2019","5,794.59","5,734.69","5,799.46","5,727.01","215.91M","1.08%"
"04/15/2019","5,732.42","5,751.04","5,751.04","5,725.18","191.42M","-0.32%"
"04/14/2019","5,751.04","5,743.52","5,757.97","5,740.91","187.77M","0.15%"
"04/11/2019","5,742.38","5,728.12","5,755.08","5,723.95","180.08M","0.21%"
"04/10/2019","5,730.40","5,728.89","5,759.28","5,704.32","251.50M","0.09%"
"04/09/2019","5,725.47","5,785.11","5,785.50","5,723.83","235.18M","-0.97%"
"04/08/2019","5,781.69","5,798.14","5,816.86","5,766.75","218.95M","-0.24%"
"04/07/2019","5,795.87","5,733.05","5,806.60","5,732.54","178.54M","1.12%"
"04/03/2019","5,731.91","5,681.98","5,741.35","5,681.82","187.52M","0.88%"
"04/02/2019","5,681.98","5,626.70","5,681.98","5,606.78","181.46M","0.98%"
"04/01/2019","5,626.70","5,616.68","5,629.79","5,588.90","155.86M","0.16%"
"03/31/2019","5,617.82","5,583.80","5,617.82","5,554.52","153.42M","0.61%"
"03/28/2019","5,583.80","5,574.20","5,596.95","5,566.83","181.39M","0.17%"
"03/27/2019","5,574.20","5,540.56","5,577.30","5,540.29","131.32M","0.65%"
"03/26/2019","5,538.28","5,523.13","5,546.65","5,512.41","145.38M","-0.48%"
"03/25/2019","5,565.26","5,547.05","5,566.24","5,538.13","171.36M","0.37%"
"03/24/2019","5,544.88","5,520.11","5,569.94","5,520.11","200.33M","0.47%"
"03/21/2019","5,519.03","5,462.04","5,519.23","5,462.04","199.01M","1.04%"
"03/20/2019","5,462.04","5,415.43","5,462.60","5,410.57","184.96M","0.88%"
"03/19/2019","5,414.34","5,373.95","5,415.70","5,372.93","217.31M","0.77%"
"03/18/2019","5,372.87","5,350.75","5,375.48","5,349.04","214.01M","0.41%"
"03/17/2019","5,350.75","5,337.05","5,353.61","5,333.02","161.76M","0.07%"
"03/14/2019","5,346.81","5,304.67","5,346.81","5,297.81","482.96M","0.84%"
"03/13/2019","5,302.50","5,305.64","5,310.40","5,295.50","105.68M","-0.04%"
"03/12/2019","5,304.56","5,292.39","5,304.95","5,290.15","124.50M","0.27%"
"03/11/2019","5,290.23","5,285.14","5,295.77","5,276.20","147.72M","0.03%"
"03/10/2019","5,288.39","5,308.61","5,316.80","5,285.91","163.84M","-0.40%"
"03/07/2019","5,309.69","5,305.67","5,319.92","5,289.07","159.11M","0.08%"
"03/06/2019","5,305.67","5,294.18","5,313.72","5,292.64","178.90M","0.24%"
"03/05/2019","5,293.10","5,273.80","5,296.81","5,272.77","126.99M","0.39%"
"03/04/2019","5,272.71","5,262.72","5,279.25","5,261.62","104.58M","0.21%"
"03/03/2019","5,261.64","5,232.75","5,279.84","5,232.75","95.65M","0.57%"
"02/28/2019","5,231.66","5,275.76","5,279.94","5,222.03","84.30M","-0.84%"
"02/27/2019","5,275.76","5,251.07","5,279.60","5,251.07","97.50M","0.47%"
"02/21/2019","5,251.07","5,232.11","5,255.77","5,229.67","116.28M","0.36%"
"02/20/2019","5,232.11","5,220.66","5,233.66","5,217.44","177.22M","0.22%"
"02/19/2019","5,220.66","5,186.03","5,220.73","5,185.71","169.70M","0.67%"
"02/18/2019","5,186.03","5,190.22","5,207.72","5,177.35","120.66M","-0.04%"
"02/17/2019","5,188.05","5,199.55","5,210.25","5,179.86","122.53M","-0.18%"
"02/14/2019","5,197.38","5,232.70","5,233.15","5,180.82","180.16M","-0.67%"
"02/13/2019","5,232.70","5,253.71","5,259.54","5,225.26","121.50M","-0.40%"
"02/12/2019","5,253.71","5,215.35","5,255.19","5,214.95","147.68M","0.76%"
"02/11/2019","5,214.26","5,207.16","5,220.57","5,201.60","165.46M","0.18%"
"02/10/2019","5,204.99","5,201.81","5,210.17","5,193.59","98.59M","0.10%"
"02/07/2019","5,199.64","5,199.95","5,214.20","5,196.80","168.91M","-0.01%"
"02/06/2019","5,199.95","5,221.29","5,222.40","5,189.49","183.62M","-0.43%"
"02/05/2019","5,222.38","5,207.99","5,223.13","5,199.25","159.97M","0.32%"
"02/04/2019","5,205.82","5,186.16","5,205.82","5,185.65","166.15M","0.38%"
"02/03/2019","5,186.16","5,207.07","5,216.68","5,181.75","223.29M","-0.38%"
"01/31/2019","5,205.99","5,204.53","5,206.69","5,178.94","166.73M","0.05%"
"01/30/2019","5,203.45","5,187.38","5,204.06","5,185.11","212.38M","0.35%"
"01/29/2019","5,185.21","5,176.57","5,192.90","5,175.39","240.83M","0.15%"
"01/28/2019","5,177.65","5,200.69","5,203.62","5,170.17","199.16M","-0.38%"
"01/27/2019","5,197.43","5,241.45","5,241.45","5,197.28","190.68M","-0.84%"
"01/24/2019","5,241.45","5,239.84","5,243.26","5,222.15","122.88M","0.09%"
"01/23/2019","5,236.58","5,258.99","5,259.92","5,235.43","154.78M","-0.41%"
"01/22/2019","5,257.91","5,251.17","5,257.91","5,242.84","102.11M","0.15%"
"01/21/2019","5,250.08","5,251.09","5,262.81","5,250.08","123.24M","0.00%"
"01/20/2019","5,250.00","5,239.60","5,263.12","5,239.60","122.24M","0.24%"
"01/17/2019","5,237.42","5,225.15","5,245.70","5,217.84","151.63M","0.23%"
"01/16/2019","5,225.15","5,234.51","5,243.26","5,221.03","135.93M","-0.18%"
"01/15/2019","5,234.51","5,228.63","5,236.91","5,214.22","151.26M","0.13%"
"01/14/2019","5,227.54","5,236.72","5,248.32","5,226.55","168.54M","-0.11%"
"01/13/2019","5,233.46","5,217.63","5,235.60","5,217.21","175.88M","0.28%"
"01/10/2019","5,218.72","5,179.88","5,220.31","5,176.51","213.50M","0.79%"
"01/09/2019","5,177.71","5,178.41","5,187.83","5,170.94","271.69M","-0.01%"
"01/08/2019","5,178.41","5,175.76","5,184.43","5,165.56","232.66M","0.03%"
"01/07/2019","5,176.85","5,158.36","5,179.93","5,158.36","213.54M","0.36%"
"01/06/2019","5,158.36","5,138.94","5,165.87","5,138.94","200.99M","0.38%"
"01/03/2019","5,138.94","5,111.79","5,138.94","5,109.70","238.89M","0.57%"
"01/02/2019","5,109.62","5,079.56","5,110.27","5,075.66","169.49M","0.59%"