"Date","Price","Open","High","Low","Vol.","Change %"
"12/24/2025","1,887.99","1,887.99","1,887.99","1,887.99","2.90K","0.00%"
"12/23/2025","1,887.99","1,886.97","1,906.53","1,886.97","2.90K","-1.95%"
"12/22/2025","1,925.56","1,848.70","1,925.56","1,848.70","2.90K","2.46%"
"12/19/2025","1,879.33","1,879.33","1,879.33","1,879.33","2.90K","0.97%"
"12/18/2025","1,861.25","1,849.54","1,881.86","1,843.69","2.90K","0.51%"
"12/17/2025","1,851.86","1,851.86","1,851.86","1,851.86","2.90K","0.03%"
"12/16/2025","1,851.37","1,851.37","1,851.37","1,851.37","2.90K","0.44%"
"12/15/2025","1,843.20","1,846.81","1,846.81","1,843.20","2.90K","-1.78%"
"12/12/2025","1,876.56","1,876.56","1,876.56","1,876.56","2.90K","0.03%"
"12/11/2025","1,876.08","1,876.08","1,876.08","1,876.08","2.90K","-0.58%"
"12/10/2025","1,887.05","1,887.05","1,887.05","1,887.05","2.90K","-0.35%"
"12/09/2025","1,893.75","1,891.31","1,893.75","1,891.31","","-0.05%"
"12/08/2025","1,894.73","1,894.73","1,894.73","1,894.73","2.90K","1.22%"
"12/05/2025","1,871.80","1,871.24","1,871.80","1,871.24","2.90K","-0.40%"
"12/04/2025","1,879.39","1,883.57","1,883.57","1,879.39","2.90K","-0.07%"
"12/03/2025","1,880.65","1,880.65","1,880.65","1,880.65","2.90K","-2.26%"
"11/28/2025","1,924.16","1,924.16","1,924.16","1,924.16","2.90K","-0.69%"
"11/27/2025","1,937.53","1,923.70","1,937.53","1,923.70","2.90K","1.11%"
"11/26/2025","1,916.26","1,913.13","1,931.35","1,913.13","2.90K","-1.62%"
"11/25/2025","1,947.78","1,947.78","1,947.78","1,947.78","2.90K","1.15%"
"11/21/2025","1,925.55","1,925.55","1,925.55","1,925.55","2.90K","-0.09%"
"11/20/2025","1,927.28","1,927.28","1,927.28","1,927.28","2.90K","0.00%"
"11/19/2025","1,927.28","1,927.28","1,927.28","1,927.28","2.90K","-0.61%"
"11/18/2025","1,939.12","1,944.28","1,944.28","1,939.12","2.90K","-3.01%"
"11/17/2025","1,999.29","1,999.29","1,999.29","1,999.29","2.90K","0.35%"
"11/14/2025","1,992.27","1,992.27","1,992.27","1,992.27","2.90K","0.00%"
"11/13/2025","1,992.27","2,003.90","2,003.90","1,992.27","2.90K","-0.62%"
"11/12/2025","2,004.71","1,982.79","2,004.71","1,982.79","2.90K","0.08%"
"11/11/2025","2,003.10","2,006.27","2,006.27","2,003.10","2.90K","-0.69%"
"11/10/2025","2,017.01","2,017.01","2,017.01","2,017.01","2.90K","0.53%"
"11/07/2025","2,006.36","2,006.36","2,006.36","2,006.36","2.90K","0.00%"
"11/06/2025","2,006.36","2,006.36","2,006.36","2,006.36","2.90K","0.15%"
"11/05/2025","2,003.37","2,003.37","2,003.37","2,003.37","2.90K","-1.07%"
"11/04/2025","2,025.08","2,025.08","2,025.08","2,025.08","2.90K","0.76%"
"10/31/2025","2,009.87","2,009.87","2,009.87","2,009.87","2.90K","-0.32%"
"10/30/2025","2,016.37","2,016.37","2,016.37","2,016.37","2.90K","0.54%"
"10/29/2025","2,005.47","2,005.47","2,005.47","2,005.47","2.90K","-0.24%"
"10/28/2025","2,010.22","2,010.71","2,010.71","2,010.22","2.90K","0.00%"
"10/27/2025","2,010.22","2,010.22","2,010.22","2,010.22","2.90K","-1.11%"
"10/23/2025","2,032.70","2,058.82","2,058.82","2,032.70","2.90K","-0.70%"
"10/22/2025","2,047.11","2,059.31","2,059.31","2,047.11","2.90K","2.60%"
"10/21/2025","1,995.26","2,021.06","2,021.06","1,995.26","2.90K","0.24%"
"10/20/2025","1,990.50","1,980.75","1,990.50","1,980.75","2.90K","-1.66%"
"10/17/2025","2,024.19","2,024.19","2,024.19","2,024.19","2.90K","1.10%"
"10/16/2025","2,002.24","2,022.24","2,022.24","2,002.24","2.90K","1.11%"
"10/15/2025","1,980.36","1,980.36","1,980.36","1,980.36","2.90K","0.00%"
"10/14/2025","1,980.36","1,980.36","1,980.36","1,980.36","2.90K","0.98%"
"10/13/2025","1,961.08","1,961.08","1,961.08","1,961.08","2.90K","-0.65%"
"10/10/2025","1,973.94","1,973.94","1,973.94","1,973.94","2.90K","1.73%"
"10/09/2025","1,940.28","1,940.28","1,940.28","1,940.28","2.90K","1.12%"
"10/08/2025","1,918.82","1,924.55","1,924.55","1,918.82","2.90K","-0.30%"
"10/07/2025","1,924.55","1,920.55","1,924.55","1,920.55","2.90K","0.21%"
"10/06/2025","1,920.55","1,937.62","1,937.62","1,920.55","2.90K","-0.76%"
"10/03/2025","1,935.18","1,935.18","1,935.18","1,935.18","2.90K","-5.21%"
"10/02/2025","2,041.46","2,041.46","2,041.46","2,041.46","2.90K","0.00%"
"10/01/2025","2,041.46","2,041.46","2,041.46","2,041.46","2.90K","-0.02%"
"09/30/2025","2,041.86","2,029.30","2,041.86","2,029.30","2.90K","-0.11%"
"09/29/2025","2,044.11","2,044.11","2,044.11","1,956.30","2.90K","4.46%"
"09/26/2025","1,956.89","1,956.89","1,956.89","1,956.89","2.90K","0.00%"
"09/25/2025","1,956.89","1,956.89","1,956.89","1,956.89","2.90K","-3.33%"
"09/24/2025","2,024.23","1,990.39","2,024.23","1,990.39","2.90K","2.25%"
"09/23/2025","1,979.64","1,979.64","1,979.64","1,979.64","2.90K","-1.80%"
"09/22/2025","2,016.00","2,016.00","2,016.00","2,016.00","2.90K","1.29%"
"09/19/2025","1,990.41","1,990.41","1,990.41","1,990.41","2.90K","0.00%"
"09/18/2025","1,990.41","2,033.08","2,033.08","1,990.41","2.90K","-0.75%"
"09/17/2025","2,005.39","1,889.74","2,005.39","1,889.74","2.90K","6.12%"
"09/16/2025","1,889.74","1,889.74","1,889.74","1,889.74","2.90K","-2.07%"
"09/15/2025","1,929.61","1,932.92","1,932.92","1,929.61","2.90K","1.42%"
"09/12/2025","1,902.59","1,902.59","1,902.59","1,902.59","2.90K","0.00%"
"09/11/2025","1,902.59","1,965.71","1,965.71","1,848.47","2.90K","3.75%"
"09/10/2025","1,833.81","1,833.81","1,833.81","1,833.81","2.90K","-0.19%"
"09/09/2025","1,837.30","1,882.10","1,882.10","1,837.30","2.90K","-2.23%"
"09/08/2025","1,879.18","1,879.18","1,879.18","1,879.18","2.90K","-0.54%"
"09/05/2025","1,889.45","1,904.89","1,904.89","1,889.45","2.90K","-0.74%"
"09/02/2025","1,903.52","1,903.52","1,903.52","1,903.52","2.90K","-1.60%"
"08/29/2025","1,934.44","1,934.44","1,934.44","1,934.44","2.90K","2.01%"
"08/28/2025","1,896.39","1,896.39","1,896.39","1,896.39","2.90K","-0.25%"
"08/27/2025","1,901.12","1,912.40","1,912.40","1,901.12","2.90K","0.00%"
"08/26/2025","1,901.12","1,901.12","1,901.12","1,901.12","2.90K","-2.24%"
"08/25/2025","1,944.71","1,944.71","1,944.71","1,944.71","2.90K","-0.35%"
"08/22/2025","1,951.53","1,951.53","1,951.53","1,951.53","2.90K","0.00%"
"08/21/2025","1,951.53","1,977.85","1,977.85","1,951.53","2.90K","-1.65%"
"08/20/2025","1,984.29","1,974.04","1,984.29","1,974.04","2.90K","0.56%"
"08/19/2025","1,973.31","1,991.97","1,991.97","1,973.31","2.90K","-0.33%"
"08/18/2025","1,979.79","1,979.79","1,979.79","1,979.79","2.90K","-1.98%"
"08/14/2025","2,019.76","2,019.76","2,019.76","2,019.76","2.90K","0.02%"
"08/12/2025","2,019.26","2,019.26","2,019.26","2,019.26","2.90K","0.00%"
"08/11/2025","2,019.26","2,021.98","2,021.98","2,013.15","2.90K","-1.03%"
"08/08/2025","2,040.32","2,040.32","2,040.32","2,040.32","2.90K","0.00%"
"08/07/2025","2,040.32","2,023.70","2,042.22","2,023.70","2.90K","0.82%"
"08/06/2025","2,023.70","2,011.23","2,023.70","2,011.23","2.90K","-0.20%"
"08/05/2025","2,027.81","2,008.30","2,027.81","2,008.30","2.90K","0.36%"
"08/01/2025","2,020.49","2,020.49","2,020.49","2,020.49","2.90K","0.12%"
"07/31/2025","2,018.06","2,018.06","2,018.06","2,018.06","2.90K","-0.12%"
"07/30/2025","2,020.45","2,020.45","2,020.45","2,020.45","2.90K","-0.18%"
"07/29/2025","2,024.18","2,038.85","2,038.85","2,024.18","2.90K","-0.72%"
"07/28/2025","2,038.85","2,039.40","2,039.40","2,038.85","2.90K","0.03%"
"07/25/2025","2,038.17","2,038.17","2,038.17","2,038.17","2.90K","-0.65%"
"07/24/2025","2,051.60","2,051.60","2,051.60","2,051.60","2.90K","0.28%"
"07/23/2025","2,045.77","2,045.77","2,045.77","2,045.77","2.90K","-1.45%"
"07/22/2025","2,075.83","2,118.22","2,118.22","2,075.83","2.90K","0.66%"
"07/21/2025","2,062.17","2,066.20","2,066.20","2,062.17","2.90K","-1.49%"
"07/18/2025","2,093.39","2,093.39","2,093.39","2,093.39","2.90K","0.00%"
"07/17/2025","2,093.39","2,067.17","2,093.39","2,023.78","2.90K","3.44%"
"07/16/2025","2,023.78","2,024.74","2,024.74","2,023.78","2.90K","-0.40%"
"07/15/2025","2,031.87","2,087.00","2,087.00","2,031.87","2.90K","0.00%"
"07/14/2025","2,031.87","2,031.87","2,031.87","2,031.87","2.90K","0.33%"
"07/11/2025","2,025.19","2,025.19","2,025.19","2,025.19","2.90K","-2.36%"
"07/10/2025","2,074.09","2,028.38","2,074.09","2,028.38","2.90K","-0.62%"
"07/09/2025","2,087.09","2,087.09","2,087.09","2,087.09","2.90K","0.00%"
"07/08/2025","2,087.09","2,087.09","2,087.09","2,087.09","2.90K","1.36%"
"07/04/2025","2,059.06","2,059.06","2,059.06","2,059.06","2.90K","0.00%"
"07/03/2025","2,059.06","2,059.06","2,109.11","2,059.06","2.90K","-6.78%"
"07/02/2025","2,208.85","2,114.38","2,208.85","2,114.38","2.90K","0.00%"
"07/01/2025","2,208.85","2,294.40","2,294.40","2,208.85","2.90K","-3.73%"
"06/30/2025","2,294.40","2,294.40","2,294.40","2,294.40","2.90K","9.84%"
"06/27/2025","2,088.81","2,088.81","2,088.81","2,088.81","2.90K","0.00%"
"06/25/2025","2,088.81","2,088.81","2,088.81","2,088.81","2.90K","4.91%"
"06/23/2025","1,991.08","1,991.08","1,991.08","1,991.08","2.90K","-1.37%"
"06/20/2025","2,018.81","2,011.09","2,018.81","2,009.06","2.90K","0.87%"
"06/19/2025","2,001.33","2,000.19","2,001.33","2,000.19","2.90K","0.06%"
"06/18/2025","2,000.19","1,998.38","2,001.01","1,998.38","2.90K","0.09%"
"06/17/2025","1,998.38","1,999.26","1,999.26","1,992.60","2.90K","-0.04%"
"06/16/2025","1,999.26","2,000.63","2,003.23","1,990.49","2.90K","-0.18%"
"06/12/2025","2,002.91","1,994.49","2,002.91","1,994.13","2.90K","-1.52%"
"06/11/2025","2,033.82","2,033.82","2,033.82","2,033.82","2.90K","0.81%"
"06/05/2025","2,017.44","2,017.44","2,017.44","2,017.44","2.90K","0.02%"
"06/04/2025","2,017.13","2,017.13","2,017.13","2,015.54","2.90K","0.61%"
"06/03/2025","2,004.83","2,004.83","2,004.83","2,004.83","2.90K","-0.16%"
"06/02/2025","2,008.05","2,014.08","2,014.08","2,008.05","2.90K","0.22%"
"05/30/2025","2,003.60","2,003.60","2,003.60","2,003.60","2.90K","-0.16%"
"05/29/2025","2,006.87","2,006.87","2,006.87","2,006.87","2.90K","0.22%"
"05/28/2025","2,002.57","1,996.79","2,002.57","1,996.79","2.90K","-2.66%"
"05/27/2025","2,057.40","2,057.40","2,057.40","2,057.40","2.90K","4.15%"
"05/26/2025","1,975.41","2,060.88","2,060.88","1,975.41","2.90K","0.00%"
"05/23/2025","1,975.41","1,991.78","1,991.78","1,975.41","2.90K","-3.15%"
"05/22/2025","2,039.59","1,984.95","2,039.59","1,984.95","2.90K","0.00%"
"05/21/2025","2,039.59","2,039.59","2,039.59","2,039.59","2.90K","0.35%"
"05/19/2025","2,032.48","2,032.48","2,032.48","2,032.48","2.90K","1.52%"
"05/16/2025","2,002.05","2,002.05","2,002.05","2,002.05","2.90K","0.00%"
"05/15/2025","2,002.05","2,037.64","2,037.64","2,002.05","2.90K","-1.75%"
"05/14/2025","2,037.64","2,037.64","2,037.64","2,037.64","2.90K","-0.10%"
"05/13/2025","2,039.77","2,027.09","2,039.77","2,027.09","2.90K","0.63%"
"05/12/2025","2,027.09","2,010.01","2,027.09","2,010.01","2.90K","0.85%"
"05/09/2025","2,010.01","2,060.67","2,060.67","2,010.01","2.90K","-2.46%"
"05/08/2025","2,060.67","2,060.67","2,060.67","2,060.67","2.90K","-2.43%"
"05/07/2025","2,112.05","2,112.05","2,112.05","2,112.05","2.90K","4.50%"
"05/06/2025","2,021.02","2,021.02","2,021.02","2,021.02","2.90K","-0.38%"
"05/05/2025","2,028.82","2,028.82","2,028.82","2,028.82","2.90K","-1.00%"
"05/02/2025","2,049.32","2,049.32","2,049.32","2,049.32","2.90K","-0.45%"
"04/30/2025","2,058.50","2,058.50","2,058.50","2,058.50","2.90K","0.00%"
"04/29/2025","2,058.50","2,058.50","2,058.50","2,058.50","2.90K","0.49%"
"04/28/2025","2,048.43","2,053.01","2,053.01","2,048.43","2.90K","0.12%"
"04/25/2025","2,046.01","2,046.01","2,046.01","2,046.01","2.90K","-0.17%"
"04/24/2025","2,049.50","2,049.50","2,049.50","2,049.50","2.90K","0.96%"
"04/23/2025","2,029.99","2,029.99","2,029.99","2,029.99","2.90K","-0.70%"
"04/22/2025","2,044.35","2,073.69","2,073.69","2,073.69","2.90K","-3.70%"
"04/17/2025","2,122.81","2,122.81","2,122.81","2,122.81","2.90K","0.00%"
"04/16/2025","2,122.81","2,122.81","2,137.97","2,122.81","2.90K","-0.71%"
"04/15/2025","2,137.97","2,133.58","2,172.61","2,045.77","2.90K","0.21%"
"04/14/2025","2,133.58","2,134.55","2,134.55","2,133.58","2.90K","-5.76%"
"04/11/2025","2,264.05","2,264.05","2,264.05","2,264.05","2.90K","0.00%"
"04/10/2025","2,264.05","2,265.57","2,265.57","2,264.05","2.90K","-0.07%"
"04/08/2025","2,265.57","2,265.57","2,265.57","2,265.57","2.90K","7.16%"
"04/07/2025","2,114.17","2,114.17","2,114.17","2,114.17","2.90K","-6.01%"
"04/04/2025","2,249.34","2,249.34","2,249.34","2,249.34","2.90K","1.32%"
"04/03/2025","2,220.07","2,220.07","2,220.07","2,220.07","2.90K","-2.63%"
"04/02/2025","2,280.12","2,296.77","2,336.74","2,280.12","2.90K","-0.13%"
"03/28/2025","2,283.06","2,283.06","2,283.06","2,283.06","2.90K","0.75%"
"03/27/2025","2,266.01","2,259.54","2,266.01","2,259.54","2.90K","0.29%"
"03/26/2025","2,259.54","2,248.10","2,259.54","2,248.10","2.90K","0.51%"
"03/24/2025","2,248.10","2,248.10","2,248.10","2,248.10","2.90K","-3.98%"
"03/21/2025","2,341.34","2,341.34","2,341.34","2,341.34","2.90K","0.00%"
"03/20/2025","2,341.34","2,341.34","2,341.34","2,341.34","2.90K","-0.75%"
"03/19/2025","2,359.11","2,358.31","2,359.11","2,349.60","2.90K","-0.16%"
"03/18/2025","2,362.95","2,369.78","2,369.78","2,362.95","2.90K","-0.86%"
"03/17/2025","2,383.44","2,383.44","2,383.44","2,383.44","2.90K","-0.14%"
"03/14/2025","2,386.76","2,386.76","2,386.76","2,386.76","2.90K","0.00%"
"03/13/2025","2,386.76","2,400.42","2,400.42","2,379.93","2.90K","-0.57%"
"03/12/2025","2,400.42","2,411.77","2,411.77","2,400.42","2.90K","-0.47%"
"03/11/2025","2,411.77","2,410.72","2,427.72","2,410.72","2.90K","-0.66%"
"03/10/2025","2,427.72","2,451.52","2,451.52","2,451.52","2.90K","-0.97%"
"03/07/2025","2,451.52","2,437.37","2,451.52","2,437.37","2.90K","0.35%"
"03/06/2025","2,442.87","2,442.87","2,442.87","2,442.87","2.90K","0.00%"
"03/05/2025","2,442.87","2,441.90","2,442.87","2,441.90","2.90K","0.04%"
"03/04/2025","2,441.90","2,441.90","2,441.90","2,441.90","2.90K","0.55%"
"02/27/2025","2,428.52","2,428.52","2,428.52","2,428.52","2.90K","-0.62%"
"02/26/2025","2,443.76","2,450.59","2,450.59","2,443.76","2.90K","-1.62%"
"02/24/2025","2,484.07","2,484.07","2,484.07","2,484.07","2.90K","0.00%"
"02/21/2025","2,484.07","2,484.07","2,484.07","2,484.07","2.90K","0.00%"
"02/20/2025","2,484.07","2,484.07","2,484.07","2,484.07","2.90K","0.65%"
"02/19/2025","2,467.98","2,467.98","2,467.98","2,467.98","2.90K","0.94%"
"02/18/2025","2,445.04","2,445.04","2,445.04","2,445.04","2.90K","-1.78%"
"02/17/2025","2,489.41","2,489.41","2,489.41","2,489.41","2.90K","-1.36%"
"02/11/2025","2,523.84","2,513.69","2,567.35","2,513.69","2.90K","0.40%"
"02/07/2025","2,513.69","2,508.81","2,513.69","2,490.27","2.90K","1.92%"
"02/04/2025","2,466.32","2,471.02","2,471.02","2,466.32","2.90K","-0.19%"
"02/03/2025","2,471.02","2,496.93","2,501.27","2,470.05","2.90K","-1.11%"
"01/31/2025","2,498.68","2,540.79","2,540.79","2,461.10","2.90K","-1.66%"
"01/30/2025","2,540.79","2,534.79","2,540.79","2,540.79","2.90K","0.24%"
"01/29/2025","2,534.79","2,500.64","2,534.79","2,500.64","2.90K","-0.02%"
"01/28/2025","2,535.22","2,535.22","2,535.22","2,535.22","2.90K","0.00%"
"01/27/2025","2,535.22","2,557.62","2,559.82","2,486.18","2.90K","-1.02%"
"01/24/2025","2,561.23","2,561.23","2,561.23","2,561.23","2.90K","1.95%"
"01/23/2025","2,512.34","2,512.34","2,512.34","2,512.34","2.90K","0.00%"
"01/22/2025","2,512.34","2,485.45","2,556.69","2,460.34","2.90K","-0.37%"
"01/21/2025","2,521.55","2,493.98","2,537.65","2,521.55","2.90K","-0.63%"
"01/20/2025","2,537.65","2,540.80","2,562.65","2,496.69","2.90K","-0.12%"
"01/17/2025","2,540.80","2,607.30","2,607.30","2,539.27","2.90K","-1.34%"
"01/16/2025","2,575.25","2,586.23","2,587.21","2,553.06","2.90K","-0.46%"
"01/15/2025","2,587.21","2,648.88","2,649.30","2,587.21","2.90K","-2.33%"
"01/14/2025","2,648.88","2,731.22","2,731.22","2,648.88","2.90K","-3.02%"
"01/13/2025","2,731.22","2,702.69","2,731.22","2,702.13","2.90K","1.06%"
"01/10/2025","2,702.69","2,522.59","2,702.69","2,522.59","2.90K","7.14%"
"01/09/2025","2,522.59","2,566.11","2,585.62","2,410.27","2.90K","4.66%"
"01/08/2025","2,410.27","2,389.75","2,410.27","2,389.75","2.90K","-6.17%"
"01/07/2025","2,568.66","2,568.66","2,568.66","2,568.66","2.90K","-1.05%"
"01/03/2025","2,595.98","2,438.39","2,595.98","2,438.39","2.90K","6.46%"
"01/02/2025","2,438.39","2,451.92","2,627.55","2,438.39","2.90K","-3.13%"
"12/30/2024","2,517.26","2,517.26","2,517.26","2,517.26","2.90K","2.20%"
"12/27/2024","2,463.13","2,463.13","2,463.13","2,463.13","2.90K","0.08%"
"12/26/2024","2,461.28","2,449.96","2,465.42","2,413.29","2.90K","1.99%"
"12/24/2024","2,413.29","2,332.72","2,413.29","2,332.72","2.90K","2.55%"
"12/23/2024","2,353.21","2,312.85","2,358.84","2,312.85","2.90K","1.75%"
"12/20/2024","2,312.85","2,281.36","2,312.85","2,281.36","2.90K","1.38%"
"12/19/2024","2,281.36","2,199.54","2,281.36","2,199.54","2.90K","3.72%"
"12/18/2024","2,199.54","2,198.31","2,199.54","2,198.31","2.90K","0.06%"
"12/17/2024","2,198.31","2,181.12","2,255.04","2,180.01","2.90K","0.84%"
"12/16/2024","2,180.01","2,163.00","2,214.85","2,137.60","2.90K","0.79%"
"12/13/2024","2,163.00","2,145.87","2,164.11","2,142.94","2.90K","0.80%"
"12/12/2024","2,145.87","2,171.32","2,184.80","2,137.47","2.90K","-1.45%"
"12/11/2024","2,177.39","2,143.72","2,177.39","2,143.72","2.90K","1.57%"
"12/10/2024","2,143.72","2,144.74","2,151.70","2,124.57","2.90K","-0.05%"
"12/09/2024","2,144.74","2,139.22","2,148.98","2,139.22","2.90K","0.26%"
"12/06/2024","2,139.22","2,155.25","2,170.43","2,125.35","2.90K","-0.74%"
"12/05/2024","2,155.25","2,125.62","2,155.74","2,125.62","2.90K","-0.11%"
"12/04/2024","2,157.52","2,157.52","2,157.52","2,157.52","2.90K","0.00%"
"12/03/2024","2,157.52","2,177.59","2,228.29","2,143.29","2.90K","-0.92%"
"12/02/2024","2,177.59","2,146.69","2,188.36","2,134.00","2.90K","1.44%"
"11/29/2024","2,146.69","2,097.62","2,240.11","2,097.62","2.90K","2.34%"
"11/28/2024","2,097.62","2,104.75","2,104.75","2,097.62","2.90K","-0.34%"
"11/27/2024","2,104.75","2,144.35","2,144.35","2,104.75","2.90K","-1.85%"
"11/26/2024","2,144.35","2,096.16","2,144.35","2,096.16","2.90K","2.30%"
"11/25/2024","2,096.16","2,103.01","2,103.01","2,096.16","2.90K","-0.33%"
"11/21/2024","2,103.01","2,113.09","2,113.09","2,103.01","2.90K","-0.48%"
"11/20/2024","2,113.09","2,124.50","2,124.50","2,113.09","2.90K","-0.54%"
"11/19/2024","2,124.50","2,121.21","2,124.50","2,121.21","2.90K","0.19%"
"11/18/2024","2,120.56","2,116.98","2,195.25","2,089.31","2.90K","0.17%"
"11/15/2024","2,116.98","2,119.42","2,138.44","2,116.98","2.90K","-1.05%"
"11/14/2024","2,139.47","2,139.47","2,139.47","2,093.20","2.90K","0.00%"
"11/13/2024","2,139.47","2,144.11","2,155.38","2,116.36","2.90K","-0.22%"
"11/12/2024","2,144.11","2,144.11","2,144.11","2,144.11","2.90K","-0.95%"
"11/11/2024","2,164.60","2,161.91","2,164.60","2,161.91","2.90K","0.12%"
"11/08/2024","2,161.91","2,154.59","2,173.79","2,154.59","2.90K","0.88%"
"11/07/2024","2,143.13","2,143.13","2,143.13","2,143.13","2.90K","0.00%"
"11/06/2024","2,143.13","2,124.35","2,143.37","2,124.35","2.90K","0.29%"
"11/05/2024","2,136.97","2,134.11","2,144.57","2,134.11","2.90K","-0.35%"
"11/04/2024","2,144.57","2,172.80","2,172.80","2,144.57","2.90K","-1.30%"
"11/01/2024","2,172.80","2,148.18","2,186.29","2,148.18","2.90K","0.96%"
"10/31/2024","2,152.08","2,152.08","2,152.08","2,152.08","2.90K","0.00%"
"10/30/2024","2,152.08","2,140.21","2,173.55","2,140.21","2.90K","0.56%"
"10/29/2024","2,140.21","2,203.43","2,203.43","2,123.62","2.90K","-2.87%"
"10/28/2024","2,203.43","2,203.43","2,203.43","2,203.43","2.90K","2.10%"
"10/25/2024","2,158.13","2,150.21","2,158.13","2,150.21","2.90K","0.37%"
"10/24/2024","2,150.21","2,186.55","2,186.55","2,150.21","2.90K","-0.08%"
"10/23/2024","2,151.95","2,151.95","2,151.95","2,151.95","2.90K","-1.62%"
"10/22/2024","2,187.29","2,141.01","2,187.29","2,141.01","2.90K","2.16%"
"10/21/2024","2,141.01","2,120.58","2,142.92","2,120.58","2.90K","0.96%"
"10/18/2024","2,120.58","2,131.21","2,131.21","2,120.58","2.90K","-0.50%"
"10/17/2024","2,131.21","2,092.38","2,155.27","2,082.63","2.90K","1.86%"
"10/16/2024","2,092.38","2,089.84","2,092.38","2,089.84","2.90K","0.12%"
"10/15/2024","2,089.84","2,091.31","2,109.36","2,089.84","2.90K","-0.07%"
"10/14/2024","2,091.31","2,085.48","2,093.26","2,085.48","2.90K","0.28%"
"10/11/2024","2,085.48","2,083.89","2,085.48","2,083.89","2.90K","0.08%"
"10/10/2024","2,083.89","2,082.03","2,091.10","2,082.03","2.90K","0.09%"
"10/09/2024","2,082.03","1,742.27","2,088.80","1,742.27","2.90K","19.50%"
"09/25/2024","1,742.27","1,742.27","1,742.27","1,742.27","2.90K","0.00%"
"09/24/2024","1,742.27","1,742.27","1,742.27","1,742.27","2.90K","0.00%"
"09/23/2024","1,742.27","1,742.27","1,742.27","1,742.27","2.90K","0.00%"
"09/20/2024","1,742.27","1,742.27","1,742.27","1,742.27","2.90K","0.00%"
"09/19/2024","1,742.27","1,742.27","1,742.27","1,742.27","2.90K","0.00%"
"09/18/2024","1,742.27","1,742.27","1,742.27","1,742.27","2.90K","0.00%"
"09/17/2024","1,742.27","1,742.27","1,742.27","1,742.27","2.90K","0.00%"
"09/13/2024","1,742.27","1,742.27","1,742.27","1,742.27","2.90K","0.00%"
"09/12/2024","1,742.27","1,742.27","1,742.27","1,742.27","2.90K","0.00%"
"09/11/2024","1,742.27","1,742.27","1,742.27","1,742.27","2.90K","0.00%"
"09/10/2024","1,742.27","1,742.27","1,742.27","1,742.27","2.90K","0.00%"
"09/09/2024","1,742.27","1,742.27","1,742.27","1,742.27","2.90K","0.00%"
"09/06/2024","1,742.27","1,742.27","1,742.27","1,742.27","2.90K","0.00%"
"09/05/2024","1,742.27","1,742.27","1,742.27","1,742.27","2.90K","0.00%"
"09/04/2024","1,742.27","1,742.27","1,742.27","1,742.27","2.90K","0.00%"
"09/03/2024","1,742.27","1,742.27","1,742.27","1,742.27","2.90K","0.00%"
"09/02/2024","1,742.27","1,742.27","1,742.27","1,742.27","2.90K","0.00%"
"08/30/2024","1,742.27","1,742.27","1,742.27","1,742.27","2.90K","0.00%"
"08/29/2024","1,742.27","1,742.27","1,742.27","1,742.27","2.90K","0.00%"
"08/28/2024","1,742.27","1,742.27","1,742.27","1,742.27","2.90K","-5.55%"
"08/27/2024","1,844.65","1,842.65","1,849.27","1,836.53","2.90K","0.11%"
"08/26/2024","1,842.65","1,833.87","1,858.72","1,832.69","2.90K","0.48%"
"08/23/2024","1,833.87","1,797.88","1,835.22","1,797.88","2.90K","5.26%"
"08/22/2024","1,742.27","1,742.27","1,742.27","1,742.27","2.90K","0.00%"
"08/21/2024","1,742.27","1,742.27","1,742.27","1,742.27","2.90K","0.00%"
"08/20/2024","1,742.27","1,742.27","1,742.27","1,742.27","2.90K","0.00%"
"08/19/2024","1,742.27","1,742.27","1,742.27","1,742.27","2.90K","0.00%"
"08/16/2024","1,742.27","1,742.27","1,742.27","1,742.27","2.90K","0.00%"
"08/14/2024","1,742.27","1,742.27","1,742.27","1,742.27","2.90K","0.00%"
"08/13/2024","1,742.27","1,742.27","1,742.27","1,742.27","2.90K","0.00%"
"08/08/2024","1,742.27","1,742.27","1,742.27","1,742.27","2.90K","0.00%"
"08/07/2024","1,742.27","1,742.27","1,742.27","1,742.27","2.90K","0.00%"
"08/06/2024","1,742.27","1,742.27","1,742.27","1,742.27","2.90K","0.00%"
"08/05/2024","1,742.27","1,742.27","1,742.27","1,742.27","2.90K","0.00%"
"08/02/2024","1,742.27","1,742.27","1,742.27","1,742.27","2.90K","0.00%"
"08/01/2024","1,742.27","1,742.27","1,742.27","1,742.27","2.90K","0.00%"
"07/31/2024","1,742.27","1,742.27","1,742.27","1,742.27","2.90K","0.00%"
"07/30/2024","1,742.27","1,742.27","1,742.27","1,742.27","2.90K","0.00%"
"07/29/2024","1,742.27","1,742.27","1,742.27","1,742.27","2.90K","0.00%"
"07/26/2024","1,742.27","1,742.27","1,742.27","1,742.27","2.90K","0.00%"
"07/25/2024","1,742.27","1,742.27","1,742.27","1,742.27","2.90K","0.00%"
"07/24/2024","1,742.27","1,742.27","1,742.27","1,742.27","2.90K","0.00%"
"07/23/2024","1,742.27","1,742.27","1,742.27","1,742.27","2.90K","0.00%"
"07/22/2024","1,742.27","1,742.27","1,742.27","1,742.27","2.90K","0.00%"
"07/19/2024","1,742.27","1,742.27","1,742.27","1,742.27","2.90K","0.00%"
"07/18/2024","1,742.27","1,742.27","1,742.27","1,742.27","2.90K","0.00%"
"07/16/2024","1,742.27","1,742.27","1,742.27","1,742.27","2.90K","0.00%"
"07/15/2024","1,742.27","1,742.27","1,742.27","1,742.27","2.90K","0.00%"
"07/12/2024","1,742.27","1,742.27","1,742.27","1,742.27","2.90K","0.00%"
"07/11/2024","1,742.27","1,742.27","1,742.27","1,742.27","2.90K","0.00%"
"07/10/2024","1,742.27","1,742.27","1,742.27","1,742.27","2.90K","0.00%"
"07/09/2024","1,742.27","1,742.27","1,742.27","1,742.27","2.90K","0.00%"
"07/05/2024","1,742.27","1,742.27","1,742.27","1,742.27","2.90K","0.00%"
"07/04/2024","1,742.27","1,742.27","1,742.27","1,742.27","2.90K","0.00%"
"07/03/2024","1,742.27","1,742.27","1,742.27","1,742.27","2.90K","0.00%"
"07/02/2024","1,742.27","1,742.27","1,742.27","1,742.27","2.90K","0.00%"
"07/01/2024","1,742.27","1,742.27","1,742.27","1,742.27","2.90K","0.00%"
"06/28/2024","1,742.27","1,742.27","1,742.27","1,742.27","2.90K","0.00%"
"06/27/2024","1,742.27","1,742.27","1,742.27","1,742.27","2.90K","0.00%"
"06/26/2024","1,742.27","1,742.27","1,742.27","1,742.27","2.90K","0.00%"
"06/25/2024","1,742.27","1,742.27","1,742.27","1,742.27","2.90K","0.00%"
"06/24/2024","1,742.27","1,742.27","1,742.27","1,742.27","2.90K","0.00%"
"06/21/2024","1,742.27","1,742.27","1,742.27","1,742.27","2.90K","0.00%"
"06/20/2024","1,742.27","1,742.27","1,742.27","1,742.27","2.90K","0.00%"
"06/19/2024","1,742.27","1,742.27","1,742.27","1,742.27","2.90K","0.00%"
"06/14/2024","1,742.27","1,742.27","1,742.27","1,742.27","2.90K","0.00%"
"06/13/2024","1,742.27","1,742.27","1,742.27","1,742.27","2.90K","0.00%"
"06/12/2024","1,742.27","1,742.27","1,742.27","1,742.27","2.90K","0.00%"
"06/11/2024","1,742.27","1,742.27","1,742.27","1,742.27","2.90K","0.00%"
"06/10/2024","1,742.27","1,742.27","1,742.27","1,742.27","2.90K","0.00%"
"06/07/2024","1,742.27","1,742.27","1,742.27","1,742.27","2.90K","0.00%"
"06/06/2024","1,742.27","1,742.27","1,742.27","1,742.27","2.90K","0.00%"
"06/05/2024","1,742.27","1,742.27","1,742.27","1,742.27","2.90K","0.00%"
"06/04/2024","1,742.27","1,742.27","1,742.27","1,742.27","2.90K","0.00%"
"06/03/2024","1,742.27","1,742.27","1,742.27","1,742.27","2.90K","0.00%"
"05/31/2024","1,742.27","1,742.27","1,742.27","1,742.27","2.90K","0.00%"
"05/30/2024","1,742.27","1,742.27","1,742.27","1,742.27","2.90K","0.00%"
"05/29/2024","1,742.27","1,742.27","1,742.27","1,742.27","2.90K","0.00%"
"05/28/2024","1,742.27","1,742.27","1,742.27","1,742.27","2.90K","0.00%"
"05/27/2024","1,742.27","1,742.27","1,742.27","1,742.27","2.90K","0.00%"
"05/24/2024","1,742.27","1,742.27","1,742.27","1,742.27","2.90K","0.00%"
"05/23/2024","1,742.27","1,742.27","1,742.27","1,742.27","2.90K","0.00%"
"05/22/2024","1,742.27","1,742.27","1,742.27","1,742.27","2.90K","0.00%"
"05/21/2024","1,742.27","1,742.27","1,742.27","1,742.27","2.90K","0.00%"
"05/20/2024","1,742.27","1,742.27","1,742.27","1,742.27","2.90K","0.00%"
"05/17/2024","1,742.27","1,742.27","1,742.27","1,742.27","2.90K","0.00%"
"05/16/2024","1,742.27","1,742.27","1,742.27","1,742.27","2.90K","0.00%"
"05/15/2024","1,742.27","1,742.27","1,742.27","1,742.27","2.90K","0.00%"
"05/14/2024","1,742.27","1,742.27","1,742.27","1,742.27","2.90K","0.00%"
"05/13/2024","1,742.27","1,742.27","1,742.27","1,742.27","2.90K","0.00%"
"05/10/2024","1,742.27","1,742.27","1,742.27","1,742.27","2.90K","0.00%"
"05/09/2024","1,742.27","1,742.27","1,742.27","1,742.27","2.90K","0.00%"
"05/08/2024","1,742.27","1,742.27","1,742.27","1,742.27","2.90K","0.00%"
"05/07/2024","1,742.27","1,742.27","1,742.27","1,742.27","2.90K","0.00%"
"05/02/2024","1,742.27","1,742.27","1,742.27","1,742.27","2.90K","0.00%"
"04/30/2024","1,742.27","1,742.27","1,742.27","1,742.27","2.90K","0.00%"
"04/29/2024","1,742.27","1,742.27","1,742.27","1,742.27","2.90K","0.00%"
"04/26/2024","1,742.27","1,742.27","1,742.27","1,742.27","2.90K","0.00%"
"04/25/2024","1,742.27","1,742.27","1,742.27","1,742.27","2.90K","0.00%"
"04/24/2024","1,742.27","1,742.27","1,742.27","1,742.27","2.90K","0.00%"
"04/23/2024","1,742.27","1,742.27","1,742.27","1,742.27","2.90K","0.00%"
"04/22/2024","1,742.27","1,746.17","1,752.03","1,737.88","2.90K","-0.22%"
"04/19/2024","1,746.17","1,749.47","1,750.12","1,740.68","24.99K","-0.19%"
"04/18/2024","1,749.47","1,739.30","1,749.47","1,739.30","17.66K","0.58%"
"04/17/2024","1,739.30","1,753.53","1,753.53","1,735.33","21.18K","-0.81%"
"04/16/2024","1,753.53","1,744.60","1,756.55","1,744.60","7.39K","0.51%"
"04/15/2024","1,744.60","1,688.98","1,744.60","1,687.52","4.60K","3.29%"
"04/09/2024","1,688.98","1,687.20","1,697.28","1,687.20","15.12K","0.11%"
"04/08/2024","1,687.20","1,724.66","1,739.81","1,687.20","221.87K","-2.17%"
"04/05/2024","1,724.66","1,729.54","1,729.54","1,721.25","6.92K","-0.06%"
"04/04/2024","1,725.64","1,748.57","1,748.57","1,710.00","3.02K","-1.31%"
"04/03/2024","1,748.57","1,747.68","1,752.56","1,742.31","7.39K","0.05%"
"04/02/2024","1,747.68","1,735.77","1,752.56","1,734.99","5.76K","0.69%"
"03/28/2024","1,735.77","1,728.33","1,747.91","1,728.33","35.57K","0.43%"
"03/27/2024","1,728.33","1,708.05","1,741.05","1,693.78","111.82K","1.19%"
"03/26/2024","1,708.05","1,694.75","1,716.42","1,694.02","18.49K","0.78%"
"03/22/2024","1,694.75","1,712.27","1,712.27","1,694.66","12.13K","-1.02%"
"03/21/2024","1,712.27","1,710.80","1,719.87","1,695.38","44.54K","0.09%"
"03/20/2024","1,710.80","1,706.56","1,716.97","1,703.63","53.65K","0.25%"
"03/19/2024","1,706.56","1,686.70","1,711.35","1,671.43","127.55K","1.18%"
"03/18/2024","1,686.70","1,683.40","1,722.66","1,675.46","64.62K","0.20%"
"03/15/2024","1,683.40","1,675.49","1,684.59","1,656.78","17.94K","0.47%"
"03/14/2024","1,675.49","1,727.81","1,727.81","1,675.28","39.93K","-3.03%"
"03/13/2024","1,727.81","1,705.41","1,727.81","1,705.41","28.07K","1.31%"
"03/12/2024","1,705.41","1,722.00","1,724.92","1,697.12","8.37K","-0.96%"
"03/11/2024","1,722.00","1,729.31","1,735.17","1,710.78","3.82K","-0.42%"
"03/08/2024","1,729.31","1,718.61","1,773.22","1,710.78","18.79K","0.62%"
"03/07/2024","1,718.61","1,719.87","1,759.10","1,718.61","21.74K","-0.07%"
"03/06/2024","1,719.87","1,771.45","1,771.45","1,696.62","46.22K","-2.91%"
"03/05/2024","1,771.45","1,714.03","1,786.20","1,714.03","9.94K","3.35%"
"03/04/2024","1,714.03","1,720.83","1,720.83","1,702.30","8.51K","-0.40%"
"03/01/2024","1,720.83","1,752.91","1,752.91","1,712.05","125.51K","-1.83%"
"02/29/2024","1,752.91","1,742.05","1,760.06","1,699.37","523.61K","0.62%"
"02/28/2024","1,742.05","1,719.58","1,770.90","1,698.21","12.42K","1.31%"
"02/27/2024","1,719.58","1,738.02","1,753.19","1,710.41","64.53K","-1.06%"
"02/26/2024","1,738.02","1,760.83","1,760.83","1,727.82","64.03K","-1.30%"
"02/23/2024","1,760.83","1,786.46","1,824.19","1,668.72","15.64K","-1.43%"
"02/22/2024","1,786.46","1,822.90","1,822.90","1,786.46","16.85K","-2.00%"
"02/21/2024","1,822.90","1,840.28","1,864.40","1,808.46","46.61K","-0.94%"
"02/20/2024","1,840.28","1,903.43","1,903.43","1,810.23","33.15K","-3.32%"
"02/19/2024","1,903.43","1,889.79","1,918.55","1,862.94","25.06K","0.72%"
"02/16/2024","1,889.79","1,938.82","1,948.68","1,889.79","65.36K","-2.53%"
"02/15/2024","1,938.82","1,898.03","1,955.73","1,898.03","13.60K","3.35%"
"02/13/2024","1,875.98","1,875.49","1,875.98","1,875.49","23.72K","-1.41%"
"02/12/2024","1,902.89","1,935.99","1,959.53","1,891.31","51.86K","-2.61%"
"02/08/2024","1,953.85","1,851.23","1,953.85","1,851.23","5.71K","4.55%"
"02/07/2024","1,868.79","1,908.31","1,908.31","1,868.79","26.97K","-2.02%"
"02/06/2024","1,907.36","1,865.33","1,927.36","1,865.33","6.61K","-0.78%"
"02/05/2024","1,922.28","1,930.58","1,979.36","1,922.28","12.52K","-0.83%"
"02/02/2024","1,938.38","1,924.67","1,959.89","1,916.86","85.37K","0.71%"
"02/01/2024","1,924.67","1,904.91","2,003.46","1,847.35","29.53K","-3.93%"
"01/31/2024","2,003.46","1,923.92","2,023.93","1,874.81","136.88K","6.86%"
"01/30/2024","1,874.81","1,875.30","1,897.64","1,783.16","109.43K","5.14%"
"01/29/2024","1,783.16","1,806.97","1,810.84","1,776.35","44.10K","-1.53%"
"01/26/2024","1,810.84","1,831.89","1,848.89","1,810.84","55.13K","-1.15%"
"01/25/2024","1,831.89","1,720.92","1,898.64","1,720.92","136.27K","6.45%"
"01/24/2024","1,720.92","1,721.41","1,729.70","1,720.92","7.22K","-0.51%"
"01/23/2024","1,729.70","1,712.14","1,746.00","1,712.14","54.67K","-0.93%"
"01/22/2024","1,746.00","1,754.60","1,761.90","1,725.15","75.82K","-0.90%"
"01/19/2024","1,761.90","1,781.94","1,781.94","1,754.62","57.99K","-0.81%"
"01/18/2024","1,776.23","1,784.14","1,809.09","1,774.14","19.80K","-1.82%"
"01/17/2024","1,809.09","1,804.76","1,812.01","1,804.76","20.02K","-0.33%"
"01/16/2024","1,815.10","1,815.10","1,815.10","1,815.10","259.50K","0.00%"
"01/15/2024","1,815.10","1,815.10","1,815.10","1,815.10","259.50K","-0.88%"
"01/12/2024","1,831.27","1,856.54","1,865.32","1,809.93","5.05K","-1.36%"
"01/11/2024","1,856.54","1,829.43","1,868.58","1,826.77","936.75K","1.48%"
"01/10/2024","1,829.43","1,841.41","1,841.41","1,822.38","22.38K","-0.61%"
"01/09/2024","1,840.58","1,842.04","1,852.78","1,832.29","4.14K","-0.66%"
"01/08/2024","1,852.78","1,852.78","1,852.78","1,852.78","","0.00%"
"01/05/2024","1,852.78","1,869.85","1,877.17","1,842.04","18.29K","-0.91%"
"01/04/2024","1,869.85","1,881.07","1,945.39","1,869.85","12.18K","-3.88%"
"01/03/2024","1,945.39","1,945.39","1,945.39","1,945.39","12.40K","-1.40%"
"01/02/2024","1,972.98","1,972.98","1,972.98","1,972.98","12.49K","-1.12%"
"12/28/2023","1,995.23","1,995.23","1,995.23","1,995.23","23.74K","-0.62%"
"12/27/2023","2,007.62","1,991.53","2,009.09","1,964.21","15.05K","0.81%"
"12/26/2023","1,991.53","1,991.53","1,991.53","1,991.53","15.94K","2.49%"
"12/22/2023","1,943.13","1,992.72","1,992.72","1,899.69","92.73K","-2.49%"
"12/21/2023","1,992.72","1,968.42","1,997.99","1,889.00","10.60K","1.23%"
"12/20/2023","1,968.42","1,871.29","1,968.42","1,871.29","531.38K","5.19%"
"12/19/2023","1,871.29","1,871.92","1,871.92","1,781.57","20.21K","5.04%"
"12/18/2023","1,781.57","1,718.49","1,781.57","1,718.49","19.77K","1.32%"
"12/15/2023","1,758.45","1,812.84","1,812.84","1,750.45","864.82K","-3.00%"
"12/14/2023","1,812.84","1,762.25","1,813.87","1,762.25","12.42K","2.87%"
"12/13/2023","1,762.25","1,673.59","1,805.23","1,663.83","106.64K","5.30%"
"12/12/2023","1,673.59","1,666.97","1,724.01","1,653.05","45.09K","0.40%"
"12/11/2023","1,666.97","1,666.97","1,666.97","1,666.97","","0.00%"
"12/08/2023","1,666.97","1,652.09","1,690.46","1,643.22","38.79K","0.90%"
"12/07/2023","1,652.09","1,646.26","1,665.73","1,641.39","24.65K","0.35%"
"12/06/2023","1,646.26","1,642.36","1,651.14","1,640.90","35.50K","0.24%"
"12/05/2023","1,642.36","1,633.53","1,653.05","1,582.80","66.46K","1.71%"
"12/04/2023","1,614.80","1,614.80","1,614.80","1,614.80","13.53K","-0.41%"
"12/01/2023","1,621.39","1,619.20","1,637.25","1,611.64","6.81K","-0.40%"
"11/30/2023","1,627.98","1,646.52","1,646.52","1,627.98","0.89K","-0.53%"
"11/28/2023","1,636.69","1,660.01","1,666.35","1,636.69","11.12K","-1.78%"
"11/27/2023","1,666.35","1,647.42","1,672.30","1,647.42","3.42K","1.15%"
"11/24/2023","1,647.42","1,621.07","1,653.27","1,621.07","32.38K","1.63%"
"11/23/2023","1,621.07","1,633.12","1,635.28","1,615.21","261.51K","-0.74%"
"11/21/2023","1,633.12","1,607.58","1,646.05","1,588.39","27.99K","1.37%"
"11/20/2023","1,610.97","1,606.78","1,620.93","1,578.78","0.93K","0.26%"
"11/17/2023","1,606.78","1,614.22","1,616.66","1,601.71","5.78K","-0.46%"
"11/16/2023","1,614.22","1,620.24","1,627.15","1,611.78","10.61K","-0.79%"
"11/15/2023","1,627.15","1,618.85","1,627.15","1,618.85","3.50K","0.51%"
"11/14/2023","1,618.85","1,622.76","1,636.90","1,598.36","6.10K","-0.24%"
"11/13/2023","1,622.76","1,620.81","1,622.76","1,605.19","7.12K","0.12%"
"11/10/2023","1,620.81","1,629.10","1,629.10","1,599.83","24.45K","-0.42%"
"11/09/2023","1,627.66","1,610.86","1,661.81","1,610.86","24.94K","1.04%"
"11/08/2023","1,610.86","1,591.83","1,633.79","1,591.83","15.02K","0.48%"
"11/07/2023","1,603.13","1,603.13","1,620.61","1,603.13","12.44K","0.00%"
"11/06/2023","1,603.13","1,582.08","1,606.47","1,575.73","5.81K","1.46%"
"11/03/2023","1,580.08","1,580.08","1,580.08","1,580.08","","0.00%"
"11/02/2023","1,580.08","1,588.64","1,588.64","1,580.08","3.07K","-0.54%"
"11/01/2023","1,588.64","1,588.64","1,588.64","1,588.64","","0.00%"
"10/31/2023","1,588.64","1,588.64","1,588.64","1,588.64","441.37K","-0.79%"
"10/30/2023","1,601.27","1,646.08","1,662.18","1,601.27","108.32K","-0.66%"
"10/27/2023","1,611.92","1,652.66","1,652.66","1,607.27","88.88K","-2.47%"
"10/26/2023","1,652.66","1,627.55","1,683.74","1,613.89","173.93K","-1.85%"
"10/25/2023","1,683.74","1,715.84","1,730.76","1,619.36","28.30K","-1.87%"
"10/24/2023","1,715.84","1,716.98","1,719.16","1,715.84","39.55K","-0.19%"
"10/23/2023","1,719.16","1,722.14","1,741.48","1,710.21","32.11K","-0.17%"
"10/20/2023","1,722.14","1,751.76","1,756.57","1,717.11","24.48K","-1.69%"
"10/19/2023","1,751.76","1,779.22","1,779.22","1,730.93","14.21K","1.13%"
"10/18/2023","1,732.15","1,743.25","1,743.25","1,732.15","2.38K","-1.34%"
"10/17/2023","1,755.65","1,763.81","1,778.16","1,741.01","16.81K","-0.46%"
"10/16/2023","1,763.81","1,773.77","1,776.60","1,755.37","15.97K","-0.72%"
"10/13/2023","1,776.60","1,768.52","1,798.16","1,744.76","4.80K","0.46%"
"10/12/2023","1,768.52","1,768.13","1,791.38","1,762.76","61.23K","-1.28%"
"10/11/2023","1,791.38","1,799.97","1,799.97","1,774.47","27.42K","-0.48%"
"10/10/2023","1,799.97","1,825.29","1,827.97","1,791.87","33.86K","-1.53%"
"10/09/2023","1,827.97","1,796.03","1,834.29","1,795.06","42.12K","1.83%"
"10/06/2023","1,795.06","1,819.45","1,819.45","1,795.06","11.50K","-0.39%"
"10/05/2023","1,802.12","1,797.90","1,812.73","1,796.95","33.62K","0.23%"
"10/04/2023","1,797.90","1,798.20","1,808.41","1,789.42","37.68K","0.47%"
"10/03/2023","1,789.42","1,765.83","1,790.54","1,721.44","24.35K","1.34%"
"10/02/2023","1,765.83","1,765.83","1,765.83","1,765.83","142.49K","-0.75%"
"09/29/2023","1,779.15","1,777.34","1,786.54","1,766.54","12.93K","0.10%"
"09/28/2023","1,777.34","1,784.66","1,784.66","1,777.34","0.05K","-0.41%"
"09/26/2023","1,784.66","1,765.96","1,802.88","1,765.96","9.00K","0.89%"
"09/25/2023","1,768.89","1,815.99","1,815.99","1,766.94","4.05K","-2.59%"
"09/22/2023","1,815.99","1,767.04","1,822.55","1,767.04","52.16K","2.77%"
"09/21/2023","1,767.04","1,769.47","1,790.29","1,726.74","24.92K","-0.14%"
"09/20/2023","1,769.47","1,773.93","1,791.97","1,754.38","46.76K","-1.26%"
"09/19/2023","1,791.97","1,795.52","1,810.36","1,764.73","50.66K","-0.20%"
"09/18/2023","1,795.52","1,814.77","1,815.25","1,789.38","16.49K","0.34%"
"09/15/2023","1,789.38","1,780.10","1,815.55","1,766.16","74.70K","0.52%"
"09/14/2023","1,780.10","1,800.59","1,800.59","1,741.63","358.52K","0.68%"
"09/13/2023","1,768.07","1,772.87","1,787.78","1,737.80","19.21K","-0.27%"
"09/12/2023","1,772.87","1,783.27","1,785.71","1,746.36","12.03K","-0.58%"
"09/11/2023","1,783.27","1,779.49","1,808.95","1,774.12","9.02K","-1.42%"
"09/08/2023","1,808.95","1,790.75","1,829.05","1,790.75","163.63K","1.02%"
"09/07/2023","1,790.75","1,778.31","1,797.19","1,778.31","25.41K","-0.36%"
"09/06/2023","1,797.19","1,816.85","1,816.85","1,758.14","200.34K","-1.08%"
"09/05/2023","1,816.85","1,822.22","1,836.86","1,809.54","5.38K","-0.29%"
"09/04/2023","1,822.22","1,793.17","1,834.42","1,793.07","7.85K","1.63%"
"09/01/2023","1,793.07","1,823.12","1,824.22","1,784.17","9.65K","-1.65%"
"08/31/2023","1,823.12","1,799.20","1,823.12","1,792.53","31.66K","1.33%"
"08/30/2023","1,799.20","1,799.51","1,812.83","1,793.14","47.18K","-0.02%"
"08/29/2023","1,799.51","1,802.96","1,818.53","1,783.94","68.96K","-1.05%"
"08/28/2023","1,818.53","1,815.86","1,839.58","1,815.86","51.95K","-1.14%"
"08/25/2023","1,839.58","1,833.57","1,839.58","1,832.85","528.21K","0.33%"
"08/24/2023","1,833.57","1,808.99","1,837.69","1,803.39","54.03K","1.36%"
"08/23/2023","1,808.99","1,809.27","1,816.05","1,777.19","70.91K","-0.02%"
"08/22/2023","1,809.27","1,815.96","1,818.62","1,781.81","5.27K","-0.37%"
"08/21/2023","1,815.96","1,812.32","1,820.79","1,808.42","8.27K","0.17%"
"08/18/2023","1,812.96","1,798.56","1,821.32","1,798.56","11.81K","0.80%"
"08/17/2023","1,798.56","1,826.20","1,826.20","1,791.88","51.06K","-1.51%"
"08/16/2023","1,826.20","1,814.81","1,829.12","1,792.44","168.08K","0.63%"
"08/14/2023","1,814.81","1,830.93","1,830.93","1,804.10","19.90K","-0.88%"
"08/11/2023","1,830.93","1,771.31","1,833.37","1,764.39","234.03K","1.14%"
"08/10/2023","1,810.30","1,808.83","1,810.30","1,808.83","176.84K","-0.28%"
"08/09/2023","1,815.33","1,811.82","1,830.85","1,811.82","58.16K","-0.34%"
"08/08/2023","1,821.60","1,809.38","1,830.31","1,802.07","10.09K","1.58%"
"08/03/2023","1,793.28","1,798.29","1,798.29","1,747.92","65.96K","-0.28%"
"08/02/2023","1,798.29","1,811.91","1,813.87","1,791.42","81.28K","-0.75%"
"08/01/2023","1,811.91","1,792.40","1,811.91","1,791.42","14.19K","1.09%"
"07/31/2023","1,792.40","1,786.18","1,792.40","1,786.18","50.42K","0.35%"
"07/28/2023","1,786.18","1,779.17","1,787.16","1,775.57","9.89K","0.39%"
"07/27/2023","1,779.17","1,774.09","1,803.57","1,762.87","101.88K","0.29%"
"07/26/2023","1,774.09","1,740.08","1,776.84","1,733.87","93.20K","0.66%"
"07/25/2023","1,762.40","1,762.40","1,762.40","1,762.40","38.84K","2.34%"
"07/24/2023","1,722.14","1,690.97","1,734.00","1,690.97","18.71K","1.84%"
"07/21/2023","1,690.97","1,694.93","1,704.68","1,684.26","38.40K","-0.23%"
"07/20/2023","1,694.93","1,690.17","1,694.93","1,690.17","20.86K","0.28%"
"07/18/2023","1,690.17","1,658.78","1,716.58","1,657.34","55.76K","1.98%"
"07/17/2023","1,657.34","1,657.34","1,657.34","1,657.34","3.45K","-0.06%"
"07/14/2023","1,658.35","1,635.87","1,684.54","1,635.87","39.56K","1.37%"
"07/13/2023","1,635.87","1,635.87","1,635.87","1,635.87","51.20K","-1.15%"
"07/12/2023","1,654.92","1,693.29","1,740.44","1,654.92","47.95K","-4.91%"
"07/11/2023","1,740.44","1,741.00","1,741.98","1,717.59","110.46K","1.33%"
"07/10/2023","1,717.59","1,718.15","1,723.78","1,700.27","20.55K","0.31%"
"07/07/2023","1,712.29","1,736.71","1,736.71","1,712.29","2.73K","-2.20%"
"07/06/2023","1,750.86","1,732.81","1,750.86","1,732.81","3.94K","0.53%"
"07/05/2023","1,741.59","1,732.07","1,776.40","1,732.07","5.57K","-1.95%"
"07/04/2023","1,776.16","1,738.09","1,779.89","1,738.09","11.03K","2.19%"
"07/03/2023","1,738.09","1,748.36","1,748.36","1,722.33","25.11K","0.91%"
"06/27/2023","1,722.33","1,728.19","1,728.19","1,701.84","3.42K","1.20%"
"06/26/2023","1,701.84","1,701.84","1,701.84","1,701.84","30.12K","-0.74%"
"06/23/2023","1,714.59","1,714.59","1,714.59","1,714.59","17.97K","0.48%"
"06/22/2023","1,706.46","1,710.85","1,712.95","1,706.46","8.64K","-7.17%"
"06/15/2023","1,838.37","1,836.51","1,838.37","1,836.51","34.34K","0.65%"
"06/14/2023","1,826.56","1,839.24","1,839.24","1,826.56","41.48K","-0.89%"
"06/13/2023","1,843.00","1,843.00","1,843.00","1,843.00","32.01K","-1.02%"
"06/12/2023","1,862.00","1,862.00","1,862.00","1,862.00","22.00K","1.53%"
"06/09/2023","1,834.03","1,831.43","1,849.30","1,818.09","37.53K","0.14%"
"06/08/2023","1,831.43","1,831.43","1,831.43","1,831.43","25.75K","2.96%"
"06/07/2023","1,778.80","1,767.09","1,782.41","1,762.70","16.54K","-0.20%"
"06/06/2023","1,782.41","1,782.41","1,782.41","1,782.41","43.72K","-1.39%"
"06/05/2023","1,807.52","1,807.52","1,807.52","1,807.52","11.50K","-1.25%"
"06/02/2023","1,830.40","1,822.08","1,832.35","1,821.96","44.89K","0.46%"
"06/01/2023","1,821.96","1,843.42","1,844.39","1,794.78","59.12K","-1.22%"
"05/31/2023","1,844.39","1,815.73","1,844.39","1,815.73","1.00K","1.58%"
"05/30/2023","1,815.73","1,851.53","1,851.97","1,811.12","25.62K","-1.93%"
"05/29/2023","1,851.53","1,851.53","1,851.53","1,851.53","12.89K","-0.07%"
"05/26/2023","1,852.87","1,834.61","1,857.75","1,817.54","4.69K","1.00%"
"05/24/2023","1,834.61","1,834.61","1,834.61","1,834.61","22.60K","-1.47%"
"05/23/2023","1,862.05","1,808.58","1,870.74","1,808.58","29.91K","2.56%"
"05/22/2023","1,815.63","1,815.63","1,815.63","1,815.63","109.56K","1.51%"
"05/19/2023","1,788.68","1,804.22","1,822.51","1,777.87","12.26K","-0.86%"
"05/18/2023","1,804.22","1,809.58","1,809.58","1,798.85","46.05K","0.30%"
"05/17/2023","1,798.85","1,752.90","1,798.85","1,752.90","9.82K","2.62%"
"05/16/2023","1,752.90","1,788.01","1,788.56","1,750.76","25.39K","-1.96%"
"05/15/2023","1,788.01","1,788.01","1,788.01","1,788.01","43.06K","1.50%"
"05/12/2023","1,761.63","1,754.15","1,785.62","1,751.29","22.56K","0.43%"
"05/11/2023","1,754.15","1,754.15","1,754.15","1,754.15","295.91K","-0.31%"
"05/10/2023","1,759.60","1,781.58","1,800.12","1,746.53","32.48K","-2.25%"
"05/09/2023","1,800.12","1,810.29","1,810.29","1,789.36","1.32K","0.60%"
"05/08/2023","1,789.36","1,802.61","1,831.41","1,767.97","52.84K","-2.30%"
"05/05/2023","1,831.41","1,850.35","1,850.35","1,797.32","11.29K","-1.02%"
"05/04/2023","1,850.35","1,837.88","1,854.50","1,793.52","9.93K","0.68%"
"05/03/2023","1,837.88","1,837.88","1,837.88","1,837.88","31.73K","-2.12%"
"05/02/2023","1,877.67","1,877.67","1,877.67","1,877.67","17.00K","-0.11%"
"04/28/2023","1,879.74","1,889.86","1,889.86","1,878.62","9.57K","-0.54%"
"04/27/2023","1,889.86","1,881.70","1,899.62","1,873.88","28.03K","0.11%"
"04/26/2023","1,887.70","1,889.68","1,899.24","1,879.43","10.29K","-0.10%"
"04/25/2023","1,889.68","1,889.68","1,889.68","1,889.68","15.18K","-1.27%"
"04/20/2023","1,914.03","1,874.02","1,938.23","1,859.39","36.27K","2.14%"
"04/19/2023","1,874.02","1,873.05","1,901.46","1,873.05","13.87K","-1.44%"
"04/18/2023","1,901.46","1,878.88","1,901.95","1,865.83","15.43K","1.20%"
"04/13/2023","1,878.88","1,846.14","1,884.36","1,846.14","2.44K","0.79%"
"04/12/2023","1,864.22","1,859.63","1,893.34","1,838.65","52.76K","0.25%"
"04/11/2023","1,859.63","1,834.89","1,902.97","1,834.89","16.67K","-1.14%"
"04/06/2023","1,881.15","1,884.73","1,899.86","1,871.39","15.27K","-0.19%"
"04/05/2023","1,884.73","1,846.32","1,884.73","1,846.32","9.94K","1.57%"
"04/04/2023","1,855.59","1,886.88","1,886.88","1,809.63","68.01K","-1.66%"
"04/03/2023","1,886.88","1,840.78","1,886.88","1,820.37","21.72K","2.50%"
"03/31/2023","1,840.78","1,867.30","1,923.34","1,822.35","97.60K","-1.65%"
"03/30/2023","1,871.68","1,877.48","1,926.27","1,852.43","34.76K","-0.31%"
"03/29/2023","1,877.48","1,837.95","1,877.80","1,816.71","32.26K","2.15%"
"03/28/2023","1,837.95","1,800.16","1,892.50","1,800.16","57.79K","2.10%"
"03/27/2023","1,800.16","1,800.16","1,836.01","1,784.79","31.94K","0.00%"
"03/24/2023","1,800.16","1,828.23","1,828.23","1,788.54","100.28K","-1.54%"
"03/23/2023","1,828.23","1,832.62","1,832.62","1,828.23","13.31K","-0.24%"
"03/22/2023","1,832.62","1,906.11","1,906.11","1,712.92","63.20K","-3.86%"
"03/21/2023","1,906.11","1,955.99","1,960.87","1,875.30","30.27K","-2.79%"
"03/20/2023","1,960.87","2,016.78","2,016.78","1,912.53","72.88K","-2.77%"
"03/17/2023","2,016.78","2,172.16","2,175.08","2,012.02","62.33K","-7.15%"
"03/16/2023","2,172.16","1,994.97","2,211.92","1,994.97","25.98K","8.88%"
"03/15/2023","1,994.97","1,891.21","1,994.97","1,871.70","37.94K","6.59%"
"03/14/2023","1,871.70","1,767.59","1,879.62","1,765.79","30.38K","5.89%"
"03/13/2023","1,767.59","1,729.67","1,767.59","1,729.32","35.09K","2.19%"
"03/10/2023","1,729.67","1,763.91","1,763.91","1,725.96","42.91K","-1.94%"
"03/09/2023","1,763.91","1,763.91","1,763.91","1,763.91","107.48K","0.18%"
"03/08/2023","1,760.68","1,760.68","1,760.68","1,760.68","30.96K","1.69%"
"03/07/2023","1,731.35","1,740.93","1,753.79","1,721.10","66.00K","-0.07%"
"03/06/2023","1,732.64","1,743.97","1,760.45","1,721.42","12.80K","-0.65%"
"03/03/2023","1,743.97","1,708.87","1,769.37","1,673.56","32.24K","2.05%"
"03/02/2023","1,708.87","1,722.12","1,722.12","1,659.70","14.21K","2.96%"
"03/01/2023","1,659.70","1,616.62","1,700.16","1,590.13","15.73K","4.37%"
"02/28/2023","1,590.13","1,590.13","1,590.13","1,590.13","20.62K","2.76%"
"02/27/2023","1,547.37","1,547.37","1,547.37","1,547.37","8.90K","-0.56%"
"02/24/2023","1,556.13","1,556.13","1,556.13","1,556.13","45.71K","0.09%"
"02/23/2023","1,554.72","1,554.72","1,554.72","1,554.72","3.41K","2.17%"
"02/22/2023","1,521.64","1,521.64","1,521.64","1,521.64","18.45K","0.94%"
"02/21/2023","1,507.42","1,507.42","1,507.42","1,507.42","0.29K","-0.26%"
"02/20/2023","1,511.35","1,511.35","1,511.35","1,511.35","4.13K","0.58%"
"02/17/2023","1,502.57","1,502.57","1,502.57","1,502.57","1.83K","0.16%"
"02/16/2023","1,500.22","1,500.22","1,500.22","1,500.22","15.25K","1.98%"
"02/15/2023","1,471.03","1,471.03","1,471.03","1,471.03","7.64K","-0.42%"
"02/13/2023","1,477.27","1,477.27","1,477.27","1,477.27","3.16K","0.47%"
"02/10/2023","1,470.37","1,470.37","1,470.37","1,470.37","50.61K","0.08%"
"02/08/2023","1,469.24","1,469.24","1,469.24","1,469.24","18.71K","-0.28%"
"02/07/2023","1,473.40","1,473.40","1,473.40","1,473.40","1.95K","0.25%"
"02/06/2023","1,469.79","1,469.79","1,469.79","1,469.79","15.48K","0.01%"
"02/03/2023","1,469.62","1,469.62","1,469.62","1,469.62","34.86K","0.15%"
"02/02/2023","1,467.35","1,467.35","1,467.35","1,467.35","96.31K","0.93%"
"02/01/2023","1,453.89","1,453.89","1,453.89","1,453.89","50.46K","-0.40%"
"01/31/2023","1,459.73","1,459.73","1,459.73","1,459.73","80.77K","0.82%"
"01/27/2023","1,447.79","1,447.79","1,447.79","1,447.79","58.39K","-0.51%"
"01/26/2023","1,455.20","1,455.20","1,455.20","1,455.20","65.67K","0.77%"
"01/25/2023","1,444.03","1,444.03","1,444.03","1,444.03","8.13K","-0.09%"
"01/24/2023","1,445.37","1,445.37","1,445.37","1,445.37","11.62K","0.56%"
"01/23/2023","1,437.27","1,437.27","1,437.27","1,437.27","106.62K","0.99%"
"01/20/2023","1,423.11","1,423.11","1,423.11","1,423.11","47.87K","-0.38%"
"01/19/2023","1,428.58","1,428.58","1,428.58","1,428.58","20.90K","-0.38%"
"01/18/2023","1,434.03","1,434.03","1,434.03","1,434.03","30.34K","0.57%"
"01/17/2023","1,425.96","1,425.96","1,425.96","1,425.96","69.33K","0.11%"
"01/16/2023","1,424.40","1,424.40","1,424.40","1,424.40","30.43K","0.35%"
"01/13/2023","1,419.47","1,419.47","1,419.47","1,419.47","46.38K","-0.07%"
"01/12/2023","1,420.41","1,420.41","1,420.41","1,420.41","23.93M","1.53%"
"01/11/2023","1,399.04","1,399.04","1,399.04","1,399.04","24.07K","0.34%"
"01/10/2023","1,394.28","1,394.28","1,394.28","1,394.28","27.90K","2.47%"
"01/09/2023","1,360.68","1,360.68","1,360.68","1,360.68","24.26K","-2.43%"
"01/05/2023","1,394.59","1,394.59","1,394.59","1,394.59","15.75K","-0.10%"
"01/04/2023","1,396.03","1,396.03","1,396.03","1,396.03","32.40K","0.88%"
"01/03/2023","1,383.91","1,383.91","1,383.91","1,383.91","20.26K","-1.87%"
"12/29/2022","1,410.28","1,386.67","1,410.28","1,346.77","90.06K","4.72%"
"12/28/2022","1,346.77","1,384.10","1,384.10","1,325.46","19.46K","-2.12%"
"12/23/2022","1,375.97","1,354.81","1,388.68","1,352.40","126.97K","1.56%"
"12/22/2022","1,354.81","1,332.39","1,356.88","1,330.22","21.66K","1.68%"
"12/21/2022","1,332.39","1,326.83","1,332.39","1,314.34","33.87K","0.42%"
"12/20/2022","1,326.83","1,320.19","1,326.83","1,305.75","23.60K","1.61%"
"12/19/2022","1,305.75","1,303.17","1,305.75","1,290.97","4.95K","0.20%"
"12/16/2022","1,303.17","1,302.04","1,313.90","1,290.48","16.66K","0.09%"
"12/15/2022","1,302.04","1,286.53","1,304.09","1,286.53","43.43K","1.21%"
"12/14/2022","1,286.53","1,302.33","1,302.33","1,286.53","598.70K","-1.21%"
"12/13/2022","1,302.33","1,307.99","1,307.99","1,301.21","12.59K","-0.43%"
"12/12/2022","1,307.99","1,304.63","1,320.97","1,278.53","18.09K","0.26%"
"12/09/2022","1,304.63","1,292.23","1,306.58","1,289.79","13.97K","0.96%"
"12/08/2022","1,292.23","1,299.29","1,302.16","1,270.03","153.83K","-0.54%"
"12/07/2022","1,299.29","1,283.60","1,299.29","1,283.60","33.96K","1.17%"
"12/06/2022","1,284.32","1,290.40","1,300.65","1,282.38","410.66K","-0.47%"
"12/05/2022","1,290.40","1,291.99","1,299.33","1,283.08","50.50K","-0.69%"
"12/02/2022","1,299.33","1,299.83","1,306.12","1,297.88","353.83K","-0.04%"
"12/01/2022","1,299.83","1,298.50","1,300.44","1,285.41","17.37K","0.10%"
"11/30/2022","1,298.50","1,312.11","1,312.11","1,289.01","163.10K","-1.04%"
"11/29/2022","1,312.11","1,317.01","1,317.01","1,296.03","30.33K","-0.37%"
"11/28/2022","1,317.01","1,316.59","1,327.81","1,309.67","24.79K","-0.81%"
"11/25/2022","1,327.81","1,315.78","1,349.93","1,315.78","61.91K","-0.79%"
"11/24/2022","1,338.32","1,334.61","1,350.08","1,311.54","106.49K","-0.68%"
"11/23/2022","1,347.49","1,333.13","1,353.93","1,333.13","39.26K","1.08%"
"11/21/2022","1,333.13","1,354.31","1,354.60","1,333.13","7.90K","-1.56%"
"11/18/2022","1,354.31","1,340.40","1,360.09","1,332.77","29.39K","1.04%"
"11/17/2022","1,340.40","1,333.09","1,341.38","1,326.26","254.48K","0.55%"
"11/16/2022","1,333.09","1,346.96","1,346.96","1,333.09","12.74K","-1.03%"
"11/15/2022","1,346.96","1,344.39","1,346.96","1,330.73","27.84K","0.19%"
"11/14/2022","1,344.39","1,337.24","1,344.39","1,330.90","3.48K","0.53%"
"11/11/2022","1,337.24","1,337.97","1,352.56","1,330.17","21.36K","-1.13%"
"11/10/2022","1,352.56","1,342.43","1,356.95","1,342.43","15.46K","0.75%"
"11/09/2022","1,342.43","1,341.13","1,342.43","1,329.25","16.42K","0.10%"
"11/08/2022","1,341.13","1,344.11","1,344.11","1,339.66","12.27K","-0.22%"
"11/07/2022","1,344.11","1,338.73","1,345.77","1,330.93","18.91K","0.40%"
"11/04/2022","1,338.73","1,347.95","1,349.76","1,313.53","20.31K","-0.68%"
"11/03/2022","1,347.95","1,358.54","1,360.97","1,322.01","88.52K","1.96%"
"11/02/2022","1,322.01","1,304.42","1,322.62","1,304.42","4.70K","1.35%"
"11/01/2022","1,304.42","1,304.39","1,391.72","1,291.83","22.12K","0.00%"
"10/31/2022","1,304.39","1,281.74","1,312.66","1,281.74","4.83K","0.50%"
"10/28/2022","1,297.92","1,266.07","1,305.31","1,266.07","53.57K","2.52%"
"10/27/2022","1,266.07","1,272.20","1,288.30","1,266.07","1.70M","-1.73%"
"10/26/2022","1,288.30","1,261.58","1,288.30","1,259.96","97.78K","2.12%"
"10/25/2022","1,261.58","1,271.66","1,271.66","1,261.58","201.08K","-0.79%"
"10/24/2022","1,271.66","1,267.39","1,271.66","1,261.69","20.93K","0.34%"
"10/21/2022","1,267.39","1,270.83","1,282.51","1,266.58","25.10K","-0.27%"
"10/20/2022","1,270.83","1,287.18","1,287.30","1,270.83","28.52K","-1.27%"
"10/19/2022","1,287.18","1,274.78","1,287.18","1,274.78","17.77K","0.86%"
"10/18/2022","1,276.24","1,272.37","1,278.71","1,272.37","17.36K","-0.19%"
"10/17/2022","1,278.63","1,291.51","1,291.51","1,278.59","46.05K","-1.00%"
"10/14/2022","1,291.51","1,283.52","1,307.52","1,280.98","27.97K","0.62%"
"10/13/2022","1,283.52","1,300.74","1,300.74","1,283.52","32.60K","0.62%"
"10/12/2022","1,275.59","1,280.59","1,280.59","1,260.46","14.79K","1.20%"
"10/11/2022","1,260.46","1,296.54","1,296.54","1,251.41","10.56K","-0.19%"
"10/07/2022","1,262.88","1,252.73","1,262.88","1,252.73","6.70K","0.81%"
"10/06/2022","1,252.73","1,238.72","1,253.04","1,238.72","35.93K","1.13%"
"10/05/2022","1,238.72","1,235.65","1,243.45","1,232.21","56.68K","0.53%"
"10/04/2022","1,232.21","1,250.92","1,250.92","1,215.11","18.91K","-1.50%"
"10/03/2022","1,250.92","1,245.83","1,255.05","1,236.00","5.74K","0.41%"
"09/30/2022","1,245.83","1,255.69","1,269.16","1,213.74","49.52K","-0.79%"
"09/29/2022","1,255.69","1,277.82","1,305.14","1,255.69","39.15K","-3.79%"
"09/28/2022","1,305.14","1,312.92","1,321.17","1,305.14","32.86K","-0.59%"
"09/27/2022","1,312.92","1,333.72","1,333.72","1,307.14","3.94M","-1.56%"
"09/26/2022","1,333.72","1,345.92","1,371.77","1,329.82","9.30K","-0.91%"
"09/23/2022","1,345.92","1,336.92","1,360.41","1,336.92","8.13K","0.67%"
"09/22/2022","1,336.92","1,380.68","1,380.68","1,336.92","27.87K","-2.61%"
"09/16/2022","1,372.70","1,350.94","1,381.85","1,350.94","24.52K","1.61%"
"09/15/2022","1,350.94","1,338.28","1,370.84","1,338.28","48.19K","1.20%"
"09/14/2022","1,334.95","1,338.70","1,338.70","1,329.43","74.01K","-0.28%"
"09/13/2022","1,338.70","1,306.54","1,338.70","1,302.00","37.89K","2.82%"
"09/12/2022","1,302.00","1,260.53","1,304.59","1,254.68","11.59K","3.29%"
"09/09/2022","1,260.53","1,227.89","1,263.56","1,227.89","29.43K","1.80%"
"09/08/2022","1,238.24","1,172.07","1,241.72","1,172.07","29.26K","5.65%"
"09/07/2022","1,172.07","1,149.69","1,179.77","1,149.69","34.07K","1.95%"
"09/06/2022","1,149.69","1,168.74","1,168.74","1,106.61","57.12K","-1.63%"
"09/05/2022","1,168.74","1,212.06","1,212.06","1,168.74","131.27K","-3.57%"
"09/02/2022","1,212.06","1,242.79","1,270.86","1,212.06","44.54K","-4.63%"
"09/01/2022","1,270.86","1,286.82","1,298.99","1,270.86","40.97K","-2.17%"
"08/31/2022","1,298.99","1,314.02","1,317.43","1,297.89","44.24K","-1.40%"
"08/30/2022","1,317.43","1,317.43","1,317.43","1,317.43","46.09K","-1.84%"
"08/26/2022","1,342.19","1,361.46","1,376.59","1,342.19","39.64K","-1.42%"
"08/25/2022","1,361.46","1,355.85","1,374.07","1,342.68","17.99K","0.35%"
"08/24/2022","1,356.68","1,366.97","1,366.97","1,338.41","23.96K","-0.75%"
"08/23/2022","1,366.97","1,381.91","1,381.91","1,357.12","20.95K","-0.76%"
"08/22/2022","1,377.46","1,374.28","1,381.61","1,362.97","27.34K","-0.09%"
"08/19/2022","1,378.72","1,378.86","1,389.52","1,377.40","42.26K","-0.01%"
"08/18/2022","1,378.86","1,381.91","1,381.91","1,378.86","43.33K","-0.22%"
"08/17/2022","1,381.91","1,380.45","1,393.01","1,380.45","6.30K","-0.80%"
"08/16/2022","1,393.01","1,397.59","1,397.59","1,389.66","16.96K","0.24%"
"08/12/2022","1,389.66","1,377.68","1,389.69","1,373.24","24.84K","0.51%"
"08/11/2022","1,382.56","1,385.20","1,392.09","1,377.99","61.83K","-0.19%"
"08/10/2022","1,385.20","1,379.67","1,390.38","1,376.30","23.10K","-0.02%"
"08/08/2022","1,385.52","1,381.50","1,389.74","1,377.59","46.60K","0.58%"
"08/05/2022","1,377.59","1,392.23","1,392.23","1,377.59","33.14K","-1.05%"
"08/03/2022","1,392.23","1,392.23","1,392.23","1,392.23","186.38K","-0.27%"
"08/02/2022","1,395.94","1,380.42","1,395.94","1,368.84","109.79K","1.30%"
"08/01/2022","1,377.98","1,384.99","1,386.58","1,377.35","39.32K","-0.33%"
"07/29/2022","1,382.56","1,376.22","1,391.75","1,372.73","33.95K","0.46%"
"07/28/2022","1,376.22","1,386.17","1,391.88","1,369.19","266.33K","-0.72%"
"07/27/2022","1,386.17","1,389.10","1,397.28","1,386.17","77.04K","-0.80%"
"07/26/2022","1,397.28","1,404.66","1,404.66","1,397.28","77.04K","-0.53%"
"07/25/2022","1,404.66","1,415.28","1,415.28","1,390.93","228.39K","-0.75%"
"07/22/2022","1,415.28","1,415.28","1,415.28","1,415.28","29.35K","0.00%"
"07/21/2022","1,415.28","1,415.28","1,416.24","1,415.28","29.35K","-0.07%"
"07/20/2022","1,416.24","1,416.24","1,416.24","1,416.24","9.16K","0.07%"
"07/19/2022","1,415.28","1,409.48","1,415.28","1,409.48","29.35K","0.41%"
"07/18/2022","1,409.48","1,471.04","1,471.04","1,409.48","31.08K","-4.19%"
"07/15/2022","1,471.04","1,471.04","1,471.04","1,471.04","124.32K","0.00%"
"07/14/2022","1,471.04","1,471.04","1,471.04","1,471.04","124.32K","0.00%"
"07/08/2022","1,471.04","1,449.91","1,471.04","1,449.91","124.32K","1.46%"
"07/07/2022","1,449.91","1,449.91","1,449.91","1,449.91","29.04K","0.00%"
"07/05/2022","1,449.91","1,449.91","1,449.91","1,449.91","29.04K","0.58%"
"07/04/2022","1,441.50","1,441.50","1,441.50","1,441.50","","0.00%"
"07/01/2022","1,441.50","1,441.50","1,441.50","1,441.50","301.45K","3.28%"
"06/30/2022","1,395.66","1,395.66","1,395.66","1,395.66","51.01K","-2.30%"
"06/29/2022","1,428.53","1,428.53","1,428.53","1,428.53","34.66K","0.00%"
"06/28/2022","1,428.53","1,419.20","1,442.13","1,395.49","34.66K","0.21%"
"06/27/2022","1,425.54","1,425.54","1,425.54","1,425.54","13.58K","-0.41%"
"06/24/2022","1,431.44","1,466.71","1,471.04","1,431.44","45.54K","-2.40%"
"06/23/2022","1,466.71","1,466.71","1,466.71","1,466.71","91.01K","0.00%"
"06/22/2022","1,466.71","1,466.71","1,466.71","1,466.71","91.01K","0.00%"
"06/21/2022","1,466.71","1,466.71","1,466.71","1,466.71","91.01K","0.00%"
"06/20/2022","1,466.71","1,466.71","1,466.71","1,466.71","91.01K","0.00%"
"06/17/2022","1,466.71","1,466.71","1,466.71","1,466.71","91.01K","0.00%"
"06/16/2022","1,466.71","1,466.71","1,466.71","1,466.71","91.01K","-0.29%"
"06/15/2022","1,471.04","1,471.04","1,471.04","1,471.04","124.32K","0.00%"
"06/14/2022","1,471.04","1,471.04","1,471.04","1,471.04","124.32K","0.00%"
"06/13/2022","1,471.04","1,471.22","1,471.22","1,471.04","40.88K","-0.01%"
"06/10/2022","1,471.22","1,456.39","1,471.22","1,456.39","40.88K","1.02%"
"06/09/2022","1,456.39","1,456.39","1,456.39","1,456.39","18.40K","0.00%"
"06/08/2022","1,456.39","1,456.39","1,456.39","1,456.39","18.40K","-0.69%"
"06/07/2022","1,466.49","1,466.49","1,466.49","1,466.49","74.55K","-0.53%"
"06/06/2022","1,474.23","1,474.23","1,474.23","1,474.23","33.34K","0.86%"
"06/03/2022","1,461.59","1,461.59","1,461.59","1,461.59","103.05K","-0.05%"
"06/02/2022","1,462.27","1,462.27","1,462.27","1,462.27","55.44K","-2.07%"
"06/01/2022","1,493.15","1,493.15","1,493.15","1,493.15","157.70K","3.85%"
"05/31/2022","1,437.77","1,437.77","1,437.77","1,437.77","146.59K","1.28%"
"05/30/2022","1,419.59","1,419.59","1,419.59","1,419.59","95.35K","-4.39%"
"05/27/2022","1,484.72","1,484.72","1,484.72","1,484.72","187.34K","5.23%"
"05/26/2022","1,410.90","1,410.90","1,410.90","1,410.90","139.47K","-0.91%"
"05/24/2022","1,423.91","1,423.91","1,423.91","1,423.91","167.00K","37.05%"
"05/23/2022","1,038.96","1,038.96","1,038.96","1,038.96","38.92K","0.00%"
"05/20/2022","1,038.96","1,038.96","1,038.96","1,038.96","38.92K","-10.46%"
"05/19/2022","1,160.31","1,160.31","1,160.31","1,160.31","130.08K","6.69%"
"05/18/2022","1,087.52","1,087.52","1,087.52","1,087.52","36.85K","1.14%"
"05/17/2022","1,075.30","1,075.30","1,075.30","1,075.30","36.96K","-0.10%"
"05/16/2022","1,076.39","1,076.39","1,076.39","1,076.39","27.94K","1.01%"
"05/13/2022","1,065.68","1,065.68","1,065.68","1,065.68","134.24K","0.27%"
"05/12/2022","1,062.84","1,062.84","1,062.84","1,062.84","109.82K","-1.18%"
"05/11/2022","1,075.54","1,075.54","1,075.54","1,075.54","45.21K","1.42%"
"05/10/2022","1,060.51","1,060.51","1,060.51","1,060.51","81.66K","1.98%"
"05/09/2022","1,039.91","1,039.91","1,039.91","1,039.91","58.47K","0.09%"
"05/06/2022","1,038.96","1,038.96","1,038.96","1,038.96","38.92K","0.60%"
"05/05/2022","1,032.76","1,032.76","1,032.76","1,032.76","9.48K","0.48%"
"04/29/2022","1,027.87","1,027.87","1,027.87","1,027.87","740.23K","-1.64%"
"04/28/2022","1,044.99","1,044.99","1,044.99","1,044.99","108.53K","2.41%"
"04/27/2022","1,020.42","1,020.42","1,020.42","1,020.42","34.03K","-1.20%"
"04/26/2022","1,032.77","1,032.77","1,032.77","1,032.77","96.76K","3.10%"
"04/21/2022","1,001.67","1,001.67","1,001.67","1,001.67","163.20K","1.04%"
"04/20/2022","991.37","991.37","991.37","991.37","270.45K","-0.29%"
"04/19/2022","994.29","994.29","994.29","994.29","88.84K","1.50%"
"04/14/2022","979.60","979.60","979.60","979.60","114.92K","0.00%"
"04/13/2022","979.60","979.60","979.60","979.60","114.92K","0.00%"
"04/12/2022","979.60","979.60","979.60","979.60","114.92K","0.00%"
"04/08/2022","979.60","979.60","979.60","979.60","114.92K","0.00%"
"04/07/2022","979.60","979.60","979.60","979.60","114.92K","0.00%"
"04/06/2022","979.60","979.60","979.60","979.60","114.92K","0.00%"
"04/01/2022","979.60","979.60","979.60","979.60","114.92K","0.00%"
"03/31/2022","979.60","979.60","979.60","979.60","114.92K","1.19%"
"03/30/2022","968.07","968.07","968.07","968.07","70.44K","0.00%"
"03/29/2022","968.07","968.07","968.07","968.07","70.44K","0.00%"
"03/28/2022","968.07","968.07","968.07","968.07","70.44K","0.28%"
"03/23/2022","965.39","965.39","965.39","965.39","239.34K","-1.78%"
"03/22/2022","982.89","982.89","982.89","982.89","7.04K","0.73%"
"03/21/2022","975.78","975.78","975.78","975.78","","0.00%"
"03/18/2022","975.78","975.78","975.78","975.78","","0.00%"
"03/17/2022","975.78","975.78","975.78","975.78","","0.00%"
"03/16/2022","975.78","975.78","975.78","975.78","","0.00%"
"03/15/2022","975.78","959.77","981.78","959.77","53.51K","0.35%"
"03/14/2022","972.38","972.38","972.38","972.38","10.64K","1.16%"
"03/10/2022","961.24","961.24","961.24","961.24","74.80K","-0.19%"
"03/08/2022","963.12","963.12","963.12","963.12","36.13K","1.42%"
"03/07/2022","949.64","949.64","949.64","949.64","12.02K","-0.95%"
"03/04/2022","958.75","958.75","958.75","958.75","65.63K","0.00%"
"03/03/2022","958.75","958.75","958.75","958.75","65.63K","1.04%"
"03/02/2022","948.87","948.87","948.87","948.87","4.92K","-0.23%"
"03/01/2022","951.05","951.05","951.05","951.05","","0.00%"
"02/28/2022","951.05","951.05","951.05","951.05","213.34K","-0.13%"
"02/25/2022","952.24","952.24","952.24","952.24","21.53K","-1.37%"
"02/24/2022","965.48","965.48","965.48","965.48","6.95K","0.71%"
"02/23/2022","958.68","958.68","958.68","958.68","89.18K","-0.70%"
"02/22/2022","965.48","965.48","965.48","965.48","6.95K","-1.16%"
"02/21/2022","976.79","976.79","976.79","976.79","29.18K","0.00%"
"02/17/2022","976.79","976.79","976.79","976.79","29.18K","0.00%"
"02/16/2022","976.79","976.79","976.79","976.79","29.18K","0.33%"
"02/15/2022","973.57","973.57","973.57","973.57","36.28K","-0.35%"
"02/10/2022","976.94","976.94","976.94","976.94","304.12K","0.00%"
"02/08/2022","976.94","976.94","976.94","976.94","304.12K","0.00%"
"02/07/2022","976.94","976.94","976.94","976.94","304.12K","0.48%"
"02/04/2022","972.30","972.30","972.30","972.30","","0.00%"
"02/03/2022","972.30","972.69","974.06","972.30","61.58K","0.06%"
"02/02/2022","971.71","971.71","971.71","971.71","72.49K","-0.28%"
"01/31/2022","974.45","974.45","974.45","974.45","27.17K","-0.24%"
"01/28/2022","976.84","961.44","978.10","958.30","25.98K","-0.10%"
"01/27/2022","977.81","975.38","978.81","973.73","64.56K","0.42%"
"01/26/2022","973.73","973.73","973.73","973.73","116.27K","-0.14%"
"01/25/2022","975.11","975.11","975.11","975.11","","0.00%"
"01/24/2022","975.11","975.11","975.11","975.11","98.09K","0.65%"
"01/21/2022","968.80","970.63","970.63","968.80","60.57K","-0.19%"
"01/20/2022","970.63","970.63","970.63","970.63","15.93K","0.00%"
"01/18/2022","970.63","970.63","970.63","970.63","15.93K","-1.84%"
"01/17/2022","988.79","988.79","988.79","988.79","22.05K","0.00%"
"01/14/2022","988.79","988.79","988.79","988.79","22.05K","0.00%"
"01/12/2022","988.79","988.79","988.79","988.79","22.05K","0.00%"
"01/11/2022","988.79","988.79","988.79","988.79","22.05K","0.00%"
"01/10/2022","988.79","988.79","988.79","988.79","22.05K","0.00%"
"01/07/2022","988.79","988.79","988.79","988.79","22.05K","0.00%"
"01/05/2022","988.79","988.79","988.79","988.79","22.05K","0.00%"
"01/03/2022","988.79","988.79","988.79","988.79","22.05K","0.00%"
"12/29/2021","988.79","988.79","988.79","988.79","22.05K","0.00%"
"12/28/2021","988.79","988.79","988.79","988.79","22.05K","-0.50%"
"12/27/2021","993.80","982.21","995.97","975.27","22.05K","1.90%"
"12/23/2021","975.27","975.27","975.27","975.27","7.25K","4.98%"
"12/22/2021","929.02","929.02","929.02","929.02","137.94K","0.00%"
"12/21/2021","929.02","929.02","929.02","929.02","137.94K","0.00%"
"12/16/2021","929.02","929.02","929.02","929.02","137.94K","0.00%"
"12/15/2021","929.02","929.02","929.02","929.02","137.94K","-6.88%"
"12/03/2021","997.69","997.69","997.69","997.69","146.62K","-0.31%"
"12/02/2021","1,000.78","999.70","1,001.16","999.70","8.35K","-0.04%"
"12/01/2021","1,001.16","1,001.16","1,001.16","1,001.16","","-0.75%"
"11/29/2021","1,008.75","1,008.75","1,008.75","1,008.75","","0.00%"
"11/26/2021","1,008.75","1,008.75","1,008.75","1,008.75","","1.10%"
"11/18/2021","997.74","997.74","997.74","997.74","38.38K","0.62%"
"11/17/2021","991.60","991.60","991.60","991.60","15.62K","0.00%"
"11/16/2021","991.60","991.60","991.60","991.60","15.62K","0.00%"
"11/15/2021","991.60","991.60","991.60","991.60","15.62K","-0.51%"
"11/12/2021","996.71","996.71","996.71","996.71","20.85K","0.00%"
"11/11/2021","996.71","996.71","996.71","996.71","20.85K","0.04%"
"11/10/2021","996.28","996.28","996.28","996.28","10.41K","-0.04%"
"11/09/2021","996.71","996.71","996.71","996.71","20.85K","0.00%"
"11/08/2021","996.71","996.71","996.71","996.71","20.85K","0.00%"
"11/05/2021","996.71","996.71","996.71","996.71","20.85K","0.56%"
"11/02/2021","991.18","991.18","991.18","991.18","68.04K","-0.82%"
"11/01/2021","999.32","999.32","999.32","999.32","51.28K","0.00%"
"10/29/2021","999.32","999.32","999.32","999.32","51.28K","-0.50%"
"10/28/2021","1,004.33","1,003.75","1,004.33","1,003.75","53.07K","0.00%"
"10/27/2021","1,004.33","1,004.33","1,004.33","1,004.33","53.07K","0.00%"
"10/26/2021","1,004.33","1,004.33","1,004.33","1,004.33","53.07K","0.34%"
"10/22/2021","1,000.97","994.88","1,003.59","992.12","51.67K","1.44%"
"10/20/2021","986.75","986.75","986.75","986.75","27.48K","-0.96%"
"10/13/2021","996.31","996.31","996.31","996.31","127.70K","1.43%"
"10/12/2021","982.25","987.72","988.22","982.25","186.86K","-0.60%"
"10/11/2021","988.22","988.22","988.22","988.22","565.95K","-0.85%"
"10/08/2021","996.67","999.20","999.20","996.67","33.53K","1.50%"
"10/04/2021","981.98","981.98","981.98","981.98","55.23K","0.00%"
"10/01/2021","981.98","981.98","981.98","981.98","","0.00%"
"09/30/2021","981.98","980.03","982.47","980.03","55.23K","0.00%"
"09/29/2021","981.98","960.81","981.98","944.07","55.23K","-0.27%"
"09/28/2021","984.62","1,003.43","1,003.43","984.62","61.29K","-1.87%"
"09/27/2021","1,003.43","1,003.43","1,003.43","1,003.43","76.27K","2.27%"
"09/24/2021","981.20","981.20","981.20","981.20","","2.71%"
"09/23/2021","955.35","955.35","955.35","955.35","","0.00%"
"09/22/2021","955.35","955.35","955.35","955.35","35.39K","-9.54%"
"09/21/2021","1,056.08","929.71","1,056.08","929.71","17.92K","0.00%"
"09/20/2021","1,056.08","1,056.08","1,056.08","1,056.08","17.92K","0.00%"
"09/17/2021","1,056.08","1,056.08","1,056.08","1,056.08","17.92K","0.00%"
"09/15/2021","1,056.08","1,056.08","1,056.08","1,056.08","17.92K","0.00%"
"09/14/2021","1,056.08","1,056.08","1,056.08","1,056.08","17.92K","0.00%"
"09/10/2021","1,056.08","1,059.76","1,065.61","1,053.54","17.92K","0.00%"
"09/09/2021","1,056.08","1,056.08","1,056.08","1,056.08","","0.91%"
"09/08/2021","1,046.52","1,059.76","1,065.61","1,046.52","183.01K","-1.76%"
"09/06/2021","1,065.27","1,059.76","1,065.61","1,053.54","59.40K","1.11%"
"09/03/2021","1,053.54","1,030.74","1,057.08","1,024.19","189.57K","1.28%"
"09/01/2021","1,040.21","1,040.21","1,040.21","1,040.21","235.80K","0.00%"
"08/31/2021","1,040.21","1,040.21","1,040.21","1,040.21","235.80K","0.00%"
"08/30/2021","1,040.21","1,040.21","1,040.21","1,040.21","235.80K","-1.19%"
"08/27/2021","1,052.73","1,052.73","1,052.73","1,052.73","21.13K","-0.70%"
"08/25/2021","1,060.15","1,065.45","1,065.45","1,060.15","15.14K","-0.50%"
"08/24/2021","1,065.45","1,065.45","1,065.45","1,065.45","27.35K","0.00%"
"08/23/2021","1,065.45","1,071.07","1,071.07","1,050.68","27.35K","-0.48%"
"08/20/2021","1,070.60","1,070.60","1,070.60","1,070.60","12.93K","1.15%"
"08/18/2021","1,058.40","1,058.46","1,078.19","1,051.17","107.27K","-1.84%"
"08/17/2021","1,078.19","1,078.19","1,078.19","1,078.19","153.14K","1.24%"
"08/13/2021","1,065.03","1,065.03","1,065.03","1,065.03","84.97K","0.94%"
"08/12/2021","1,055.11","1,055.11","1,055.11","1,055.11","54.72K","1.16%"
"08/11/2021","1,042.98","1,042.98","1,042.98","1,042.98","677.86K","0.75%"
"08/10/2021","1,035.17","1,035.17","1,035.17","1,035.17","677.86K","2.06%"
"08/06/2021","1,014.27","1,014.27","1,014.27","1,014.27","479.12K","2.77%"
"08/05/2021","986.89","986.89","986.89","986.89","32.89K","0.81%"
"08/03/2021","978.92","978.92","978.92","978.92","195.35K","-0.18%"
"08/02/2021","980.72","980.72","980.72","980.72","195.35K","1.95%"
"07/30/2021","962.00","962.00","962.00","962.00","195.35K","0.94%"
"07/29/2021","953.08","953.08","953.08","953.08","","0.48%"
"07/28/2021","948.52","948.52","948.52","948.52","195.35K","1.74%"
"07/27/2021","932.33","932.33","932.33","932.33","195.35K","2.12%"
"07/26/2021","913.00","913.00","913.00","913.00","","1.03%"
"07/23/2021","903.72","903.72","903.72","903.72","","0.83%"
"07/19/2021","896.28","896.28","896.28","896.28","","0.48%"
"07/16/2021","891.98","891.98","891.98","891.98","","1.12%"
"07/15/2021","882.06","882.06","882.06","882.06","","-0.15%"
"07/14/2021","883.36","883.36","883.36","883.36","","0.31%"
"07/13/2021","880.61","880.61","880.61","880.61","","-0.65%"
"07/12/2021","886.36","886.36","886.36","886.36","","0.76%"
"07/09/2021","879.65","879.65","879.65","879.65","","-0.94%"
"07/08/2021","887.96","887.96","887.96","887.96","","0.98%"
"07/07/2021","879.33","879.33","879.33","879.33","","0.08%"
"07/06/2021","878.60","878.60","878.60","878.60","","-0.54%"
"07/05/2021","883.42","883.42","883.42","883.42","","-0.31%"
"07/02/2021","886.17","886.17","886.17","886.17","","-0.12%"
"07/01/2021","887.19","887.19","887.19","887.19","","0.26%"
"06/30/2021","884.93","884.93","884.93","884.93","","-0.35%"
"06/29/2021","888.08","888.08","888.08","888.08","","0.42%"
"06/28/2021","884.39","884.39","884.39","884.39","164.22K","0.14%"
"06/25/2021","883.16","883.16","883.16","883.16","114.24K","0.00%"
"06/24/2021","883.18","883.18","883.18","883.18","114.24K","-1.03%"
"06/23/2021","892.37","892.37","892.37","892.37","","0.28%"
"06/22/2021","889.91","889.91","889.91","889.91","114.24K","-0.39%"
"06/21/2021","893.39","893.39","893.39","893.39","114.24K","0.60%"
"06/18/2021","888.07","888.07","888.07","888.07","114.24K","0.59%"
"06/17/2021","882.84","882.84","882.84","882.84","","0.03%"
"06/16/2021","882.54","882.54","882.54","882.54","114.24K","-0.45%"
"06/15/2021","886.54","886.54","886.54","886.54","114.24K","1.06%"
"06/14/2021","877.23","877.23","877.23","877.23","114.24K","-1.90%"
"06/11/2021","894.23","894.23","894.23","894.23","","0.40%"
"06/10/2021","890.70","890.70","890.70","890.70","","-0.04%"
"06/09/2021","891.08","891.08","891.08","891.08","114.24K","-0.01%"
"06/08/2021","891.13","891.13","891.13","891.13","","-0.01%"
"06/07/2021","891.23","891.23","891.23","891.23","114.24K","-0.13%"
"06/04/2021","892.40","892.40","892.40","892.40","114.24K","0.01%"
"06/03/2021","892.32","892.32","892.32","892.32","114.24K","-0.45%"
"06/02/2021","896.32","896.32","896.32","896.32","","-1.06%"
"06/01/2021","905.95","905.95","905.95","905.95","114.24K","0.65%"
"05/31/2021","900.11","900.11","900.11","900.11","114.24K","0.58%"
"05/28/2021","894.93","894.93","894.93","894.93","114.24K","0.43%"
"05/27/2021","891.07","891.07","891.07","891.07","114.24K","-0.62%"
"05/26/2021","896.66","896.66","896.66","896.66","","-0.73%"
"05/24/2021","903.27","903.27","903.27","903.27","114.24K","-0.90%"
"05/21/2021","911.49","911.49","911.49","911.49","114.24K","0.43%"
"05/20/2021","907.63","907.63","907.63","907.63","114.24K","-1.67%"
"05/19/2021","923.04","923.04","923.04","923.04","","0.20%"
"05/18/2021","921.23","921.23","921.23","921.23","","2.06%"
"05/17/2021","902.62","902.62","902.62","902.62","114.24K","-1.16%"
"05/12/2021","913.25","913.25","913.25","913.25","114.24K","-0.50%"
"05/11/2021","917.84","917.84","917.84","917.84","114.24K","0.00%"
"05/07/2021","917.84","917.84","917.84","917.84","114.24K","0.00%"
"05/06/2021","917.84","917.84","917.84","917.84","114.24K","0.00%"
"05/05/2021","917.84","917.84","917.84","917.84","114.24K","0.00%"
"05/04/2021","917.84","917.84","917.84","917.84","114.24K","0.00%"
"04/28/2021","917.84","917.84","917.84","917.84","114.24K","0.00%"
"04/27/2021","917.84","917.84","917.84","917.84","114.24K","0.00%"
"04/26/2021","917.84","917.84","917.84","917.84","114.24K","0.89%"
"04/23/2021","909.72","909.72","909.72","909.72","57.62K","0.12%"
"04/22/2021","908.66","908.66","908.66","908.66","107.81K","0.00%"
"04/21/2021","908.66","908.66","908.66","908.66","107.81K","1.73%"
"04/20/2021","893.24","893.24","893.24","893.24","45.19K","0.43%"
"04/19/2021","889.45","889.45","889.45","889.45","105.01K","0.00%"
"04/16/2021","889.45","889.45","889.45","889.45","105.01K","0.00%"
"04/15/2021","889.45","889.45","889.45","889.45","105.01K","0.00%"
"04/14/2021","889.45","889.45","889.45","889.45","105.01K","0.00%"
"04/13/2021","889.45","889.45","889.45","889.45","105.01K","0.00%"
"04/12/2021","889.45","889.45","889.45","889.45","105.01K","0.00%"
"04/08/2021","889.42","889.42","889.42","889.42","62.75K","1.10%"
"04/06/2021","879.76","880.00","880.00","879.76","38.78K","-0.03%"
"04/02/2021","880.00","875.28","880.00","875.28","94.06K","0.00%"
"04/01/2021","880.00","880.00","880.00","880.00","94.06K","1.17%"
"03/31/2021","869.80","882.94","882.94","869.80","442.91K","0.65%"
"03/30/2021","864.20","864.20","864.20","864.20","59.54K","1.02%"
"03/29/2021","855.50","855.50","855.50","855.50","132.16K","2.59%"
"03/26/2021","833.91","825.03","837.23","820.65","19.00K","-0.40%"
"03/24/2021","837.23","840.11","840.90","831.56","158.46K","0.68%"
"03/23/2021","831.56","831.56","831.56","831.56","163.66K","4.39%"
"03/22/2021","796.59","811.98","819.30","796.59","78.56K","-4.70%"
"03/18/2021","835.87","835.87","835.87","835.87","75.88K","1.46%"
"03/17/2021","823.84","823.84","823.84","823.84","67.91K","1.04%"
"03/16/2021","815.38","806.25","815.38","806.25","88.90K","3.20%"
"03/15/2021","790.07","763.05","790.07","755.99","156.97K","6.83%"
"03/12/2021","739.56","739.56","739.56","739.56","93.95K","0.00%"
"03/11/2021","739.56","739.56","739.56","739.56","93.95K","2.38%"
"03/10/2021","722.35","722.35","722.35","722.35","56.87K","3.34%"
"03/09/2021","699.03","699.03","699.03","699.03","96.84K","0.82%"
"03/08/2021","693.31","693.31","693.31","693.31","80.85K","-2.38%"
"03/05/2021","710.23","710.23","710.23","710.23","51.05K","0.51%"
"03/04/2021","706.65","706.65","706.65","692.61","17.46K","2.03%"
"03/03/2021","692.61","689.52","700.48","689.52","29.62K","0.00%"
"03/02/2021","692.61","693.43","693.43","692.61","29.62K","-0.12%"
"03/01/2021","693.43","694.10","694.10","693.05","7.88K","0.31%"
"02/26/2021","691.29","691.20","691.29","691.20","0.10K","0.00%"
"02/25/2021","691.29","691.29","691.29","691.29","56.43K","1.27%"
"02/24/2021","682.62","683.02","683.02","682.62","47.96K","-0.09%"
"02/23/2021","683.25","672.61","683.25","672.15","43.25K","1.65%"
"02/22/2021","672.15","672.15","672.15","672.15","54.79K","-0.79%"
"02/19/2021","677.53","674.14","677.53","674.14","27.56K","0.50%"
"02/18/2021","674.14","670.98","674.14","666.60","60.01K","0.25%"
"02/17/2021","672.44","669.93","673.06","669.93","128.40K","-0.21%"
"02/11/2021","673.87","664.90","673.87","664.90","107.48K","2.23%"
"02/10/2021","659.17","660.18","660.18","659.17","100.45K","-0.15%"
"02/08/2021","660.18","660.18","660.18","660.18","65.97K","0.01%"
"02/02/2021","660.10","660.10","660.10","660.10","","0.00%"
"02/01/2021","660.10","660.10","660.10","660.10","","-0.11%"
"01/28/2021","660.80","660.80","660.80","660.80","","0.11%"
"01/13/2021","660.10","660.97","660.97","660.10","41.88K","-0.09%"
"01/12/2021","660.67","656.84","660.77","655.11","11.44K","0.42%"
"12/30/2020","657.89","657.89","657.89","657.89","","1.62%"
"12/29/2020","647.41","647.41","647.41","647.41","","1.23%"
"12/28/2020","639.55","639.55","639.55","639.55","","1.57%"
"12/24/2020","629.66","629.66","629.66","629.66","","1.02%"
"12/23/2020","623.29","623.29","623.29","623.29","","1.10%"
"12/22/2020","616.51","616.51","616.51","616.51","22.10K","-0.13%"
"12/21/2020","617.28","615.26","617.28","610.94","36.57K","0.12%"
"12/18/2020","616.53","621.18","621.18","616.53","57.83K","-0.40%"
"12/17/2020","618.99","622.53","622.53","618.99","48.33K","-0.49%"
"12/16/2020","622.05","609.51","622.05","609.51","76.22K","2.49%"
"12/15/2020","606.96","608.29","608.29","606.96","2.09K","-0.52%"
"12/14/2020","610.13","607.01","612.37","607.01","102.16K","-0.51%"
"12/09/2020","613.27","613.27","613.27","613.27","","0.89%"
"12/08/2020","607.86","607.86","607.86","607.86","","1.02%"
"12/07/2020","601.73","601.73","601.73","601.73","","-0.49%"
"12/04/2020","604.69","604.69","604.69","604.69","","0.29%"
"12/03/2020","602.96","602.96","602.96","602.96","171.40K","-0.29%"
"12/02/2020","604.71","604.71","604.71","604.71","145.34K","0.46%"
"12/01/2020","601.95","599.50","602.86","599.38","50.74K","0.24%"
"11/30/2020","600.48","603.99","604.55","599.14","117.17K","-0.67%"
"11/27/2020","604.55","602.33","605.09","602.14","132.33K","0.40%"
"11/26/2020","602.14","617.84","618.14","602.14","69.28K","-1.94%"
"11/25/2020","614.04","610.63","618.76","610.63","45.67K","-0.76%"
"11/24/2020","618.76","618.76","618.76","618.76","58.01K","0.10%"
"11/20/2020","618.15","618.07","620.51","618.07","61.51K","-0.38%"
"11/19/2020","620.51","614.28","620.51","614.28","74.20K","0.27%"
"11/18/2020","618.87","619.97","619.97","616.37","175.76K","-0.09%"
"11/17/2020","619.42","619.30","620.83","619.00","72.14K","-0.22%"
"11/16/2020","620.76","619.73","620.76","619.73","29.31K","0.08%"
"11/10/2020","620.25","620.44","620.44","616.22","10.91K","0.00%"
"11/09/2020","620.25","618.43","620.25","618.43","31.55K","0.29%"
"10/16/2020","618.43","617.15","618.43","617.15","15.11K","0.13%"
"10/15/2020","617.60","617.80","619.07","616.56","15.05K","-0.24%"
"10/14/2020","619.07","619.07","619.07","619.07","43.76K","-0.28%"
"10/13/2020","620.79","621.49","621.65","618.85","64.44K","0.13%"
"10/12/2020","619.99","619.99","619.99","619.99","83.91K","0.92%"
"10/09/2020","614.32","608.97","616.05","608.29","84.93K","0.99%"
"10/08/2020","608.29","606.45","609.04","604.99","10.18K","0.38%"
"10/07/2020","605.96","601.99","605.96","601.99","15.13K","0.66%"
"10/06/2020","601.99","600.68","602.22","597.45","33.31K","0.04%"
"10/02/2020","601.75","601.75","601.75","601.75","19.53K","0.17%"
"10/01/2020","600.76","601.09","602.11","600.50","20.51K","-0.17%"
"09/30/2020","601.81","601.93","606.42","595.14","123.16K","-0.76%"
"09/29/2020","606.42","605.82","609.94","594.67","48.41K","-0.58%"
"09/28/2020","609.94","609.94","609.94","609.94","197.41K","-0.85%"
"09/25/2020","615.15","611.94","616.60","611.94","76.96K","0.16%"
"09/24/2020","614.18","616.55","618.21","613.17","55.27K","-0.65%"
"09/23/2020","618.21","616.04","618.21","612.01","184.56K","0.70%"
"09/22/2020","613.89","613.53","614.54","612.55","31.25K","-0.11%"
"09/21/2020","614.54","605.42","614.54","605.42","31.21K","-0.43%"
"09/18/2020","617.21","617.21","617.21","617.21","3.96K","-0.15%"
"09/17/2020","618.13","615.43","619.69","615.43","59.33K","0.11%"
"09/16/2020","617.47","615.45","618.96","614.47","44.46K","0.49%"
"09/15/2020","614.47","613.92","616.19","611.49","41.09K","-0.07%"
"09/14/2020","614.90","618.94","623.28","613.39","66.68K","-0.57%"
"09/11/2020","618.39","606.38","618.94","606.28","381.40K","1.72%"
"09/10/2020","607.91","606.95","608.22","605.48","43.08K","0.40%"
"09/09/2020","605.48","605.48","606.52","604.46","271.43K","0.17%"
"09/08/2020","604.46","605.42","605.93","600.97","96.76K","-0.16%"
"09/07/2020","605.42","605.42","605.42","605.42","79.05K","0.76%"
"09/04/2020","600.88","599.17","602.17","599.17","26.66K","0.27%"
"09/03/2020","599.27","599.17","599.27","598.88","56.18K","0.07%"
"09/02/2020","598.88","599.04","599.17","596.74","37.22K","0.36%"
"09/01/2020","596.74","592.97","597.46","592.46","47.71K","-0.12%"
"08/31/2020","597.46","592.16","599.21","592.16","53.73K","0.69%"
"08/28/2020","593.33","593.15","596.93","592.05","88.23K","0.03%"
"08/27/2020","593.18","593.68","594.52","591.24","60.78K","-0.08%"
"08/26/2020","593.68","589.84","595.66","589.84","38.43K","0.38%"
"08/25/2020","591.42","592.48","595.72","588.40","78.83K","-0.72%"
"08/24/2020","595.72","595.72","595.72","595.72","3.72K","-0.31%"
"08/21/2020","597.57","595.72","605.66","593.90","124.62K","-1.34%"
"08/19/2020","605.66","605.37","608.49","597.33","44.46K","1.39%"
"08/18/2020","597.33","597.23","600.72","597.23","24.48K","-0.56%"
"08/17/2020","600.72","597.32","600.72","596.05","42.01K","0.78%"
"08/14/2020","596.05","601.09","604.01","595.27","45.29K","-1.12%"
"08/13/2020","602.81","602.12","604.85","600.74","51.01K","-0.34%"
"08/12/2020","604.85","601.63","605.24","600.30","30.90K","-0.07%"
"08/11/2020","605.24","598.76","605.24","595.08","16.32K","0.07%"
"08/10/2020","604.81","599.98","605.20","597.63","156.98K","-0.07%"
"08/04/2020","605.20","600.11","605.20","597.26","82.16K","1.33%"
"07/29/2020","597.26","598.40","598.40","595.36","88.62K","0.32%"
"07/28/2020","595.36","592.87","595.36","592.03","45.93K","0.55%"
"07/27/2020","592.12","590.16","594.04","588.02","26.13K","0.70%"
"07/24/2020","588.02","592.47","601.85","586.27","112.81K","-2.30%"
"07/23/2020","601.85","595.38","608.56","593.06","96.23K","-1.10%"
"07/22/2020","608.56","606.61","617.17","604.96","259.94K","-1.40%"
"07/21/2020","617.17","617.17","617.17","617.17","146.75K","-0.41%"
"07/20/2020","619.69","617.02","623.00","617.02","71.44K","-0.13%"
"07/17/2020","620.50","622.35","622.35","619.04","58.60K","-0.19%"
"07/16/2020","621.71","622.28","622.48","619.76","50.07K","-0.12%"
"07/15/2020","622.48","622.48","622.48","622.48","169.52K","-0.71%"
"07/14/2020","626.95","627.11","627.11","622.04","110.21K","0.04%"
"07/13/2020","626.67","626.54","626.67","625.17","74.75K","0.13%"
"07/10/2020","625.86","610.09","625.97","610.09","202.33K","2.00%"
"07/09/2020","613.56","606.19","616.00","606.19","134.83K","0.85%"
"07/08/2020","608.41","601.64","610.82","595.50","79.20K","0.67%"
"07/07/2020","604.37","616.93","621.44","595.29","180.54K","-1.79%"
"07/06/2020","615.37","615.37","615.37","615.37","74.23K","0.45%"
"07/03/2020","612.60","612.60","612.60","612.60","","1.99%"
"07/02/2020","600.63","600.63","600.63","600.63","","-1.07%"
"07/01/2020","607.13","607.13","607.13","607.13","115.41K","-0.83%"
"06/30/2020","612.23","601.46","612.47","599.46","4.94M","2.13%"
"06/29/2020","599.46","599.46","599.46","599.46","168.74K","-0.94%"
"06/26/2020","605.12","605.21","605.76","603.84","87.31K","0.21%"
"06/25/2020","603.84","611.92","614.08","601.59","161.91K","-1.67%"
"06/24/2020","614.08","619.05","619.05","612.49","174.16K","-0.79%"
"06/23/2020","618.96","618.96","618.96","618.96","47.07K","0.23%"
"06/22/2020","617.53","615.61","618.93","613.39","14.51K","-0.23%"
"06/19/2020","618.93","603.53","619.80","601.67","260.35K","2.22%"
"06/18/2020","605.48","596.19","606.45","596.19","162.20K","1.15%"
"06/17/2020","598.61","586.83","599.64","586.73","41.28K","1.62%"
"06/16/2020","589.07","579.35","589.87","578.27","46.80K","1.87%"
"06/15/2020","578.27","579.07","579.42","574.46","211.19K","-0.12%"
"06/12/2020","578.97","571.12","578.97","571.12","113.49K","0.44%"
"06/11/2020","576.41","575.25","576.70","573.71","57.31K","0.29%"
"06/10/2020","574.74","579.83","580.81","572.41","15.86K","-1.05%"
"06/09/2020","580.81","578.63","583.63","578.21","21.03K","0.16%"
"06/08/2020","579.90","579.90","579.90","579.90","15.84K","-0.25%"
"06/05/2020","581.36","579.80","583.44","579.23","41.44K","0.37%"
"06/04/2020","579.23","581.00","583.34","575.94","31.77K","-0.71%"
"06/03/2020","583.34","575.42","583.34","571.77","29.34K","0.97%"
"06/02/2020","577.76","579.78","581.24","575.47","33.97K","-0.60%"
"06/01/2020","581.24","585.54","586.03","575.37","81.18K","1.02%"
"05/29/2020","575.37","573.74","579.02","568.75","92.41K","0.01%"
"05/28/2020","575.30","576.64","576.64","568.49","204.50K","1.29%"
"05/27/2020","567.95","570.36","570.36","567.88","2.36K","-0.47%"
"05/22/2020","570.63","570.63","570.63","570.63","29.00K","0.09%"
"05/21/2020","570.14","570.14","570.14","570.14","434.49K","-0.54%"
"05/20/2020","573.22","573.22","573.22","573.22","4.06M","-1.40%"
"05/19/2020","581.33","581.33","581.33","581.33","132.52K","-0.96%"
"05/18/2020","586.98","586.98","586.98","586.98","49.96K","-1.31%"
"05/13/2020","594.80","594.80","594.80","594.80","","-0.69%"
"05/12/2020","598.96","598.96","598.96","598.96","","-1.54%"
"05/11/2020","608.33","608.33","608.33","608.33","","-1.78%"
"05/08/2020","619.35","619.35","619.35","619.35","112.19K","-0.75%"
"05/07/2020","624.04","624.04","624.04","624.04","48.04K","-0.10%"
"05/06/2020","624.64","624.64","624.64","624.64","83.76K","4.04%"
"05/04/2020","600.38","600.38","600.38","600.38","70.03K","-2.74%"
"04/29/2020","617.31","600.38","617.31","600.38","70.03K","3.50%"
"04/24/2020","596.46","593.83","596.46","592.83","96.57K","0.71%"
"04/22/2020","592.27","591.29","592.90","591.29","71.85K","0.39%"
"04/16/2020","589.98","585.06","590.48","585.06","411.82K","0.82%"
"04/15/2020","585.16","597.92","597.92","585.16","64.51K","-1.04%"
"04/14/2020","591.30","591.00","591.30","591.00","23.79K","0.00%"
"04/08/2020","591.30","598.45","598.45","591.30","23.79K","-1.11%"
"04/07/2020","597.92","598.45","598.45","597.92","41.20K","0.00%"
"04/06/2020","597.92","597.92","597.92","597.92","41.20K","1.15%"
"04/03/2020","591.11","599.04","604.09","591.11","9.02M","-2.15%"
"04/02/2020","604.09","603.81","608.11","603.43","300.92K","-0.15%"
"04/01/2020","604.98","595.97","605.78","594.58","65.88K","1.26%"
"03/31/2020","597.44","591.82","598.02","591.26","2.68M","0.16%"
"03/30/2020","596.48","593.17","596.48","593.17","29.82K","0.56%"
"03/27/2020","593.17","591.85","593.17","591.85","20.00K","0.28%"
"03/26/2020","591.53","596.91","596.91","591.53","18.13K","-0.90%"
"03/24/2020","596.91","595.72","597.12","595.72","26.36K","0.01%"
"03/23/2020","596.84","596.61","599.74","594.87","28.38K","-0.48%"
"03/20/2020","599.74","598.41","599.88","596.57","45.00K","0.53%"
"03/19/2020","596.57","612.34","614.29","596.57","210.69K","-2.88%"
"03/18/2020","614.29","612.60","614.29","612.60","33.96K","0.28%"
"03/17/2020","612.60","609.27","621.54","605.73","207.22K","-1.44%"
"03/16/2020","621.54","621.54","621.54","621.54","","0.00%"
"03/13/2020","621.54","617.13","625.28","617.13","53.36K","0.63%"
"03/12/2020","617.64","620.23","620.23","617.57","418.52K","-0.06%"
"03/11/2020","618.03","619.97","623.64","617.88","49.41K","-0.90%"
"03/10/2020","623.64","620.86","625.17","618.57","93.76K","-0.22%"
"03/09/2020","625.04","625.04","625.04","625.04","294.42K","-0.01%"
"03/06/2020","625.11","625.11","625.11","625.11","12.03K","-1.10%"
"03/05/2020","632.06","628.27","632.06","627.86","81.21K","0.18%"
"03/04/2020","630.92","635.82","635.93","627.66","92.89K","-0.79%"
"03/03/2020","635.93","629.79","635.93","626.84","27.20K","1.22%"
"03/02/2020","628.26","627.09","629.65","627.09","48.63K","-0.22%"
"02/28/2020","629.65","627.15","629.65","623.86","27.50K","0.27%"
"02/27/2020","627.97","624.58","630.68","619.90","58.91K","0.07%"
"02/26/2020","627.55","624.01","627.55","623.87","167.47K","0.59%"
"02/25/2020","623.87","620.48","623.87","619.96","125.00K","0.48%"
"02/24/2020","620.89","620.89","620.89","620.89","149.63K","0.76%"
"02/21/2020","616.19","616.19","616.19","616.19","","-0.72%"
"02/20/2020","620.68","620.68","620.68","620.68","","0.25%"
"02/19/2020","619.16","619.16","619.16","619.16","97.34K","0.04%"
"02/17/2020","618.93","624.66","624.66","614.76","49.21K","0.03%"
"02/13/2020","618.72","618.72","618.72","618.72","69.87K","-0.10%"
"02/07/2020","619.31","622.80","626.25","619.31","73.55K","-0.71%"
"02/06/2020","623.72","631.89","634.95","623.72","164.74K","-1.71%"
"02/05/2020","634.55","703.66","706.45","628.46","60.88K","-10.00%"
"02/04/2020","705.09","709.26","710.08","702.85","97.34K","0.11%"
"01/31/2020","704.29","696.42","705.11","694.49","62.76K","1.10%"
"01/30/2020","696.63","692.04","696.63","689.28","49.93K","0.42%"
"01/29/2020","693.70","698.20","699.64","689.00","47.89K","-1.78%"
"01/28/2020","706.29","706.46","706.46","706.29","12.71K","0.00%"
"01/27/2020","706.29","706.29","706.29","706.29","12.71K","0.86%"
"01/24/2020","700.27","696.12","705.48","693.39","195.75K","0.30%"
"01/23/2020","698.14","702.57","706.66","697.91","89.86K","-1.20%"
"01/22/2020","706.66","711.08","714.86","696.23","248.49K","-1.15%"
"01/21/2020","714.86","718.32","719.34","714.86","81.06K","-0.12%"
"01/20/2020","715.70","715.70","715.70","715.70","1.89K","-1.47%"
"01/17/2020","726.40","728.40","730.65","714.01","66.65K","-8.47%"
"01/08/2020","793.59","790.42","799.23","788.42","28.49K","0.00%"
"01/07/2020","793.59","793.59","793.59","793.59","62.05K","20.53%"
"01/05/2020","658.44","658.44","658.44","658.44","","0.55%"
"01/04/2020","654.85","654.85","654.85","654.85","","-15.72%"
"01/03/2020","777.01","778.39","781.87","775.51","19.49K","-0.42%"
"01/02/2020","780.31","780.31","780.31","780.31","57.92K","-0.67%"
"12/30/2019","785.56","785.56","785.56","785.56","89.74K","0.37%"
"12/27/2019","782.69","780.76","783.32","778.60","56.03K","-0.08%"
"12/26/2019","783.32","783.32","783.32","783.32","102.84K","0.14%"
"12/24/2019","782.25","768.41","782.25","767.33","120.41K","1.94%"
"12/23/2019","767.33","764.09","767.33","763.78","54.72K","0.43%"
"12/20/2019","764.02","762.71","764.02","760.15","79.54K","0.27%"
"12/19/2019","761.99","761.79","761.99","761.28","10.05K","0.09%"
"12/18/2019","761.28","761.05","765.02","760.84","24.51K","0.02%"
"12/17/2019","761.15","759.04","761.68","758.54","6.90K","0.34%"
"12/13/2019","758.54","759.25","761.05","757.62","12.15K","-0.33%"
"12/12/2019","761.05","762.58","766.86","761.05","60.73K","-0.20%"
"12/10/2019","762.58","762.31","765.10","761.65","8.76K","-0.10%"
"12/09/2019","763.30","761.28","763.30","759.73","21.50K","0.47%"
"12/06/2019","759.73","758.92","761.80","757.64","7.04K","-0.09%"
"12/03/2019","760.42","762.88","762.88","758.99","27.82K","-0.30%"
"12/02/2019","762.67","762.88","762.88","762.67","30.40K","-0.02%"
"11/29/2019","762.81","763.01","763.01","762.50","9.50K","0.04%"
"11/28/2019","762.50","757.55","762.70","757.55","40.01K","0.52%"
"11/27/2019","758.57","757.42","761.43","757.42","13.57K","-0.38%"
"11/26/2019","761.43","755.95","761.43","755.03","45.06K","0.78%"
"11/25/2019","755.54","756.53","757.83","755.54","3.62K","-0.30%"
"11/21/2019","757.83","757.62","758.64","756.53","9.92K","0.10%"
"11/20/2019","757.10","757.62","757.62","755.77","1.50K","0.18%"
"11/19/2019","755.77","755.06","756.08","755.06","3.50K","0.01%"
"11/18/2019","755.67","755.67","757.62","755.67","1.00K","-0.26%"
"11/14/2019","757.62","757.15","758.41","757.05","30.91K","0.08%"
"11/13/2019","757.05","758.29","760.74","757.05","19.04K","-0.20%"
"11/08/2019","758.59","758.18","763.09","758.18","23.10K","-0.59%"
"11/07/2019","763.09","754.68","763.09","753.25","30.96K","1.31%"
"11/06/2019","753.25","754.78","755.60","752.33","30.90K","-0.63%"
"11/05/2019","758.06","752.86","758.06","752.56","27.88K","0.73%"
"11/04/2019","752.56","750.92","753.89","750.92","1.74K","0.16%"
"11/01/2019","751.33","763.81","763.81","751.33","14.91K","-4.18%"
"10/19/2019","784.13","784.13","784.13","784.13","","2.66%"
"10/17/2019","763.81","763.81","763.81","763.81","","-0.25%"
"10/16/2019","765.71","765.71","765.71","765.71","","-0.17%"
"10/15/2019","767.03","767.03","767.03","767.03","","-2.18%"
"10/14/2019","784.13","787.28","787.28","784.13","30.67K","-0.40%"
"10/10/2019","787.28","787.28","787.28","787.28","23.19K","0.33%"
"10/08/2019","784.65","783.28","785.16","779.19","18.55K","-0.33%"
"10/04/2019","787.28","787.28","787.28","787.28","23.19K","0.88%"
"10/03/2019","780.39","785.82","787.28","779.01","4.33M","-1.21%"
"10/02/2019","789.96","788.22","789.96","782.85","23.19K","0.00%"
"10/01/2019","789.96","790.55","795.98","788.92","34.65K","-0.72%"
"09/30/2019","795.69","794.27","796.84","793.81","62.66K","0.24%"
"09/27/2019","793.81","794.62","794.62","793.81","31.79K","-0.10%"
"09/26/2019","794.62","794.62","794.62","794.62","37.65K","0.64%"
"09/23/2019","789.58","795.00","795.00","789.58","4.02K","0.00%"
"09/20/2019","789.58","789.69","792.52","788.22","4.02K","-0.34%"
"09/19/2019","792.28","792.28","792.28","792.28","13.69K","0.08%"
"09/18/2019","791.67","791.67","791.67","791.67","0.79K","0.07%"
"09/17/2019","791.13","791.13","791.13","791.13","0.79K","0.39%"
"09/16/2019","788.06","788.06","788.06","788.06","0.79K","-0.87%"
"09/13/2019","795.00","795.00","795.00","795.00","21.27K","-0.22%"
"09/12/2019","796.73","796.80","796.80","795.00","38.64K","0.22%"
"09/11/2019","795.00","794.22","795.00","794.22","21.27K","0.10%"
"09/09/2019","794.22","794.22","794.22","794.22","325.39K","0.00%"
"09/06/2019","794.22","793.22","797.99","790.23","325.39K","-0.06%"
"09/05/2019","794.71","793.95","795.44","793.51","40.49K","0.15%"
"09/04/2019","793.51","794.01","794.01","793.11","4.26K","-0.06%"
"09/03/2019","794.01","801.91","801.91","794.01","40.22K","-0.35%"
"09/02/2019","796.76","797.22","797.22","796.76","45.88K","0.00%"
"08/30/2019","796.76","798.18","798.18","796.76","45.88K","-0.18%"
"08/29/2019","798.18","797.92","798.85","797.92","25.29K","-0.08%"
"08/28/2019","798.85","800.08","801.72","798.85","57.85K","-0.36%"
"08/27/2019","801.72","802.83","803.03","801.49","15.98K","-0.16%"
"08/26/2019","803.03","804.47","804.47","803.03","55.15K","-0.18%"
"08/23/2019","804.47","807.05","808.48","804.47","62.34K","-0.50%"
"08/22/2019","808.48","807.12","808.48","806.92","35.37K","0.12%"
"08/21/2019","807.53","805.69","808.15","805.48","74.83K","0.22%"
"08/20/2019","805.79","809.83","810.41","804.00","122.84K","-0.55%"
"08/19/2019","810.24","810.76","811.20","810.24","40.61K","-0.12%"
"08/16/2019","811.20","814.54","814.54","809.77","34.79K","-0.41%"
"08/14/2019","814.54","809.95","814.54","809.95","56.90K","0.57%"
"08/07/2019","809.95","809.95","809.95","809.95","70.52K","-0.97%"
"08/05/2019","817.86","817.86","817.86","817.86","113.15K","0.00%"
"08/02/2019","817.86","819.68","819.68","816.98","113.15K","-0.08%"
"08/01/2019","818.55","824.37","828.47","817.62","110.00K","-1.20%"
"07/31/2019","828.47","830.97","831.30","826.66","120.91K","0.17%"
"07/29/2019","827.04","840.01","840.01","827.04","46.43K","-1.61%"
"07/26/2019","840.56","837.96","840.56","837.17","104.24K","0.06%"
"07/25/2019","840.01","841.51","842.79","837.18","19.72K","-0.86%"
"07/24/2019","847.27","847.27","847.27","847.27","123.33K","0.04%"
"07/19/2019","846.90","839.87","846.90","839.87","53.23K","0.11%"
"07/18/2019","846.00","838.52","846.00","838.52","48.65K","0.88%"
"07/17/2019","838.62","838.52","840.86","837.70","59.51K","-0.27%"
"07/16/2019","840.86","840.86","840.86","840.86","32.53K","-0.39%"
"07/15/2019","844.15","844.15","844.15","844.15","","0.32%"
"07/12/2019","841.46","841.46","841.46","841.46","1.24K","-0.79%"
"07/11/2019","848.14","848.14","848.14","848.14","","-0.86%"
"07/10/2019","855.48","855.48","855.48","855.48","11.91K","-0.32%"
"07/09/2019","858.20","858.20","858.20","858.20","25.33K","0.07%"
"07/08/2019","857.59","860.20","860.20","857.59","25.33K","-0.30%"
"07/02/2019","860.20","860.20","860.20","860.20","135.51K","0.23%"
"07/01/2019","858.26","858.26","858.26","858.26","459.87K","-0.22%"
"06/28/2019","860.20","860.20","860.20","860.20","135.51K","0.23%"
"06/21/2019","858.26","854.50","858.26","842.44","459.87K","0.44%"
"06/20/2019","854.50","844.23","854.50","842.97","97.73K","0.90%"
"06/19/2019","846.87","851.39","851.39","845.36","342.15K","-0.46%"
"06/18/2019","850.79","852.82","853.44","847.09","45.84K","0.10%"
"06/17/2019","849.96","843.76","855.50","843.76","9.13K","0.32%"
"06/14/2019","847.25","842.96","847.25","841.18","32.45K","0.39%"
"06/13/2019","843.96","843.48","843.98","840.83","14.36K","0.07%"
"06/12/2019","843.38","840.36","843.57","840.36","42.41K","0.19%"
"06/11/2019","841.78","841.37","843.73","841.37","359.44K","-0.08%"
"06/10/2019","842.44","842.44","842.44","842.44","32.29K","-1.17%"
"06/07/2019","852.43","855.72","856.99","851.80","30.24K","-0.41%"
"06/03/2019","855.92","856.20","858.31","855.58","81.24K","-1.20%"
"05/28/2019","866.32","854.35","866.35","854.35","54.05K","0.00%"
"05/27/2019","866.35","870.42","870.42","866.35","49.87K","-0.33%"
"05/24/2019","869.24","869.24","871.26","867.00","105.72K","0.12%"
"05/23/2019","868.18","869.90","870.88","865.39","6.72K","-0.31%"
"05/22/2019","870.88","871.58","871.58","870.60","678.12K","-0.04%"
"05/21/2019","871.20","871.20","871.20","871.20","","0.64%"
"05/20/2019","865.65","865.65","865.65","865.65","332.11K","3.11%"
"05/17/2019","839.58","846.43","851.41","836.77","189.25K","-1.39%"
"05/16/2019","851.41","851.48","851.48","851.41","71.03K","0.00%"
"05/15/2019","851.41","871.09","871.09","849.01","71.03K","-2.20%"
"05/14/2019","870.58","870.58","870.58","870.58","174.83K","0.02%"
"05/13/2019","870.43","870.43","870.43","870.43","61.57K","0.00%"
"05/10/2019","870.43","872.96","872.96","863.55","61.57K","-0.27%"
"05/09/2019","872.75","874.06","876.38","871.26","36.02K","-0.14%"
"05/08/2019","873.96","905.36","905.36","871.81","365.86K","-3.33%"
"05/06/2019","904.07","906.30","906.30","904.07","","-0.25%"
"05/03/2019","906.30","906.30","906.30","906.30","24.51K","0.00%"
"04/30/2019","906.30","906.30","906.30","906.30","24.51K","0.00%"
"04/25/2019","906.30","905.31","907.13","898.24","24.51K","0.90%"
"04/24/2019","898.24","898.24","898.24","898.24","28.89K","-1.48%"
"04/22/2019","911.76","911.76","911.76","911.76","","0.00%"
"04/18/2019","911.76","942.96","944.60","911.76","35.81K","-3.48%"
"04/17/2019","944.60","948.26","952.44","944.60","85.59K","-0.82%"
"04/16/2019","952.44","951.56","952.55","940.52","30.35K","1.27%"
"04/15/2019","940.52","940.52","940.52","940.52","","-0.14%"
"04/12/2019","941.86","941.86","941.86","941.86","","-0.53%"
"04/11/2019","946.90","946.90","946.90","946.90","","-0.85%"
"04/10/2019","955.05","955.05","955.05","955.05","","-0.16%"
"04/09/2019","956.55","956.55","956.55","956.55","","-0.88%"
"04/08/2019","965.06","965.06","965.06","965.06","11.02K","-0.01%"
"04/05/2019","965.17","965.95","966.49","964.45","11.02K","-0.09%"
"04/04/2019","966.05","967.64","968.08","965.25","12.41K","-0.21%"
"04/03/2019","968.08","968.08","968.08","968.08","10.97K","0.02%"
"04/02/2019","967.91","966.73","968.13","966.73","6.82K","-0.02%"
"04/01/2019","968.13","972.70","972.70","968.13","70.40K","-0.47%"
"03/29/2019","972.70","968.17","972.70","966.12","208.29K","0.68%"
"03/28/2019","966.12","957.36","966.12","957.36","42.82K","0.72%"
"03/27/2019","959.18","958.50","960.07","955.54","47.63K","-0.05%"
"03/26/2019","959.70","961.11","961.11","959.70","94.00K","-0.03%"
"03/22/2019","959.99","956.02","961.21","953.83","51.82K","0.46%"
"03/21/2019","955.64","953.92","957.24","953.92","6.56K","0.05%"
"03/20/2019","955.19","955.19","955.19","955.19","120.34K","-0.65%"
"03/19/2019","961.47","960.93","961.91","960.93","12.66K","0.05%"
"03/18/2019","961.03","954.23","962.34","954.23","51.71K","0.69%"
"03/15/2019","954.46","955.91","956.11","954.46","33.00K","-0.09%"
"03/14/2019","955.31","955.77","956.01","955.14","24.44K","-0.15%"
"03/13/2019","956.79","974.13","974.13","956.79","25.78K","-1.78%"
"03/12/2019","974.13","976.41","978.07","972.54","15.51K","-0.23%"
"03/11/2019","976.41","977.65","977.65","972.39","15.34K","0.29%"
"03/08/2019","973.55","973.55","973.55","973.55","","0.00%"
"03/07/2019","973.55","973.28","976.98","973.28","15.19K","-0.35%"
"03/06/2019","976.98","973.75","976.98","971.66","85.89K","0.35%"
"03/05/2019","973.55","973.55","973.55","973.55","216.18K","3.14%"
"03/04/2019","943.95","943.95","943.95","943.95","348.22K","0.06%"
"03/01/2019","943.34","942.86","943.95","942.42","348.22K","0.08%"
"02/28/2019","942.59","937.88","943.02","937.64","50.27K","0.53%"
"02/27/2019","937.64","935.99","937.64","935.99","30.99K","-0.05%"
"02/25/2019","938.07","938.07","938.07","938.07","","0.00%"
"02/22/2019","938.07","938.38","939.05","936.67","22.50K","-0.10%"
"02/21/2019","939.05","940.04","941.37","939.05","55.68K","-0.67%"
"02/18/2019","945.41","945.41","945.41","945.41","37.29K","0.00%"
"02/15/2019","945.41","945.85","945.85","943.74","37.29K","0.08%"
"02/13/2019","944.62","946.24","946.24","939.62","999.69K","0.53%"
"02/12/2019","939.62","943.58","946.25","936.51","30.56K","0.33%"
"02/11/2019","936.51","938.85","940.55","935.99","104.18K","-0.04%"
"02/08/2019","936.90","940.12","940.12","936.90","67.47K","-0.29%"
"02/07/2019","939.59","941.47","941.89","933.99","7.28K","-0.24%"
"02/06/2019","941.89","942.35","943.43","940.85","20.49K","-0.14%"
"02/05/2019","943.17","944.71","945.88","941.53","66.87K","-0.29%"
"02/04/2019","945.88","946.70","946.70","945.37","7.77K","-0.07%"
"01/31/2019","946.56","949.12","950.16","946.56","70.95K","-0.23%"
"01/30/2019","948.72","948.72","948.72","948.72","83.21K","0.20%"
"01/29/2019","946.87","946.22","948.40","946.22","12.90K","0.03%"
"01/28/2019","946.62","948.63","950.07","946.10","36.60K","-0.02%"
"01/25/2019","946.78","946.30","946.78","944.66","48.30K","0.05%"
"01/24/2019","946.30","946.30","946.30","946.30","","-0.13%"
"01/23/2019","947.51","947.51","947.51","947.51","","0.46%"
"01/22/2019","943.18","948.22","948.22","948.22","138.48K","-0.53%"
"01/21/2019","948.22","958.66","958.66","927.65","138.48K","-0.97%"
"01/18/2019","957.53","957.53","957.53","957.53","","0.00%"
"01/17/2019","957.53","957.53","957.53","957.53","143.22K","-0.53%"
"01/16/2019","962.59","956.67","962.59","955.90","38.00K","0.64%"
"01/15/2019","956.46","962.38","968.84","955.63","100.24K","-1.28%"
"01/14/2019","968.84","968.84","968.84","968.84","9.96K","-0.34%"
"01/11/2019","972.12","972.16","976.64","970.57","18.72K","-0.09%"
"01/10/2019","972.98","974.43","978.86","972.98","17.31K","-0.42%"
"01/09/2019","977.09","976.14","977.09","973.17","99.33K","0.40%"
"01/08/2019","973.17","973.17","973.17","973.17","9.34M","-0.03%"
"01/04/2019","973.49","973.49","975.33","973.49","9.20K","0.00%"
"01/03/2019","973.49","976.75","977.44","973.49","53.32K","-0.21%"
"01/02/2019","975.52","976.75","976.75","975.42","2.65K","-0.13%"
"01/01/2019","976.75","975.21","976.75","975.21","","0.00%"