"Date","Price","Open","High","Low","Vol.","Change %"
"12/30/2025","3,788.11","3,788.11","3,788.11","3,788.11","","0.27%"
"12/29/2025","3,777.93","3,777.93","3,777.93","3,777.93","","1.53%"
"12/23/2025","3,720.82","3,720.82","3,720.82","3,720.82","","0.05%"
"12/22/2025","3,718.79","3,718.79","3,718.79","3,718.79","","-0.15%"
"12/19/2025","3,724.23","3,724.23","3,724.23","3,724.23","","0.05%"
"12/18/2025","3,722.44","3,722.44","3,722.44","3,722.44","","0.23%"
"12/17/2025","3,714.04","3,714.04","3,714.04","3,714.04","","0.06%"
"12/16/2025","3,711.72","3,711.72","3,711.72","3,711.72","","-0.51%"
"12/15/2025","3,730.83","3,730.83","3,730.83","3,730.83","","-0.13%"
"12/12/2025","3,735.69","3,735.69","3,735.69","3,735.69","","-0.37%"
"12/11/2025","3,749.45","3,749.45","3,749.45","3,749.45","","0.41%"
"12/10/2025","3,734.18","3,734.18","3,734.18","3,734.18","","-0.25%"
"12/09/2025","3,743.39","3,743.39","3,743.39","3,743.39","","-0.62%"
"12/05/2025","3,766.58","3,766.58","3,766.58","3,766.58","","-0.39%"
"12/04/2025","3,781.33","3,781.33","3,781.33","3,781.33","","0.54%"
"12/03/2025","3,760.98","3,760.98","3,760.98","3,760.98","","-0.33%"
"12/02/2025","3,773.44","3,773.44","3,773.44","3,773.44","","-0.67%"
"12/01/2025","3,798.95","3,798.95","3,798.95","3,798.95","","0.57%"
"11/28/2025","3,777.27","3,777.27","3,777.27","3,777.27","","-0.56%"
"11/27/2025","3,798.48","3,798.48","3,798.48","3,798.48","","-0.07%"
"11/26/2025","3,800.98","3,800.98","3,800.98","3,800.98","","-0.35%"
"11/25/2025","3,814.17","3,814.17","3,814.17","3,814.17","","0.53%"
"11/24/2025","3,793.91","3,793.91","3,793.91","3,793.91","","-0.23%"
"11/21/2025","3,802.57","3,802.57","3,802.57","3,802.57","","1.44%"
"11/20/2025","3,748.56","3,748.56","3,748.56","3,748.56","","0.07%"
"11/19/2025","3,745.98","3,745.98","3,745.98","3,745.98","","0.29%"
"11/18/2025","3,734.99","3,734.99","3,734.99","3,734.99","","-0.44%"
"11/17/2025","3,751.59","3,751.59","3,751.59","3,751.59","","-1.09%"
"11/14/2025","3,792.94","3,792.94","3,792.94","3,792.94","","-0.16%"
"11/13/2025","3,798.99","3,798.99","3,798.99","3,798.99","","0.24%"
"11/12/2025","3,789.77","3,789.77","3,789.77","3,789.77","","0.23%"
"11/11/2025","3,781.10","3,781.10","3,781.10","3,781.10","","0.29%"
"11/10/2025","3,770.28","3,770.28","3,770.28","3,770.28","","-0.17%"
"11/07/2025","3,776.69","3,776.69","3,776.69","3,776.69","","-0.24%"
"11/06/2025","3,785.71","3,785.71","3,785.71","3,785.71","","-0.35%"
"11/05/2025","3,799.18","3,799.18","3,799.18","3,799.18","","1.53%"
"11/04/2025","3,741.90","3,741.90","3,741.90","3,741.90","","0.22%"
"11/03/2025","3,733.72","3,733.72","3,733.72","3,733.72","","0.31%"
"10/31/2025","3,722.35","3,722.35","3,722.35","3,722.35","","0.09%"
"10/30/2025","3,718.85","3,718.85","3,718.85","3,718.85","","0.46%"
"10/29/2025","3,701.74","3,701.74","3,701.74","3,701.74","","0.01%"
"10/28/2025","3,701.43","3,701.43","3,701.43","3,701.43","","-0.10%"
"10/27/2025","3,705.14","3,705.14","3,705.14","3,705.14","","-0.64%"
"10/24/2025","3,729.00","3,729.00","3,729.00","3,729.00","","0.33%"
"10/23/2025","3,716.88","3,716.88","3,716.88","3,716.88","","0.09%"
"10/22/2025","3,713.60","3,713.60","3,713.60","3,713.60","","-0.21%"
"10/21/2025","3,721.38","3,721.38","3,721.38","3,721.38","","0.16%"
"10/20/2025","3,715.45","3,715.45","3,715.45","3,715.45","","-1.01%"
"10/17/2025","3,753.45","3,753.45","3,753.45","3,753.45","","2.24%"
"10/16/2025","3,671.04","3,671.04","3,671.04","3,671.04","","-0.25%"
"10/15/2025","3,680.25","3,680.25","3,680.25","3,680.25","","-0.26%"
"10/14/2025","3,689.87","3,689.87","3,689.87","3,689.87","","-1.19%"
"10/13/2025","3,734.32","3,734.32","3,734.32","3,734.32","","-0.04%"
"10/10/2025","3,735.89","3,735.89","3,735.89","3,735.89","","0.72%"
"10/09/2025","3,709.05","3,709.05","3,709.05","3,709.05","","-0.28%"
"10/08/2025","3,719.56","3,719.56","3,719.56","3,719.56","","0.00%"
"10/07/2025","3,719.56","3,719.56","3,719.56","3,719.56","","0.04%"
"10/06/2025","3,717.92","3,717.92","3,717.92","3,717.92","","-0.25%"
"10/03/2025","3,727.17","3,727.17","3,727.17","3,727.17","","-0.28%"
"10/02/2025","3,737.53","3,737.53","3,737.53","3,737.53","","-0.15%"
"10/01/2025","3,743.23","3,743.23","3,743.23","3,743.23","","0.32%"
"09/30/2025","3,731.11","3,731.11","3,731.11","3,731.11","","-1.17%"
"09/29/2025","3,775.34","3,775.34","3,775.34","3,775.34","","-0.38%"
"09/26/2025","3,789.87","3,789.87","3,789.87","3,789.87","","-0.09%"
"09/25/2025","3,793.20","3,793.20","3,793.20","3,793.20","","-0.47%"
"09/24/2025","3,810.97","3,810.97","3,810.97","3,810.97","","-0.19%"
"09/23/2025","3,818.24","3,818.24","3,818.24","3,818.24","","-0.09%"
"09/22/2025","3,821.53","3,821.53","3,821.53","3,821.53","","0.83%"
"09/19/2025","3,790.02","3,790.02","3,790.02","3,790.02","","-0.77%"
"09/18/2025","3,819.47","3,819.47","3,819.47","3,819.47","","0.51%"
"09/17/2025","3,800.18","3,800.18","3,800.18","3,800.18","","0.52%"
"09/16/2025","3,780.61","3,780.61","3,780.61","3,780.61","","0.11%"
"09/15/2025","3,776.36","3,776.36","3,776.36","3,776.36","","-0.75%"
"09/12/2025","3,805.02","3,805.02","3,805.02","3,805.02","","0.22%"
"09/11/2025","3,796.66","3,796.66","3,796.66","3,796.66","","0.02%"
"09/10/2025","3,795.93","3,795.93","3,795.93","3,795.93","","0.15%"
"09/09/2025","3,790.14","3,790.14","3,790.14","3,790.14","","-0.63%"
"09/05/2025","3,814.26","3,814.26","3,814.26","3,814.26","","0.43%"
"09/04/2025","3,798.10","3,798.10","3,798.10","3,798.10","","0.39%"
"09/03/2025","3,783.41","3,783.41","3,783.41","3,783.41","","-0.48%"
"09/02/2025","3,801.63","3,801.63","3,801.63","3,801.63","","-0.26%"
"09/01/2025","3,811.65","3,811.65","3,811.65","3,811.65","","-0.29%"
"08/29/2025","3,822.65","3,822.65","3,822.65","3,822.65","","-0.38%"
"08/28/2025","3,837.11","3,837.11","3,837.11","3,837.11","","-0.70%"
"08/27/2025","3,864.35","3,864.35","3,864.35","3,864.35","","0.68%"
"08/26/2025","3,838.31","3,838.31","3,838.31","3,838.31","","0.20%"
"08/25/2025","3,830.67","3,830.67","3,830.67","3,830.67","","0.39%"
"08/22/2025","3,815.69","3,815.69","3,815.69","3,815.69","","-0.52%"
"08/21/2025","3,835.46","3,835.46","3,835.46","3,835.46","","-0.68%"
"08/20/2025","3,861.78","3,861.78","3,861.78","3,861.78","","0.22%"
"08/19/2025","3,853.46","3,853.46","3,853.46","3,853.46","","-0.95%"
"08/18/2025","3,890.49","3,890.49","3,890.49","3,890.49","","0.61%"
"08/14/2025","3,866.84","3,866.84","3,866.84","3,866.84","","0.30%"
"08/13/2025","3,855.23","3,855.23","3,855.23","3,855.23","","-0.79%"
"08/12/2025","3,885.83","3,885.83","3,885.83","3,885.83","","-0.24%"
"08/11/2025","3,895.17","3,895.17","3,895.17","3,895.17","","-0.10%"
"08/08/2025","3,898.87","3,898.87","3,898.87","3,898.87","","-0.07%"
"08/07/2025","3,901.59","3,901.59","3,901.59","3,901.59","","0.59%"
"08/06/2025","3,878.87","3,878.87","3,878.87","3,878.87","","-0.48%"
"08/05/2025","3,897.48","3,897.48","3,897.48","3,897.48","","1.01%"
"08/04/2025","3,858.53","3,858.53","3,858.53","3,858.53","","0.79%"
"08/01/2025","3,828.33","3,828.33","3,828.33","3,828.33","","0.23%"
"07/30/2025","3,819.67","3,819.67","3,819.67","3,819.67","","0.27%"
"07/29/2025","3,809.42","3,809.42","3,809.42","3,809.42","","0.11%"
"07/28/2025","3,805.39","3,805.39","3,805.39","3,805.39","","0.35%"
"07/25/2025","3,792.03","3,792.03","3,792.03","3,792.03","","-0.09%"
"07/24/2025","3,795.63","3,795.63","3,795.63","3,795.63","","-0.08%"
"07/23/2025","3,798.70","3,798.70","3,798.70","3,798.70","","0.08%"
"07/22/2025","3,795.59","3,795.59","3,795.59","3,795.59","","0.70%"
"07/21/2025","3,769.31","3,769.31","3,769.31","3,769.31","","0.23%"
"07/18/2025","3,760.56","3,760.56","3,760.56","3,760.56","","-0.59%"
"07/17/2025","3,782.91","3,782.91","3,782.91","3,782.91","","-0.02%"
"07/16/2025","3,783.61","3,783.61","3,783.61","3,783.61","","-0.30%"
"07/15/2025","3,794.88","3,794.88","3,794.88","3,794.88","","0.33%"
"07/14/2025","3,782.48","3,782.48","3,782.48","3,782.48","","0.47%"
"07/11/2025","3,764.90","3,764.90","3,764.90","3,764.90","","0.59%"
"07/10/2025","3,742.93","3,742.93","3,742.93","3,742.93","","-0.78%"
"07/09/2025","3,772.34","3,772.34","3,772.34","3,772.34","","-0.08%"
"07/08/2025","3,775.27","3,775.27","3,775.27","3,775.27","","-0.22%"
"07/07/2025","3,783.43","3,783.43","3,783.43","3,783.43","","0.01%"
"07/04/2025","3,783.06","3,783.06","3,783.06","3,783.06","","-0.83%"
"07/03/2025","3,814.57","3,814.57","3,814.57","3,814.57","","0.29%"
"07/02/2025","3,803.63","3,803.63","3,803.63","3,803.63","","-0.09%"
"07/01/2025","3,807.18","3,807.18","3,807.18","3,807.18","","-0.27%"
"06/30/2025","3,817.48","3,817.48","3,817.48","3,817.48","","0.37%"
"06/27/2025","3,803.24","3,803.24","3,803.24","3,803.24","","-0.08%"
"06/26/2025","3,806.14","3,806.14","3,806.14","3,806.14","","-0.93%"
"06/25/2025","3,841.77","3,841.77","3,841.77","3,841.77","","0.25%"
"06/24/2025","3,832.29","3,832.29","3,832.29","3,832.29","","0.55%"
"06/23/2025","3,811.26","3,811.26","3,811.26","3,811.26","","-0.58%"
"06/20/2025","3,833.55","3,833.55","3,833.55","3,833.55","","0.20%"
"06/19/2025","3,825.98","3,825.98","3,825.98","3,825.98","","-0.21%"
"06/18/2025","3,834.01","3,834.01","3,834.01","3,834.01","","-0.52%"
"06/17/2025","3,853.89","3,853.89","3,853.89","3,853.89","","1.24%"
"06/16/2025","3,806.86","3,806.86","3,806.86","3,806.86","","0.07%"
"06/13/2025","3,804.20","3,804.20","3,804.20","3,804.20","","-0.55%"
"06/12/2025","3,825.07","3,825.07","3,825.07","3,825.07","","1.12%"
"06/11/2025","3,782.68","3,782.68","3,782.68","3,782.68","","0.52%"
"06/10/2025","3,762.95","3,762.95","3,762.95","3,762.95","","-0.04%"
"06/09/2025","3,764.62","3,764.62","3,764.62","3,764.62","","-0.09%"
"06/06/2025","3,768.06","3,768.06","3,768.06","3,768.06","","0.19%"
"06/05/2025","3,760.95","3,760.95","3,760.95","3,760.95","","0.14%"
"06/04/2025","3,755.62","3,755.62","3,755.62","3,755.62","","-0.21%"
"06/03/2025","3,763.57","3,763.57","3,763.57","3,763.57","","-0.45%"
"06/02/2025","3,780.51","3,780.51","3,780.51","3,780.51","","0.00%"
"05/30/2025","3,780.41","3,780.41","3,780.41","3,780.41","","0.81%"
"05/29/2025","3,750.11","3,750.11","3,750.11","3,750.11","","-1.27%"
"05/28/2025","3,798.43","3,798.43","3,798.43","3,798.43","","0.27%"
"05/27/2025","3,788.01","3,788.01","3,788.01","3,788.01","","0.23%"
"05/26/2025","3,779.32","3,779.32","3,779.32","3,779.32","","0.11%"
"05/23/2025","3,775.00","3,775.00","3,775.00","3,775.00","","-0.18%"
"05/22/2025","3,781.83","3,781.83","3,781.83","3,781.83","","-0.09%"
"05/21/2025","3,785.17","3,785.17","3,785.17","3,785.17","","-0.20%"
"05/20/2025","3,792.88","3,792.88","3,792.88","3,792.88","","-0.87%"
"05/19/2025","3,826.20","3,826.20","3,826.20","3,826.20","","0.32%"
"05/16/2025","3,813.82","3,813.82","3,813.82","3,813.82","","-0.05%"
"05/15/2025","3,815.85","3,815.85","3,815.85","3,815.85","","0.10%"
"05/14/2025","3,812.19","3,812.19","3,812.19","3,812.19","","-0.47%"
"05/13/2025","3,830.31","3,830.31","3,830.31","3,830.31","","0.17%"
"05/12/2025","3,823.93","3,823.93","3,823.93","3,823.93","","0.35%"
"05/09/2025","3,810.63","3,810.63","3,810.63","3,810.63","","-0.35%"
"05/08/2025","3,824.07","3,824.07","3,824.07","3,824.07","","0.09%"
"05/07/2025","3,820.72","3,820.72","3,820.72","3,820.72","","-0.40%"
"05/06/2025","3,835.96","3,835.96","3,835.96","3,835.96","","-0.17%"
"05/05/2025","3,842.49","3,842.49","3,842.49","3,842.49","","0.00%"
"05/02/2025","3,842.58","3,842.58","3,842.58","3,842.58","","0.51%"
"04/30/2025","3,822.90","3,822.90","3,822.90","3,822.90","","-0.23%"
"04/29/2025","3,831.71","3,831.71","3,831.71","3,831.71","","-0.82%"
"04/28/2025","3,863.48","3,863.48","3,863.48","3,863.48","","-0.17%"
"04/25/2025","3,869.93","3,869.93","3,869.93","3,869.93","","-0.11%"
"04/24/2025","3,874.02","3,874.02","3,874.02","3,874.02","","-0.17%"
"04/23/2025","3,880.68","3,880.68","3,880.68","3,880.68","","0.43%"
"04/22/2025","3,864.02","3,864.02","3,864.02","3,864.02","","-0.84%"
"04/17/2025","3,896.89","3,896.89","3,896.89","3,896.89","","0.31%"
"04/16/2025","3,884.96","3,884.96","3,884.96","3,884.96","","-0.24%"
"04/15/2025","3,894.16","3,894.16","3,894.16","3,894.16","","-0.09%"
"04/14/2025","3,897.64","3,897.64","3,897.64","3,897.64","","-0.02%"
"04/11/2025","3,898.60","3,898.60","3,898.60","3,898.60","","-0.28%"
"04/10/2025","3,909.70","3,909.70","3,909.70","3,909.70","","-0.58%"
"04/09/2025","3,932.33","3,932.33","3,932.33","3,932.33","","-0.42%"
"04/08/2025","3,949.00","3,949.00","3,949.00","3,949.00","","-0.41%"
"04/07/2025","3,965.37","3,965.37","3,965.37","3,965.37","","-0.16%"
"04/04/2025","3,971.75","3,971.75","3,971.75","3,971.75","","0.36%"
"04/03/2025","3,957.55","3,957.55","3,957.55","3,957.55","","0.34%"
"04/02/2025","3,943.97","3,943.97","3,943.97","3,943.97","","0.39%"
"04/01/2025","3,928.49","3,928.49","3,928.49","3,928.49","","-0.04%"
"03/28/2025","3,929.95","3,929.95","3,929.95","3,929.95","","-0.04%"
"03/27/2025","3,931.34","3,931.34","3,931.34","3,931.34","","0.09%"
"03/26/2025","3,927.78","3,927.78","3,927.78","3,927.78","","0.58%"
"03/25/2025","3,905.16","3,905.16","3,905.16","3,905.16","","0.33%"
"03/24/2025","3,892.30","3,892.30","3,892.30","3,892.30","","-0.22%"
"03/21/2025","3,900.85","3,900.85","3,900.85","3,900.85","","-0.10%"
"03/20/2025","3,904.88","3,904.88","3,904.88","3,904.88","","-0.26%"
"03/18/2025","3,914.93","3,914.93","3,914.93","3,914.93","","-0.26%"
"03/17/2025","3,925.08","3,925.08","3,925.08","3,925.08","","-0.05%"
"03/14/2025","3,927.21","3,927.21","3,927.21","3,927.21","","0.16%"
"03/13/2025","3,920.75","3,920.75","3,920.75","3,920.75","","0.15%"
"03/12/2025","3,914.80","3,914.80","3,914.80","3,914.80","","0.65%"
"03/11/2025","3,889.61","3,889.61","3,889.61","3,889.61","","-0.04%"
"03/10/2025","3,891.09","3,891.09","3,891.09","3,891.09","","-0.81%"
"03/07/2025","3,922.78","3,922.78","3,922.78","3,922.78","","0.41%"
"03/06/2025","3,906.94","3,906.94","3,906.94","3,906.94","","0.14%"
"03/05/2025","3,901.56","3,901.56","3,901.56","3,901.56","","-0.26%"
"03/04/2025","3,911.90","3,911.90","3,911.90","3,911.90","","-0.15%"
"03/03/2025","3,917.74","3,917.74","3,917.74","3,917.74","","0.06%"
"02/28/2025","3,915.44","3,915.44","3,915.44","3,915.44","","0.05%"
"02/27/2025","3,913.54","3,913.54","3,913.54","3,913.54","","0.12%"
"02/26/2025","3,908.73","3,908.73","3,908.73","3,908.73","","0.06%"
"02/25/2025","3,906.30","3,906.30","3,906.30","3,906.30","","-0.36%"
"02/24/2025","3,920.36","3,920.36","3,920.36","3,920.36","","0.95%"
"02/21/2025","3,883.52","3,883.52","3,883.52","3,883.52","","0.58%"
"02/20/2025","3,861.06","3,861.06","3,861.06","3,861.06","","0.90%"
"02/19/2025","3,826.77","3,826.77","3,826.77","3,826.77","","0.16%"
"02/18/2025","3,820.55","3,820.55","3,820.55","3,820.55","","-0.14%"
"02/17/2025","3,826.07","3,826.07","3,826.07","3,826.07","","1.01%"
"02/14/2025","3,787.97","3,787.97","3,787.97","3,787.97","","-0.20%"
"02/13/2025","3,795.63","3,795.63","3,795.63","3,795.63","","-0.24%"
"02/12/2025","3,804.63","3,804.63","3,804.63","3,804.63","","0.78%"
"02/11/2025","3,775.04","3,775.04","3,775.04","3,775.04","","-0.40%"
"02/07/2025","3,790.10","3,790.10","3,790.10","3,790.10","","-0.26%"
"02/06/2025","3,800.02","3,800.02","3,800.02","3,800.02","","-0.16%"
"02/05/2025","3,806.20","3,806.20","3,806.20","3,806.20","","0.53%"
"02/04/2025","3,785.95","3,785.95","3,785.95","3,785.95","","0.16%"
"02/03/2025","3,779.81","3,779.81","3,779.81","3,779.81","","0.55%"
"01/31/2025","3,759.19","3,759.19","3,759.19","3,759.19","","0.80%"
"01/30/2025","3,729.51","3,729.51","3,729.51","3,729.51","","0.01%"
"01/29/2025","3,729.03","3,729.03","3,729.03","3,729.03","","-0.29%"
"01/28/2025","3,740.03","3,740.03","3,740.03","3,740.03","","0.31%"
"01/27/2025","3,728.58","3,728.58","3,728.58","3,728.58","","-0.17%"
"01/24/2025","3,735.00","3,735.00","3,735.00","3,735.00","","0.70%"
"01/23/2025","3,708.90","3,708.90","3,708.90","3,708.90","","-0.74%"
"01/22/2025","3,736.48","3,736.48","3,736.48","3,736.48","","-0.32%"
"01/21/2025","3,748.62","3,748.62","3,748.62","3,748.62","","-0.10%"
"01/20/2025","3,752.43","3,752.43","3,752.43","3,752.43","","-0.29%"
"01/17/2025","3,763.46","3,763.46","3,763.46","3,763.46","","1.03%"
"01/16/2025","3,725.13","3,725.13","3,725.13","3,725.13","","0.25%"
"01/15/2025","3,715.69","3,715.69","3,715.69","3,715.69","","-0.44%"
"01/14/2025","3,732.06","3,732.06","3,732.06","3,732.06","","0.01%"
"01/13/2025","3,731.55","3,731.55","3,731.55","3,731.55","","-0.14%"
"01/10/2025","3,736.89","3,736.89","3,736.89","3,736.89","","-0.66%"
"01/09/2025","3,761.78","3,761.78","3,761.78","3,761.78","","-0.09%"
"01/08/2025","3,765.06","3,765.06","3,765.06","3,765.06","","0.28%"
"01/07/2025","3,754.61","3,754.61","3,754.61","3,754.61","","1.28%"
"01/06/2025","3,707.01","3,707.01","3,707.01","3,707.01","","-1.36%"
"01/03/2025","3,757.95","3,757.95","3,757.95","3,757.95","","-0.23%"
"12/30/2024","3,766.70","3,766.70","3,766.70","3,766.70","","0.34%"
"12/27/2024","3,754.12","3,754.12","3,754.12","3,754.12","","-0.35%"
"12/23/2024","3,767.15","3,767.15","3,767.15","3,767.15","","0.49%"
"12/20/2024","3,748.97","3,748.97","3,748.97","3,748.97","","1.09%"
"12/19/2024","3,708.53","3,708.53","3,708.53","3,708.53","","-1.93%"
"12/18/2024","3,781.55","3,781.55","3,781.55","3,781.55","","0.18%"
"12/17/2024","3,774.90","3,774.90","3,774.90","3,774.90","","0.26%"
"12/16/2024","3,765.16","3,765.16","3,765.16","3,765.16","","0.45%"
"12/12/2024","3,748.27","3,748.27","3,748.27","3,748.27","","0.10%"
"12/11/2024","3,744.45","3,744.45","3,744.45","3,744.45","","-0.13%"
"12/10/2024","3,749.30","3,749.30","3,749.30","3,749.30","","0.37%"
"12/09/2024","3,735.61","3,735.61","3,735.61","3,735.61","","-0.46%"
"12/06/2024","3,752.73","3,752.73","3,752.73","3,752.73","","-0.80%"
"12/05/2024","3,782.82","3,782.82","3,782.82","3,782.82","","-0.08%"
"12/04/2024","3,785.86","3,785.86","3,785.86","3,785.86","","-0.07%"
"12/03/2024","3,788.52","3,788.52","3,788.52","3,788.52","","0.21%"
"12/02/2024","3,780.73","3,780.73","3,780.73","3,780.73","","-0.22%"
"11/29/2024","3,789.18","3,789.18","3,789.18","3,789.18","","0.71%"
"11/28/2024","3,762.48","3,762.48","3,762.48","3,762.48","","-0.62%"
"11/27/2024","3,785.77","3,785.77","3,785.77","3,785.77","","0.14%"
"11/26/2024","3,780.54","3,780.54","3,780.54","3,780.54","","-0.03%"
"11/25/2024","3,781.83","3,781.83","3,781.83","3,781.83","","-0.30%"
"11/22/2024","3,793.06","3,793.06","3,793.06","3,793.06","","0.17%"
"11/21/2024","3,786.72","3,786.72","3,786.72","3,786.72","","-0.07%"
"11/20/2024","3,789.20","3,789.20","3,789.20","3,789.20","","-0.15%"
"11/19/2024","3,794.86","3,794.86","3,794.86","3,794.86","","0.02%"
"11/18/2024","3,794.21","3,794.21","3,794.21","3,794.21","","-0.37%"
"11/15/2024","3,808.49","3,808.49","3,808.49","3,808.49","","0.28%"
"11/14/2024","3,797.67","3,797.67","3,797.67","3,797.67","","-0.30%"
"11/13/2024","3,808.95","3,808.95","3,808.95","3,808.95","","-0.46%"
"11/12/2024","3,826.72","3,826.72","3,826.72","3,826.72","","0.01%"
"11/11/2024","3,826.27","3,826.27","3,826.27","3,826.27","","-0.64%"
"11/08/2024","3,851.10","3,851.10","3,851.10","3,851.10","","0.00%"
"11/07/2024","3,851.05","3,851.05","3,851.05","3,851.05","","-0.04%"
"11/06/2024","3,852.66","3,852.66","3,852.66","3,852.66","","-0.21%"
"11/05/2024","3,860.64","3,860.64","3,860.64","3,860.64","","-0.04%"
"11/04/2024","3,862.31","3,862.31","3,862.31","3,862.31","","0.16%"
"11/01/2024","3,856.32","3,856.32","3,856.32","3,856.32","","0.28%"
"10/31/2024","3,845.54","3,845.54","3,845.54","3,845.54","","0.48%"
"10/30/2024","3,827.14","3,827.14","3,827.14","3,827.14","","-0.01%"
"10/29/2024","3,827.61","3,827.61","3,827.61","3,827.61","","0.34%"
"10/28/2024","3,814.53","3,814.53","3,814.53","3,814.53","","-0.28%"
"10/25/2024","3,825.35","3,825.35","3,825.35","3,825.35","","-0.07%"
"10/24/2024","3,828.07","3,828.07","3,828.07","3,828.07","","0.08%"
"10/23/2024","3,825.05","3,825.05","3,825.05","3,825.05","","0.33%"
"10/22/2024","3,812.44","3,812.44","3,812.44","3,812.44","","1.10%"
"10/21/2024","3,770.87","3,770.87","3,770.87","3,770.87","","-0.19%"
"10/18/2024","3,778.10","3,778.10","3,778.10","3,778.10","","-0.56%"
"10/17/2024","3,799.23","3,799.23","3,799.23","3,799.23","","0.07%"
"10/16/2024","3,796.47","3,796.47","3,796.47","3,796.47","","-0.51%"
"10/15/2024","3,815.80","3,815.80","3,815.80","3,815.80","","0.93%"
"10/14/2024","3,780.75","3,780.75","3,780.75","3,780.75","","0.24%"
"10/11/2024","3,771.67","3,771.67","3,771.67","3,771.67","","-0.24%"
"10/10/2024","3,780.82","3,780.82","3,780.82","3,780.82","","0.23%"
"10/09/2024","3,772.07","3,772.07","3,772.07","3,772.07","","0.16%"
"10/08/2024","3,766.11","3,766.11","3,766.11","3,766.11","","-0.29%"
"10/07/2024","3,777.02","3,777.02","3,777.02","3,777.02","","0.34%"
"10/04/2024","3,764.16","3,764.16","3,764.16","3,764.16","","-0.07%"
"10/03/2024","3,766.62","3,766.62","3,766.62","3,766.62","","-0.27%"
"10/02/2024","3,776.67","3,776.67","3,776.67","3,776.67","","0.22%"
"10/01/2024","3,768.47","3,768.47","3,768.47","3,768.47","","-0.58%"
"09/30/2024","3,790.43","3,790.43","3,790.43","3,790.43","","0.54%"
"09/27/2024","3,770.20","3,770.20","3,770.20","3,770.20","","0.13%"
"09/26/2024","3,765.17","3,765.17","3,765.17","3,765.17","","0.06%"
"09/25/2024","3,762.90","3,762.90","3,762.90","3,762.90","","-0.71%"
"09/24/2024","3,789.84","3,789.84","3,789.84","3,789.84","","-0.26%"
"09/23/2024","3,799.81","3,799.81","3,799.81","3,799.81","","0.33%"
"09/20/2024","3,787.40","3,787.40","3,787.40","3,787.40","","-0.21%"
"09/19/2024","3,795.29","3,795.29","3,795.29","3,795.29","","-0.01%"
"09/18/2024","3,795.77","3,795.77","3,795.77","3,795.77","","0.07%"
"09/17/2024","3,793.05","3,793.05","3,793.05","3,793.05","","-0.09%"
"09/16/2024","3,796.31","3,796.31","3,796.31","3,796.31","","0.03%"
"09/13/2024","3,795.36","3,795.36","3,795.36","3,795.36","","-0.02%"
"09/12/2024","3,796.15","3,796.15","3,796.15","3,796.15","","1.52%"
"09/11/2024","3,739.30","3,739.30","3,739.30","3,739.30","","-1.33%"
"09/10/2024","3,789.85","3,789.85","3,789.85","3,789.85","","-0.26%"
"09/09/2024","3,799.56","3,799.56","3,799.56","3,799.56","","0.37%"
"09/06/2024","3,785.38","3,785.38","3,785.38","3,785.38","","0.44%"
"09/05/2024","3,768.97","3,768.97","3,768.97","3,768.97","","0.22%"
"09/04/2024","3,760.75","3,760.75","3,760.75","3,760.75","","-2.33%"
"09/03/2024","3,850.65","3,850.65","3,850.65","3,850.65","","-0.31%"
"09/02/2024","3,862.54","3,862.54","3,862.54","3,862.54","","0.70%"
"08/30/2024","3,835.63","3,835.63","3,835.63","3,835.63","","0.46%"
"08/29/2024","3,818.16","3,818.16","3,818.16","3,818.16","","-1.10%"
"08/28/2024","3,860.73","3,860.73","3,860.73","3,860.73","","-0.44%"
"08/27/2024","3,877.69","3,877.69","3,877.69","3,877.69","","0.48%"
"08/26/2024","3,859.02","3,859.02","3,859.02","3,859.02","","-0.09%"
"08/23/2024","3,862.63","3,862.63","3,862.63","3,862.63","","0.71%"
"08/22/2024","3,835.48","3,835.48","3,835.48","3,835.48","","-0.60%"
"08/21/2024","3,858.61","3,858.61","3,858.61","3,858.61","","-0.47%"
"08/20/2024","3,876.76","3,876.76","3,876.76","3,876.76","","0.24%"
"08/19/2024","3,867.31","3,867.31","3,867.31","3,867.31","","-0.38%"
"08/16/2024","3,882.20","3,882.20","3,882.20","3,882.20","","0.22%"
"08/14/2024","3,873.84","3,873.84","3,873.84","3,873.84","","-0.04%"
"08/13/2024","3,875.41","3,875.41","3,875.41","3,875.41","","0.25%"
"08/12/2024","3,865.72","3,865.72","3,865.72","3,865.72","","0.45%"
"08/09/2024","3,848.32","3,848.32","3,848.32","3,848.32","","0.49%"
"08/08/2024","3,829.51","3,829.51","3,829.51","3,829.51","","0.34%"
"08/07/2024","3,816.53","3,816.53","3,816.53","3,816.53","","0.19%"
"08/06/2024","3,809.30","3,809.30","3,809.30","3,809.30","","-0.15%"
"08/05/2024","3,815.18","3,815.18","3,815.18","3,815.18","","-0.58%"
"08/02/2024","3,837.36","3,837.36","3,837.36","3,837.36","","1.86%"
"08/01/2024","3,767.33","3,767.33","3,767.33","3,767.33","","0.00%"
"07/31/2024","3,767.33","3,767.33","3,767.33","3,767.33","","0.09%"
"07/30/2024","3,763.84","3,763.84","3,763.84","3,763.84","","0.03%"
"07/29/2024","3,762.70","3,762.70","3,762.70","3,762.70","","1.08%"
"07/26/2024","3,722.46","3,722.46","3,722.46","3,722.46","","0.00%"
"07/25/2024","3,722.53","3,722.53","3,722.53","3,722.53","","0.40%"
"07/24/2024","3,707.76","3,707.76","3,707.76","3,707.76","","-0.33%"
"07/23/2024","3,720.09","3,720.09","3,720.09","3,720.09","","0.73%"
"07/22/2024","3,692.99","3,692.99","3,692.99","3,692.99","","0.13%"
"07/19/2024","3,688.31","3,688.31","3,688.31","3,688.31","","-0.33%"
"07/18/2024","3,700.69","3,700.69","3,700.69","3,700.69","","0.18%"
"07/17/2024","3,694.20","3,694.20","3,694.20","3,694.20","","0.03%"
"07/16/2024","3,693.05","3,693.05","3,693.05","3,693.05","","0.25%"
"07/15/2024","3,683.69","3,683.69","3,683.69","3,683.69","","-0.61%"
"07/12/2024","3,706.12","3,706.12","3,706.12","3,706.12","","-0.25%"
"07/11/2024","3,715.43","8,177.14","8,177.14","8,177.14","","0.30%"
"07/10/2024","3,704.38","3,704.38","3,704.38","3,704.38","","0.11%"
"07/09/2024","3,700.27","3,700.27","3,700.27","3,700.27","","-0.16%"
"07/08/2024","3,706.38","3,706.38","3,706.38","3,706.38","","-0.56%"
"07/05/2024","3,727.42","8,203.49","8,203.49","8,203.49","","-0.43%"
"07/04/2024","3,743.69","3,743.69","3,743.69","3,743.69","","0.25%"
"07/03/2024","3,734.38","3,734.38","3,734.38","3,734.38","","-0.16%"
"07/02/2024","3,740.37","3,740.37","3,740.37","3,740.37","","-0.30%"
"07/01/2024","3,751.44","3,751.44","3,751.44","3,751.44","","0.57%"
"06/28/2024","3,730.23","8,199.76","8,199.76","8,199.76","","0.33%"
"06/27/2024","3,717.90","3,717.90","3,717.90","3,717.90","","-0.18%"
"06/26/2024","3,724.71","3,724.71","3,724.71","3,724.71","","0.20%"
"06/25/2024","3,717.40","3,717.40","3,717.40","3,717.40","","-0.13%"
"06/24/2024","3,722.41","3,722.41","3,722.41","3,722.41","","-0.34%"
"06/21/2024","3,734.95","3,734.95","3,734.95","3,734.95","","-0.27%"
"06/20/2024","3,745.06","3,745.06","3,745.06","3,745.06","","0.45%"
"06/19/2024","3,728.15","3,728.15","3,728.15","3,728.15","","-0.03%"
"06/18/2024","3,729.45","3,729.45","3,729.45","3,729.45","","-0.34%"
"06/17/2024","3,742.01","3,742.01","3,742.01","3,742.01","","0.94%"
"06/14/2024","3,707.33","3,707.33","3,707.33","3,707.33","","-0.30%"
"06/13/2024","3,718.66","3,718.66","3,718.66","3,718.66","","-0.23%"
"06/12/2024","3,727.14","3,727.14","3,727.14","3,727.14","","0.38%"
"06/11/2024","3,713.17","3,713.17","3,713.17","3,713.17","","-0.10%"
"06/10/2024","3,716.89","3,716.89","3,716.89","3,716.89","","0.39%"
"06/06/2024","3,702.53","3,702.53","3,702.53","3,702.53","","0.04%"
"06/05/2024","3,701.03","3,701.03","3,701.03","3,701.03","","-0.21%"
"06/04/2024","3,709.00","3,709.00","3,709.00","3,709.00","","0.08%"
"06/03/2024","3,705.98","3,705.98","3,705.98","3,705.98","","-0.17%"
"05/31/2024","3,712.30","3,712.30","3,712.30","3,712.30","","0.48%"
"05/30/2024","3,694.59","3,694.59","3,694.59","3,694.59","","-0.02%"
"05/29/2024","3,695.50","3,695.50","3,695.50","3,695.50","","0.07%"
"05/28/2024","3,692.90","3,692.90","3,692.90","3,692.90","","-0.16%"
"05/27/2024","3,698.77","3,698.77","3,698.77","3,698.77","","0.13%"
"05/24/2024","3,693.89","3,693.89","3,693.89","3,693.89","","-1.55%"
"05/23/2024","3,752.08","3,752.08","3,752.08","3,752.08","","0.00%"
"05/22/2024","3,752.08","3,752.08","3,752.08","3,752.08","","-0.14%"
"05/21/2024","3,757.33","3,757.33","3,757.33","3,757.33","","0.51%"
"05/20/2024","3,738.14","3,738.14","3,738.14","3,738.14","","-0.55%"
"05/17/2024","3,758.75","3,758.75","3,758.75","3,758.75","","0.40%"
"05/16/2024","3,743.69","3,743.69","3,743.69","3,743.69","","-0.05%"
"05/15/2024","3,745.67","3,745.67","3,745.67","3,745.67","","-0.25%"
"05/14/2024","3,755.10","3,755.10","3,755.10","3,755.10","","-0.27%"
"05/13/2024","3,765.25","3,765.25","3,765.25","3,765.25","","-0.90%"
"05/10/2024","3,799.52","3,799.52","3,799.52","3,799.52","","1.48%"
"05/09/2024","3,744.17","3,744.17","3,744.17","3,744.17","","0.52%"
"05/08/2024","3,724.80","3,724.80","3,724.80","3,724.80","","-1.84%"
"05/07/2024","3,794.73","3,794.73","3,794.73","3,794.73","","0.25%"
"05/06/2024","3,785.35","3,785.35","3,785.35","3,785.35","","-0.29%"
"05/03/2024","3,796.35","3,796.35","3,796.35","3,796.35","","0.48%"
"05/02/2024","3,778.15","3,778.15","3,778.15","3,778.15","","0.31%"
"04/30/2024","3,766.58","3,766.58","3,766.58","3,766.58","","0.63%"
"04/29/2024","3,742.95","3,742.95","3,742.95","3,742.95","","-1.08%"
"04/26/2024","3,783.89","3,783.89","3,783.89","3,783.89","","-0.12%"
"04/25/2024","3,788.31","3,788.31","3,788.31","3,788.31","","0.46%"
"04/24/2024","3,770.86","3,770.86","3,770.86","3,770.86","","0.03%"
"04/23/2024","3,769.55","3,769.55","3,769.55","3,769.55","","0.99%"
"04/22/2024","3,732.49","3,732.49","3,732.49","3,732.49","","-0.10%"
"04/19/2024","3,736.18","3,736.18","3,736.18","3,736.18","","-0.17%"
"04/18/2024","3,742.56","3,742.56","3,742.56","3,742.56","","0.31%"
"04/17/2024","3,730.85","3,730.85","3,730.85","3,730.85","","-0.11%"
"04/16/2024","3,735.11","3,735.11","3,735.11","3,735.11","","-0.02%"
"04/15/2024","3,735.78","3,735.78","3,735.78","3,735.78","","-0.22%"
"04/12/2024","3,744.05","3,744.05","3,744.05","3,744.05","","-0.05%"
"04/11/2024","3,746.04","3,746.04","3,746.04","3,746.04","","-0.66%"
"04/10/2024","3,771.08","3,771.08","3,771.08","3,771.08","","0.69%"
"04/09/2024","3,745.23","3,745.23","3,745.23","3,745.23","","0.86%"
"04/08/2024","3,713.24","3,713.24","3,713.24","3,713.24","","-0.72%"
"04/05/2024","3,739.98","3,739.98","3,739.98","3,739.98","","-0.82%"
"04/04/2024","3,770.86","3,770.86","3,770.86","3,770.86","","-0.30%"
"04/03/2024","3,782.03","3,782.03","3,782.03","3,782.03","","0.19%"
"04/02/2024","3,774.88","3,774.88","3,774.88","3,774.88","","-0.28%"
"03/28/2024","3,785.56","3,785.56","3,785.56","3,785.56","","0.12%"
"03/27/2024","3,781.04","3,781.04","3,781.04","3,781.04","","-0.04%"
"03/26/2024","3,782.44","3,782.44","3,782.44","3,782.44","","-0.07%"
"03/25/2024","3,785.13","3,785.13","3,785.13","3,785.13","","0.86%"
"03/22/2024","3,753.02","3,753.02","3,753.02","3,753.02","","0.02%"
"03/21/2024","3,752.42","3,752.42","3,752.42","3,752.42","","-0.83%"
"03/20/2024","3,783.81","3,783.81","3,783.81","3,783.81","","0.09%"
"03/18/2024","3,780.36","3,780.36","3,780.36","3,780.36","","-0.19%"
"03/15/2024","3,787.62","3,787.62","3,787.62","3,787.62","","-0.06%"
"03/14/2024","3,789.72","3,789.72","3,789.72","3,789.72","","0.65%"
"03/13/2024","3,765.16","3,765.16","3,765.16","3,765.16","","-1.08%"
"03/12/2024","3,806.32","3,806.32","3,806.32","3,806.32","","-0.71%"
"03/11/2024","3,833.70","3,833.70","3,833.70","3,833.70","","0.39%"
"03/08/2024","3,818.79","3,818.79","3,818.79","3,818.79","","-0.09%"
"03/07/2024","3,822.37","3,822.37","3,822.37","3,822.37","","-0.08%"
"03/06/2024","3,825.54","3,825.54","3,825.54","3,825.54","","-1.04%"
"03/05/2024","3,865.66","3,865.66","3,865.66","3,865.66","","0.07%"
"03/04/2024","3,863.08","3,863.08","3,863.08","3,863.08","","0.40%"
"03/01/2024","3,847.55","3,847.55","3,847.55","3,847.55","","1.30%"
"02/29/2024","3,798.35","3,798.35","3,798.35","3,798.35","","0.00%"
"02/28/2024","3,798.35","3,798.35","3,798.35","3,798.35","","0.65%"
"02/27/2024","3,773.91","3,773.91","3,773.91","3,773.91","","-0.01%"
"02/26/2024","3,774.10","3,774.10","3,774.10","3,774.10","","-0.16%"
"02/23/2024","3,780.10","3,780.10","3,780.10","3,780.10","","0.23%"
"02/22/2024","3,771.29","3,771.29","3,771.29","3,771.29","","0.33%"
"02/21/2024","3,758.78","3,758.78","3,758.78","3,758.78","","0.38%"
"02/20/2024","3,744.37","3,744.37","3,744.37","3,744.37","","0.06%"
"02/19/2024","3,742.10","3,742.10","3,742.10","3,742.10","","-0.22%"
"02/16/2024","3,750.30","3,750.30","3,750.30","3,750.30","","-0.98%"
"02/15/2024","3,787.50","3,787.50","3,787.50","3,787.50","","0.58%"
"02/14/2024","3,765.52","3,765.52","3,765.52","3,765.52","","-0.35%"
"02/13/2024","3,778.86","3,778.86","3,778.86","3,778.86","","0.30%"
"02/12/2024","3,767.61","3,767.61","3,767.61","3,767.61","","0.43%"
"02/09/2024","3,751.58","3,751.58","3,751.58","3,751.58","","0.19%"
"02/08/2024","3,744.46","3,744.46","3,744.46","3,744.46","","0.19%"
"02/07/2024","3,737.52","3,737.52","3,737.52","3,737.52","","-0.17%"
"02/06/2024","3,743.72","3,743.72","3,743.72","3,743.72","","-0.49%"
"02/05/2024","3,762.21","3,762.21","3,762.21","3,762.21","","-0.33%"
"02/02/2024","3,774.60","3,774.60","3,774.60","3,774.60","","0.09%"
"02/01/2024","3,771.30","3,771.30","3,771.30","3,771.30","","0.03%"
"01/31/2024","3,770.14","3,770.14","3,770.14","3,770.14","","0.39%"
"01/30/2024","3,755.64","3,755.64","3,755.64","3,755.64","","-0.34%"
"01/29/2024","3,768.44","3,768.44","3,768.44","3,768.44","","0.33%"
"01/26/2024","3,756.13","3,756.13","3,756.13","3,756.13","","0.46%"
"01/25/2024","3,739.07","3,739.07","3,739.07","3,739.07","","-0.79%"
"01/24/2024","3,768.72","3,768.72","3,768.72","3,768.72","","-0.19%"
"01/23/2024","3,775.76","3,775.76","3,775.76","3,775.76","","0.36%"
"01/22/2024","3,762.07","3,762.07","3,762.07","3,762.07","","-0.85%"
"01/19/2024","3,794.50","3,794.50","3,794.50","3,794.50","","-0.18%"
"01/18/2024","3,801.36","3,801.36","3,801.36","3,801.36","","0.36%"
"01/17/2024","3,787.80","3,787.80","3,787.80","3,787.80","","0.02%"
"01/16/2024","3,786.98","3,786.98","3,786.98","3,786.98","","0.74%"
"01/15/2024","3,759.18","3,759.18","3,759.18","3,759.18","","-2.02%"
"01/12/2024","3,836.52","3,836.52","3,836.52","3,836.52","","-0.48%"
"01/11/2024","3,855.04","3,855.04","3,855.04","3,855.04","","1.09%"
"01/10/2024","3,813.29","3,813.29","3,813.29","3,813.29","","-0.51%"
"01/09/2024","3,833.01","3,833.01","3,833.01","3,833.01","","-0.35%"
"01/08/2024","3,846.38","3,846.38","3,846.38","3,846.38","","-1.11%"
"01/05/2024","3,889.53","3,889.53","3,889.53","3,889.53","","-0.09%"
"01/04/2024","3,893.17","3,893.17","3,893.17","3,893.17","","0.00%"
"01/03/2024","3,893.17","3,893.17","3,893.17","3,893.17","","-1.67%"
"12/29/2023","3,959.39","3,959.39","3,959.39","3,959.39","","2.56%"
"12/28/2023","3,860.42","3,860.42","3,860.42","3,860.42","","0.02%"
"12/27/2023","3,859.80","3,859.80","3,859.80","3,859.80","","1.89%"
"12/22/2023","3,788.11","3,788.11","3,788.11","3,788.11","","-1.02%"
"12/21/2023","3,827.02","3,827.02","3,827.02","3,827.02","","3.53%"
"12/20/2023","3,696.57","3,696.57","3,696.57","3,696.57","","-0.07%"
"12/19/2023","3,699.00","3,699.00","3,699.00","3,699.00","","0.68%"
"12/18/2023","3,674.14","3,674.14","3,674.14","3,674.14","","0.24%"
"12/15/2023","3,665.25","3,665.25","3,665.25","3,665.25","","-0.20%"
"12/14/2023","3,672.57","3,672.57","3,672.57","3,672.57","","0.20%"
"12/12/2023","3,665.32","3,665.32","3,665.32","3,665.32","","0.48%"
"12/11/2023","3,647.67","3,647.67","3,647.67","3,647.67","","-0.67%"
"12/07/2023","3,672.12","3,672.12","3,672.12","3,672.12","","-0.15%"
"12/06/2023","3,677.75","3,677.75","3,677.75","3,677.75","","0.19%"
"12/05/2023","3,670.80","3,670.80","3,670.80","3,670.80","","-0.30%"
"12/04/2023","3,681.97","3,681.97","3,681.97","3,681.97","","-0.89%"
"12/01/2023","3,715.22","3,715.22","3,715.22","3,715.22","","-0.09%"
"11/30/2023","3,718.47","3,718.47","3,718.47","3,718.47","","1.46%"
"11/29/2023","3,664.94","3,664.94","3,664.94","3,664.94","","0.34%"
"11/28/2023","3,652.68","3,652.68","3,652.68","3,652.68","","0.57%"
"11/27/2023","3,631.86","3,631.86","3,631.86","3,631.86","","0.47%"
"11/24/2023","3,614.89","3,614.89","3,614.89","3,614.89","","0.97%"
"11/23/2023","3,580.18","3,580.18","3,580.18","3,580.18","","0.58%"
"11/22/2023","3,559.60","3,559.60","3,559.60","3,559.60","","-0.53%"
"11/21/2023","3,578.71","3,578.71","3,578.71","3,578.71","","0.35%"
"11/20/2023","3,566.39","3,566.39","3,566.39","3,566.39","","-0.37%"
"11/17/2023","3,579.58","3,579.58","3,579.58","3,579.58","","0.31%"
"11/16/2023","3,568.46","3,568.46","3,568.46","3,568.46","","-0.28%"
"11/15/2023","3,578.55","3,578.55","3,578.55","3,578.55","","0.26%"
"11/14/2023","3,569.18","3,569.18","3,569.18","3,569.18","","-0.30%"
"11/13/2023","3,580.06","3,580.06","3,580.06","3,580.06","","-1.03%"
"11/10/2023","3,617.28","3,617.28","3,617.28","3,617.28","","0.05%"
"11/09/2023","3,615.60","3,615.60","3,615.60","3,615.60","","-0.05%"
"11/08/2023","3,617.48","3,617.48","3,617.48","3,617.48","","0.23%"
"11/07/2023","3,609.17","3,609.17","3,609.17","3,609.17","","-0.48%"
"11/06/2023","3,626.41","3,626.41","3,626.41","3,626.41","","0.41%"
"11/03/2023","3,611.74","3,611.74","3,611.74","3,611.74","","0.03%"
"11/02/2023","3,610.66","3,610.66","3,610.66","3,610.66","","0.17%"
"11/01/2023","3,604.58","3,604.58","3,604.58","3,604.58","","-0.38%"
"10/31/2023","3,618.17","3,618.17","3,618.17","3,618.17","","0.56%"
"10/30/2023","3,597.93","3,597.93","3,597.93","3,597.93","","-0.08%"
"10/27/2023","3,600.85","3,600.85","3,600.85","3,600.85","","0.06%"
"10/26/2023","3,598.65","3,598.65","3,598.65","3,598.65","","0.24%"
"10/25/2023","3,590.14","3,590.14","3,590.14","3,590.14","","-0.22%"
"10/24/2023","3,597.93","3,597.93","3,597.93","3,597.93","","0.00%"
"10/23/2023","3,597.93","3,597.93","3,597.93","3,597.93","","-0.29%"
"10/20/2023","3,608.34","3,608.34","3,608.34","3,608.34","","0.26%"
"10/19/2023","3,598.87","3,598.87","3,598.87","3,598.87","","0.01%"
"10/18/2023","3,598.35","3,598.35","3,598.35","3,598.35","","0.05%"
"10/17/2023","3,596.62","3,596.62","3,596.62","3,596.62","","-1.09%"
"10/16/2023","3,636.10","3,636.10","3,636.10","3,636.10","","-0.30%"
"10/13/2023","3,647.13","3,647.13","3,647.13","3,647.13","","0.26%"
"10/12/2023","3,637.72","3,637.72","3,637.72","3,637.72","","0.06%"
"10/11/2023","3,635.52","3,635.52","3,635.52","3,635.52","","0.69%"
"10/10/2023","3,610.75","3,610.75","3,610.75","3,610.75","","-0.20%"
"10/09/2023","3,618.08","3,618.08","3,618.08","3,618.08","","-0.27%"
"10/06/2023","3,628.00","3,628.00","3,628.00","3,628.00","","-1.54%"
"10/05/2023","3,684.79","3,684.79","3,684.79","3,684.79","","0.22%"
"10/04/2023","3,676.58","3,676.58","3,676.58","3,676.58","","0.03%"
"10/03/2023","3,675.61","3,675.61","3,675.61","3,675.61","","0.06%"
"10/02/2023","3,673.24","3,673.24","3,673.24","3,673.24","","-0.50%"
"09/29/2023","3,691.85","3,691.85","3,691.85","3,691.85","","0.23%"
"09/28/2023","3,683.44","3,683.44","3,683.44","3,683.44","","-0.51%"
"09/27/2023","3,702.20","3,702.20","3,702.20","3,702.20","","1.11%"
"09/26/2023","3,661.70","3,661.70","3,661.70","3,661.70","","-0.70%"
"09/25/2023","3,687.47","3,687.47","3,687.47","3,687.47","","0.09%"
"09/22/2023","3,684.14","3,684.14","3,684.14","3,684.14","","-0.22%"
"09/20/2023","3,692.24","3,692.24","3,692.24","3,692.24","","-0.11%"
"09/19/2023","3,696.15","3,696.15","3,696.15","3,696.15","","0.54%"
"09/18/2023","3,676.20","3,676.20","3,676.20","3,676.20","","-0.57%"
"09/15/2023","3,697.28","3,697.28","3,697.28","3,697.28","","0.05%"
"09/14/2023","3,695.29","3,695.29","3,695.29","3,695.29","","-0.26%"
"09/13/2023","3,705.10","3,705.10","3,705.10","3,705.10","","-1.62%"
"09/12/2023","3,766.06","3,766.06","3,766.06","3,766.06","","0.76%"
"09/11/2023","3,737.78","3,737.78","3,737.78","3,737.78","","0.40%"
"09/07/2023","3,722.77","3,722.77","3,722.77","3,722.77","","-0.05%"
"09/06/2023","3,724.73","3,724.73","3,724.73","3,724.73","","-0.06%"
"09/05/2023","3,726.86","3,726.86","3,726.86","3,726.86","","-0.32%"
"09/04/2023","3,738.65","3,738.65","3,738.65","3,738.65","","-0.31%"
"09/01/2023","3,750.45","3,750.45","3,750.45","3,750.45","","0.22%"
"08/31/2023","3,742.11","3,742.11","3,742.11","3,742.11","","0.47%"
"08/30/2023","3,724.46","3,724.46","3,724.46","3,724.46","","0.00%"
"08/29/2023","3,724.28","3,724.28","3,724.28","3,724.28","","-0.08%"
"08/28/2023","3,727.30","3,727.30","3,727.30","3,727.30","","-0.41%"
"08/25/2023","3,742.63","3,742.63","3,742.63","3,742.63","","-0.22%"
"08/24/2023","3,750.86","3,750.86","3,750.86","3,750.86","","-0.01%"
"08/23/2023","3,751.34","3,751.34","3,751.34","3,751.34","","-0.12%"
"08/22/2023","3,755.81","3,755.81","3,755.81","3,755.81","","-0.63%"
"08/21/2023","3,779.62","3,779.62","3,779.62","3,779.62","","-0.50%"
"08/18/2023","3,798.68","3,798.68","3,798.68","3,798.68","","-0.13%"
"08/17/2023","3,803.78","3,803.78","3,803.78","3,803.78","","-0.05%"
"08/16/2023","3,805.78","3,805.78","3,805.78","3,805.78","","-0.49%"
"08/14/2023","3,824.42","3,824.42","3,824.42","3,824.42","","-0.25%"
"08/11/2023","3,833.85","3,833.85","3,833.85","3,833.85","","0.11%"
"08/10/2023","3,829.65","3,829.65","3,829.65","3,829.65","","-0.09%"
"08/09/2023","3,833.10","3,833.10","3,833.10","3,833.10","","-0.20%"
"08/08/2023","3,840.60","3,840.60","3,840.60","3,840.60","","-0.39%"
"08/07/2023","3,855.69","3,855.69","3,855.69","3,855.69","","-0.34%"
"08/04/2023","3,869.02","3,869.02","3,869.02","3,869.02","","0.39%"
"08/03/2023","3,853.96","3,853.96","3,853.96","3,853.96","","0.45%"
"08/02/2023","3,836.82","3,836.82","3,836.82","3,836.82","","0.20%"
"08/01/2023","3,829.21","3,829.21","3,829.21","3,829.21","","1.02%"
"07/31/2023","3,790.64","3,790.64","3,790.64","3,790.64","","-0.31%"
"07/28/2023","3,802.47","3,802.47","3,802.47","3,802.47","","0.44%"
"07/27/2023","3,785.84","3,785.84","3,785.84","3,785.84","","0.15%"
"07/26/2023","3,780.15","3,780.15","3,780.15","3,780.15","","0.44%"
"07/25/2023","3,763.46","3,763.46","3,763.46","3,763.46","","0.12%"
"07/24/2023","3,758.92","3,758.92","3,758.92","3,758.92","","-0.86%"
"07/21/2023","3,791.40","3,791.40","3,791.40","3,791.40","","0.34%"
"07/20/2023","3,778.41","3,778.41","3,778.41","3,778.41","","0.24%"
"07/19/2023","3,769.22","3,769.22","3,769.22","3,769.22","","-0.49%"
"07/18/2023","3,787.73","3,787.73","3,787.73","3,787.73","","0.30%"
"07/17/2023","3,776.50","3,776.50","3,776.50","3,776.50","","0.98%"
"07/14/2023","3,739.78","3,739.78","3,739.78","3,739.78","","-0.05%"
"07/13/2023","3,741.82","3,741.82","3,741.82","3,741.82","","-0.38%"
"07/12/2023","3,755.92","3,755.92","3,755.92","3,755.92","","-0.52%"
"07/11/2023","3,775.39","3,775.39","3,775.39","3,775.39","","0.05%"
"07/10/2023","3,773.33","3,773.33","3,773.33","3,773.33","","0.04%"
"07/07/2023","3,771.69","3,771.69","3,771.69","3,771.69","","0.29%"
"07/06/2023","3,760.93","3,760.93","3,760.93","3,760.93","","0.24%"
"07/05/2023","3,752.01","3,752.01","3,752.01","3,752.01","","0.31%"
"07/04/2023","3,740.41","3,740.41","3,740.41","3,740.41","","-0.37%"
"07/03/2023","3,754.33","3,754.33","3,754.33","3,754.33","","0.13%"
"06/30/2023","3,749.55","3,749.55","3,749.55","3,749.55","","0.18%"
"06/28/2023","3,742.87","3,742.87","3,742.87","3,742.87","","0.10%"
"06/27/2023","3,739.06","3,739.06","3,739.06","3,739.06","","0.43%"
"06/26/2023","3,723.16","3,723.16","3,723.16","3,723.16","","0.80%"
"06/23/2023","3,693.80","3,693.80","3,693.80","3,693.80","","-0.47%"
"06/22/2023","3,711.24","3,711.24","3,711.24","3,711.24","","-0.15%"
"06/21/2023","3,716.98","3,716.98","3,716.98","3,716.98","","-0.41%"
"06/20/2023","3,732.11","3,732.11","3,732.11","3,732.11","","0.53%"
"06/19/2023","3,712.58","3,712.58","3,712.58","3,712.58","","-0.58%"
"06/16/2023","3,734.07","3,734.07","3,734.07","3,734.07","","0.97%"
"06/15/2023","3,698.29","3,698.29","3,698.29","3,698.29","","0.80%"
"06/14/2023","3,668.80","3,668.80","3,668.80","3,668.80","","-0.76%"
"06/13/2023","3,697.08","3,697.08","3,697.08","3,697.08","","-0.29%"
"06/12/2023","3,707.91","3,707.91","3,707.91","3,707.91","","-0.72%"
"06/09/2023","3,734.93","3,734.93","3,734.93","3,734.93","","-0.99%"
"06/08/2023","3,772.41","3,772.41","3,772.41","3,772.41","","0.32%"
"06/06/2023","3,760.32","3,760.32","3,760.32","3,760.32","","-0.13%"
"06/05/2023","3,765.08","3,765.08","3,765.08","3,765.08","","0.05%"
"06/02/2023","3,763.31","3,763.31","3,763.31","3,763.31","","0.43%"
"06/01/2023","3,747.09","3,747.09","3,747.09","3,747.09","","0.05%"
"05/31/2023","3,745.27","3,745.27","3,745.27","3,745.27","","0.78%"
"05/30/2023","3,716.18","3,716.18","3,716.18","3,716.18","","0.59%"
"05/29/2023","3,694.51","3,694.51","3,694.51","3,694.51","","0.91%"
"05/26/2023","3,661.30","3,661.30","3,661.30","3,661.30","","-0.06%"
"05/25/2023","3,663.41","3,663.41","3,663.41","3,663.41","","0.66%"
"05/24/2023","3,639.43","3,639.43","3,639.43","3,639.43","","-0.07%"
"05/23/2023","3,641.96","3,641.96","3,641.96","3,641.96","","-0.25%"
"05/22/2023","3,650.99","3,650.99","3,650.99","3,650.99","","-0.59%"
"05/19/2023","3,672.66","3,672.66","3,672.66","3,672.66","","0.12%"
"05/18/2023","3,668.18","3,668.18","3,668.18","3,668.18","","-0.26%"
"05/17/2023","3,677.64","3,677.64","3,677.64","3,677.64","","0.61%"
"05/16/2023","3,655.36","3,655.36","3,655.36","3,655.36","","-0.81%"
"05/15/2023","3,685.35","3,685.35","3,685.35","3,685.35","","0.28%"
"05/12/2023","3,675.12","3,675.12","3,675.12","3,675.12","","0.01%"
"05/11/2023","3,674.84","3,674.84","3,674.84","3,674.84","","0.27%"
"05/10/2023","3,665.04","3,665.04","3,665.04","3,665.04","","-0.13%"
"05/09/2023","3,669.66","3,669.66","3,669.66","3,669.66","","-0.36%"
"05/08/2023","3,682.97","3,682.97","3,682.97","3,682.97","","-0.74%"
"05/05/2023","3,710.35","3,710.35","3,710.35","3,710.35","","1.03%"
"05/04/2023","3,672.46","3,672.46","3,672.46","3,672.46","","0.60%"
"05/03/2023","3,650.52","3,650.52","3,650.52","3,650.52","","0.33%"
"05/02/2023","3,638.49","3,638.49","3,638.49","3,638.49","","0.47%"
"04/28/2023","3,621.45","3,621.45","3,621.45","3,621.45","","0.01%"
"04/27/2023","3,621.22","3,621.22","3,621.22","3,621.22","","-0.04%"
"04/26/2023","3,622.76","3,622.76","3,622.76","3,622.76","","0.51%"
"04/25/2023","3,604.36","3,604.36","3,604.36","3,604.36","","0.09%"
"04/24/2023","3,601.17","3,601.17","3,601.17","3,601.17","","0.55%"
"04/21/2023","3,581.45","3,581.45","3,581.45","3,581.45","","-0.18%"
"04/20/2023","3,587.99","3,587.99","3,587.99","3,587.99","","1.16%"
"04/19/2023","3,546.92","3,546.92","3,546.92","3,546.92","","-0.25%"
"04/18/2023","3,555.75","3,555.75","3,555.75","3,555.75","","0.20%"
"04/17/2023","3,548.66","3,548.66","3,548.66","3,548.66","","0.02%"
"04/14/2023","3,548.09","3,548.09","3,548.09","3,548.09","","0.34%"
"04/13/2023","3,536.11","3,536.11","3,536.11","3,536.11","","0.19%"
"04/12/2023","3,529.24","3,529.24","3,529.24","3,529.24","","-0.07%"
"04/11/2023","3,531.86","3,531.86","3,531.86","3,531.86","","0.23%"
"04/06/2023","3,523.65","3,523.65","3,523.65","3,523.65","","-0.20%"
"04/05/2023","3,530.68","3,530.68","3,530.68","3,530.68","","-0.04%"
"04/04/2023","3,531.93","3,531.93","3,531.93","3,531.93","","-0.01%"
"04/03/2023","3,532.13","3,532.13","3,532.13","3,532.13","","-0.21%"
"03/30/2023","3,539.71","3,539.71","3,539.71","3,539.71","","-0.41%"
"03/29/2023","3,554.32","3,554.32","3,554.32","3,554.32","","0.63%"
"03/28/2023","3,532.24","3,532.24","3,532.24","3,532.24","","0.02%"
"03/27/2023","3,531.43","3,531.43","3,531.43","3,531.43","","-1.20%"
"03/24/2023","3,574.16","3,574.16","3,574.16","3,574.16","","-0.35%"
"03/23/2023","3,586.67","3,586.67","3,586.67","3,586.67","","1.69%"
"03/22/2023","3,527.01","3,527.01","3,527.01","3,527.01","","-1.44%"
"03/21/2023","3,578.48","3,578.48","3,578.48","3,578.48","","-1.40%"
"03/20/2023","3,629.44","3,629.44","3,629.44","3,629.44","","0.15%"
"03/17/2023","3,623.83","3,623.83","3,623.83","3,623.83","","-0.14%"
"03/16/2023","3,628.82","3,628.82","3,628.82","3,628.82","","-0.17%"
"03/15/2023","3,634.93","3,634.93","3,634.93","3,634.93","","-0.11%"
"03/14/2023","3,639.03","3,639.03","3,639.03","3,639.03","","-0.29%"
"03/13/2023","3,649.78","3,649.78","3,649.78","3,649.78","","0.07%"
"03/10/2023","3,647.27","3,647.27","3,647.27","3,647.27","","0.54%"
"03/09/2023","3,627.59","3,627.59","3,627.59","3,627.59","","-0.16%"
"03/08/2023","3,633.34","3,633.34","3,633.34","3,633.34","","0.16%"
"03/07/2023","3,627.71","3,627.71","3,627.71","3,627.71","","-0.04%"
"03/06/2023","3,629.22","3,629.22","3,629.22","3,629.22","","0.66%"
"03/03/2023","3,605.56","3,605.56","3,605.56","3,605.56","","0.44%"
"03/02/2023","3,589.76","3,589.76","3,589.76","3,589.76","","-1.35%"
"03/01/2023","3,639.02","3,639.02","3,639.02","3,639.02","","0.00%"
"02/28/2023","3,639.04","3,639.04","3,639.04","3,639.04","","-0.21%"
"02/27/2023","3,646.73","3,646.73","3,646.73","3,646.73","","-0.07%"
"02/24/2023","3,649.20","3,649.20","3,649.20","3,649.20","","1.57%"
"02/23/2023","3,592.69","3,592.69","3,592.69","3,592.69","","0.27%"
"02/22/2023","3,583.06","3,583.06","3,583.06","3,583.06","","-0.35%"
"02/21/2023","3,595.61","3,595.61","3,595.61","3,595.61","","0.63%"
"02/20/2023","3,573.13","3,573.13","3,573.13","3,573.13","","-0.74%"
"02/17/2023","3,599.92","3,599.92","3,599.92","3,599.92","","-0.51%"
"02/16/2023","3,618.31","3,618.31","3,618.31","3,618.31","","-0.13%"
"02/15/2023","3,622.99","3,622.99","3,622.99","3,622.99","","-0.04%"
"02/14/2023","3,624.56","3,624.56","3,624.56","3,624.56","","0.66%"
"02/13/2023","3,600.70","3,600.70","3,600.70","3,600.70","","0.14%"
"02/09/2023","3,595.67","3,595.67","3,595.67","3,595.67","","0.37%"
"02/08/2023","3,582.24","3,582.24","3,582.24","3,582.24","","-0.01%"
"02/07/2023","3,582.57","3,582.57","3,582.57","3,582.57","","0.45%"
"02/06/2023","3,566.34","3.00","3.00","3.00","","0.03%"
"02/03/2023","3,565.20","3,565.20","3,565.20","3,565.20","","0.40%"
"02/02/2023","3,551.07","3,551.07","3,551.07","3,551.07","","0.01%"
"02/01/2023","3,550.77","3,550.77","3,550.77","3,550.77","","0.03%"
"01/31/2023","3,549.82","3,549.82","3,549.82","3,549.82","","-0.60%"
"01/30/2023","3,571.19","3,571.19","3,571.19","3,571.19","","0.21%"
"01/27/2023","3,563.69","3,563.69","3,563.69","3,563.69","","0.44%"
"01/26/2023","3,547.92","3,547.92","3,547.92","3,547.92","","-0.13%"
"01/25/2023","3,552.49","3,552.49","3,552.49","3,552.49","","-0.10%"
"01/24/2023","3,556.05","3,556.05","3,556.05","3,556.05","","-0.02%"
"01/23/2023","3,556.60","3,556.60","3,556.60","3,556.60","","0.92%"
"01/20/2023","3,524.15","3,524.15","3,524.15","3,524.15","","-0.91%"
"01/19/2023","3,556.40","3,556.40","3,556.40","3,556.40","","0.06%"
"01/18/2023","3,554.40","3,554.40","3,554.40","3,554.40","","-0.14%"
"01/17/2023","3,559.54","3,559.54","3,559.54","3,559.54","","-0.58%"
"01/16/2023","3,580.46","3,580.46","3,580.46","3,580.46","","-0.06%"
"01/13/2023","3,582.51","3,582.51","3,582.51","3,582.51","","0.03%"
"01/12/2023","3,581.59","3,581.59","3,581.59","3,581.59","","-0.59%"
"01/11/2023","3,602.82","3,602.82","3,602.82","3,602.82","","-0.12%"
"01/10/2023","3,607.19","3,607.19","3,607.19","3,607.19","","0.74%"
"01/09/2023","3,580.56","3,580.56","3,580.56","3,580.56","","0.08%"
"01/06/2023","3,577.65","3,577.65","3,577.65","3,577.65","","-0.64%"
"01/05/2023","3,600.73","3,600.73","3,600.73","3,600.73","","-0.78%"
"01/04/2023","3,629.07","3,629.07","3,629.07","3,629.07","","3.62%"
"01/03/2023","3,502.19","3,502.19","3,502.19","3,502.19","","-1.46%"
"12/30/2022","3,554.18","3,554.18","3,554.18","3,554.18","","1.01%"
"12/29/2022","3,518.58","3,518.58","3,518.58","3,518.58","","-0.17%"
"12/28/2022","3,524.43","3,524.43","3,524.43","3,524.43","","0.68%"
"12/27/2022","3,500.72","3,500.72","3,500.72","3,500.72","","-1.27%"
"12/23/2022","3,545.62","3,545.62","3,545.62","3,545.62","","0.61%"
"12/22/2022","3,524.11","3,524.11","3,524.11","3,524.11","","-0.41%"
"12/21/2022","3,538.51","3,538.51","3,538.51","3,538.51","","-0.03%"
"12/20/2022","3,539.57","3,539.57","3,539.57","3,539.57","","2.31%"
"12/19/2022","3,459.60","3,459.60","3,459.60","3,459.60","","-1.90%"
"12/16/2022","3,526.44","3,526.44","3,526.44","3,526.44","","0.10%"
"12/15/2022","3,522.96","3,522.96","3,522.96","3,522.96","","0.43%"
"12/14/2022","3,507.94","3,507.94","3,507.94","3,507.94","","-0.60%"
"12/12/2022","3,529.16","3,529.16","3,529.16","3,529.16","","-0.05%"
"12/09/2022","3,531.04","3,531.04","3,531.04","3,531.04","","-0.21%"
"12/07/2022","3,538.41","3,538.41","3,538.41","3,538.41","","-0.27%"
"12/06/2022","3,547.85","3,547.85","3,547.85","3,547.85","","-0.40%"
"12/05/2022","3,562.05","3,562.05","3,562.05","3,562.05","","-0.17%"
"12/02/2022","3,568.07","3,568.07","3,568.07","3,568.07","","0.24%"
"12/01/2022","3,559.56","3,559.56","3,559.56","3,559.56","","0.18%"
"11/30/2022","3,553.21","3,553.21","3,553.21","3,553.21","","-0.16%"
"11/29/2022","3,558.96","3,558.96","3,558.96","3,558.96","","0.13%"
"11/28/2022","3,554.28","3,554.28","3,554.28","3,554.28","","-0.09%"
"11/25/2022","3,557.48","3,557.48","3,557.48","3,557.48","","-0.15%"
"11/24/2022","3,562.86","3,562.86","3,562.86","3,562.86","","-0.08%"
"11/23/2022","3,565.89","3,565.89","3,565.89","3,565.89","","0.29%"
"11/22/2022","3,555.61","3,555.61","3,555.61","3,555.61","","-0.47%"
"11/21/2022","3,572.23","3,572.23","3,572.23","3,572.23","","-0.12%"
"11/18/2022","3,576.70","3,576.70","3,576.70","3,576.70","","-0.72%"
"11/17/2022","3,602.74","3,602.74","3,602.74","3,602.74","","0.82%"
"11/16/2022","3,573.48","3,573.48","3,573.48","3,573.48","","0.33%"
"11/15/2022","3,561.66","3,561.66","3,561.66","3,561.66","","-0.32%"
"11/14/2022","3,573.19","3,573.19","3,573.19","3,573.19","","-0.17%"
"11/11/2022","3,579.40","3,579.40","3,579.40","3,579.40","","-0.05%"
"11/10/2022","3,581.16","3,581.16","3,581.16","3,581.16","","-0.36%"
"11/09/2022","3,594.06","3,594.06","3,594.06","3,594.06","","-0.77%"
"11/08/2022","3,621.97","3,621.97","3,621.97","3,621.97","","0.29%"
"11/07/2022","3,611.36","3,611.36","3,611.36","3,611.36","","-0.06%"
"11/04/2022","3,613.55","3,613.55","3,613.55","3,613.55","","-0.03%"
"11/03/2022","3,614.46","3,614.46","3,614.46","3,614.46","","0.27%"
"11/02/2022","3,604.64","3,604.64","3,604.64","3,604.64","","-1.07%"
"11/01/2022","3,643.53","3,643.53","3,643.53","3,643.53","","-0.62%"
"10/31/2022","3,666.28","3,666.28","3,666.28","3,666.28","","0.25%"
"10/28/2022","3,657.08","3,657.08","3,657.08","3,657.08","","0.92%"
"10/27/2022","3,623.65","3,623.65","3,623.65","3,623.65","","-0.37%"
"10/26/2022","3,637.03","3,637.03","3,637.03","3,637.03","","0.78%"
"10/25/2022","3,608.79","3,608.79","3,608.79","3,608.79","","-0.06%"
"10/24/2022","3,610.81","3,610.81","3,610.81","3,610.81","","0.26%"
"10/21/2022","3,601.39","3,601.39","3,601.39","3,601.39","","-0.04%"
"10/20/2022","3,602.90","3,602.90","3,602.90","3,602.90","","0.12%"
"10/19/2022","3,598.45","3,598.45","3,598.45","3,598.45","","0.10%"
"10/18/2022","3,594.92","3,594.92","3,594.92","3,594.92","","0.15%"
"10/17/2022","3,589.66","3,589.66","3,589.66","3,589.66","","-0.45%"
"10/14/2022","3,605.80","3,605.80","3,605.80","3,605.80","","-0.58%"
"10/13/2022","3,626.86","3,626.86","3,626.86","3,626.86","","0.05%"
"10/12/2022","3,625.15","3,625.15","3,625.15","3,625.15","","0.04%"
"10/11/2022","3,623.75","3,623.75","3,623.75","3,623.75","","-0.02%"
"10/10/2022","3,624.48","3,624.48","3,624.48","3,624.48","","-0.21%"
"10/07/2022","3,632.02","3,632.02","3,632.02","3,632.02","","-0.60%"
"10/06/2022","3,653.87","3,653.87","3,653.87","3,653.87","","-0.07%"
"10/05/2022","3,656.27","3,656.27","3,656.27","3,656.27","","0.21%"
"10/04/2022","3,648.56","3,648.56","3,648.56","3,648.56","","0.05%"
"10/03/2022","3,646.89","3,646.89","3,646.89","3,646.89","","0.39%"
"09/30/2022","3,632.70","3,632.70","3,632.70","3,632.70","","0.05%"
"09/29/2022","3,630.75","3,630.75","3,630.75","3,630.75","","-0.81%"
"09/28/2022","3,660.34","3,660.34","3,660.34","3,660.34","","-0.51%"
"09/27/2022","3,679.14","3,679.14","3,679.14","3,679.14","","0.32%"
"09/26/2022","3,667.38","3,667.38","3,667.38","3,667.38","","0.17%"
"09/23/2022","3,661.17","3,661.17","3,661.17","3,661.17","","0.73%"
"09/22/2022","3,634.75","3,634.75","3,634.75","3,634.75","","0.07%"
"09/20/2022","3,632.23","3,632.23","3,632.23","3,632.23","","0.46%"
"09/19/2022","3,615.44","3,615.44","3,615.44","3,615.44","","0.23%"
"09/16/2022","3,607.08","3,607.08","3,607.08","3,607.08","","-0.26%"
"09/15/2022","3,616.34","3,616.34","3,616.34","3,616.34","","-1.39%"
"09/14/2022","3,667.30","3,667.30","3,667.30","3,667.30","","0.60%"
"09/13/2022","3,645.48","3,645.48","3,645.48","3,645.48","","0.03%"
"09/12/2022","3,644.52","3,644.52","3,644.52","3,644.52","","0.05%"
"09/09/2022","3,642.83","3,642.83","3,642.83","3,642.83","","-0.14%"
"09/07/2022","3,648.01","3,648.01","3,648.01","3,648.01","","0.74%"
"09/06/2022","3,621.38","3,621.38","3,621.38","3,621.38","","-0.10%"
"09/05/2022","3,624.87","3,624.87","3,624.87","3,624.87","","0.90%"
"09/02/2022","3,592.69","3,592.69","3,592.69","3,592.69","","-0.40%"
"09/01/2022","3,607.00","3,607.00","3,607.00","3,607.00","","-0.22%"
"08/31/2022","3,614.89","3,614.89","3,614.89","3,614.89","","1.28%"
"08/30/2022","3,569.06","3,569.06","3,569.06","3,569.06","","-0.68%"
"08/29/2022","3,593.67","3,593.67","3,593.67","3,593.67","","-0.44%"
"08/26/2022","3,609.58","3,609.58","3,609.58","3,609.58","","-0.56%"
"08/25/2022","3,629.86","3,629.86","3,629.86","3,629.86","","-0.27%"
"08/24/2022","3,639.57","3,639.57","3,639.57","3,639.57","","-0.56%"
"08/23/2022","3,660.16","3,660.16","3,660.16","3,660.16","","0.08%"
"08/22/2022","3,657.21","3,657.21","3,657.21","3,657.21","","0.10%"
"08/19/2022","3,653.69","3,653.69","3,653.69","3,653.69","","-0.19%"
"08/18/2022","3,660.69","3,660.69","3,660.69","3,660.69","","0.14%"
"08/17/2022","3,655.72","3,655.72","3,655.72","3,655.72","","-0.04%"
"08/16/2022","3,657.27","3,657.27","3,657.27","3,657.27","","-0.53%"
"08/12/2022","3,676.60","3,676.60","3,676.60","3,676.60","","0.52%"
"08/11/2022","3,657.50","3,657.50","3,657.50","3,657.50","","-0.43%"
"08/10/2022","3,673.39","3,673.39","3,673.39","3,673.39","","0.05%"
"08/09/2022","3,671.53","3,671.53","3,671.53","3,671.53","","0.63%"
"08/08/2022","3,648.58","3,648.58","3,648.58","3,648.58","","-0.42%"
"08/05/2022","3,663.87","3,663.87","3,663.87","3,663.87","","-0.91%"
"08/04/2022","3,697.53","3,697.53","3,697.53","3,697.53","","0.57%"
"08/03/2022","3,676.42","3,676.42","3,676.42","3,676.42","","0.05%"
"08/02/2022","3,674.48","3,674.48","3,674.48","3,674.48","","0.09%"
"08/01/2022","3,671.23","3,671.23","3,671.23","3,671.23","","-0.05%"
"07/29/2022","3,672.99","3,672.99","3,672.99","3,672.99","","0.03%"
"07/28/2022","3,672.01","3,672.01","3,672.01","3,672.01","","-0.17%"
"07/27/2022","3,678.29","3,678.29","3,678.29","3,678.29","","0.28%"
"07/26/2022","3,668.07","3,668.07","3,668.07","3,668.07","","-0.40%"
"07/25/2022","3,682.64","3,682.64","3,682.64","3,682.64","","-0.17%"
"07/22/2022","3,689.07","3,689.07","3,689.07","3,689.07","","0.28%"
"07/21/2022","3,678.80","3,678.80","3,678.80","3,678.80","","-0.02%"
"07/20/2022","3,679.45","3,679.45","3,679.45","3,679.45","","-0.18%"
"07/19/2022","3,685.96","3,685.96","3,685.96","3,685.96","","-0.70%"
"07/18/2022","3,711.91","3,711.91","3,711.91","3,711.91","","-0.22%"
"07/15/2022","3,719.94","3,719.94","3,719.94","3,719.94","","-0.33%"
"07/14/2022","3,732.08","3,732.08","3,732.08","3,732.08","","0.17%"
"07/13/2022","3,725.65","3,725.65","3,725.65","3,725.65","","0.34%"
"07/12/2022","3,712.94","3,712.94","3,712.94","3,712.94","","-0.35%"
"07/11/2022","3,726.15","3,726.15","3,726.15","3,726.15","","-0.02%"
"07/08/2022","3,727.02","3,727.02","3,727.02","3,727.02","","-0.04%"
"07/07/2022","3,728.40","3,728.40","3,728.40","3,728.40","","1.01%"
"07/06/2022","3,691.15","3,691.15","3,691.15","3,691.15","","0.51%"
"07/05/2022","3,672.25","3,672.25","3,672.25","3,672.25","","-0.49%"
"07/04/2022","3,690.18","3,690.18","3,690.18","3,690.18","","-0.40%"
"07/01/2022","3,705.18","3,705.18","3,705.18","3,705.18","","1.23%"
"06/30/2022","3,660.14","3,660.14","3,660.14","3,660.14","","0.48%"
"06/28/2022","3,642.57","3,642.57","3,642.57","3,642.57","","0.53%"
"06/27/2022","3,623.52","3,623.52","3,623.52","3,623.52","","-0.85%"
"06/24/2022","3,654.43","3,654.43","3,654.43","3,654.43","","-0.24%"
"06/23/2022","3,663.18","3,663.18","3,663.18","3,663.18","","-0.23%"
"06/22/2022","3,671.78","3,671.78","3,671.78","3,671.78","","-0.40%"
"06/21/2022","3,686.41","3,686.41","3,686.41","3,686.41","","-2.16%"
"06/20/2022","3,767.81","3,767.81","3,767.81","3,767.81","","1.37%"
"06/17/2022","3,716.88","3,716.88","3,716.88","3,716.88","","0.31%"
"06/16/2022","3,705.57","3,705.57","3,705.57","3,705.57","","0.58%"
"06/15/2022","3,684.25","3,684.25","3,684.25","3,684.25","","0.77%"
"06/14/2022","3,656.10","3,656.10","3,656.10","3,656.10","","-0.51%"
"06/13/2022","3,674.97","3,674.97","3,674.97","3,674.97","","-1.69%"
"06/10/2022","3,738.26","3,738.26","3,738.26","3,738.26","","-0.20%"
"06/09/2022","3,745.83","3,745.83","3,745.83","3,745.83","","1.45%"
"06/08/2022","3,692.17","3,692.17","3,692.17","3,692.17","","-0.71%"
"06/06/2022","3,718.69","3,718.69","3,718.69","3,718.69","","-1.66%"
"06/03/2022","3,781.62","3,781.62","3,781.62","3,781.62","","1.69%"
"06/02/2022","3,718.59","3,718.59","3,718.59","3,718.59","","-0.20%"
"06/01/2022","3,725.85","3,725.85","3,725.85","3,725.85","","0.71%"
"05/31/2022","3,699.67","3,699.67","3,699.67","3,699.67","","-0.14%"
"05/30/2022","3,704.78","3,704.78","3,704.78","3,704.78","","-0.04%"
"05/27/2022","3,706.34","3,706.34","3,706.34","3,706.34","","0.03%"
"05/26/2022","3,705.37","3,705.37","3,705.37","3,705.37","","0.00%"
"05/25/2022","3,705.20","3,705.20","3,705.20","3,705.20","","0.96%"
"05/24/2022","3,669.86","3,669.86","3,669.86","3,669.86","","-1.03%"
"05/23/2022","3,707.89","3,707.89","3,707.89","3,707.89","","-0.12%"
"05/20/2022","3,712.48","3,712.48","3,712.48","3,712.48","","-0.62%"
"05/19/2022","3,735.80","3,735.80","3,735.80","3,735.80","","-0.37%"
"05/18/2022","3,749.85","3,749.85","3,749.85","3,749.85","","0.38%"
"05/17/2022","3,735.60","3,735.60","3,735.60","3,735.60","","-0.02%"
"05/16/2022","3,736.18","3,736.18","3,736.18","3,736.18","","0.67%"
"05/13/2022","3,711.21","3,711.21","3,711.21","3,711.21","","0.04%"
"05/12/2022","3,709.78","3,709.78","3,709.78","3,709.78","","-0.34%"
"05/11/2022","3,722.38","3,722.38","3,722.38","3,722.38","","0.20%"
"05/10/2022","3,715.03","3,715.03","3,715.03","3,715.03","","0.15%"
"05/09/2022","3,709.63","3,709.63","3,709.63","3,709.63","","-2.06%"
"05/06/2022","3,787.62","3,787.62","3,787.62","3,787.62","","-0.20%"
"05/05/2022","3,795.09","3,795.09","3,795.09","3,795.09","","-0.33%"
"05/04/2022","3,807.49","3,807.49","3,807.49","3,807.49","","2.81%"
"05/03/2022","3,703.39","3,703.39","3,703.39","3,703.39","","0.24%"
"05/02/2022","3,694.66","3,694.66","3,694.66","3,694.66","","-0.47%"
"04/29/2022","3,712.05","3,712.05","3,712.05","3,712.05","","3.02%"
"04/28/2022","3,603.14","3,603.14","3,603.14","3,603.14","","-0.21%"
"04/27/2022","3,610.74","3,610.74","3,610.74","3,610.74","","0.26%"
"04/26/2022","3,601.33","3,601.33","3,601.33","3,601.33","","0.30%"
"04/25/2022","3,590.72","3,590.72","3,590.72","3,590.72","","0.02%"
"04/22/2022","3,590.04","3,590.04","3,590.04","3,590.04","","0.83%"
"04/21/2022","3,560.56","3,560.56","3,560.56","3,560.56","","0.21%"
"04/20/2022","3,553.28","3,553.28","3,553.28","3,553.28","","-1.02%"
"04/19/2022","3,590.05","3,590.05","3,590.05","3,590.05","","-1.69%"
"04/14/2022","3,651.67","3,651.67","3,651.67","3,651.67","","0.30%"
"04/13/2022","3,640.75","3,640.75","3,640.75","3,640.75","","0.07%"
"04/12/2022","3,638.25","3,638.25","3,638.25","3,638.25","","0.94%"
"04/11/2022","3,604.51","3,604.51","3,604.51","3,604.51","","0.00%"
"04/08/2022","3,604.66","3,604.66","3,604.66","3,604.66","","-0.80%"
"04/07/2022","3,633.74","3,633.74","3,633.74","3,633.74","","0.65%"
"04/06/2022","3,610.43","3,610.43","3,610.43","3,610.43","","0.07%"
"04/05/2022","3,608.04","3,608.04","3,608.04","3,608.04","","0.07%"
"04/04/2022","3,605.66","3,605.66","3,605.66","3,605.66","","-0.79%"
"04/01/2022","3,634.20","3,634.20","3,634.20","3,634.20","","0.37%"
"03/30/2022","3,620.66","3,620.66","3,620.66","3,620.66","","-0.64%"
"03/29/2022","3,643.93","3,643.93","3,643.93","3,643.93","","-0.38%"
"03/28/2022","3,657.76","3,657.76","3,657.76","3,657.76","","0.33%"
"03/25/2022","3,645.55","3,645.55","3,645.55","3,645.55","","0.29%"
"03/24/2022","3,634.88","3,634.88","3,634.88","3,634.88","","-0.18%"
"03/23/2022","3,641.40","3,641.40","3,641.40","3,641.40","","0.05%"
"03/22/2022","3,639.46","3,639.46","3,639.46","3,639.46","","-0.30%"
"03/21/2022","3,650.51","3,650.51","3,650.51","3,650.51","","-0.63%"
"03/18/2022","3,673.51","3,673.51","3,673.51","3,673.51","","0.16%"
"03/17/2022","3,667.61","3,667.61","3,667.61","3,667.61","","0.19%"
"03/16/2022","3,660.75","3,660.75","3,660.75","3,660.75","","-0.27%"
"03/15/2022","3,670.57","3,670.57","3,670.57","3,670.57","","0.21%"
"03/14/2022","3,662.99","3,662.99","3,662.99","3,662.99","","-0.65%"
"03/11/2022","3,686.84","3,686.84","3,686.84","3,686.84","","-0.99%"
"03/10/2022","3,723.64","3,723.64","3,723.64","3,723.64","","-0.48%"
"03/09/2022","3,741.65","3,741.65","3,741.65","3,741.65","","0.55%"
"03/08/2022","3,721.36","3,721.36","3,721.36","3,721.36","","-0.14%"
"03/07/2022","3,726.54","3,726.54","3,726.54","3,726.54","","-0.25%"
"03/04/2022","3,735.73","3,735.73","3,735.73","3,735.73","","-0.21%"
"03/03/2022","3,743.77","3,743.77","3,743.77","3,743.77","","2.22%"
"03/02/2022","3,662.48","3,662.48","3,662.48","3,662.48","","0.06%"
"03/01/2022","3,660.17","3,660.17","3,660.17","3,660.17","","-0.40%"
"02/28/2022","3,674.79","3,674.79","3,674.79","3,674.79","","-2.33%"
"02/25/2022","3,762.41","3,762.41","3,762.41","3,762.41","","0.10%"
"02/24/2022","3,758.66","3,758.66","3,758.66","3,758.66","","-0.12%"
"02/23/2022","3,763.29","3,763.29","3,763.29","3,763.29","","-0.33%"
"02/22/2022","3,775.92","3,775.92","3,775.92","3,775.92","","-0.10%"
"02/21/2022","3,779.65","3,779.65","3,779.65","3,779.65","","0.68%"
"02/18/2022","3,754.12","3,754.12","3,754.12","3,754.12","","-0.80%"
"02/17/2022","3,784.48","3,784.48","3,784.48","3,784.48","","1.40%"
"02/16/2022","3,732.20","3,732.20","3,732.20","3,732.20","","1.24%"
"02/15/2022","3,686.45","3,686.45","3,686.45","3,686.45","","-0.17%"
"02/14/2022","3,692.84","3,692.84","3,692.84","3,692.84","","0.18%"
"02/11/2022","3,686.34","3,686.34","3,686.34","3,686.34","","-0.12%"
"02/09/2022","3,690.85","3,690.85","3,690.85","3,690.85","","-0.66%"
"02/08/2022","3,715.36","3,715.36","3,715.36","3,715.36","","-0.58%"
"02/07/2022","3,736.99","3,736.99","3,736.99","3,736.99","","-0.75%"
"02/04/2022","3,765.07","3,765.07","3,765.07","3,765.07","","0.94%"
"02/03/2022","3,730.09","3,730.09","3,730.09","3,730.09","","-0.89%"
"02/02/2022","3,763.58","3,763.58","3,763.58","3,763.58","","-0.20%"
"02/01/2022","3,771.26","3,771.26","3,771.26","3,771.26","","0.42%"
"01/31/2022","3,755.49","3,755.49","3,755.49","3,755.49","","-0.69%"
"01/28/2022","3,781.64","3,781.64","3,781.64","3,781.64","","-0.25%"
"01/27/2022","3,791.01","3,791.01","3,791.01","3,791.01","","0.48%"
"01/26/2022","3,772.97","3,772.97","3,772.97","3,772.97","","0.26%"
"01/25/2022","3,763.04","3,763.04","3,763.04","3,763.04","","0.30%"
"01/24/2022","3,751.69","3,751.69","3,751.69","3,751.69","","-0.61%"
"01/21/2022","3,774.89","3,774.89","3,774.89","3,774.89","","0.32%"
"01/20/2022","3,762.93","3,762.93","3,762.93","3,762.93","","-0.81%"
"01/19/2022","3,793.64","3,793.64","3,793.64","3,793.64","","-0.78%"
"01/18/2022","3,823.50","3,823.50","3,823.50","3,823.50","","0.15%"
"01/17/2022","3,817.77","3,817.77","3,817.77","3,817.77","","0.32%"
"01/14/2022","3,805.61","3,805.61","3,805.61","3,805.61","","0.63%"
"01/13/2022","3,781.92","3,781.92","3,781.92","3,781.92","","-0.11%"
"01/12/2022","3,785.90","3,785.90","3,785.90","3,785.90","","-0.17%"
"01/11/2022","3,792.54","3,792.54","3,792.54","3,792.54","","-0.67%"
"01/10/2022","3,818.28","3,818.28","3,818.28","3,818.28","","-1.05%"
"01/07/2022","3,858.79","3,858.79","3,858.79","3,858.79","","-1.05%"
"01/06/2022","3,899.72","3,899.72","3,899.72","3,899.72","","1.55%"
"01/05/2022","3,840.32","3,840.32","3,840.32","3,840.32","","-0.83%"
"01/04/2022","3,872.28","3,872.28","3,872.28","3,872.28","","-0.41%"
"01/03/2022","3,888.21","3,888.21","3,888.21","3,888.21","","-1.43%"
"12/30/2021","3,944.63","3,944.63","3,944.63","3,944.63","","1.61%"
"12/29/2021","3,882.00","3,882.00","3,882.00","3,882.00","","0.20%"
"12/28/2021","3,874.44","3,874.44","3,874.44","3,874.44","","1.02%"
"12/27/2021","3,835.31","3,835.31","3,835.31","3,835.31","","0.90%"
"12/23/2021","3,801.00","3,801.00","3,801.00","3,801.00","","0.14%"
"12/22/2021","3,795.68","3,795.68","3,795.68","3,795.68","","-0.63%"
"12/21/2021","3,819.67","3,819.67","3,819.67","3,819.67","","0.36%"
"12/20/2021","3,806.06","3,806.06","3,806.06","3,806.06","","0.23%"
"12/17/2021","3,797.51","3,797.51","3,797.51","3,797.51","","0.24%"
"12/16/2021","3,788.29","3,788.29","3,788.29","3,788.29","","0.79%"
"12/15/2021","3,758.65","3,758.65","3,758.65","3,758.65","","-0.38%"
"12/14/2021","3,773.03","3,773.03","3,773.03","3,773.03","","0.62%"
"12/10/2021","3,749.75","3,749.75","3,749.75","3,749.75","","0.36%"
"12/09/2021","3,736.34","3,736.34","3,736.34","3,736.34","","-0.64%"
"12/07/2021","3,760.36","3,760.36","3,760.36","3,760.36","","0.29%"
"12/06/2021","3,749.65","3,749.65","3,749.65","3,749.65","","-0.65%"
"12/03/2021","3,774.21","3,774.21","3,774.21","3,774.21","","0.51%"
"12/02/2021","3,755.03","3,755.03","3,755.03","3,755.03","","-0.19%"
"12/01/2021","3,762.33","3,762.33","3,762.33","3,762.33","","0.15%"
"11/30/2021","3,756.83","3,756.83","3,756.83","3,756.83","","-0.05%"
"11/29/2021","3,758.86","3,758.86","3,758.86","3,758.86","","-1.42%"
"11/26/2021","3,813.04","3,813.04","3,813.04","3,813.04","","0.01%"
"11/25/2021","3,812.73","3,812.73","3,812.73","3,812.73","","-0.40%"
"11/24/2021","3,827.97","3,827.97","3,827.97","3,827.97","","0.00%"
"11/23/2021","3,828.03","3,828.03","3,828.03","3,828.03","","0.06%"
"11/22/2021","3,825.74","3,825.74","3,825.74","3,825.74","","-0.09%"
"11/19/2021","3,829.35","3,829.35","3,829.35","3,829.35","","0.16%"
"11/18/2021","3,823.35","3,823.35","3,823.35","3,823.35","","-1.43%"
"11/17/2021","3,878.65","3,878.65","3,878.65","3,878.65","","-1.21%"
"11/16/2021","3,926.27","3,926.27","3,926.27","3,926.27","","1.64%"
"11/15/2021","3,862.79","3,862.79","3,862.79","3,862.79","","0.05%"
"11/12/2021","3,861.00","3,861.00","3,861.00","3,861.00","","-0.60%"
"11/11/2021","3,884.38","3,884.38","3,884.38","3,884.38","","0.30%"
"11/10/2021","3,872.60","3,872.60","3,872.60","3,872.60","","1.01%"
"11/09/2021","3,833.84","3,833.84","3,833.84","3,833.84","","0.54%"
"11/05/2021","3,813.20","3,813.20","3,813.20","3,813.20","","-0.17%"
"11/04/2021","3,819.65","3,819.65","3,819.65","3,819.65","","-0.21%"
"11/03/2021","3,827.72","3,827.72","3,827.72","3,827.72","","0.41%"
"11/02/2021","3,811.95","3,811.95","3,811.95","3,811.95","","-0.29%"
"11/01/2021","3,822.85","3,822.85","3,822.85","3,822.85","","-0.57%"
"10/29/2021","3,844.80","3,844.80","3,844.80","3,844.80","","-0.46%"
"10/28/2021","3,862.44","3,862.44","3,862.44","3,862.44","","-0.42%"
"10/27/2021","3,878.67","3,878.67","3,878.67","3,878.67","","-0.33%"
"10/26/2021","3,891.71","3,891.71","3,891.71","3,891.71","","0.93%"
"10/25/2021","3,855.85","3,855.85","3,855.85","3,855.85","","-0.14%"
"10/22/2021","3,861.11","3,861.11","3,861.11","3,861.11","","0.04%"
"10/21/2021","3,859.44","3,859.44","3,859.44","3,859.44","","-0.60%"
"10/20/2021","3,882.58","3,882.58","3,882.58","3,882.58","","-0.29%"
"10/19/2021","3,893.75","3,893.75","3,893.75","3,893.75","","-0.24%"
"10/18/2021","3,902.94","3,902.94","3,902.94","3,902.94","","-0.01%"
"10/15/2021","3,903.52","3,903.52","3,903.52","3,903.52","","-1.01%"
"10/14/2021","3,943.30","3,943.30","3,943.30","3,943.30","","-0.25%"
"10/13/2021","3,953.33","3,953.33","3,953.33","3,953.33","","0.00%"
"10/12/2021","3,953.15","3,953.15","3,953.15","3,953.15","","-0.13%"
"10/11/2021","3,958.27","3,958.27","3,958.27","3,958.27","","-0.06%"
"10/08/2021","3,960.47","3,960.47","3,960.47","3,960.47","","1.67%"
"10/07/2021","3,895.55","3,895.55","3,895.55","3,895.55","","-0.23%"
"10/06/2021","3,904.37","3,904.37","3,904.37","3,904.37","","0.31%"
"10/05/2021","3,892.16","3,892.16","3,892.16","3,892.16","","0.08%"
"10/04/2021","3,888.99","3,888.99","3,888.99","3,888.99","","0.56%"
"10/01/2021","3,867.22","3,867.22","3,867.22","3,867.22","","-0.22%"
"09/30/2021","3,875.66","3,875.66","3,875.66","3,875.66","","-0.23%"
"09/29/2021","3,884.67","3,884.67","3,884.67","3,884.67","","0.10%"
"09/28/2021","3,880.95","3,880.95","3,880.95","3,880.95","","-0.27%"
"09/27/2021","3,891.59","3,891.59","3,891.59","3,891.59","","0.06%"
"09/24/2021","3,889.22","3,889.22","3,889.22","3,889.22","","0.21%"
"09/23/2021","3,881.10","3,881.10","3,881.10","3,881.10","","0.16%"
"09/22/2021","3,874.86","3,874.86","3,874.86","3,874.86","","-0.13%"
"09/20/2021","3,879.87","3,879.87","3,879.87","3,879.87","","0.46%"
"09/17/2021","3,862.04","3,862.04","3,862.04","3,862.04","","-0.66%"
"09/16/2021","3,887.88","3,887.88","3,887.88","3,887.88","","-0.47%"
"09/15/2021","3,906.12","3,906.12","3,906.12","3,906.12","","-0.29%"
"09/14/2021","3,917.36","3,917.36","3,917.36","3,917.36","","-0.41%"
"09/13/2021","3,933.39","3,933.39","3,933.39","3,933.39","","0.06%"
"09/10/2021","3,931.19","3,931.19","3,931.19","3,931.19","","0.67%"
"09/09/2021","3,905.00","3,905.00","3,905.00","3,905.00","","0.34%"
"09/07/2021","3,891.69","3,891.69","3,891.69","3,891.69","","-0.53%"
"09/06/2021","3,912.23","3,912.23","3,912.23","3,912.23","","-0.38%"
"09/03/2021","3,927.24","3,927.24","3,927.24","3,927.24","","0.05%"
"09/02/2021","3,925.24","3,925.24","3,925.24","3,925.24","","0.89%"
"09/01/2021","3,890.68","3,890.68","3,890.68","3,890.68","","0.01%"
"08/31/2021","3,890.11","3,890.11","3,890.11","3,890.11","","0.31%"
"08/30/2021","3,878.14","3,878.14","3,878.14","3,878.14","","-0.23%"
"08/27/2021","3,887.27","3,887.27","3,887.27","3,887.27","","-0.37%"
"08/26/2021","3,901.89","3,901.89","3,901.89","3,901.89","","0.11%"
"08/25/2021","3,897.79","3,897.79","3,897.79","3,897.79","","0.69%"
"08/24/2021","3,871.03","3,871.03","3,871.03","3,871.03","","0.53%"
"08/23/2021","3,850.76","3,850.76","3,850.76","3,850.76","","-0.40%"
"08/20/2021","3,866.25","3,866.25","3,866.25","3,866.25","","-0.28%"
"08/19/2021","3,877.15","3,877.15","3,877.15","3,877.15","","-0.03%"
"08/18/2021","3,878.41","3,878.41","3,878.41","3,878.41","","-0.86%"
"08/17/2021","3,912.08","3,912.08","3,912.08","3,912.08","","0.91%"
"08/16/2021","3,876.67","3,876.67","3,876.67","3,876.67","","0.14%"
"08/13/2021","3,871.16","3,871.16","3,871.16","3,871.16","","-0.11%"
"08/12/2021","3,875.29","3,875.29","3,875.29","3,875.29","","0.12%"
"08/11/2021","3,870.63","3,870.63","3,870.63","3,870.63","","-0.24%"
"08/10/2021","3,879.84","3,879.84","3,879.84","3,879.84","","0.27%"
"08/09/2021","3,869.47","3,869.47","3,869.47","3,869.47","","-0.28%"
"08/06/2021","3,880.45","3,880.45","3,880.45","3,880.45","","0.43%"
"08/05/2021","3,863.79","3,863.79","3,863.79","3,863.79","","-0.02%"
"08/04/2021","3,864.59","3,864.59","3,864.59","3,864.59","","0.13%"
"08/03/2021","3,859.64","3,859.64","3,859.64","3,859.64","","0.43%"
"08/02/2021","3,843.17","3,843.17","3,843.17","3,843.17","","0.28%"
"07/30/2021","3,832.42","3,832.42","3,832.42","3,832.42","","-0.02%"
"07/29/2021","3,833.21","3,833.21","3,833.21","3,833.21","","1.33%"
"07/28/2021","3,782.94","3,782.94","3,782.94","3,782.94","","0.21%"
"07/27/2021","3,774.90","3,774.90","3,774.90","3,774.90","","-1.22%"
"07/26/2021","3,821.57","3,821.57","3,821.57","3,821.57","","-0.83%"
"07/23/2021","3,853.54","3,853.54","3,853.54","3,853.54","","0.04%"
"07/22/2021","3,852.13","3,852.13","3,852.13","3,852.13","","-0.13%"
"07/21/2021","3,856.97","3,856.97","3,856.97","3,856.97","","-0.27%"
"07/20/2021","3,867.30","3,867.30","3,867.30","3,867.30","","0.16%"
"07/19/2021","3,861.31","3,861.31","3,861.31","3,861.31","","-0.21%"
"07/16/2021","3,869.37","3,869.37","3,869.37","3,869.37","","0.01%"
"07/15/2021","3,868.95","3,868.95","3,868.95","3,868.95","","-1.39%"
"07/14/2021","3,923.54","3,923.54","3,923.54","3,923.54","","-0.07%"
"07/13/2021","3,926.23","3,926.23","3,926.23","3,926.23","","-0.31%"
"07/12/2021","3,938.61","3,938.61","3,938.61","3,938.61","","0.37%"
"07/09/2021","3,923.93","3,923.93","3,923.93","3,923.93","","0.11%"
"07/08/2021","3,919.67","3,919.67","3,919.67","3,919.67","","-0.34%"
"07/07/2021","3,933.03","3,933.03","3,933.03","3,933.03","","1.60%"
"07/06/2021","3,871.25","3,871.25","3,871.25","3,871.25","","-0.19%"
"07/05/2021","3,878.52","3,878.52","3,878.52","3,878.52","","-0.38%"
"07/02/2021","3,893.19","3,893.19","3,893.19","3,893.19","","0.43%"
"07/01/2021","3,876.43","3,876.43","3,876.43","3,876.43","","-0.66%"
"06/30/2021","3,902.03","3,902.03","3,902.03","3,902.03","","0.26%"
"06/28/2021","3,891.92","3,891.92","3,891.92","3,891.92","","0.00%"
"06/25/2021","3,892.12","3,892.12","3,892.12","3,892.12","","0.67%"
"06/24/2021","3,866.06","3,866.06","3,866.06","3,866.06","","0.48%"
"06/23/2021","3,847.43","3,847.43","3,847.43","3,847.43","","-0.87%"
"06/22/2021","3,881.32","3,881.32","3,881.32","3,881.32","","-1.28%"
"06/21/2021","3,931.55","3,931.55","3,931.55","3,931.55","","-0.60%"
"06/18/2021","3,955.33","3,955.33","3,955.33","3,955.33","","-1.83%"
"06/17/2021","4,028.94","4,028.94","4,028.94","4,028.94","","0.65%"
"06/16/2021","4,002.81","4,002.81","4,002.81","4,002.81","","0.11%"
"06/15/2021","3,998.32","3,998.32","3,998.32","3,998.32","","-0.88%"
"06/14/2021","4,034.01","4,034.01","4,034.01","4,034.01","","0.62%"
"06/11/2021","4,009.25","4,009.25","4,009.25","4,009.25","","0.30%"
"06/10/2021","3,997.27","3,997.27","3,997.27","3,997.27","","1.13%"
"06/09/2021","3,952.66","3,952.66","3,952.66","3,952.66","","0.00%"
"06/08/2021","3,952.56","3,952.56","3,952.56","3,952.56","","-1.00%"
"06/04/2021","3,992.45","3,992.45","3,992.45","3,992.45","","0.39%"
"06/03/2021","3,976.78","3,976.78","3,976.78","3,976.78","","0.92%"
"06/02/2021","3,940.70","3,940.70","3,940.70","3,940.70","","0.76%"
"06/01/2021","3,911.07","3,911.07","3,911.07","3,911.07","","-1.04%"
"05/31/2021","3,952.21","3,952.21","3,952.21","3,952.21","","-0.48%"
"05/28/2021","3,971.22","3,971.22","3,971.22","3,971.22","","-0.50%"
"05/27/2021","3,991.23","3,991.23","3,991.23","3,991.23","","-0.06%"
"05/26/2021","3,993.75","3,993.75","3,993.75","3,993.75","","-0.41%"
"05/25/2021","4,010.35","4,010.35","4,010.35","4,010.35","","-0.41%"
"05/24/2021","4,026.73","4,026.73","4,026.73","4,026.73","","0.09%"
"05/21/2021","4,023.13","4,023.13","4,023.13","4,023.13","","0.30%"
"05/20/2021","4,011.04","4,011.04","4,011.04","4,011.04","","-0.42%"
"05/19/2021","4,027.86","4,027.86","4,027.86","4,027.86","","1.60%"
"05/18/2021","3,964.50","3,964.50","3,964.50","3,964.50","","-0.18%"
"05/17/2021","3,971.63","3,971.63","3,971.63","3,971.63","","0.35%"
"05/14/2021","3,957.83","3,957.83","3,957.83","3,957.83","","-1.73%"
"05/13/2021","4,027.45","4,027.45","4,027.45","4,027.45","","0.24%"
"05/12/2021","4,017.95","4,017.95","4,017.95","4,017.95","","0.23%"
"05/11/2021","4,008.56","4,008.56","4,008.56","4,008.56","","-0.48%"
"05/07/2021","4,027.96","4,027.96","4,027.96","4,027.96","","-0.03%"
"05/06/2021","4,029.05","4,029.05","4,029.05","4,029.05","","1.32%"
"05/05/2021","3,976.55","3,976.55","3,976.55","3,976.55","","-0.07%"
"05/04/2021","3,979.47","3,979.47","3,979.47","3,979.47","","-1.26%"
"05/03/2021","4,030.33","4,030.33","4,030.33","4,030.33","","0.18%"
"04/30/2021","4,022.92","4,022.92","4,022.92","4,022.92","","-0.69%"
"04/29/2021","4,051.01","4,051.01","4,051.01","4,051.01","","-0.12%"
"04/28/2021","4,055.84","4,055.84","4,055.84","4,055.84","","2.34%"
"04/27/2021","3,963.12","3,963.12","3,963.12","3,963.12","","-1.14%"
"04/26/2021","4,008.72","4,008.72","4,008.72","4,008.72","","-0.14%"
"04/23/2021","4,014.16","4,014.16","4,014.16","4,014.16","","1.74%"
"04/22/2021","3,945.49","3,945.49","3,945.49","3,945.49","","1.69%"
"04/21/2021","3,879.75","3,879.75","3,879.75","3,879.75","","1.14%"
"04/20/2021","3,835.84","3,835.84","3,835.84","3,835.84","","-1.49%"
"04/19/2021","3,893.85","3,893.85","3,893.85","3,893.85","","-0.29%"
"04/16/2021","3,905.22","3,905.22","3,905.22","3,905.22","","0.82%"
"04/15/2021","3,873.61","3,873.61","3,873.61","3,873.61","","-1.53%"
"04/14/2021","3,933.78","3,933.78","3,933.78","3,933.78","","-1.12%"
"04/13/2021","3,978.37","3,978.37","3,978.37","3,978.37","","0.06%"
"04/12/2021","3,975.82","3,975.82","3,975.82","3,975.82","","1.48%"
"04/09/2021","3,917.99","3,917.99","3,917.99","3,917.99","","3.45%"
"04/08/2021","3,787.30","3,787.30","3,787.30","3,787.30","","-0.93%"
"04/07/2021","3,822.90","3,822.90","3,822.90","3,822.90","","-0.01%"
"04/06/2021","3,823.23","3,823.23","3,823.23","3,823.23","","0.70%"
"04/01/2021","3,796.77","3,796.77","3,796.77","3,796.77","","0.19%"
"03/30/2021","3,789.38","3,789.38","3,789.38","3,789.38","","-0.19%"
"03/29/2021","3,796.48","3,796.48","3,796.48","3,796.48","","0.73%"
"03/26/2021","3,768.99","3,768.99","3,768.99","3,768.99","","-0.95%"
"03/25/2021","3,804.98","3,804.98","3,804.98","3,804.98","","0.59%"
"03/24/2021","3,782.50","3,782.50","3,782.50","3,782.50","","-0.58%"
"03/23/2021","3,804.67","3,804.67","3,804.67","3,804.67","","0.47%"
"03/22/2021","3,786.99","3,786.99","3,786.99","3,786.99","","-0.28%"
"03/18/2021","3,797.63","3,797.63","3,797.63","3,797.63","","0.63%"
"03/17/2021","3,773.67","3,773.67","3,773.67","3,773.67","","-1.44%"
"03/16/2021","3,828.79","3,828.79","3,828.79","3,828.79","","0.17%"
"03/15/2021","3,822.39","3,822.39","3,822.39","3,822.39","","-0.16%"
"03/12/2021","3,828.50","3,828.50","3,828.50","3,828.50","","-0.35%"
"03/11/2021","3,841.90","3,841.90","3,841.90","3,841.90","","-0.20%"
"03/10/2021","3,849.68","3,849.68","3,849.68","3,849.68","","0.61%"
"03/09/2021","3,826.28","3,826.28","3,826.28","3,826.28","","0.22%"
"03/08/2021","3,817.81","3,817.81","3,817.81","3,817.81","","-0.74%"
"03/05/2021","3,846.39","3,846.39","3,846.39","3,846.39","","0.03%"
"03/04/2021","3,845.39","3,845.39","3,845.39","3,845.39","","-0.10%"
"03/03/2021","3,849.17","3,849.17","3,849.17","3,849.17","","0.27%"
"03/02/2021","3,838.65","3,838.65","3,838.65","3,838.65","","-0.08%"
"03/01/2021","3,841.68","3,841.68","3,841.68","3,841.68","","0.11%"
"02/26/2021","3,837.52","3,837.52","3,837.52","3,837.52","","-0.18%"
"02/25/2021","3,844.26","3,844.26","3,844.26","3,844.26","","-0.34%"
"02/24/2021","3,857.39","3,857.39","3,857.39","3,857.39","","-0.36%"
"02/23/2021","3,871.17","3,871.17","3,871.17","3,871.17","","-0.93%"
"02/22/2021","3,907.67","3,907.67","3,907.67","3,907.67","","0.36%"
"02/19/2021","3,893.64","3,893.64","3,893.64","3,893.64","","-0.96%"
"02/18/2021","3,931.29","3,931.29","3,931.29","3,931.29","","-0.25%"
"02/17/2021","3,941.19","3,941.19","3,941.19","3,941.19","","-0.48%"
"02/16/2021","3,960.31","3,960.31","3,960.31","3,960.31","","-0.38%"
"02/15/2021","3,975.33","3,975.33","3,975.33","3,975.33","","-0.49%"
"02/12/2021","3,995.03","3,995.03","3,995.03","3,995.03","","0.12%"
"02/11/2021","3,990.07","3,990.07","3,990.07","3,990.07","","-0.03%"
"02/09/2021","3,991.44","3,991.44","3,991.44","3,991.44","","-0.67%"
"02/08/2021","4,018.36","4,018.36","4,018.36","4,018.36","","2.31%"
"02/05/2021","3,927.55","3,927.55","3,927.55","3,927.55","","-0.63%"
"02/04/2021","3,952.46","3,952.46","3,952.46","3,952.46","","-0.23%"
"02/03/2021","3,961.62","3,961.62","3,961.62","3,961.62","","-0.60%"
"02/02/2021","3,985.64","3,985.64","3,985.64","3,985.64","","0.08%"
"02/01/2021","3,982.26","3,982.26","3,982.26","3,982.26","","-1.19%"
"01/29/2021","4,030.07","4,030.07","4,030.07","4,030.07","","-0.29%"
"01/28/2021","4,041.79","4,041.79","4,041.79","4,041.79","","0.19%"
"01/27/2021","4,034.16","4,034.16","4,034.16","4,034.16","","-0.06%"
"01/26/2021","4,036.39","4,036.39","4,036.39","4,036.39","","0.52%"
"01/25/2021","4,015.69","4,015.69","4,015.69","4,015.69","","0.12%"
"01/22/2021","4,010.97","4,010.97","4,010.97","4,010.97","","-0.03%"
"01/21/2021","4,012.06","4,012.06","4,012.06","4,012.06","","-0.29%"
"01/20/2021","4,023.64","4,023.64","4,023.64","4,023.64","","-0.03%"
"01/19/2021","4,024.69","4,024.69","4,024.69","4,024.69","","-0.01%"
"01/18/2021","4,024.97","4,024.97","4,024.97","4,024.97","","0.00%"
"01/15/2021","4,024.97","4,024.97","4,024.97","4,024.97","","-0.37%"
"01/14/2021","4,040.01","4,040.01","4,040.01","4,040.01","","0.13%"
"01/13/2021","4,034.68","4,034.68","4,034.68","4,034.68","","0.26%"
"01/12/2021","4,024.36","4,024.36","4,024.36","4,024.36","","0.19%"
"01/11/2021","4,016.74","4,016.74","4,016.74","4,016.74","","-1.60%"
"01/08/2021","4,081.96","4,081.96","4,081.96","4,081.96","","-0.54%"
"01/07/2021","4,103.98","4,103.98","4,103.98","4,103.98","","0.83%"
"01/06/2021","4,070.28","4,070.28","4,070.28","4,070.28","","-1.44%"
"01/05/2021","4,129.96","4,129.96","4,129.96","4,129.96","","0.10%"
"01/04/2021","4,125.96","4,125.96","4,125.96","4,125.96","","-0.12%"
"12/30/2020","4,131.09","4,131.09","4,131.09","4,131.09","","0.37%"
"12/29/2020","4,115.75","4,115.75","4,115.75","4,115.75","","-1.32%"
"12/28/2020","4,170.76","4,170.76","4,170.76","4,170.76","","0.33%"
"12/23/2020","4,157.08","4,157.08","4,157.08","4,157.08","","-0.32%"
"12/22/2020","4,170.33","4,170.33","4,170.33","4,170.33","","0.19%"
"12/21/2020","4,162.53","4,162.53","4,162.53","4,162.53","","-0.01%"
"12/18/2020","4,163.06","4,163.06","4,163.06","4,163.06","","-0.37%"
"12/17/2020","4,178.47","4,178.47","4,178.47","4,178.47","","0.30%"
"12/16/2020","4,166.08","4,166.08","4,166.08","4,166.08","","0.30%"
"12/15/2020","4,153.72","4,153.72","4,153.72","4,153.72","","0.84%"
"12/14/2020","4,119.16","4,119.16","4,119.16","4,119.16","","-0.96%"
"12/11/2020","4,159.23","4,159.23","4,159.23","4,159.23","","-0.15%"
"12/10/2020","4,165.29","4,165.29","4,165.29","4,165.29","","1.06%"
"12/09/2020","4,121.53","4,121.53","4,121.53","4,121.53","","0.01%"
"12/07/2020","4,121.28","4,121.28","4,121.28","4,121.28","","1.30%"
"12/04/2020","4,068.58","4,068.58","4,068.58","4,068.58","","2.67%"
"12/03/2020","3,962.92","3,962.92","3,962.92","3,962.92","","-0.88%"
"12/02/2020","3,998.02","3,998.02","3,998.02","3,998.02","","1.83%"
"12/01/2020","3,926.13","3,926.13","3,926.13","3,926.13","","5.87%"
"11/30/2020","3,708.52","3,708.52","3,708.52","3,708.52","","1.36%"
"11/27/2020","3,658.87","3,658.87","3,658.87","3,658.87","","-0.64%"
"11/26/2020","3,682.44","3,682.44","3,682.44","3,682.44","","0.64%"
"11/25/2020","3,659.07","3,659.07","3,659.07","3,659.07","","-0.21%"
"11/24/2020","3,666.74","3,666.74","3,666.74","3,666.74","","0.98%"
"11/23/2020","3,631.28","3,631.28","3,631.28","3,631.28","","-0.37%"
"11/20/2020","3,644.93","3,644.93","3,644.93","3,644.93","","0.18%"
"11/19/2020","3,638.25","3,638.25","3,638.25","3,638.25","","-0.33%"
"11/18/2020","3,650.26","3,650.26","3,650.26","3,650.26","","0.28%"
"11/17/2020","3,639.95","3,639.95","3,639.95","3,639.95","","0.00%"
"11/16/2020","3,639.95","3,639.95","3,639.95","3,639.95","","-0.11%"
"11/13/2020","3,643.79","3,643.79","3,643.79","3,643.79","","0.72%"
"11/12/2020","3,617.67","3,617.67","3,617.67","3,617.67","","-1.01%"
"11/11/2020","3,654.44","3,654.44","3,654.44","3,654.44","","0.35%"
"11/10/2020","3,641.65","3,641.65","3,641.65","3,641.65","","3.22%"
"11/09/2020","3,528.17","3,528.17","3,528.17","3,528.17","","1.61%"
"11/06/2020","3,472.22","3,472.22","3,472.22","3,472.22","","0.30%"
"11/05/2020","3,461.88","3,461.88","3,461.88","3,461.88","","0.40%"
"11/04/2020","3,448.25","3,448.25","3,448.25","3,448.25","","-0.50%"
"11/03/2020","3,465.57","3,465.57","3,465.57","3,465.57","","-0.17%"
"11/02/2020","3,471.62","3,471.62","3,471.62","3,471.62","","0.10%"
"10/30/2020","3,468.22","3,468.22","3,468.22","3,468.22","","0.22%"
"10/29/2020","3,460.61","3,460.61","3,460.61","3,460.61","","-0.39%"
"10/28/2020","3,474.10","3,474.10","3,474.10","3,474.10","","0.13%"
"10/27/2020","3,469.54","3,469.54","3,469.54","3,469.54","","0.13%"
"10/26/2020","3,465.19","3,465.19","3,465.19","3,465.19","","0.13%"
"10/23/2020","3,460.64","3,460.64","3,460.64","3,460.64","","-0.36%"
"10/22/2020","3,473.02","3,473.02","3,473.02","3,473.02","","0.17%"
"10/21/2020","3,467.01","3,467.01","3,467.01","3,467.01","","-0.08%"
"10/20/2020","3,469.77","3,469.77","3,469.77","3,469.77","","0.10%"
"10/19/2020","3,466.25","3,466.25","3,466.25","3,466.25","","-0.34%"
"10/16/2020","3,477.94","3,477.94","3,477.94","3,477.94","","0.39%"
"10/15/2020","3,464.51","3,464.51","3,464.51","3,464.51","","-0.33%"
"10/14/2020","3,475.91","3,475.91","3,475.91","3,475.91","","-0.68%"
"10/13/2020","3,499.77","3,499.77","3,499.77","3,499.77","","0.84%"
"10/12/2020","3,470.46","3,470.46","3,470.46","3,470.46","","-0.41%"
"10/09/2020","3,484.88","3,484.88","3,484.88","3,484.88","","-0.77%"
"10/08/2020","3,512.00","3,512.00","3,512.00","3,512.00","","0.20%"
"10/07/2020","3,504.85","3,504.85","3,504.85","3,504.85","","-0.86%"
"10/06/2020","3,535.36","3,535.36","3,535.36","3,535.36","","-0.05%"
"10/05/2020","3,537.07","3,537.07","3,537.07","3,537.07","","-0.40%"
"10/02/2020","3,551.37","3,551.37","3,551.37","3,551.37","","-0.33%"
"10/01/2020","3,563.12","3,563.12","3,563.12","3,563.12","","0.62%"
"09/30/2020","3,540.99","3,540.99","3,540.99","3,540.99","","-0.52%"
"09/29/2020","3,559.54","3,559.54","3,559.54","3,559.54","","-0.68%"
"09/28/2020","3,583.76","3,583.76","3,583.76","3,583.76","","-0.09%"
"09/25/2020","3,587.05","3,587.05","3,587.05","3,587.05","","0.28%"
"09/24/2020","3,577.00","3,577.00","3,577.00","3,577.00","","-0.01%"
"09/23/2020","3,577.29","3,577.29","3,577.29","3,577.29","","-0.28%"
"09/22/2020","3,587.30","3,587.30","3,587.30","3,587.30","","0.59%"
"09/18/2020","3,566.43","3,566.43","3,566.43","3,566.43","","0.06%"
"09/17/2020","3,564.20","3,564.20","3,564.20","3,564.20","","-0.50%"
"09/16/2020","3,582.25","3,582.25","3,582.25","3,582.25","","-2.32%"
"09/15/2020","3,667.42","3,667.42","3,667.42","3,667.42","","-0.08%"
"09/14/2020","3,670.37","3,670.37","3,670.37","3,670.37","","-0.05%"
"09/11/2020","3,672.23","3,672.23","3,672.23","3,672.23","","0.21%"
"09/10/2020","3,664.44","3,664.44","3,664.44","3,664.44","","-0.14%"
"09/09/2020","3,669.69","3,669.69","3,669.69","3,669.69","","-0.05%"
"09/07/2020","3,671.70","3,671.70","3,671.70","3,671.70","","0.65%"
"09/04/2020","3,647.89","3,647.89","3,647.89","3,647.89","","-0.08%"
"09/03/2020","3,650.68","3,650.68","3,650.68","3,650.68","","-0.68%"
"09/02/2020","3,675.73","3,675.73","3,675.73","3,675.73","","-0.11%"
"09/01/2020","3,679.74","3,679.74","3,679.74","3,679.74","","0.01%"
"08/31/2020","3,679.37","3,679.37","3,679.37","3,679.37","","0.42%"
"08/28/2020","3,663.85","3,663.85","3,663.85","3,663.85","","0.01%"
"08/27/2020","3,663.58","3,663.58","3,663.58","3,663.58","","-1.17%"
"08/26/2020","3,706.84","3,706.84","3,706.84","3,706.84","","-0.08%"
"08/25/2020","3,709.66","3,709.66","3,709.66","3,709.66","","-0.33%"
"08/24/2020","3,721.76","3,721.76","3,721.76","3,721.76","","0.47%"
"08/21/2020","3,704.25","3,704.25","3,704.25","3,704.25","","-0.42%"
"08/20/2020","3,719.78","3,719.78","3,719.78","3,719.78","","1.10%"
"08/19/2020","3,679.40","3,679.40","3,679.40","3,679.40","","-0.14%"
"08/18/2020","3,684.70","3,684.70","3,684.70","3,684.70","","-0.18%"
"08/17/2020","3,691.49","3,691.49","3,691.49","3,691.49","","0.02%"
"08/14/2020","3,690.68","3,690.68","3,690.68","3,690.68","","-0.61%"
"08/13/2020","3,713.48","3,713.48","3,713.48","3,713.48","","-1.50%"
"08/12/2020","3,770.19","3,770.19","3,770.19","3,770.19","","-0.38%"
"08/11/2020","3,784.61","3,784.61","3,784.61","3,784.61","","0.85%"
"08/10/2020","3,752.57","3,752.57","3,752.57","3,752.57","","-0.72%"
"08/07/2020","3,779.94","3,779.94","3,779.94","3,779.94","","-1.41%"
"08/06/2020","3,833.92","3,833.92","3,833.92","3,833.92","","0.14%"
"08/05/2020","3,828.45","3,828.45","3,828.45","3,828.45","","-0.42%"
"08/04/2020","3,844.77","3,844.77","3,844.77","3,844.77","","-1.19%"
"08/03/2020","3,891.14","3,891.14","3,891.14","3,891.14","","-0.47%"
"07/31/2020","3,909.43","3,909.43","3,909.43","3,909.43","","0.09%"
"07/30/2020","3,906.04","3,906.04","3,906.04","3,906.04","","-0.67%"
"07/29/2020","3,932.42","3,932.42","3,932.42","3,932.42","","-0.39%"
"07/28/2020","3,947.66","3,947.66","3,947.66","3,947.66","","0.13%"
"07/27/2020","3,942.66","3,942.66","3,942.66","3,942.66","","0.57%"
"07/24/2020","3,920.40","3,920.40","3,920.40","3,920.40","","-0.01%"
"07/23/2020","3,920.72","3,920.72","3,920.72","3,920.72","","-0.02%"
"07/22/2020","3,921.55","3,921.55","3,921.55","3,921.55","","-0.08%"
"07/21/2020","3,924.59","3,924.59","3,924.59","3,924.59","","-0.09%"
"07/20/2020","3,928.24","3,928.24","3,928.24","3,928.24","","-0.37%"
"07/17/2020","3,942.70","3,942.70","3,942.70","3,942.70","","-0.44%"
"07/16/2020","3,959.96","3,959.96","3,959.96","3,959.96","","-0.06%"
"07/15/2020","3,962.14","3,962.14","3,962.14","3,962.14","","-0.41%"
"07/14/2020","3,978.51","3,978.51","3,978.51","3,978.51","","0.56%"
"07/13/2020","3,956.44","3,956.44","3,956.44","3,956.44","","-0.44%"
"07/10/2020","3,973.88","3,973.88","3,973.88","3,973.88","","-0.20%"
"07/09/2020","3,981.94","3,981.94","3,981.94","3,981.94","","-0.23%"
"07/08/2020","3,991.05","3,991.05","3,991.05","3,991.05","","0.08%"
"07/07/2020","3,987.79","3,987.79","3,987.79","3,987.79","","-0.84%"
"07/06/2020","4,021.55","4,021.55","4,021.55","4,021.55","","0.00%"
"07/03/2020","4,021.46","4,021.46","4,021.46","4,021.46","","-0.46%"
"07/02/2020","4,040.23","4,040.23","4,040.23","4,040.23","","-0.21%"
"07/01/2020","4,048.81","4,048.81","4,048.81","4,048.81","","-0.10%"
"06/30/2020","4,052.67","4,052.67","4,052.67","4,052.67","","0.35%"
"06/26/2020","4,038.50","4,038.50","4,038.50","4,038.50","","0.06%"
"06/25/2020","4,036.27","4,036.27","4,036.27","4,036.27","","0.20%"
"06/24/2020","4,028.19","4,028.19","4,028.19","4,028.19","","0.94%"
"06/23/2020","3,990.69","3,990.69","3,990.69","3,990.69","","-0.77%"
"06/22/2020","4,021.65","4,021.65","4,021.65","4,021.65","","-0.14%"
"06/19/2020","4,027.17","8,302.23","8,302.23","8,302.23","","0.19%"
"06/18/2020","4,019.55","4,019.55","4,019.55","4,019.55","","-0.47%"
"06/17/2020","4,038.49","4,038.49","4,038.49","4,038.49","","0.72%"
"06/16/2020","4,009.75","4,009.75","4,009.75","4,009.75","","0.31%"
"06/15/2020","3,997.34","3,997.34","3,997.34","3,997.34","","-0.65%"
"06/12/2020","4,023.46","4,023.46","4,023.46","4,023.46","","-0.56%"
"06/11/2020","4,046.03","4,046.03","4,046.03","4,046.03","","0.49%"
"06/10/2020","4,026.41","4,026.41","4,026.41","4,026.41","","-0.49%"
"06/09/2020","4,046.29","4,046.29","4,046.29","4,046.29","","-0.13%"
"06/08/2020","4,051.65","4,051.65","4,051.65","4,051.65","","0.35%"
"06/05/2020","4,037.63","4,037.63","4,037.63","4,037.63","","-0.10%"
"06/04/2020","4,041.74","4,041.74","4,041.74","4,041.74","","-0.16%"
"06/03/2020","4,048.28","4,048.28","4,048.28","4,048.28","","2.02%"
"06/02/2020","3,968.25","3,968.25","3,968.25","3,968.25","","0.08%"
"06/01/2020","3,965.14","3,965.14","3,965.14","3,965.14","","-0.45%"
"05/29/2020","3,983.09","3,983.09","3,983.09","3,983.09","","0.18%"
"05/28/2020","3,975.75","3,975.75","3,975.75","3,975.75","","1.51%"
"05/27/2020","3,916.60","3,916.60","3,916.60","3,916.60","","1.55%"
"05/26/2020","3,856.83","3,856.83","3,856.83","3,856.83","","0.20%"
"05/25/2020","3,849.02","3,849.02","3,849.02","3,849.02","","-1.53%"
"05/22/2020","3,909.02","3,909.02","3,909.02","3,909.02","","-0.79%"
"05/21/2020","3,940.08","3,940.08","3,940.08","3,940.08","","0.39%"
"05/20/2020","3,924.83","3,924.83","3,924.83","3,924.83","","-0.14%"
"05/19/2020","3,930.18","3,930.18","3,930.18","3,930.18","","-1.21%"
"05/18/2020","3,978.29","3,978.29","3,978.29","3,978.29","","0.40%"
"05/15/2020","3,962.43","3,962.43","3,962.43","3,962.43","","-0.79%"
"05/14/2020","3,994.07","3,994.07","3,994.07","3,994.07","","-0.47%"
"05/13/2020","4,013.06","4,013.06","4,013.06","4,013.06","","-0.34%"
"05/12/2020","4,026.73","4,026.73","4,026.73","4,026.73","","-0.08%"
"05/11/2020","4,030.14","4,030.14","4,030.14","4,030.14","","-0.69%"
"05/08/2020","4,058.22","4,058.22","4,058.22","4,058.22","","0.62%"
"05/07/2020","4,033.36","4,033.36","4,033.36","4,033.36","","0.50%"
"05/06/2020","4,013.22","4,013.22","4,013.22","4,013.22","","-0.58%"
"05/05/2020","4,036.55","4,036.55","4,036.55","4,036.55","","1.02%"
"05/04/2020","3,995.60","3,995.60","3,995.60","3,995.60","","-0.79%"
"04/30/2020","4,027.27","4,027.27","4,027.27","4,027.27","","-0.01%"
"04/29/2020","4,027.61","4,027.61","4,027.61","4,027.61","","-0.07%"
"04/28/2020","4,030.57","4,030.57","4,030.57","4,030.57","","0.03%"
"04/27/2020","4,029.28","4,029.28","4,029.28","4,029.28","","0.28%"
"04/24/2020","4,018.19","4,018.19","4,018.19","4,018.19","","0.39%"
"04/23/2020","4,002.76","4,002.76","4,002.76","4,002.76","","0.01%"
"04/22/2020","4,002.41","4,002.41","4,002.41","4,002.41","","0.61%"
"04/21/2020","3,977.98","3,977.98","3,977.98","3,977.98","","1.33%"
"04/20/2020","3,925.80","3,925.80","3,925.80","3,925.80","","-0.41%"
"04/17/2020","3,942.15","3,942.15","3,942.15","3,942.15","","0.76%"
"04/16/2020","3,912.29","3,912.29","3,912.29","3,912.29","","0.10%"
"04/15/2020","3,908.35","3,908.35","3,908.35","3,908.35","","-0.29%"
"04/14/2020","3,919.59","3,919.59","3,919.59","3,919.59","","3.20%"
"04/09/2020","3,798.04","3,798.04","3,798.04","3,798.04","","0.79%"
"04/08/2020","3,768.30","3,768.30","3,768.30","3,768.30","","-1.77%"
"04/07/2020","3,836.26","3,836.26","3,836.26","3,836.26","","0.16%"
"04/06/2020","3,829.98","3,829.98","3,829.98","3,829.98","","-0.50%"
"04/03/2020","3,849.12","3,849.12","3,849.12","3,849.12","","-0.46%"
"04/02/2020","3,866.86","3,866.86","3,866.86","3,866.86","","0.13%"
"04/01/2020","3,861.74","3,861.74","3,861.74","3,861.74","","1.74%"
"03/30/2020","3,795.73","3,795.73","3,795.73","3,795.73","","-1.51%"
"03/27/2020","3,853.94","3,853.94","3,853.94","3,853.94","","1.26%"
"03/26/2020","3,806.13","3,806.13","3,806.13","3,806.13","","1.60%"
"03/25/2020","3,746.05","3,746.05","3,746.05","3,746.05","","1.05%"
"03/24/2020","3,707.01","3,707.01","3,707.01","3,707.01","","-0.56%"
"03/23/2020","3,727.73","3,727.73","3,727.73","3,727.73","","-3.59%"
"03/20/2020","3,866.57","3,866.57","3,866.57","3,866.57","","-1.86%"
"03/18/2020","3,939.97","3,939.97","3,939.97","3,939.97","","-2.25%"
"03/17/2020","4,030.76","4,030.76","4,030.76","4,030.76","","-2.68%"
"03/16/2020","4,141.62","4,141.62","4,141.62","4,141.62","","-1.89%"
"03/13/2020","4,221.37","4,221.37","4,221.37","4,221.37","","-3.31%"
"03/12/2020","4,365.89","4,365.89","4,365.89","4,365.89","","-1.42%"
"03/11/2020","4,428.62","4,428.62","4,428.62","4,428.62","","0.17%"
"03/10/2020","4,420.89","4,420.89","4,420.89","4,420.89","","-1.72%"
"03/09/2020","4,498.19","4,498.19","4,498.19","4,498.19","","-1.48%"
"03/06/2020","4,565.98","4,565.98","4,565.98","4,565.98","","-0.04%"
"03/05/2020","4,567.89","4,567.89","4,567.89","4,567.89","","-0.92%"
"03/04/2020","4,610.16","4,610.16","4,610.16","4,610.16","","-0.03%"
"03/03/2020","4,611.64","4,611.64","4,611.64","4,611.64","","0.27%"
"03/02/2020","4,599.23","4,599.23","4,599.23","4,599.23","","-0.66%"
"02/28/2020","4,629.57","4,629.57","4,629.57","4,629.57","","0.45%"
"02/27/2020","4,608.65","4,608.65","4,608.65","4,608.65","","-0.51%"
"02/26/2020","4,632.06","4,632.06","4,632.06","4,632.06","","-0.04%"
"02/25/2020","4,633.82","4,633.82","4,633.82","4,633.82","","0.58%"
"02/24/2020","4,607.18","4,607.18","4,607.18","4,607.18","","-1.26%"
"02/21/2020","4,666.10","4,666.10","4,666.10","4,666.10","","0.53%"
"02/20/2020","4,641.35","4,641.35","4,641.35","4,641.35","","0.45%"
"02/19/2020","4,620.58","4,620.58","4,620.58","4,620.58","","-1.68%"
"02/18/2020","4,699.76","4,699.76","4,699.76","4,699.76","","0.54%"
"02/17/2020","4,674.48","4,674.48","4,674.48","4,674.48","","0.22%"
"02/14/2020","4,664.25","4,664.25","4,664.25","4,664.25","","0.33%"
"02/13/2020","4,648.79","4,648.79","4,648.79","4,648.79","","0.21%"
"02/12/2020","4,639.05","4,639.05","4,639.05","4,639.05","","-0.15%"
"02/11/2020","4,645.92","4,645.92","4,645.92","4,645.92","","-0.59%"
"02/07/2020","4,673.41","4,673.41","4,673.41","4,673.41","","0.54%"
"02/06/2020","4,648.28","4,648.28","4,648.28","4,648.28","","-0.51%"
"02/05/2020","4,672.16","4,672.16","4,672.16","4,672.16","","-0.17%"
"02/04/2020","4,680.08","4,680.08","4,680.08","4,680.08","","0.65%"
"02/03/2020","4,650.06","4,650.06","4,650.06","4,650.06","","-0.21%"
"01/31/2020","4,659.63","4,659.63","4,659.63","4,659.63","","0.30%"
"01/30/2020","4,645.57","4,645.57","4,645.57","4,645.57","","0.01%"
"01/29/2020","4,645.15","4,645.15","4,645.15","4,645.15","","0.22%"
"01/28/2020","4,634.73","4,634.73","4,634.73","4,634.73","","-0.40%"
"01/27/2020","4,653.27","4,653.27","4,653.27","4,653.27","","0.23%"
"01/24/2020","4,642.49","4,642.49","4,642.49","4,642.49","","0.15%"
"01/23/2020","4,635.57","4,635.57","4,635.57","4,635.57","","-0.39%"
"01/22/2020","4,653.90","4,653.90","4,653.90","4,653.90","","-0.30%"
"01/21/2020","4,667.94","4,667.94","4,667.94","4,667.94","","-0.15%"
"01/20/2020","4,674.94","4,674.94","4,674.94","4,674.94","","0.08%"
"01/17/2020","4,671.01","4,671.01","4,671.01","4,671.01","","0.14%"
"01/16/2020","4,664.27","4,664.27","4,664.27","4,664.27","","0.18%"
"01/15/2020","4,656.11","4,656.11","4,656.11","4,656.11","","-0.04%"
"01/14/2020","4,657.91","4,657.91","4,657.91","4,657.91","","0.20%"
"01/13/2020","4,648.67","4,648.67","4,648.67","4,648.67","","-0.20%"
"01/10/2020","4,657.98","4,657.98","4,657.98","4,657.98","","0.18%"
"01/09/2020","4,649.75","4,649.75","4,649.75","4,649.75","","-0.55%"
"01/08/2020","4,675.36","4,675.36","4,675.36","4,675.36","","0.19%"
"01/07/2020","4,666.70","4,666.70","4,666.70","4,666.70","","-0.28%"
"01/06/2020","4,679.64","4,679.64","4,679.64","4,679.64","","0.15%"
"01/03/2020","4,672.86","4,672.86","4,672.86","4,672.86","","-0.88%"
"12/30/2019","4,714.17","4,714.17","4,714.17","4,714.17","","2.21%"
"12/27/2019","4,612.34","4,612.34","4,612.34","4,612.34","","0.55%"
"12/23/2019","4,587.32","4,587.32","4,587.32","4,587.32","","-0.32%"
"12/20/2019","4,601.98","4,601.98","4,601.98","4,601.98","","-0.87%"
"12/19/2019","4,642.31","4,642.31","4,642.31","4,642.31","","0.94%"
"12/18/2019","4,599.14","4,599.14","4,599.14","4,599.14","","-0.14%"
"12/17/2019","4,605.64","4,605.64","4,605.64","4,605.64","","-0.06%"
"12/16/2019","4,608.57","4,608.57","4,608.57","4,608.57","","-0.21%"
"12/12/2019","4,618.23","4,618.23","4,618.23","4,618.23","","0.13%"
"12/11/2019","4,612.18","4,612.18","4,612.18","4,612.18","","-0.09%"
"12/10/2019","4,616.22","4,616.22","4,616.22","4,616.22","","0.24%"
"12/09/2019","4,605.02","4,605.02","4,605.02","4,605.02","","-0.31%"
"12/06/2019","4,619.42","4,619.42","4,619.42","4,619.42","","-0.65%"
"12/05/2019","4,649.56","4,649.56","4,649.56","4,649.56","","-0.62%"
"12/04/2019","4,678.56","4,678.56","4,678.56","4,678.56","","-0.52%"
"12/03/2019","4,702.88","4,702.88","4,702.88","4,702.88","","-0.51%"
"12/02/2019","4,727.13","4,727.13","4,727.13","4,727.13","","0.30%"
"11/29/2019","4,713.08","4,713.08","4,713.08","4,713.08","","-0.61%"
"11/28/2019","4,742.09","4,742.09","4,742.09","4,742.09","","-0.17%"
"11/27/2019","4,750.07","4,750.07","4,750.07","4,750.07","","-0.21%"
"11/26/2019","4,760.03","4,760.03","4,760.03","4,760.03","","-0.30%"
"11/25/2019","4,774.42","4,774.42","4,774.42","4,774.42","","0.17%"
"11/22/2019","4,766.10","4,766.10","4,766.10","4,766.10","","-0.18%"
"11/21/2019","4,774.60","4,774.60","4,774.60","4,774.60","","-0.37%"
"11/20/2019","4,792.27","4,792.27","4,792.27","4,792.27","","-0.43%"
"11/19/2019","4,812.73","4,812.73","4,812.73","4,812.73","","-0.62%"
"11/18/2019","4,842.68","4,842.68","4,842.68","4,842.68","","0.26%"
"11/15/2019","4,830.08","4,830.08","4,830.08","4,830.08","","-0.09%"
"11/14/2019","4,834.56","4,834.56","4,834.56","4,834.56","","0.12%"
"11/13/2019","4,828.90","4,828.90","4,828.90","4,828.90","","0.14%"
"11/12/2019","4,822.05","4,822.05","4,822.05","4,822.05","","-0.19%"
"11/11/2019","4,831.38","4,831.38","4,831.38","4,831.38","","-0.16%"
"11/08/2019","4,839.28","4,839.28","4,839.28","4,839.28","","-0.13%"
"11/07/2019","4,845.43","4,845.43","4,845.43","4,845.43","","0.26%"
"11/06/2019","4,832.72","4,832.72","4,832.72","4,832.72","","0.14%"
"11/05/2019","4,826.09","4,826.09","4,826.09","4,826.09","","0.21%"
"11/04/2019","4,815.80","4,815.80","4,815.80","4,815.80","","0.03%"
"11/01/2019","4,814.17","4,814.17","4,814.17","4,814.17","","-0.44%"
"10/31/2019","4,835.52","4,835.52","4,835.52","4,835.52","","0.16%"
"10/30/2019","4,827.66","4,827.66","4,827.66","4,827.66","","-0.06%"
"10/29/2019","4,830.47","4,830.47","4,830.47","4,830.47","","0.09%"
"10/28/2019","4,826.16","4,826.16","4,826.16","4,826.16","","-0.35%"
"10/25/2019","4,843.09","4,843.09","4,843.09","4,843.09","","0.36%"
"10/24/2019","4,825.64","4,825.64","4,825.64","4,825.64","","0.77%"
"10/23/2019","4,789.00","4,789.00","4,789.00","4,789.00","","-0.14%"
"10/22/2019","4,795.54","4,795.54","4,795.54","4,795.54","","0.48%"
"10/21/2019","4,772.68","4,772.68","4,772.68","4,772.68","","0.00%"
"10/18/2019","4,772.80","4,772.80","4,772.80","4,772.80","","-0.16%"
"10/17/2019","4,780.43","4,780.43","4,780.43","4,780.43","","0.42%"
"10/16/2019","4,760.65","4,760.65","4,760.65","4,760.65","","-0.66%"
"10/15/2019","4,792.39","4,792.39","4,792.39","4,792.39","","-0.60%"
"10/14/2019","4,821.53","4,821.53","4,821.53","4,821.53","","-0.74%"
"10/11/2019","4,857.62","4,857.62","4,857.62","4,857.62","","-0.03%"
"10/10/2019","4,859.06","4,859.06","4,859.06","4,859.06","","0.63%"
"10/09/2019","4,828.74","4,828.74","4,828.74","4,828.74","","-0.54%"
"10/08/2019","4,854.87","4,854.87","4,854.87","4,854.87","","-0.37%"
"10/07/2019","4,872.83","4,872.83","4,872.83","4,872.83","","0.22%"
"10/04/2019","4,862.10","4,862.10","4,862.10","4,862.10","","0.34%"
"10/03/2019","4,845.66","4,845.66","4,845.66","4,845.66","","0.09%"
"10/02/2019","4,841.23","4,841.23","4,841.23","4,841.23","","-0.83%"
"10/01/2019","4,881.75","4,881.75","4,881.75","4,881.75","","-0.63%"
"09/30/2019","4,912.45","4,912.45","4,912.45","4,912.45","","0.34%"
"09/27/2019","4,895.88","4,895.88","4,895.88","4,895.88","","0.00%"
"09/26/2019","4,895.66","4,895.66","4,895.66","4,895.66","","-0.31%"
"09/25/2019","4,910.97","4,910.97","4,910.97","4,910.97","","0.20%"
"09/24/2019","4,900.98","4,900.98","4,900.98","4,900.98","","0.32%"
"09/23/2019","4,885.38","4,885.38","4,885.38","4,885.38","","1.06%"
"09/20/2019","4,834.08","4,834.08","4,834.08","4,834.08","","0.06%"
"09/19/2019","4,830.95","4,830.95","4,830.95","4,830.95","","-0.57%"
"09/18/2019","4,858.69","4,858.69","4,858.69","4,858.69","","0.25%"
"09/17/2019","4,846.63","4,846.63","4,846.63","4,846.63","","0.03%"
"09/16/2019","4,845.35","4,845.35","4,845.35","4,845.35","","-0.35%"
"09/13/2019","4,862.24","4,862.24","4,862.24","4,862.24","","-0.38%"
"09/12/2019","4,880.85","4,880.85","4,880.85","4,880.85","","0.85%"
"09/11/2019","4,839.81","4,839.81","4,839.81","4,839.81","","0.41%"
"09/10/2019","4,820.04","4,820.04","4,820.04","4,820.04","","-0.34%"
"09/09/2019","4,836.39","4,836.39","4,836.39","4,836.39","","0.23%"
"09/06/2019","4,825.43","4,825.43","4,825.43","4,825.43","","0.01%"
"09/05/2019","4,824.90","4,824.90","4,824.90","4,824.90","","0.53%"
"09/04/2019","4,799.46","4,799.46","4,799.46","4,799.46","","0.23%"
"09/03/2019","4,788.56","4,788.56","4,788.56","4,788.56","","1.03%"
"09/02/2019","4,739.69","4,739.69","4,739.69","4,739.69","","-1.21%"
"08/30/2019","4,797.82","4,797.82","4,797.82","4,797.82","","-0.13%"
"08/29/2019","4,804.20","4,804.20","4,804.20","4,804.20","","-0.15%"
"08/28/2019","4,811.38","4,811.38","4,811.38","4,811.38","","0.02%"
"08/27/2019","4,810.35","4,810.35","4,810.35","4,810.35","","0.42%"
"08/26/2019","4,790.31","4,790.31","4,790.31","4,790.31","","-0.08%"
"08/23/2019","4,794.06","4,794.06","4,794.06","4,794.06","","0.72%"
"08/22/2019","4,759.71","4,759.71","4,759.71","4,759.71","","-0.17%"
"08/21/2019","4,767.87","4,767.87","4,767.87","4,767.87","","0.50%"
"08/20/2019","4,744.06","4,744.06","4,744.06","4,744.06","","-0.90%"
"08/19/2019","4,787.15","4,787.15","4,787.15","4,787.15","","-0.63%"
"08/16/2019","4,817.56","4,817.56","4,817.56","4,817.56","","0.14%"
"08/14/2019","4,810.86","4,810.86","4,810.86","4,810.86","","0.25%"
"08/13/2019","4,798.86","4,798.86","4,798.86","4,798.86","","-0.39%"
"08/12/2019","4,817.87","4,817.87","4,817.87","4,817.87","","-0.65%"
"08/09/2019","4,849.53","4,849.53","4,849.53","4,849.53","","0.70%"
"08/08/2019","4,815.61","4,815.61","4,815.61","4,815.61","","-0.87%"
"08/07/2019","4,858.03","4,858.03","4,858.03","4,858.03","","0.38%"
"08/06/2019","4,839.51","4,839.51","4,839.51","4,839.51","","-0.06%"
"08/05/2019","4,842.30","4,842.30","4,842.30","4,842.30","","0.35%"
"08/02/2019","4,825.49","4,825.49","4,825.49","4,825.49","","-0.11%"
"08/01/2019","4,830.82","4,830.82","4,830.82","4,830.82","","-0.34%"
"07/31/2019","4,847.35","4,847.35","4,847.35","4,847.35","","0.24%"
"07/30/2019","4,835.92","4,835.92","4,835.92","4,835.92","","0.11%"
"07/29/2019","4,830.62","4,830.62","4,830.62","4,830.62","","-0.46%"
"07/26/2019","4,852.97","4,852.97","4,852.97","4,852.97","","0.46%"
"07/25/2019","4,830.97","4,830.97","4,830.97","4,830.97","","0.18%"
"07/24/2019","4,822.52","4,822.52","4,822.52","4,822.52","","-0.03%"
"07/23/2019","4,823.95","4,823.95","4,823.95","4,823.95","","-0.07%"
"07/22/2019","4,827.47","4,827.47","4,827.47","4,827.47","","0.42%"
"07/19/2019","4,807.06","4,807.06","4,807.06","4,807.06","","-0.27%"
"07/18/2019","4,820.24","4,820.24","4,820.24","4,820.24","","0.68%"
"07/17/2019","4,787.47","4,787.47","4,787.47","4,787.47","","-0.24%"
"07/16/2019","4,799.19","4,799.19","4,799.19","4,799.19","","0.46%"
"07/15/2019","4,777.03","4,777.03","4,777.03","4,777.03","","0.03%"
"07/12/2019","4,775.64","4,775.64","4,775.64","4,775.64","","-1.01%"
"07/11/2019","4,824.17","4,824.17","4,824.17","4,824.17","","0.04%"
"07/10/2019","4,822.21","4,822.21","4,822.21","4,822.21","","0.16%"
"07/09/2019","4,814.58","4,814.58","4,814.58","4,814.58","","0.52%"
"07/08/2019","4,789.48","4,789.48","4,789.48","4,789.48","","-0.67%"
"07/05/2019","4,821.75","4,821.75","4,821.75","4,821.75","","0.08%"
"07/04/2019","4,818.02","4,818.02","4,818.02","4,818.02","","0.15%"
"07/03/2019","4,810.85","4,810.85","4,810.85","4,810.85","","0.14%"
"07/02/2019","4,804.10","4,804.10","4,804.10","4,804.10","","-0.11%"
"07/01/2019","4,809.53","4,809.53","4,809.53","4,809.53","","-0.06%"
"06/28/2019","4,812.24","4,812.24","4,812.24","4,812.24","","-0.23%"
"06/27/2019","4,823.30","4,823.30","4,823.30","4,823.30","","0.06%"
"06/26/2019","4,820.20","4,820.20","4,820.20","4,820.20","","-0.75%"
"06/25/2019","4,856.60","4,856.60","4,856.60","4,856.60","","-0.20%"
"06/24/2019","4,866.34","4,866.34","4,866.34","4,866.34","","-0.09%"
"06/21/2019","4,870.76","4,870.76","4,870.76","4,870.76","","0.26%"
"06/20/2019","4,858.24","4,858.24","4,858.24","4,858.24","","0.29%"
"06/19/2019","4,844.41","4,844.41","4,844.41","4,844.41","","-0.81%"
"06/18/2019","4,883.88","4,883.88","4,883.88","4,883.88","","-0.12%"
"06/17/2019","4,889.67","4,889.67","4,889.67","4,889.67","","0.31%"
"06/14/2019","4,874.38","4,874.38","4,874.38","4,874.38","","0.96%"
"06/13/2019","4,827.87","4,827.87","4,827.87","4,827.87","","0.06%"
"06/12/2019","4,825.05","4,825.05","4,825.05","4,825.05","","0.12%"
"06/11/2019","4,819.22","4,819.22","4,819.22","4,819.22","","-0.02%"
"06/10/2019","4,820.20","4,820.20","4,820.20","4,820.20","","0.13%"
"06/06/2019","4,813.85","4,813.85","4,813.85","4,813.85","","-0.26%"
"06/05/2019","4,826.29","4,826.29","4,826.29","4,826.29","","0.12%"
"06/04/2019","4,820.48","4,820.48","4,820.48","4,820.48","","0.06%"
"06/03/2019","4,817.62","4,817.62","4,817.62","4,817.62","","-0.05%"
"05/31/2019","4,820.17","4,820.17","4,820.17","4,820.17","","-0.46%"
"05/30/2019","4,842.26","4,842.26","4,842.26","4,842.26","","0.09%"
"05/29/2019","4,837.69","4,837.69","4,837.69","4,837.69","","0.03%"
"05/28/2019","4,836.08","4,836.08","4,836.08","4,836.08","","0.34%"
"05/27/2019","4,819.62","4,819.62","4,819.62","4,819.62","","-0.73%"
"05/24/2019","4,855.26","4,855.26","4,855.26","4,855.26","","0.36%"
"05/23/2019","4,837.90","4,837.90","4,837.90","4,837.90","","-0.65%"
"05/22/2019","4,869.49","4,869.49","4,869.49","4,869.49","","1.92%"
"05/21/2019","4,777.71","4,777.71","4,777.71","4,777.71","","0.31%"
"05/20/2019","4,762.79","4,762.79","4,762.79","4,762.79","","0.29%"
"05/17/2019","4,749.12","4,749.12","4,749.12","4,749.12","","0.29%"
"05/16/2019","4,735.30","4,735.30","4,735.30","4,735.30","","-0.19%"
"05/15/2019","4,744.32","4,744.32","4,744.32","4,744.32","","-0.04%"
"05/14/2019","4,745.99","4,745.99","4,745.99","4,745.99","","0.11%"
"05/13/2019","4,740.65","4,740.65","4,740.65","4,740.65","","-0.27%"
"05/10/2019","4,753.36","4,753.36","4,753.36","4,753.36","","-0.10%"
"05/09/2019","4,758.17","4,758.17","4,758.17","4,758.17","","0.23%"
"05/08/2019","4,747.43","4,747.43","4,747.43","4,747.43","","-0.93%"
"05/07/2019","4,791.85","4,791.85","4,791.85","4,791.85","","0.45%"
"05/06/2019","4,770.40","4,770.40","4,770.40","4,770.40","","-0.26%"
"05/03/2019","4,783.05","4,783.05","4,783.05","4,783.05","","0.47%"
"05/02/2019","4,760.54","4,760.54","4,760.54","4,760.54","","0.96%"
"04/30/2019","4,715.45","4,715.45","4,715.45","4,715.45","","0.21%"
"04/29/2019","4,705.55","4,705.55","4,705.55","4,705.55","","0.02%"
"04/26/2019","4,704.84","4,704.84","4,704.84","4,704.84","","0.36%"
"04/25/2019","4,688.12","4,688.12","4,688.12","4,688.12","","-0.80%"
"04/24/2019","4,725.73","4,725.73","4,725.73","4,725.73","","0.31%"
"04/23/2019","4,710.92","4,710.92","4,710.92","4,710.92","","-0.20%"
"04/18/2019","4,720.44","4,720.44","4,720.44","4,720.44","","-0.20%"
"04/17/2019","4,729.67","4,729.67","4,729.67","4,729.67","","0.80%"
"04/16/2019","4,692.30","4,692.30","4,692.30","4,692.30","","0.00%"
"04/15/2019","4,692.07","4,692.07","4,692.07","4,692.07","","0.18%"
"04/12/2019","4,683.62","4,683.62","4,683.62","4,683.62","","-0.18%"
"04/11/2019","4,692.26","4,692.26","4,692.26","4,692.26","","0.46%"
"04/10/2019","4,670.74","4,670.74","4,670.74","4,670.74","","-0.03%"
"04/09/2019","4,671.98","4,671.98","4,671.98","4,671.98","","-0.30%"
"04/08/2019","4,685.92","4,685.92","4,685.92","4,685.92","","-0.60%"
"04/05/2019","4,714.24","4,714.24","4,714.24","4,714.24","","-0.10%"
"04/04/2019","4,719.15","4,719.15","4,719.15","4,719.15","","0.00%"
"04/03/2019","4,719.03","4,719.03","4,719.03","4,719.03","","0.19%"
"04/02/2019","4,709.98","4,709.98","4,709.98","4,709.98","","-0.03%"
"04/01/2019","4,711.58","4,711.58","4,711.58","4,711.58","","0.05%"
"03/29/2019","4,709.21","4,709.21","4,709.21","4,709.21","","-1.11%"
"03/28/2019","4,762.18","4,762.18","4,762.18","4,762.18","","0.34%"
"03/27/2019","4,745.89","4,745.89","4,745.89","4,745.89","","-0.37%"
"03/26/2019","4,763.68","4,763.68","4,763.68","4,763.68","","0.04%"
"03/25/2019","4,761.84","4,761.84","4,761.84","4,761.84","","0.60%"
"03/22/2019","4,733.38","4,733.38","4,733.38","4,733.38","","0.39%"
"03/21/2019","4,715.01","4,715.01","4,715.01","4,715.01","","-0.57%"
"03/20/2019","4,742.22","4,742.22","4,742.22","4,742.22","","0.15%"
"03/18/2019","4,735.07","4,735.07","4,735.07","4,735.07","","0.94%"
"03/15/2019","4,691.12","4,691.12","4,691.12","4,691.12","","1.05%"
"03/14/2019","4,642.58","4,642.58","4,642.58","4,642.58","","-0.55%"
"03/13/2019","4,668.06","4,668.06","4,668.06","4,668.06","","0.04%"
"03/12/2019","4,666.13","4,666.13","4,666.13","4,666.13","","-0.10%"
"03/11/2019","4,671.02","4,671.02","4,671.02","4,671.02","","1.67%"
"03/08/2019","4,594.49","4,594.49","4,594.49","4,594.49","","0.25%"
"03/07/2019","4,583.21","4,583.21","4,583.21","4,583.21","","0.33%"
"03/06/2019","4,568.28","4,568.28","4,568.28","4,568.28","","0.30%"
"03/05/2019","4,554.50","4,554.50","4,554.50","4,554.50","","0.20%"
"03/04/2019","4,545.41","4,545.41","4,545.41","4,545.41","","0.31%"
"03/01/2019","4,531.20","4,531.20","4,531.20","4,531.20","","0.17%"
"02/28/2019","4,523.59","4,523.59","4,523.59","4,523.59","","0.71%"
"02/27/2019","4,491.49","4,491.49","4,491.49","4,491.49","","0.08%"
"02/26/2019","4,488.10","4,488.10","4,488.10","4,488.10","","0.18%"
"02/25/2019","4,479.91","4,479.91","4,479.91","4,479.91","","0.05%"
"02/22/2019","4,477.76","4,477.76","4,477.76","4,477.76","","-0.22%"
"02/21/2019","4,487.50","4,487.50","4,487.50","4,487.50","","-0.41%"
"02/20/2019","4,506.15","4,506.15","4,506.15","4,506.15","","0.18%"
"02/19/2019","4,497.97","4,497.97","4,497.97","4,497.97","","-1.01%"
"02/18/2019","4,543.66","4,543.66","4,543.66","4,543.66","","1.21%"
"02/15/2019","4,489.50","4,489.50","4,489.50","4,489.50","","-0.04%"
"02/14/2019","4,491.42","4,491.42","4,491.42","4,491.42","","0.35%"
"02/13/2019","4,475.61","4,475.61","4,475.61","4,475.61","","-0.35%"
"02/12/2019","4,491.41","4,491.41","4,491.41","4,491.41","","0.16%"
"02/11/2019","4,484.20","4,484.20","4,484.20","4,484.20","","0.28%"
"02/08/2019","4,471.63","4,471.63","4,471.63","4,471.63","","-0.20%"
"02/07/2019","4,480.78","4,480.78","4,480.78","4,480.78","","0.32%"
"02/06/2019","4,466.66","4,466.66","4,466.66","4,466.66","","0.22%"
"02/05/2019","4,456.75","4,456.75","4,456.75","4,456.75","","0.05%"
"02/04/2019","4,454.73","4,454.73","4,454.73","4,454.73","","0.30%"
"02/01/2019","4,441.33","4,441.33","4,441.33","4,441.33","","0.18%"
"01/31/2019","4,433.38","4,433.38","4,433.38","4,433.38","","-0.02%"
"01/30/2019","4,434.35","4,434.35","4,434.35","4,434.35","","0.02%"
"01/29/2019","4,433.36","4,433.36","4,433.36","4,433.36","","0.11%"
"01/28/2019","4,428.70","4,428.70","4,428.70","4,428.70","","0.04%"
"01/25/2019","4,426.80","4,426.80","4,426.80","4,426.80","","0.37%"
"01/24/2019","4,410.59","4,410.59","4,410.59","4,410.59","","0.49%"
"01/23/2019","4,389.06","4,389.06","4,389.06","4,389.06","","0.40%"
"01/22/2019","4,371.50","4,371.50","4,371.50","4,371.50","","-0.45%"
"01/21/2019","4,391.47","4,391.47","4,391.47","4,391.47","","0.67%"
"01/18/2019","4,362.21","4,362.21","4,362.21","4,362.21","","-0.44%"
"01/17/2019","4,381.42","4,381.42","4,381.42","4,381.42","","0.60%"
"01/16/2019","4,355.11","4,355.11","4,355.11","4,355.11","","-2.20%"
"01/15/2019","4,452.86","4,452.86","4,452.86","4,452.86","","0.03%"
"01/14/2019","4,451.63","4,451.63","4,451.63","4,451.63","","-0.34%"
"01/11/2019","4,466.84","4,466.84","4,466.84","4,466.84","","-0.41%"
"01/10/2019","4,485.42","4,485.42","4,485.42","4,485.42","","0.37%"
"01/09/2019","4,468.87","4,468.87","4,468.87","4,468.87","","0.11%"
"01/08/2019","4,463.97","4,463.97","4,463.97","4,463.97","","0.19%"
"01/07/2019","4,455.63","4,455.63","4,455.63","4,455.63","","-0.84%"
"01/04/2019","4,493.53","4,493.53","4,493.53","4,493.53","","-0.43%"
"01/03/2019","4,513.14","4,513.14","4,513.14","4,513.14","","-0.03%"