"Date","Price","Open","High","Low","Vol.","Change %"
"12/31/2025","3,560.00","3,547.50","3,560.00","3,545.00","","0.00%"
"12/30/2025","3,560.00","3,559.00","3,563.50","3,547.50","","0.03%"
"12/29/2025","3,559.00","3,559.00","3,563.00","3,556.00","","0.00%"
"12/26/2025","3,559.00","3,557.00","3,559.00","3,557.00","","0.06%"
"12/25/2025","3,557.00","3,557.00","3,557.00","3,557.00","","0.00%"
"12/24/2025","3,557.00","3,556.00","3,557.00","3,556.00","","0.03%"
"12/23/2025","3,556.00","3,553.00","3,556.00","3,545.00","","0.08%"
"12/22/2025","3,553.00","3,552.00","3,560.00","3,546.00","","0.03%"
"12/19/2025","3,552.00","3,552.00","3,552.00","3,545.00","","0.00%"
"12/18/2025","3,552.00","3,549.00","3,552.00","3,545.00","","0.08%"
"12/17/2025","3,549.00","3,549.00","3,549.00","3,545.00","","0.11%"
"12/16/2025","3,545.00","3,548.00","3,549.00","3,545.00","","-0.08%"
"12/15/2025","3,548.00","3,548.00","3,548.00","3,545.00","","0.00%"
"12/12/2025","3,548.00","3,548.00","3,548.00","3,545.00","","0.08%"
"12/11/2025","3,545.00","3,547.00","3,548.00","3,545.00","","-0.06%"
"12/10/2025","3,547.00","3,547.00","3,548.00","3,545.00","","0.00%"
"12/09/2025","3,547.00","3,548.00","3,548.00","3,545.00","","-0.03%"
"12/08/2025","3,548.00","3,549.00","3,564.50","3,546.00","","0.08%"
"12/05/2025","3,545.00","3,548.00","3,549.00","3,545.00","","-0.08%"
"12/04/2025","3,548.00","3,552.00","3,552.00","3,545.00","","-0.11%"
"12/03/2025","3,552.00","3,552.00","3,552.00","3,545.00","","0.00%"
"12/02/2025","3,552.00","3,556.00","3,556.00","3,552.00","","-0.11%"
"12/01/2025","3,556.00","3,557.00","3,575.00","3,556.00","","-0.03%"
"11/28/2025","3,557.00","3,563.00","3,563.00","3,557.00","","-0.17%"
"11/27/2025","3,563.00","3,563.00","3,575.00","3,563.00","","0.00%"
"11/26/2025","3,563.00","3,563.00","3,582.00","3,563.00","","0.00%"
"11/25/2025","3,563.00","3,566.00","3,582.00","3,563.00","","-0.04%"
"11/24/2025","3,564.50","3,567.00","3,583.50","3,564.00","","-0.07%"
"11/21/2025","3,567.00","3,567.00","3,582.00","3,567.00","","0.00%"
"11/20/2025","3,567.00","3,571.00","3,574.00","3,567.00","","-0.11%"
"11/19/2025","3,571.00","3,571.00","3,574.00","3,569.50","","-0.32%"
"11/18/2025","3,582.50","3,575.00","3,586.00","3,569.50","","0.21%"
"11/17/2025","3,575.00","3,575.00","3,586.00","3,574.00","","-0.28%"
"11/14/2025","3,585.00","3,576.00","3,587.50","3,574.00","","0.20%"
"11/13/2025","3,578.00","3,578.00","3,587.50","3,575.50","","0.00%"
"11/12/2025","3,578.00","3,579.00","3,579.00","3,578.00","","-0.03%"
"11/11/2025","3,579.00","3,579.00","3,581.00","3,578.00","","-0.06%"
"11/10/2025","3,581.00","3,582.00","3,582.00","3,581.00","","-0.03%"
"11/07/2025","3,582.00","3,583.00","3,583.00","3,582.00","","-0.03%"
"11/06/2025","3,583.00","3,587.00","3,587.00","3,583.00","","-0.11%"
"11/05/2025","3,587.00","3,586.00","3,587.00","3,586.00","","0.03%"
"11/04/2025","3,586.00","3,590.00","3,590.00","3,586.00","","-0.11%"
"11/03/2025","3,590.00","3,588.00","3,606.00","3,588.00","","0.06%"
"10/31/2025","3,588.00","3,589.00","3,605.50","3,588.00","","-0.03%"
"10/30/2025","3,589.00","3,591.00","3,609.50","3,586.00","","-0.06%"
"10/29/2025","3,591.00","3,592.00","3,607.00","3,587.00","","-0.03%"
"10/28/2025","3,592.00","3,593.00","3,607.50","3,589.00","","-0.03%"
"10/27/2025","3,593.00","3,594.00","3,610.00","3,589.50","","-0.03%"
"10/24/2025","3,594.00","3,595.00","3,613.00","3,593.50","","-0.03%"
"10/23/2025","3,595.00","3,595.00","3,613.00","3,595.00","","0.00%"
"10/22/2025","3,595.00","3,594.00","3,610.50","3,591.00","","0.03%"
"10/21/2025","3,594.00","3,596.00","3,606.50","3,593.50","","-0.37%"
"10/20/2025","3,607.50","3,597.00","3,609.50","3,594.50","","0.29%"
"10/17/2025","3,597.00","3,596.00","3,608.50","3,593.50","","0.03%"
"10/16/2025","3,596.00","3,611.50","3,613.00","3,593.50","","0.00%"
"10/15/2025","3,596.00","3,596.00","3,596.00","3,596.00","","0.00%"
"10/14/2025","3,596.00","3,597.00","3,608.50","3,589.00","","-0.03%"
"10/13/2025","3,597.00","3,597.00","3,597.00","3,597.00","","0.00%"
"10/10/2025","3,597.00","3,595.00","3,610.50","3,593.00","","0.06%"
"10/09/2025","3,595.00","3,596.00","3,596.00","3,595.00","","-0.04%"
"10/08/2025","3,596.50","3,596.00","3,598.00","3,594.50","","0.01%"
"10/07/2025","3,596.00","3,595.00","3,608.50","3,594.50","","-0.03%"
"10/06/2025","3,597.00","3,597.00","3,608.50","3,595.00","","-0.32%"
"10/03/2025","3,608.50","3,596.00","3,609.50","3,594.00","","0.35%"
"10/02/2025","3,596.00","3,596.00","3,609.00","3,594.50","","0.00%"
"10/01/2025","3,596.00","3,596.00","3,596.00","3,594.00","","0.00%"
"09/30/2025","3,596.00","3,598.00","3,612.50","3,594.50","","-0.06%"
"09/29/2025","3,598.00","3,597.00","3,610.00","3,597.00","","0.03%"
"09/26/2025","3,597.00","3,596.00","3,613.50","3,596.00","","0.03%"
"09/25/2025","3,596.00","3,596.00","3,612.00","3,592.50","","-0.25%"
"09/24/2025","3,605.00","3,596.00","3,607.00","3,594.50","","-0.22%"
"09/23/2025","3,613.00","3,597.00","3,613.50","3,596.00","","0.44%"
"09/22/2025","3,597.00","3,598.00","3,598.00","3,595.00","","-0.03%"
"09/19/2025","3,598.00","3,597.00","3,598.00","3,597.00","","0.03%"
"09/18/2025","3,597.00","3,597.00","3,608.50","3,591.50","","0.00%"
"09/17/2025","3,597.00","3,603.00","3,608.50","3,591.50","","0.00%"
"09/16/2025","3,597.00","3,597.00","3,597.00","3,597.00","","0.00%"
"09/15/2025","3,597.00","3,598.00","3,609.00","3,591.50","","-0.03%"
"09/12/2025","3,598.00","3,597.00","3,610.00","3,591.50","","-0.14%"
"09/11/2025","3,603.00","3,597.00","3,608.50","3,591.50","","0.17%"
"09/10/2025","3,597.00","3,597.00","3,597.00","3,597.00","","0.00%"
"09/09/2025","3,597.00","3,597.00","3,608.50","3,595.00","","0.00%"
"09/08/2025","3,597.00","3,597.00","3,608.50","3,591.50","","0.00%"
"09/05/2025","3,597.00","3,596.00","3,597.00","3,596.00","","0.03%"
"09/04/2025","3,596.00","3,597.00","3,597.00","3,596.00","","-0.03%"
"09/03/2025","3,597.00","3,596.00","3,597.00","3,594.50","","-0.17%"
"09/02/2025","3,603.00","3,596.00","3,608.00","3,591.00","","0.19%"
"09/01/2025","3,596.00","3,596.00","3,596.00","3,596.00","","0.00%"
"08/29/2025","3,596.00","3,597.00","3,608.50","3,591.00","","-0.03%"
"08/28/2025","3,597.00","3,597.00","3,597.00","3,595.00","","-0.29%"
"08/27/2025","3,607.50","3,597.00","3,609.50","3,595.00","","0.29%"
"08/26/2025","3,597.00","3,597.00","3,597.00","3,595.00","","0.00%"
"08/25/2025","3,597.00","3,597.00","3,608.50","3,591.50","","0.00%"
"08/22/2025","3,597.00","3,597.00","3,608.50","3,590.00","","0.06%"
"08/21/2025","3,595.00","3,600.00","3,607.00","3,589.50","","-0.14%"
"08/20/2025","3,600.00","3,596.00","3,606.50","3,589.50","","0.11%"
"08/19/2025","3,596.00","3,596.00","3,606.50","3,589.50","","0.00%"
"08/18/2025","3,596.00","3,597.00","3,597.00","3,596.00","","-0.03%"
"08/15/2025","3,597.00","3,596.00","3,607.00","3,589.50","","0.08%"
"08/14/2025","3,594.00","3,595.00","3,606.50","3,585.00","","-0.03%"
"08/13/2025","3,595.00","3,595.00","3,598.00","3,586.00","","0.00%"
"08/12/2025","3,595.00","3,594.00","3,603.00","3,585.50","","0.03%"
"08/11/2025","3,594.00","3,594.00","3,602.50","3,585.50","","0.27%"
"08/08/2025","3,584.50","3,593.00","3,594.00","3,584.00","","-0.24%"
"08/07/2025","3,593.00","3,589.00","3,597.00","3,579.00","","0.11%"
"08/06/2025","3,589.00","3,589.00","3,596.50","3,584.50","","-0.08%"
"08/05/2025","3,592.00","3,592.00","3,596.50","3,584.50","","0.00%"
"08/04/2025","3,592.00","3,592.00","3,596.50","3,584.50","","0.00%"
"08/01/2025","3,592.00","3,590.00","3,596.50","3,583.50","","0.06%"
"07/31/2025","3,590.00","3,590.00","3,590.00","3,590.00","","0.00%"
"07/30/2025","3,590.00","3,590.00","3,595.50","3,583.50","","0.00%"
"07/29/2025","3,590.00","3,590.00","3,596.00","3,584.00","","0.00%"
"07/28/2025","3,590.00","3,590.00","3,595.50","3,583.50","","0.00%"
"07/25/2025","3,590.00","3,589.00","3,590.00","3,589.00","","0.03%"
"07/24/2025","3,589.00","3,589.00","3,595.00","3,583.00","","0.00%"
"07/23/2025","3,589.00","3,588.00","3,595.00","3,582.50","","0.03%"
"07/22/2025","3,588.00","3,588.00","3,588.00","3,585.00","","0.00%"
"07/21/2025","3,588.00","3,587.00","3,594.50","3,582.00","","0.03%"
"07/18/2025","3,587.00","3,587.00","3,594.50","3,582.00","","0.00%"
"07/17/2025","3,587.00","3,587.00","3,594.50","3,582.50","","0.06%"
"07/16/2025","3,585.00","3,590.00","3,594.50","3,582.50","","-0.06%"
"07/15/2025","3,587.00","3,585.00","3,594.50","3,582.50","","0.01%"
"07/14/2025","3,586.50","3,587.00","3,594.50","3,580.00","","-0.01%"
"07/11/2025","3,587.00","3,587.00","3,592.50","3,580.00","","-0.04%"
"07/10/2025","3,588.50","3,587.00","3,592.50","3,583.00","","0.04%"
"07/09/2025","3,587.00","3,588.50","3,592.50","3,583.00","","0.00%"
"07/08/2025","3,587.00","3,587.00","3,592.50","3,583.00","","0.00%"
"07/07/2025","3,587.00","3,585.00","3,592.50","3,582.00","","0.06%"
"07/04/2025","3,585.00","3,585.00","3,585.00","3,585.00","","0.00%"
"07/03/2025","3,585.00","3,585.00","3,591.50","3,581.50","","0.00%"
"07/02/2025","3,585.00","3,584.00","3,591.50","3,581.50","","0.03%"
"07/01/2025","3,584.00","3,588.50","3,591.00","3,581.50","","0.00%"
"06/30/2025","3,584.00","3,584.00","3,591.00","3,579.50","","-0.13%"
"06/27/2025","3,588.50","3,588.50","3,591.00","3,581.50","","0.13%"
"06/26/2025","3,584.00","3,588.50","3,591.00","3,579.00","","0.03%"
"06/25/2025","3,583.00","3,583.00","3,590.50","3,581.00","","0.00%"
"06/24/2025","3,583.00","3,583.00","3,590.50","3,581.00","","0.00%"
"06/23/2025","3,583.00","3,583.00","3,590.50","3,581.00","","-0.15%"
"06/20/2025","3,588.50","3,583.00","3,590.50","3,581.00","","0.00%"
"06/19/2025","3,588.50","3,582.00","3,590.50","3,580.50","","0.18%"
"06/18/2025","3,582.00","3,581.00","3,590.00","3,579.50","","0.08%"
"06/17/2025","3,579.00","3,581.00","3,586.50","3,577.00","","-0.06%"
"06/16/2025","3,581.00","3,580.00","3,581.00","3,576.00","","0.03%"
"06/13/2025","3,580.00","3,579.00","3,580.00","3,569.00","","0.03%"
"06/12/2025","3,579.00","3,570.00","3,579.00","3,570.00","","0.03%"
"06/11/2025","3,578.00","3,578.00","3,578.00","3,570.00","","0.17%"
"06/10/2025","3,572.00","3,578.00","3,578.00","3,570.00","","-0.17%"
"06/09/2025","3,578.00","3,578.00","3,578.00","3,570.00","","0.06%"
"06/06/2025","3,576.00","3,578.00","3,578.50","3,575.00","","0.00%"
"06/05/2025","3,576.00","3,578.00","3,586.00","3,576.00","","0.00%"
"06/04/2025","3,576.00","3,577.00","3,578.00","3,575.00","","-0.03%"
"06/03/2025","3,577.00","3,577.00","3,577.00","3,577.00","","0.00%"
"06/02/2025","3,577.00","3,577.00","3,577.00","3,577.00","","0.00%"
"05/30/2025","3,577.00","3,577.00","3,577.00","3,577.00","","0.00%"
"05/29/2025","3,577.00","3,577.00","3,577.00","3,577.00","","0.00%"
"05/28/2025","3,577.00","3,577.00","3,577.00","3,575.00","","0.06%"
"05/27/2025","3,575.00","3,577.00","3,577.00","3,575.00","","-0.06%"
"05/26/2025","3,577.00","3,577.00","3,577.00","3,577.00","","0.06%"
"05/23/2025","3,575.00","3,577.00","3,577.00","3,575.00","","-0.06%"
"05/22/2025","3,577.00","3,577.00","3,585.50","3,573.50","","-0.14%"
"05/21/2025","3,582.00","3,574.00","3,585.50","3,572.00","","0.27%"
"05/20/2025","3,572.50","3,576.00","3,586.50","3,572.00","","-0.10%"
"05/19/2025","3,576.00","3,576.00","3,586.50","3,574.00","","0.00%"
"05/16/2025","3,576.00","3,583.50","3,586.50","3,574.50","","0.00%"
"05/15/2025","3,576.00","3,575.00","3,585.00","3,573.00","","-0.18%"
"05/14/2025","3,582.50","3,576.00","3,585.00","3,571.50","","0.18%"
"05/13/2025","3,576.00","3,575.00","3,584.50","3,573.50","","-0.18%"
"05/12/2025","3,582.50","3,576.00","3,584.50","3,573.50","","0.18%"
"05/09/2025","3,576.00","3,572.00","3,579.00","3,572.00","","0.00%"
"05/08/2025","3,576.00","3,575.00","3,576.00","3,575.00","","0.03%"
"05/07/2025","3,575.00","3,575.00","3,578.50","3,574.00","","0.00%"
"05/06/2025","3,575.00","3,575.00","3,578.50","3,571.50","","0.00%"
"05/05/2025","3,575.00","3,574.00","3,578.50","3,571.00","","0.03%"
"05/02/2025","3,574.00","3,574.00","3,575.50","3,571.00","","0.00%"
"05/01/2025","3,574.00","3,572.50","3,575.50","3,571.00","","0.06%"
"04/30/2025","3,572.00","3,574.00","3,574.00","3,569.00","","-0.06%"
"04/29/2025","3,574.00","3,569.00","3,575.50","3,569.00","","0.08%"
"04/28/2025","3,571.00","3,574.00","3,575.50","3,571.00","","-0.13%"
"04/25/2025","3,575.50","3,573.00","3,575.50","3,573.00","","0.07%"
"04/24/2025","3,573.00","3,573.00","3,573.00","3,569.00","","0.00%"
"04/23/2025","3,573.00","3,572.00","3,575.00","3,570.00","","0.03%"
"04/22/2025","3,572.00","3,571.00","3,574.50","3,537.50","","0.03%"
"04/21/2025","3,571.00","3,565.00","3,571.00","3,537.50","","0.17%"
"04/18/2025","3,565.00","3,558.00","3,565.00","3,537.50","","0.20%"
"04/17/2025","3,558.00","3,547.00","3,560.00","3,537.50","","0.37%"
"04/16/2025","3,545.00","3,544.00","3,547.00","3,535.00","","0.03%"
"04/15/2025","3,544.00","3,537.00","3,544.00","3,537.00","","0.20%"
"04/14/2025","3,537.00","3,537.00","3,539.50","3,535.00","","0.00%"
"04/11/2025","3,537.00","3,537.50","3,539.50","3,533.00","","0.11%"
"04/10/2025","3,533.00","3,532.00","3,533.00","3,532.00","","0.03%"
"04/09/2025","3,532.00","3,525.00","3,532.00","3,525.00","","-0.08%"
"04/08/2025","3,535.00","3,509.00","3,536.00","3,509.00","","0.74%"
"04/07/2025","3,509.00","3,509.00","3,513.00","3,506.00","","0.00%"
"04/04/2025","3,509.00","3,505.00","3,513.00","3,504.00","","0.11%"
"04/03/2025","3,505.00","3,498.00","3,513.50","3,490.50","","0.20%"
"04/02/2025","3,498.00","3,495.00","3,498.00","3,490.50","","0.26%"
"04/01/2025","3,489.00","3,491.00","3,495.00","3,480.00","","-0.06%"
"03/31/2025","3,491.00","3,491.00","3,491.00","3,480.00","","0.00%"
"03/28/2025","3,491.00","3,490.00","3,491.00","3,485.00","","0.03%"
"03/27/2025","3,490.00","3,487.00","3,490.00","3,485.00","","0.17%"
"03/26/2025","3,484.00","3,484.00","3,487.00","3,481.00","","0.04%"
"03/25/2025","3,482.50","3,481.00","3,484.00","3,479.50","","0.09%"
"03/24/2025","3,479.50","3,480.00","3,481.50","3,476.50","","0.13%"
"03/21/2025","3,475.00","3,478.00","3,480.00","3,475.00","","-0.04%"
"03/20/2025","3,476.50","3,477.00","3,478.00","3,475.00","","0.03%"
"03/19/2025","3,475.50","3,476.00","3,477.00","3,474.50","","-0.01%"
"03/18/2025","3,476.00","3,474.00","3,476.50","3,472.50","","0.09%"
"03/17/2025","3,473.00","3,474.00","3,474.50","3,470.00","","-0.03%"
"03/14/2025","3,474.00","3,474.00","3,474.00","3,474.00","","0.06%"
"03/13/2025","3,472.00","3,472.00","3,472.00","3,468.50","","0.00%"
"03/12/2025","3,472.00","3,472.00","3,472.00","3,470.00","","0.00%"
"03/11/2025","3,472.00","3,471.00","3,474.00","3,469.50","","0.03%"
"03/10/2025","3,471.00","3,470.00","3,473.50","3,468.50","","0.03%"
"03/07/2025","3,470.00","3,470.00","3,472.50","3,469.50","","0.00%"
"03/06/2025","3,470.00","3,470.00","3,470.50","3,468.50","","-0.06%"
"03/05/2025","3,472.00","3,470.00","3,472.50","3,469.00","","0.06%"
"03/04/2025","3,470.00","3,470.00","3,471.00","3,469.00","","0.00%"
"03/03/2025","3,470.00","3,470.00","3,470.50","3,468.50","","0.00%"
"02/28/2025","3,470.00","3,469.00","3,471.00","3,468.50","","0.03%"
"02/27/2025","3,469.00","3,468.00","3,470.50","3,463.50","","0.03%"
"02/26/2025","3,468.00","3,467.00","3,468.00","3,467.00","","0.03%"
"02/25/2025","3,467.00","3,466.00","3,467.00","3,464.50","","0.03%"
"02/24/2025","3,466.00","3,466.00","3,468.00","3,466.00","","0.03%"
"02/21/2025","3,465.00","3,465.00","3,466.50","3,464.00","","0.04%"
"02/20/2025","3,463.50","3,464.00","3,465.00","3,461.50","","-0.12%"
"02/19/2025","3,467.50","3,463.00","3,468.00","3,463.00","","0.17%"
"02/18/2025","3,461.50","3,463.00","3,470.00","3,461.50","","-0.04%"
"02/17/2025","3,463.00","3,462.00","3,463.00","3,462.00","","-0.13%"
"02/14/2025","3,467.50","3,462.00","3,467.50","3,462.00","","0.14%"
"02/13/2025","3,462.50","3,462.00","3,464.50","3,460.00","","0.01%"
"02/12/2025","3,462.00","3,460.00","3,462.00","3,458.50","","0.06%"
"02/11/2025","3,460.00","3,459.00","3,460.00","3,456.50","","-0.14%"
"02/10/2025","3,465.00","3,458.00","3,465.50","3,456.50","","0.25%"
"02/07/2025","3,456.50","3,458.00","3,460.00","3,456.50","","-0.04%"
"02/06/2025","3,458.00","3,457.00","3,462.50","3,456.00","","0.03%"
"02/05/2025","3,457.00","3,454.00","3,462.00","3,453.50","","0.09%"
"02/04/2025","3,454.00","3,455.00","3,458.00","3,450.00","","0.06%"
"02/03/2025","3,452.00","3,451.00","3,452.00","3,451.00","","0.03%"
"01/31/2025","3,451.00","3,450.00","3,454.00","3,448.50","","0.03%"
"01/30/2025","3,450.00","3,448.00","3,450.00","3,448.00","","0.06%"
"01/29/2025","3,448.00","3,446.00","3,452.50","3,440.50","","0.06%"
"01/28/2025","3,446.00","3,443.00","3,451.50","3,443.00","","0.09%"
"01/27/2025","3,443.00","3,442.00","3,443.00","3,442.00","","0.03%"
"01/24/2025","3,442.00","3,441.00","3,447.00","3,439.50","","0.03%"
"01/23/2025","3,441.00","3,438.00","3,444.00","3,438.00","","0.13%"
"01/22/2025","3,436.50","3,436.00","3,442.50","3,434.50","","0.01%"
"01/21/2025","3,436.00","3,434.00","3,439.00","3,431.50","","0.06%"
"01/20/2025","3,434.00","3,433.00","3,434.00","3,433.00","","0.03%"
"01/17/2025","3,433.00","3,432.00","3,433.00","3,431.00","","0.03%"
"01/16/2025","3,432.00","3,431.00","3,432.00","3,431.00","","0.07%"
"01/15/2025","3,429.50","3,430.00","3,439.00","3,429.00","","0.03%"
"01/14/2025","3,428.50","3,429.00","3,430.00","3,428.00","","-0.01%"
"01/13/2025","3,429.00","3,428.00","3,433.00","3,428.00","","0.03%"
"01/10/2025","3,428.00","3,439.00","3,439.50","3,427.00","","0.03%"
"01/09/2025","3,427.00","3,426.00","3,437.00","3,423.00","","0.03%"
"01/08/2025","3,426.00","3,426.50","3,428.00","3,424.50","","0.00%"
"01/07/2025","3,426.00","3,425.00","3,436.50","3,424.00","","0.03%"
"01/06/2025","3,425.00","3,424.00","3,441.00","3,422.50","","0.03%"
"01/03/2025","3,424.00","3,424.00","3,424.00","3,424.00","","0.00%"
"01/02/2025","3,424.00","3,423.00","3,424.50","3,421.50","","0.03%"
"01/01/2025","3,423.00","3,423.00","3,423.00","3,423.00","","0.00%"
"12/31/2024","3,423.00","3,423.00","3,423.00","3,423.00","","0.04%"
"12/30/2024","3,421.50","3,423.00","3,423.00","3,420.50","","-0.04%"
"12/27/2024","3,423.00","3,422.00","3,423.00","3,422.00","","0.03%"
"12/26/2024","3,422.00","3,422.00","3,422.00","3,418.50","","0.03%"
"12/25/2024","3,421.00","3,421.00","3,421.00","3,421.00","","0.00%"
"12/24/2024","3,421.00","3,421.00","3,421.00","3,421.00","","0.00%"
"12/23/2024","3,421.00","3,420.00","3,421.00","3,420.00","","0.03%"
"12/20/2024","3,420.00","3,420.00","3,420.00","3,420.00","","0.00%"
"12/19/2024","3,420.00","3,421.00","3,421.00","3,420.00","","-0.03%"
"12/18/2024","3,421.00","3,420.00","3,421.00","3,420.00","","0.03%"
"12/17/2024","3,420.00","3,421.00","3,421.00","3,418.00","","-0.03%"
"12/16/2024","3,421.00","3,420.00","3,421.00","3,418.00","","0.03%"
"12/13/2024","3,420.00","3,420.00","3,420.00","3,420.00","","0.00%"
"12/12/2024","3,420.00","3,421.00","3,421.00","3,420.00","","-0.03%"
"12/11/2024","3,421.00","3,420.00","3,421.00","3,420.00","","0.03%"
"12/10/2024","3,420.00","3,421.00","3,421.00","3,419.00","","-0.03%"
"12/09/2024","3,421.00","3,420.00","3,421.00","3,418.50","","0.03%"
"12/06/2024","3,420.00","3,420.00","3,420.50","3,397.00","","0.00%"
"12/05/2024","3,420.00","3,400.00","3,420.00","3,400.00","","0.59%"
"12/04/2024","3,400.00","3,421.00","3,436.50","3,400.00","","-0.61%"
"12/03/2024","3,421.00","3,423.50","3,436.50","3,415.50","","-0.12%"
"12/02/2024","3,425.00","3,419.50","3,427.50","3,417.00","","0.12%"
"11/29/2024","3,421.00","3,420.00","3,436.50","3,419.00","","0.03%"
"11/28/2024","3,420.00","3,420.00","3,420.00","3,420.00","","0.00%"
"11/27/2024","3,420.00","3,420.00","3,420.00","3,418.50","","0.00%"
"11/26/2024","3,420.00","3,420.00","3,420.00","3,417.50","","0.00%"
"11/25/2024","3,420.00","3,420.00","3,431.00","3,419.00","","0.00%"
"11/22/2024","3,420.00","3,419.00","3,429.50","3,417.00","","0.03%"
"11/21/2024","3,419.00","3,418.00","3,431.00","3,413.50","","0.03%"
"11/20/2024","3,418.00","3,418.00","3,430.00","3,413.00","","0.00%"
"11/19/2024","3,418.00","3,424.00","3,429.50","3,412.00","","0.03%"
"11/18/2024","3,417.00","3,417.00","3,417.00","3,415.50","","0.00%"
"11/15/2024","3,417.00","3,416.00","3,424.00","3,411.50","","0.07%"
"11/14/2024","3,414.50","3,414.00","3,428.00","3,409.00","","0.01%"
"11/13/2024","3,414.00","3,414.00","3,426.00","3,409.00","","0.03%"
"11/12/2024","3,413.00","3,413.00","3,425.50","3,408.50","","0.00%"
"11/11/2024","3,413.00","3,413.00","3,413.00","3,413.00","","0.00%"
"11/08/2024","3,413.00","3,412.00","3,425.00","3,407.50","","0.03%"
"11/07/2024","3,412.00","3,412.00","3,424.00","3,407.00","","0.00%"
"11/06/2024","3,412.00","3,411.00","3,420.00","3,405.50","","0.03%"
"11/05/2024","3,411.00","3,410.00","3,419.50","3,405.50","","0.03%"
"11/04/2024","3,410.00","3,410.00","3,419.00","3,404.00","","0.00%"
"11/01/2024","3,410.00","3,408.00","3,419.00","3,403.00","","0.06%"
"10/31/2024","3,408.00","3,406.00","3,408.00","3,406.00","","0.06%"
"10/30/2024","3,406.00","3,406.00","3,417.00","3,403.00","","0.00%"
"10/29/2024","3,406.00","3,403.50","3,417.00","3,402.50","","-0.29%"
"10/28/2024","3,416.00","3,405.00","3,417.00","3,403.50","","0.32%"
"10/25/2024","3,405.00","3,404.00","3,405.00","3,402.50","","-0.03%"
"10/24/2024","3,406.00","3,403.00","3,416.00","3,393.50","","0.09%"
"10/23/2024","3,403.00","3,400.00","3,403.00","3,400.00","","0.09%"
"10/22/2024","3,400.00","3,398.00","3,414.00","3,393.50","","0.06%"
"10/21/2024","3,398.00","3,397.00","3,413.00","3,392.50","","0.07%"
"10/18/2024","3,395.50","3,395.00","3,412.50","3,388.50","","-0.32%"
"10/17/2024","3,406.50","3,393.00","3,411.50","3,389.00","","0.40%"
"10/16/2024","3,393.00","3,392.00","3,410.50","3,386.50","","0.03%"
"10/15/2024","3,392.00","3,390.00","3,410.00","3,384.50","","0.06%"
"10/14/2024","3,390.00","3,389.00","3,390.00","3,389.00","","-0.32%"
"10/11/2024","3,401.00","3,387.00","3,408.50","3,380.50","","0.41%"
"10/10/2024","3,387.00","3,387.00","3,407.50","3,380.00","","0.00%"
"10/09/2024","3,387.00","3,387.00","3,407.50","3,380.50","","0.00%"
"10/08/2024","3,387.00","3,386.00","3,407.50","3,380.00","","0.07%"
"10/07/2024","3,384.50","3,386.00","3,386.50","3,383.00","","-0.04%"
"10/04/2024","3,386.00","3,385.00","3,407.00","3,379.50","","-0.51%"
"10/03/2024","3,403.50","3,385.00","3,406.50","3,377.00","","0.55%"
"10/02/2024","3,385.00","3,384.00","3,385.00","3,379.00","","0.04%"
"10/01/2024","3,383.50","3,384.00","3,406.00","3,379.00","","-0.01%"
"09/30/2024","3,384.00","3,384.00","3,388.50","3,382.50","","0.00%"
"09/27/2024","3,384.00","3,384.00","3,406.00","3,379.00","","0.00%"
"09/26/2024","3,384.00","3,384.00","3,384.00","3,382.50","","0.00%"
"09/25/2024","3,384.00","3,383.50","3,406.00","3,379.00","","0.00%"
"09/24/2024","3,384.00","3,384.00","3,406.00","3,379.00","","0.00%"
"09/23/2024","3,384.00","3,385.00","3,406.50","3,379.00","","-0.03%"
"09/20/2024","3,385.00","3,384.00","3,385.00","3,383.00","","0.03%"
"09/19/2024","3,384.00","3,383.50","3,406.50","3,379.00","","-0.03%"
"09/18/2024","3,385.00","3,384.00","3,406.50","3,379.00","","0.03%"
"09/17/2024","3,384.00","3,383.00","3,385.00","3,380.50","","0.03%"
"09/16/2024","3,383.00","3,384.00","3,406.00","3,378.50","","-0.03%"
"09/13/2024","3,384.00","3,384.00","3,406.00","3,379.00","","-0.50%"
"09/12/2024","3,401.00","3,384.00","3,406.00","3,379.00","","0.00%"
"09/11/2024","3,401.00","3,384.00","3,406.00","3,379.00","","0.50%"
"09/10/2024","3,384.00","3,384.00","3,406.00","3,379.00","","0.00%"
"09/09/2024","3,384.00","3,384.00","3,406.00","3,379.00","","0.00%"
"09/06/2024","3,384.00","3,384.00","3,406.00","3,379.00","","0.00%"
"09/05/2024","3,384.00","3,384.00","3,406.00","3,379.00","","-0.50%"
"09/04/2024","3,401.00","3,384.00","3,406.00","3,379.00","","0.50%"
"09/03/2024","3,384.00","3,384.00","3,406.00","3,378.50","","0.00%"
"09/02/2024","3,384.00","3,384.00","3,384.00","3,384.00","","0.00%"
"08/30/2024","3,384.00","3,384.00","3,406.00","3,378.50","","0.00%"
"08/29/2024","3,384.00","3,383.00","3,406.00","3,378.50","","0.03%"
"08/28/2024","3,383.00","3,384.00","3,406.00","3,378.50","","-0.03%"
"08/27/2024","3,384.00","3,384.00","3,406.00","3,379.00","","-0.50%"
"08/26/2024","3,401.00","3,384.00","3,406.00","3,379.00","","0.50%"
"08/23/2024","3,384.00","3,384.00","3,406.00","3,379.00","","0.00%"
"08/22/2024","3,384.00","3,384.00","3,406.00","3,379.00","","0.00%"
"08/21/2024","3,384.00","3,384.00","3,406.00","3,379.00","","0.00%"
"08/20/2024","3,384.00","3,384.00","3,406.00","3,379.00","","0.00%"
"08/19/2024","3,384.00","3,384.00","3,406.00","3,379.00","","0.00%"
"08/16/2024","3,384.00","3,384.00","3,407.00","3,379.50","","0.00%"
"08/15/2024","3,384.00","3,384.00","3,406.00","3,379.00","","0.00%"
"08/14/2024","3,384.00","3,384.00","3,406.00","3,379.00","","0.00%"
"08/13/2024","3,384.00","3,384.00","3,406.00","3,379.00","","0.01%"
"08/12/2024","3,383.50","3,384.00","3,406.00","3,379.00","","-0.01%"
"08/09/2024","3,384.00","3,384.00","3,406.00","3,378.50","","-0.50%"
"08/08/2024","3,401.00","3,400.50","3,401.00","3,400.50","","0.01%"
"08/07/2024","3,400.50","3,400.50","3,400.50","3,400.50","","-0.01%"
"08/06/2024","3,401.00","3,401.00","3,401.00","3,401.00","","0.00%"
"08/05/2024","3,401.00","3,400.50","3,401.00","3,400.50","","0.00%"
"08/02/2024","3,401.00","3,401.00","3,401.00","3,401.00","","0.01%"
"08/01/2024","3,400.50","3,401.00","3,401.00","3,400.50","","-0.01%"
"07/31/2024","3,401.00","3,401.00","3,401.00","3,401.00","","0.01%"
"07/30/2024","3,400.50","3,401.00","3,401.50","3,400.50","","-0.01%"
"07/29/2024","3,401.00","3,401.00","3,401.00","3,401.00","","0.00%"
"07/26/2024","3,401.00","3,401.00","3,401.00","3,401.00","","0.00%"
"07/25/2024","3,401.00","3,401.00","3,401.00","3,401.00","","0.00%"
"07/24/2024","3,401.00","3,401.00","3,401.50","3,401.00","","0.00%"
"07/23/2024","3,401.00","3,401.00","3,401.00","3,401.00","","0.00%"
"07/22/2024","3,401.00","3,401.00","3,401.00","3,401.00","","0.00%"
"07/19/2024","3,401.00","3,401.00","3,401.00","3,401.00","","0.00%"
"07/18/2024","3,401.00","3,401.00","3,401.00","3,401.00","","0.00%"
"07/17/2024","3,401.00","3,401.00","3,401.00","3,401.00","","0.00%"
"07/16/2024","3,401.00","3,401.00","3,401.00","3,401.00","","0.00%"
"07/15/2024","3,401.00","3,401.00","3,401.00","3,401.00","","0.00%"
"07/12/2024","3,401.00","3,401.00","3,401.00","3,401.00","","-0.01%"
"07/11/2024","3,401.50","3,401.00","3,401.50","3,400.50","","0.01%"
"07/10/2024","3,401.00","3,401.00","3,401.00","3,401.00","","0.00%"
"07/09/2024","3,401.00","3,401.00","3,401.00","3,401.00","","0.00%"
"07/08/2024","3,401.00","3,401.00","3,401.00","3,401.00","","0.00%"
"07/05/2024","3,401.00","3,401.00","3,401.00","3,401.00","","0.01%"
"07/04/2024","3,400.50","3,400.50","3,400.50","3,400.50","","0.00%"
"07/03/2024","3,400.50","3,401.00","3,401.00","3,400.50","","0.00%"
"07/02/2024","3,400.50","3,401.00","3,401.00","3,400.50","","0.01%"
"07/01/2024","3,400.00","3,400.00","3,400.00","3,400.00","","0.01%"
"06/28/2024","3,399.50","3,399.50","3,399.50","3,399.50","","0.00%"
"06/27/2024","3,399.50","3,399.50","3,399.50","3,399.50","","-0.03%"
"06/26/2024","3,400.50","3,400.50","3,400.50","3,400.50","","0.00%"
"06/25/2024","3,400.50","3,401.00","3,401.00","3,399.50","","0.03%"
"06/24/2024","3,399.50","3,401.00","3,401.00","3,399.50","","-0.04%"
"06/21/2024","3,401.00","3,401.00","3,401.00","3,401.00","","0.00%"
"06/20/2024","3,401.00","3,399.50","3,401.00","3,398.50","","0.00%"
"06/19/2024","3,401.00","3,401.00","3,401.00","3,401.00","","0.00%"
"06/18/2024","3,401.00","3,401.00","3,401.00","3,401.00","","0.04%"
"06/17/2024","3,399.50","3,401.00","3,401.00","3,399.50","","-0.04%"
"06/14/2024","3,401.00","3,397.50","3,401.00","3,397.50","","0.07%"
"06/13/2024","3,398.50","3,397.50","3,398.50","3,397.50","","0.01%"
"06/12/2024","3,398.00","3,397.50","3,398.00","3,397.50","","0.01%"
"06/11/2024","3,397.50","3,397.50","3,397.50","3,397.50","","-0.03%"
"06/10/2024","3,398.50","3,396.00","3,398.50","3,396.00","","0.03%"
"06/07/2024","3,397.50","3,396.00","3,397.50","3,396.00","","0.04%"
"06/06/2024","3,396.00","3,396.00","3,397.00","3,396.00","","-0.04%"
"06/05/2024","3,397.50","3,396.00","3,397.50","3,396.00","","0.07%"
"06/04/2024","3,395.00","3,396.00","3,396.00","3,395.00","","-0.07%"
"06/03/2024","3,397.50","3,396.00","3,397.50","3,396.00","","0.00%"
"05/31/2024","3,397.50","3,396.00","3,397.50","3,396.00","","0.00%"
"05/30/2024","3,397.50","3,396.00","3,397.50","3,396.00","","0.01%"
"05/29/2024","3,397.00","3,396.00","3,397.00","3,396.00","","0.03%"
"05/28/2024","3,396.00","3,396.00","3,396.00","3,396.00","","-0.04%"
"05/27/2024","3,397.50","3,397.50","3,397.50","3,397.50","","0.00%"
"05/24/2024","3,397.50","3,397.50","3,397.50","3,397.50","","0.04%"
"05/23/2024","3,396.00","3,396.00","3,396.00","3,396.00","","-0.01%"
"05/22/2024","3,396.50","3,397.00","3,397.50","3,396.00","","0.01%"
"05/21/2024","3,396.00","3,396.00","3,396.00","3,396.00","","0.01%"
"05/20/2024","3,395.50","3,394.00","3,395.50","3,394.00","","-0.01%"
"05/17/2024","3,396.00","3,396.00","3,396.00","3,396.00","","-0.03%"
"05/16/2024","3,397.00","3,397.00","3,397.00","3,397.00","","0.00%"
"05/15/2024","3,397.00","3,396.00","3,397.00","3,396.00","","0.00%"
"05/14/2024","3,397.00","3,396.00","3,397.00","3,396.00","","0.03%"
"05/13/2024","3,396.00","3,397.00","3,397.00","3,396.00","","-0.03%"
"05/10/2024","3,397.00","3,397.00","3,397.00","3,397.00","","0.01%"
"05/09/2024","3,396.50","3,396.50","3,396.50","3,396.50","","0.00%"
"05/08/2024","3,396.50","3,396.00","3,396.50","3,396.00","","0.01%"
"05/07/2024","3,396.00","3,397.00","3,397.00","3,396.00","","0.00%"
"05/06/2024","3,396.00","3,396.00","3,396.00","3,396.00","","0.00%"
"05/03/2024","3,396.00","3,396.00","3,396.00","3,396.00","","0.00%"
"05/02/2024","3,396.00","3,396.00","3,396.00","3,396.00","","0.00%"
"05/01/2024","3,396.00","3,396.00","3,396.00","3,396.00","","-0.03%"
"04/30/2024","3,397.00","3,396.00","3,397.00","3,396.00","","0.03%"
"04/29/2024","3,396.00","3,396.00","3,396.00","3,396.00","","0.00%"
"04/26/2024","3,396.00","3,396.00","3,396.00","3,396.00","","0.00%"
"04/25/2024","3,396.00","3,396.00","3,396.50","3,396.00","","0.00%"
"04/24/2024","3,396.00","3,396.00","3,396.00","3,396.00","","-0.01%"
"04/23/2024","3,396.50","3,396.50","3,396.50","3,396.50","","0.01%"
"04/22/2024","3,396.00","3,396.00","3,396.00","3,396.00","","0.18%"
"04/19/2024","3,390.00","3,390.00","3,390.00","3,390.00","","-0.18%"
"04/18/2024","3,396.00","3,396.00","3,396.00","3,396.00","","0.00%"
"04/17/2024","3,396.00","3,396.50","3,396.50","3,396.00","","0.00%"
"04/16/2024","3,396.00","3,396.00","3,396.00","3,396.00","","0.00%"
"04/15/2024","3,396.00","3,396.00","3,397.50","3,396.00","","0.00%"
"04/12/2024","3,396.00","3,397.00","3,397.50","3,396.00","","0.00%"
"04/11/2024","3,396.00","3,396.00","3,396.00","3,396.00","","0.00%"
"04/10/2024","3,396.00","3,397.50","3,397.50","3,396.00","","0.00%"
"04/09/2024","3,396.00","3,401.50","3,401.50","3,396.00","","-0.16%"
"04/08/2024","3,401.50","3,401.50","3,401.50","3,401.50","","0.03%"
"04/05/2024","3,400.50","3,400.50","3,400.50","3,400.50","","-0.03%"
"04/04/2024","3,401.50","3,400.50","3,401.50","3,400.50","","0.00%"
"04/03/2024","3,401.50","3,400.50","3,402.50","3,400.50","","0.03%"
"04/02/2024","3,400.50","3,400.50","3,400.50","3,400.50","","-0.03%"
"04/01/2024","3,401.50","3,401.50","3,401.50","3,401.50","","0.03%"
"03/29/2024","3,400.50","3,400.50","3,400.50","3,400.50","","-0.03%"
"03/28/2024","3,401.50","3,400.50","3,401.50","3,400.50","","0.03%"
"03/27/2024","3,400.50","3,400.00","3,401.50","3,400.00","","0.01%"
"03/26/2024","3,400.00","3,402.50","3,402.50","3,400.00","","-0.07%"
"03/25/2024","3,402.50","3,403.00","3,403.00","3,402.50","","0.07%"
"03/22/2024","3,400.00","3,400.00","3,400.00","3,400.00","","-0.04%"
"03/21/2024","3,401.50","3,400.00","3,402.50","3,399.00","","-0.03%"
"03/20/2024","3,402.50","3,400.00","3,402.50","3,400.00","","0.07%"
"03/19/2024","3,400.00","3,400.00","3,400.00","3,400.00","","0.00%"
"03/18/2024","3,400.00","3,400.00","3,400.00","3,400.00","","0.00%"
"03/15/2024","3,400.00","3,398.00","3,400.50","3,397.50","","0.04%"
"03/14/2024","3,398.50","3,397.50","3,400.00","3,387.50","","0.25%"
"03/13/2024","3,390.00","3,390.00","3,390.00","3,390.00","","-0.60%"
"03/12/2024","3,410.50","3,410.50","3,410.50","3,390.00","","0.46%"
"03/11/2024","3,395.00","3,390.00","3,400.00","3,385.00","","0.15%"
"03/08/2024","3,390.00","3,391.50","3,391.50","3,390.00","","0.15%"
"03/07/2024","3,385.00","3,385.00","3,385.00","3,385.00","","0.00%"
"03/06/2024","3,385.00","3,385.00","3,385.00","3,385.00","","-0.32%"
"03/05/2024","3,396.00","3,395.00","3,398.00","3,395.00","","-0.12%"
"03/04/2024","3,400.00","3,400.00","3,400.00","3,400.00","","0.00%"
"03/01/2024","3,400.00","3,398.00","3,400.00","3,398.00","","0.06%"
"02/29/2024","3,398.00","3,398.00","3,398.00","3,398.00","","-0.06%"
"02/28/2024","3,400.00","3,400.00","3,400.00","3,400.00","","0.00%"
"02/27/2024","3,400.00","3,400.00","3,400.00","3,400.00","","0.00%"
"02/26/2024","3,400.00","3,400.00","3,400.00","3,400.00","","-0.21%"
"02/23/2024","3,407.00","3,407.00","3,407.00","3,407.00","","0.00%"
"02/22/2024","3,407.00","3,405.00","3,407.00","3,405.00","","0.06%"
"02/21/2024","3,405.00","3,410.00","3,410.00","3,405.00","","-0.35%"
"02/20/2024","3,417.00","3,417.00","3,417.00","3,417.00","","-0.04%"
"02/19/2024","3,418.50","3,418.50","3,418.50","3,418.50","","0.00%"
"02/16/2024","3,418.50","3,420.00","3,420.00","3,413.50","","0.10%"
"02/15/2024","3,415.00","3,413.50","3,415.00","3,413.50","","0.15%"
"02/14/2024","3,410.00","3,428.50","3,428.50","3,410.00","","-0.54%"
"02/13/2024","3,428.50","3,430.00","3,430.00","3,423.50","","0.10%"
"02/12/2024","3,425.00","3,425.00","3,425.00","3,425.00","","0.15%"
"02/09/2024","3,420.00","3,420.00","3,420.00","3,420.00","","-0.15%"
"02/08/2024","3,425.00","3,423.50","3,425.00","3,423.50","","0.00%"
"02/07/2024","3,425.00","3,425.00","3,425.00","3,425.00","","0.04%"
"02/06/2024","3,423.50","3,425.00","3,425.00","3,423.50","","0.00%"
"02/05/2024","3,423.50","3,423.50","3,423.50","3,423.50","","0.00%"
"02/02/2024","3,423.50","3,423.50","3,423.50","3,423.50","","-0.04%"
"02/01/2024","3,425.00","3,425.00","3,425.00","3,425.00","","0.15%"
"01/31/2024","3,420.00","3,423.50","3,423.50","3,420.00","","-0.15%"
"01/30/2024","3,425.00","3,424.50","3,425.00","3,424.50","","0.09%"
"01/29/2024","3,422.00","3,422.00","3,422.00","3,422.00","","-0.04%"
"01/26/2024","3,423.50","3,425.00","3,425.00","3,422.00","","0.10%"
"01/25/2024","3,420.00","3,420.00","3,420.00","3,420.00","","-0.06%"
"01/24/2024","3,422.00","3,422.00","3,422.00","3,422.00","","-0.01%"
"01/23/2024","3,422.50","3,422.50","3,422.50","3,422.50","","0.00%"
"01/22/2024","3,422.50","3,422.00","3,434.50","3,422.00","","-0.07%"
"01/19/2024","3,425.00","3,430.00","3,432.50","3,422.50","","-0.28%"
"01/18/2024","3,434.50","3,434.50","3,434.50","3,434.50","","0.00%"
"01/17/2024","3,434.50","3,422.50","3,434.50","3,422.50","","0.42%"
"01/16/2024","3,420.00","3,421.50","3,421.50","3,420.00","","-0.04%"
"01/15/2024","3,421.50","3,421.50","3,421.50","3,421.50","","0.00%"
"01/12/2024","3,421.50","3,420.00","3,421.50","3,420.00","","-0.01%"
"01/11/2024","3,422.00","3,424.00","3,424.00","3,420.00","","-0.06%"
"01/10/2024","3,424.00","3,424.50","3,424.50","3,424.00","","-0.01%"
"01/09/2024","3,424.50","3,424.00","3,424.50","3,424.00","","0.01%"
"01/08/2024","3,424.00","3,424.00","3,424.00","3,424.00","","0.00%"
"01/05/2024","3,424.00","3,424.00","3,424.00","3,424.00","","0.00%"
"01/04/2024","3,424.00","3,424.00","3,424.00","3,424.00","","-0.04%"
"01/03/2024","3,425.50","3,424.00","3,425.50","3,424.00","","0.04%"
"01/02/2024","3,424.00","3,425.00","3,441.00","3,424.00","","-0.49%"
"01/01/2024","3,441.00","3,441.00","3,441.00","3,441.00","","0.00%"
"12/29/2023","3,441.00","3,430.00","3,446.00","3,425.00","","0.47%"
"12/28/2023","3,425.00","3,425.00","3,446.00","3,425.00","","-0.17%"
"12/27/2023","3,431.00","3,435.00","3,441.50","3,425.00","","-0.12%"
"12/26/2023","3,435.00","3,435.00","3,435.00","3,435.00","","-0.19%"
"12/25/2023","3,441.50","3,441.50","3,441.50","3,441.50","","0.00%"
"12/22/2023","3,441.50","3,437.50","3,441.50","3,437.50","","0.19%"
"12/21/2023","3,435.00","3,435.00","3,435.00","3,435.00","","-0.29%"
"12/20/2023","3,445.00","3,435.00","3,445.00","3,435.00","","0.13%"
"12/19/2023","3,440.50","3,438.00","3,442.00","3,438.00","","-0.04%"
"12/18/2023","3,442.00","3,443.00","3,443.00","3,442.00","","0.06%"
"12/15/2023","3,440.00","3,440.00","3,440.00","3,440.00","","-0.09%"
"12/14/2023","3,443.00","3,445.00","3,445.00","3,440.00","","-0.03%"
"12/13/2023","3,444.00","3,452.00","3,456.50","3,435.00","","0.26%"
"12/12/2023","3,435.00","3,435.00","3,435.00","3,435.00","","-0.49%"
"12/11/2023","3,452.00","3,435.00","3,452.00","3,435.00","","0.26%"
"12/08/2023","3,443.00","3,435.00","3,443.00","3,432.50","","0.23%"
"12/07/2023","3,435.00","3,460.00","3,460.00","3,435.00","","-0.72%"
"12/06/2023","3,460.00","3,460.00","3,460.00","3,460.00","","0.00%"
"12/05/2023","3,460.00","3,455.00","3,460.00","3,455.00","","0.14%"
"12/04/2023","3,455.00","3,453.50","3,455.00","3,452.00","","0.04%"
"12/01/2023","3,453.50","3,460.00","3,460.00","3,453.50","","-0.19%"
"11/30/2023","3,460.00","3,460.00","3,460.00","3,460.00","","0.00%"
"11/29/2023","3,460.00","3,460.00","3,460.00","3,460.00","","0.00%"
"11/28/2023","3,460.00","3,464.00","3,464.00","3,460.00","","-0.12%"
"11/27/2023","3,464.00","3,464.00","3,464.00","3,464.00","","0.00%"
"11/24/2023","3,464.00","3,468.50","3,469.50","3,463.00","","-0.17%"
"11/23/2023","3,470.00","3,470.00","3,470.00","3,470.00","","0.00%"
"11/22/2023","3,470.00","3,470.00","3,470.00","3,470.00","","0.00%"
"11/21/2023","3,470.00","3,448.50","3,470.00","3,448.50","","0.00%"
"11/20/2023","3,470.00","3,451.00","3,470.00","3,446.50","","0.55%"
"11/17/2023","3,451.00","3,448.00","3,451.00","3,448.00","","0.09%"
"11/16/2023","3,448.00","3,448.00","3,448.00","3,448.00","","-0.06%"
"11/15/2023","3,450.00","3,450.00","3,451.50","3,448.00","","0.00%"
"11/14/2023","3,450.00","3,450.50","3,451.50","3,449.00","","-0.01%"
"11/13/2023","3,450.50","3,450.00","3,451.50","3,449.00","","-0.20%"
"11/10/2023","3,457.50","3,450.00","3,457.50","3,450.00","","0.22%"
"11/09/2023","3,450.00","3,450.00","3,450.00","3,450.00","","0.00%"
"11/08/2023","3,450.00","3,454.50","3,454.50","3,450.00","","0.00%"
"11/07/2023","3,450.00","3,455.00","3,457.00","3,450.00","","-0.14%"
"11/06/2023","3,455.00","3,455.00","3,455.00","3,455.00","","0.00%"
"11/03/2023","3,455.00","3,460.00","3,461.00","3,455.00","","-0.14%"
"11/02/2023","3,460.00","3,460.00","3,460.00","3,460.00","","0.00%"
"11/01/2023","3,460.00","3,460.00","3,460.00","3,460.00","","-0.04%"
"10/31/2023","3,461.50","3,460.00","3,461.50","3,460.00","","0.04%"
"10/30/2023","3,460.00","3,466.00","3,466.00","3,460.00","","-0.17%"
"10/27/2023","3,466.00","3,466.00","3,466.00","3,466.00","","0.00%"
"10/26/2023","3,466.00","3,466.00","3,466.00","3,466.00","","0.00%"
"10/25/2023","3,466.00","3,462.50","3,466.00","3,462.50","","0.10%"
"10/24/2023","3,462.50","3,462.50","3,463.00","3,462.50","","0.00%"
"10/23/2023","3,462.50","3,463.50","3,463.50","3,462.50","","-0.03%"
"10/20/2023","3,463.50","3,462.50","3,463.50","3,462.50","","0.03%"
"10/19/2023","3,462.50","3,465.00","3,466.50","3,462.50","","-0.10%"
"10/18/2023","3,466.00","3,465.50","3,466.50","3,465.00","","-0.01%"
"10/17/2023","3,466.50","3,465.00","3,466.50","3,465.00","","0.04%"
"10/16/2023","3,465.00","3,465.50","3,465.50","3,465.00","","-0.17%"
"10/13/2023","3,471.00","3,471.00","3,471.00","3,471.00","","0.00%"
"10/12/2023","3,471.00","3,472.00","3,472.00","3,471.00","","-0.03%"
"10/11/2023","3,472.00","3,469.50","3,473.00","3,468.50","","0.06%"
"10/10/2023","3,470.00","3,468.00","3,470.00","3,468.00","","0.03%"
"10/09/2023","3,469.00","3,469.00","3,469.00","3,469.00","","0.00%"
"10/06/2023","3,469.00","3,468.00","3,469.00","3,468.00","","0.03%"
"10/05/2023","3,468.00","3,465.00","3,468.00","3,465.00","","0.09%"
"10/04/2023","3,465.00","3,469.50","3,469.50","3,465.00","","-0.13%"
"10/03/2023","3,469.50","3,471.00","3,473.00","3,467.50","","-0.04%"
"10/02/2023","3,471.00","3,470.00","3,471.00","3,470.00","","-0.20%"
"09/29/2023","3,478.00","3,478.00","3,478.00","3,478.00","","0.00%"
"09/28/2023","3,478.00","3,476.00","3,478.00","3,476.00","","0.09%"
"09/27/2023","3,475.00","3,475.00","3,475.00","3,475.00","","0.00%"
"09/26/2023","3,475.00","3,476.00","3,476.00","3,475.00","","0.00%"
"09/25/2023","3,475.00","3,474.00","3,475.00","3,474.00","","0.00%"
"09/22/2023","3,475.00","3,475.00","3,475.00","3,475.00","","0.00%"
"09/21/2023","3,475.00","3,476.00","3,476.00","3,474.00","","0.00%"
"09/20/2023","3,475.00","3,475.00","3,477.50","3,472.50","","0.00%"
"09/19/2023","3,475.00","3,475.00","3,477.50","3,472.50","","0.00%"
"09/18/2023","3,475.00","3,475.00","3,475.00","3,475.00","","-0.01%"
"09/15/2023","3,475.50","3,474.50","3,476.00","3,474.00","","0.01%"
"09/14/2023","3,475.00","3,476.50","3,477.50","3,474.00","","-0.04%"
"09/13/2023","3,476.50","3,476.50","3,476.50","3,476.50","","0.00%"
"09/12/2023","3,476.50","3,473.00","3,478.00","3,471.50","","0.10%"
"09/11/2023","3,473.00","3,476.00","3,476.00","3,473.00","","-0.04%"
"09/08/2023","3,474.50","3,476.00","3,476.00","3,474.50","","-0.03%"
"09/07/2023","3,475.50","3,476.00","3,476.00","3,475.50","","-0.01%"
"09/06/2023","3,476.00","3,475.50","3,476.00","3,475.50","","0.03%"
"09/05/2023","3,475.00","3,476.00","3,476.00","3,475.00","","-0.03%"
"09/04/2023","3,476.00","3,476.00","3,476.00","3,476.00","","0.00%"
"09/01/2023","3,476.00","3,476.00","3,476.00","3,476.00","","0.00%"
"08/31/2023","3,476.00","3,476.00","3,476.00","3,476.00","","0.00%"
"08/30/2023","3,476.00","3,476.50","3,476.50","3,476.00","","0.00%"
"08/29/2023","3,476.00","3,476.00","3,476.00","3,476.00","","0.01%"
"08/28/2023","3,475.50","3,475.50","3,475.50","3,475.50","","0.00%"
"08/25/2023","3,475.50","3,475.50","3,475.50","3,475.50","","0.01%"
"08/24/2023","3,475.00","3,477.50","3,477.50","3,475.00","","-0.10%"
"08/23/2023","3,478.50","3,476.00","3,478.50","3,476.00","","-0.04%"
"08/22/2023","3,480.00","3,475.50","3,480.00","3,475.00","","0.13%"
"08/21/2023","3,475.50","3,472.50","3,475.50","3,469.50","","0.06%"
"08/18/2023","3,473.50","3,472.50","3,473.50","3,472.50","","0.03%"
"08/17/2023","3,472.50","3,473.00","3,473.50","3,471.50","","-0.01%"
"08/16/2023","3,473.00","3,467.50","3,475.00","3,466.50","","0.33%"
"08/15/2023","3,461.50","3,459.50","3,461.50","3,459.50","","0.12%"
"08/14/2023","3,457.50","3,457.50","3,457.50","3,457.50","","-0.06%"
"08/11/2023","3,459.50","3,459.50","3,459.50","3,459.50","","0.04%"
"08/10/2023","3,458.00","3,459.50","3,459.50","3,458.00","","-0.04%"
"08/09/2023","3,459.50","3,459.50","3,459.50","3,459.50","","0.00%"
"08/08/2023","3,459.50","3,459.50","3,459.50","3,459.50","","0.03%"
"08/07/2023","3,458.50","3,459.00","3,459.00","3,458.50","","-0.01%"
"08/04/2023","3,459.00","3,461.50","3,462.50","3,459.00","","-0.12%"
"08/03/2023","3,463.00","3,463.00","3,463.00","3,463.00","","0.00%"
"08/02/2023","3,463.00","3,463.00","3,463.00","3,462.00","","0.00%"
"08/01/2023","3,463.00","3,440.00","3,463.00","3,440.00","","0.67%"
"07/31/2023","3,440.00","3,440.00","3,440.00","3,440.00","","0.00%"
"07/28/2023","3,440.00","3,445.00","3,445.00","3,440.00","","-0.15%"
"07/27/2023","3,445.00","3,445.00","3,445.00","3,445.00","","0.00%"
"07/26/2023","3,445.00","3,450.00","3,450.00","3,445.00","","0.00%"
"07/25/2023","3,445.00","3,450.50","3,454.00","3,445.00","","0.00%"
"07/24/2023","3,445.00","3,449.00","3,450.50","3,444.50","","-0.20%"
"07/21/2023","3,452.00","3,449.00","3,452.00","3,449.00","","0.06%"
"07/20/2023","3,450.00","3,449.00","3,454.00","3,449.00","","0.03%"
"07/19/2023","3,449.00","3,454.50","3,454.50","3,449.00","","-0.03%"
"07/18/2023","3,450.00","3,452.00","3,453.00","3,440.00","","0.09%"
"07/17/2023","3,447.00","3,449.00","3,449.00","3,447.00","","0.00%"
"07/14/2023","3,447.00","3,449.00","3,449.00","3,447.00","","0.00%"
"07/13/2023","3,447.00","3,445.00","3,449.00","3,443.50","","-0.09%"
"07/12/2023","3,450.00","3,440.50","3,450.50","3,440.50","","0.00%"
"07/11/2023","3,450.00","3,440.50","3,452.00","3,440.50","","0.29%"
"07/10/2023","3,440.00","3,442.00","3,443.00","3,440.00","","-0.09%"
"07/07/2023","3,443.00","3,442.50","3,446.00","3,440.00","","0.03%"
"07/06/2023","3,442.00","3,442.00","3,442.00","3,442.00","","0.06%"
"07/05/2023","3,440.00","3,448.00","3,448.00","3,440.00","","-0.23%"
"07/04/2023","3,448.00","3,448.00","3,448.00","3,448.00","","0.00%"
"07/03/2023","3,448.00","3,445.00","3,473.00","3,444.00","","0.13%"
"06/30/2023","3,443.50","3,445.00","3,445.00","3,443.50","","-0.04%"
"06/29/2023","3,445.00","3,445.50","3,447.50","3,442.50","","0.00%"
"06/28/2023","3,445.00","3,451.50","3,451.50","3,445.00","","-0.20%"
"06/27/2023","3,452.00","3,460.50","3,460.50","3,451.50","","0.00%"
"06/26/2023","3,452.00","3,453.00","3,453.00","3,452.00","","-0.03%"
"06/23/2023","3,453.00","3,453.00","3,453.00","3,453.00","","0.00%"
"06/22/2023","3,453.00","3,459.00","3,460.50","3,453.00","","-0.20%"
"06/21/2023","3,460.00","3,459.50","3,460.00","3,459.00","","0.00%"
"06/20/2023","3,460.00","3,460.00","3,460.00","3,458.50","","0.00%"
"06/19/2023","3,460.00","3,475.00","3,475.00","3,459.00","","-0.32%"
"06/16/2023","3,471.00","3,476.00","3,476.00","3,471.00","","-0.12%"
"06/15/2023","3,475.00","3,474.50","3,476.50","3,473.00","","0.06%"
"06/14/2023","3,473.00","3,474.00","3,474.50","3,469.00","","-0.03%"
"06/13/2023","3,474.00","3,480.50","3,480.50","3,474.00","","-0.10%"
"06/12/2023","3,477.50","3,489.50","3,494.00","3,473.00","","0.10%"
"06/09/2023","3,474.00","3,475.00","3,475.50","3,473.50","","-0.04%"
"06/08/2023","3,475.50","3,475.00","3,477.00","3,475.00","","0.01%"
"06/07/2023","3,475.00","3,479.50","3,479.50","3,475.00","","0.00%"
"06/06/2023","3,475.00","3,477.00","3,480.00","3,475.00","","-0.14%"
"06/05/2023","3,480.00","3,482.00","3,482.00","3,480.00","","-0.06%"
"06/02/2023","3,482.00","3,475.00","3,482.00","3,475.00","","0.20%"
"06/01/2023","3,475.00","3,476.50","3,477.00","3,475.00","","-0.06%"
"05/31/2023","3,477.00","3,477.50","3,478.00","3,475.00","","0.06%"
"05/30/2023","3,475.00","3,476.00","3,478.50","3,472.50","","0.00%"
"05/29/2023","3,475.00","3,475.00","3,475.00","3,475.00","","0.00%"
"05/26/2023","3,475.00","3,482.50","3,483.00","3,475.00","","-0.29%"
"05/25/2023","3,485.00","3,483.50","3,485.00","3,483.50","","0.00%"
"05/24/2023","3,485.00","3,493.50","3,497.50","3,485.00","","-0.29%"
"05/23/2023","3,495.00","3,498.00","3,498.00","3,495.00","","0.36%"
"05/22/2023","3,482.50","3,498.00","3,498.00","3,482.50","","-0.07%"
"05/19/2023","3,485.00","3,496.00","3,496.00","3,485.00","","0.00%"
"05/18/2023","3,485.00","3,486.00","3,486.00","3,485.00","","0.00%"
"05/17/2023","3,485.00","3,485.00","3,487.50","3,482.50","","0.00%"
"05/16/2023","3,485.00","3,485.00","3,485.00","3,485.00","","0.00%"
"05/15/2023","3,485.00","3,490.00","3,490.00","3,485.00","","-0.14%"
"05/12/2023","3,490.00","3,490.50","3,492.50","3,487.50","","0.00%"
"05/11/2023","3,490.00","3,492.00","3,492.00","3,490.00","","-0.06%"
"05/10/2023","3,492.00","3,490.50","3,492.00","3,490.50","","0.00%"
"05/09/2023","3,492.00","3,488.50","3,492.00","3,488.50","","0.06%"
"05/08/2023","3,490.00","3,488.50","3,490.00","3,488.50","","0.00%"
"05/05/2023","3,490.00","3,494.50","3,494.50","3,489.50","","-0.17%"
"05/04/2023","3,496.00","3,498.00","3,498.00","3,496.00","","0.00%"
"05/03/2023","3,496.00","3,493.50","3,497.00","3,493.50","","0.03%"
"05/02/2023","3,495.00","3,496.00","3,497.00","3,495.00","","-0.06%"
"05/01/2023","3,497.00","3,498.50","3,499.50","3,493.50","","0.06%"
"04/28/2023","3,495.00","3,498.50","3,498.50","3,492.50","","0.00%"
"04/27/2023","3,495.00","3,474.00","3,495.00","3,473.50","","0.00%"
"04/26/2023","3,495.00","3,499.00","3,502.50","3,495.00","","-0.14%"
"04/25/2023","3,500.00","3,479.00","3,506.00","3,479.00","","0.00%"
"04/24/2023","3,500.00","3,499.50","3,500.50","3,499.50","","0.00%"
"04/21/2023","3,500.00","3,510.00","3,510.00","3,500.00","","0.00%"
"04/20/2023","3,500.00","3,487.00","3,510.00","3,483.50","","-0.28%"
"04/19/2023","3,510.00","3,510.00","3,510.00","3,510.00","","0.00%"
"04/18/2023","3,510.00","3,510.00","3,510.50","3,509.50","","0.00%"
"04/17/2023","3,510.00","3,509.50","3,513.50","3,509.50","","0.00%"
"04/14/2023","3,510.00","3,513.50","3,518.50","3,510.00","","-0.14%"
"04/13/2023","3,515.00","3,504.50","3,520.00","3,503.50","","0.14%"
"04/12/2023","3,510.00","3,500.00","3,515.00","3,495.00","","-0.01%"
"04/11/2023","3,510.50","3,513.50","3,513.50","3,510.50","","-0.06%"
"04/10/2023","3,512.50","3,518.50","3,518.50","3,511.50","","-0.07%"
"04/07/2023","3,515.00","3,515.00","3,515.00","3,515.00","","0.00%"
"04/06/2023","3,515.00","3,525.50","3,525.50","3,515.00","","-0.28%"
"04/05/2023","3,525.00","3,527.00","3,527.00","3,525.00","","0.00%"
"04/04/2023","3,525.00","3,536.00","3,540.00","3,525.00","","-0.37%"
"04/03/2023","3,538.00","3,536.00","3,538.00","3,536.00","","0.00%"
"03/31/2023","3,538.00","3,517.00","3,538.00","3,514.00","","0.08%"
"03/30/2023","3,535.00","3,530.00","3,535.00","3,530.00","","0.14%"
"03/29/2023","3,530.00","3,528.00","3,530.00","3,528.00","","0.00%"
"03/28/2023","3,530.00","3,529.50","3,532.00","3,527.50","","0.00%"
"03/27/2023","3,530.00","3,529.00","3,531.50","3,527.50","","0.03%"
"03/24/2023","3,529.00","3,529.00","3,529.00","3,529.00","","-0.01%"
"03/23/2023","3,529.50","3,529.50","3,529.50","3,529.50","","0.00%"
"03/22/2023","3,529.50","3,529.50","3,529.50","3,529.50","","0.01%"
"03/21/2023","3,529.00","3,529.50","3,529.50","3,529.00","","-0.01%"
"03/20/2023","3,529.50","3,536.00","3,536.00","3,529.50","","-0.01%"
"03/17/2023","3,530.00","3,540.00","3,541.00","3,530.00","","-0.28%"
"03/16/2023","3,540.00","3,540.00","3,540.00","3,540.00","","0.00%"
"03/15/2023","3,540.00","3,536.00","3,540.00","3,536.00","","0.06%"
"03/14/2023","3,538.00","3,526.00","3,538.00","3,525.00","","0.08%"
"03/13/2023","3,535.00","3,536.00","3,539.00","3,532.00","","-0.08%"
"03/10/2023","3,538.00","3,540.00","3,542.00","3,535.50","","-0.08%"
"03/09/2023","3,541.00","3,539.00","3,541.00","3,535.00","","0.03%"
"03/08/2023","3,540.00","3,535.50","3,540.00","3,535.00","","0.14%"
"03/07/2023","3,535.00","3,536.00","3,536.00","3,535.00","","0.00%"
"03/06/2023","3,535.00","3,535.50","3,536.50","3,535.00","","-0.03%"
"03/03/2023","3,536.00","3,534.50","3,536.00","3,534.50","","0.03%"
"03/02/2023","3,535.00","3,529.00","3,535.00","3,529.00","","0.08%"
"03/01/2023","3,532.00","3,530.50","3,532.00","3,530.50","","0.11%"
"02/28/2023","3,528.00","3,530.50","3,530.50","3,528.00","","0.00%"
"02/27/2023","3,528.00","3,530.50","3,530.50","3,528.00","","0.00%"
"02/24/2023","3,528.00","3,528.50","3,530.00","3,525.00","","0.09%"
"02/23/2023","3,525.00","3,523.50","3,525.00","3,523.50","","0.04%"
"02/22/2023","3,523.50","3,523.50","3,523.50","3,523.50","","-0.03%"
"02/21/2023","3,524.50","3,527.00","3,527.00","3,524.50","","-0.03%"
"02/20/2023","3,525.50","3,525.50","3,525.50","3,525.50","","0.00%"
"02/17/2023","3,525.50","3,525.00","3,526.00","3,525.00","","0.06%"
"02/16/2023","3,523.50","3,525.00","3,525.00","3,523.50","","-0.04%"
"02/15/2023","3,525.00","3,508.00","3,526.00","3,504.50","","0.14%"
"02/14/2023","3,520.00","3,510.00","3,525.50","3,502.00","","0.14%"
"02/13/2023","3,515.00","3,518.50","3,518.50","3,515.00","","0.00%"
"02/10/2023","3,515.00","3,517.50","3,517.50","3,515.00","","0.00%"
"02/09/2023","3,515.00","3,508.50","3,515.00","3,508.50","","0.14%"
"02/08/2023","3,510.00","3,507.00","3,510.50","3,506.50","","0.09%"
"02/07/2023","3,507.00","3,507.00","3,507.50","3,505.00","","0.06%"
"02/06/2023","3,505.00","3,507.50","3,508.50","3,503.00","","0.07%"
"02/03/2023","3,502.50","3,494.00","3,509.00","3,486.00","","-0.01%"
"02/02/2023","3,503.00","3,501.50","3,503.00","3,501.50","","0.09%"
"02/01/2023","3,500.00","3,488.00","3,503.00","3,465.00","","1.01%"
"01/31/2023","3,465.00","3,488.00","3,488.50","3,464.00","","-0.01%"
"01/30/2023","3,465.50","3,477.00","3,477.50","3,465.50","","0.00%"
"01/27/2023","3,465.50","3,477.00","3,477.00","3,464.00","","0.01%"
"01/26/2023","3,465.00","3,460.00","3,465.00","3,460.00","","-0.36%"
"01/25/2023","3,477.50","3,477.50","3,477.50","3,477.50","","0.20%"
"01/24/2023","3,470.50","3,475.50","3,475.50","3,463.00","","0.22%"
"01/23/2023","3,463.00","3,460.00","3,473.50","3,460.00","","0.06%"
"01/20/2023","3,461.00","3,461.00","3,461.00","3,461.00","","0.00%"
"01/19/2023","3,461.00","3,463.00","3,463.00","3,460.00","","0.00%"
"01/18/2023","3,461.00","3,458.00","3,465.50","3,455.00","","-0.14%"
"01/17/2023","3,466.00","3,454.50","3,466.00","3,453.00","","0.32%"
"01/16/2023","3,455.00","3,455.00","3,455.00","3,455.00","","0.00%"
"01/13/2023","3,455.00","3,454.50","3,456.50","3,450.00","","0.14%"
"01/12/2023","3,450.00","3,450.00","3,450.00","3,450.00","","0.00%"
"01/11/2023","3,450.00","3,454.50","3,455.50","3,448.00","","0.06%"
"01/10/2023","3,448.00","3,444.00","3,448.00","3,444.00","","-0.06%"
"01/09/2023","3,450.00","3,450.00","3,450.00","3,450.00","","0.29%"
"01/06/2023","3,440.00","3,442.50","3,453.00","3,435.00","","-0.38%"
"01/05/2023","3,453.00","3,444.00","3,453.00","3,444.00","","0.28%"
"01/04/2023","3,443.50","3,447.00","3,447.00","3,443.00","","0.01%"
"01/03/2023","3,443.00","3,443.00","3,443.00","3,443.00","","-0.03%"
"01/02/2023","3,444.00","3,444.00","3,444.00","3,444.00","","0.00%"
"12/30/2022","3,444.00","3,444.00","3,444.00","3,444.00","","0.15%"
"12/29/2022","3,439.00","3,443.50","3,443.50","3,438.00","","0.03%"
"12/28/2022","3,438.00","3,442.00","3,450.50","3,423.00","","0.38%"
"12/27/2022","3,425.00","3,445.50","3,445.50","3,425.00","","-0.29%"
"12/26/2022","3,435.00","3,434.00","3,437.00","3,432.00","","0.03%"
"12/23/2022","3,434.00","3,435.00","3,442.00","3,434.00","","-0.03%"
"12/22/2022","3,435.00","3,442.00","3,442.00","3,435.00","","-0.15%"
"12/21/2022","3,440.00","3,436.00","3,442.00","3,435.00","","0.12%"
"12/20/2022","3,436.00","3,436.00","3,436.00","3,436.00","","0.00%"
"12/19/2022","3,436.00","3,436.00","3,436.00","3,436.00","","0.28%"
"12/16/2022","3,426.50","3,434.50","3,434.50","3,425.00","","0.04%"
"12/15/2022","3,425.00","3,436.50","3,436.50","3,425.00","","-0.15%"
"12/14/2022","3,430.00","3,434.50","3,437.00","3,425.00","","0.15%"
"12/13/2022","3,425.00","3,425.00","3,427.50","3,422.50","","-0.17%"
"12/12/2022","3,431.00","3,431.00","3,431.00","3,431.00","","0.18%"
"12/09/2022","3,425.00","3,425.00","3,425.00","3,425.00","","-0.03%"
"12/08/2022","3,426.00","3,429.00","3,429.00","3,425.00","","-0.09%"
"12/07/2022","3,429.00","3,422.50","3,434.50","3,413.50","","0.12%"
"12/06/2022","3,425.00","3,431.00","3,431.00","3,425.00","","0.00%"
"12/05/2022","3,425.00","3,428.00","3,431.50","3,424.50","","0.00%"
"12/02/2022","3,425.00","3,429.00","3,429.50","3,424.50","","-0.07%"
"12/01/2022","3,427.50","3,429.50","3,429.50","3,424.50","","0.07%"
"11/30/2022","3,425.00","3,428.00","3,429.50","3,423.50","","0.00%"
"11/29/2022","3,425.00","3,426.00","3,429.00","3,423.00","","0.00%"
"11/28/2022","3,425.00","3,424.50","3,427.00","3,422.50","","0.07%"
"11/25/2022","3,422.50","3,424.50","3,424.50","3,422.50","","0.00%"
"11/24/2022","3,422.50","3,422.50","3,422.50","3,422.50","","0.00%"
"11/23/2022","3,422.50","3,415.50","3,423.00","3,415.50","","0.09%"
"11/22/2022","3,419.50","3,416.00","3,420.50","3,412.50","","0.21%"
"11/21/2022","3,412.50","3,416.00","3,417.50","3,412.50","","-0.15%"
"11/18/2022","3,417.50","3,416.00","3,417.50","3,416.00","","0.00%"
"11/17/2022","3,417.50","3,416.50","3,418.00","3,415.50","","0.04%"
"11/16/2022","3,416.00","3,417.50","3,417.50","3,406.00","","0.29%"
"11/15/2022","3,406.00","3,418.00","3,419.00","3,405.00","","0.00%"
"11/14/2022","3,406.00","3,417.50","3,417.50","3,404.50","","0.03%"
"11/11/2022","3,405.00","3,417.50","3,417.50","3,405.00","","-0.09%"
"11/10/2022","3,408.00","3,405.50","3,408.50","3,405.00","","-0.06%"
"11/09/2022","3,410.00","3,415.50","3,418.00","3,408.00","","0.09%"
"11/08/2022","3,407.00","3,407.00","3,408.00","3,406.00","","0.00%"
"11/07/2022","3,407.00","3,411.50","3,416.00","3,407.00","","0.00%"
"11/04/2022","3,407.00","3,411.50","3,411.50","3,407.00","","-0.04%"
"11/03/2022","3,408.50","3,410.50","3,411.50","3,406.00","","-0.04%"
"11/02/2022","3,410.00","3,411.50","3,412.50","3,407.50","","-0.09%"
"11/01/2022","3,413.00","3,403.00","3,413.00","3,402.50","","0.23%"
"10/31/2022","3,405.00","3,403.00","3,405.00","3,403.00","","0.10%"
"10/28/2022","3,401.50","3,401.50","3,401.50","3,401.50","","0.04%"
"10/27/2022","3,400.00","3,398.00","3,400.00","3,398.00","","0.09%"
"10/26/2022","3,397.00","3,400.50","3,400.50","3,397.00","","0.00%"
"10/25/2022","3,397.00","3,397.00","3,397.00","3,397.00","","0.00%"
"10/24/2022","3,397.00","3,395.00","3,398.00","3,395.00","","0.06%"
"10/21/2022","3,395.00","3,397.00","3,397.00","3,395.00","","-0.06%"
"10/20/2022","3,397.00","3,392.50","3,397.00","3,389.50","","0.21%"
"10/19/2022","3,390.00","3,390.00","3,395.00","3,390.00","","0.00%"
"10/18/2022","3,390.00","3,388.50","3,391.00","3,387.50","","0.00%"
"10/17/2022","3,390.00","3,389.00","3,391.50","3,385.00","","0.15%"
"10/14/2022","3,385.00","3,388.00","3,388.00","3,385.00","","-0.09%"
"10/13/2022","3,388.00","3,367.00","3,391.00","3,361.00","","0.24%"
"10/12/2022","3,380.00","3,360.00","3,384.50","3,357.50","","1.62%"
"10/11/2022","3,326.00","3,360.00","3,360.00","3,326.00","","-0.03%"
"10/10/2022","3,327.00","3,325.00","3,327.00","3,325.00","","0.06%"
"10/07/2022","3,325.00","3,325.00","3,325.00","3,325.00","","0.00%"
"10/06/2022","3,325.00","3,326.00","3,327.00","3,324.00","","-0.03%"
"10/05/2022","3,326.00","3,322.50","3,326.50","3,322.50","","0.03%"
"10/04/2022","3,325.00","3,338.00","3,338.00","3,325.00","","0.00%"
"10/03/2022","3,325.00","3,351.50","3,352.00","3,325.00","","0.15%"
"09/30/2022","3,320.00","3,326.50","3,339.50","3,320.00","","-0.15%"
"09/29/2022","3,325.00","3,330.50","3,333.00","3,320.00","","0.15%"
"09/28/2022","3,320.00","3,306.50","3,328.00","3,295.00","","0.00%"
"09/27/2022","3,320.00","3,295.00","3,320.00","3,295.00","","0.76%"
"09/26/2022","3,295.00","3,269.50","3,306.50","3,269.50","","0.00%"
"09/23/2022","3,295.00","3,298.50","3,301.00","3,292.50","","0.00%"
"09/22/2022","3,295.00","3,270.50","3,297.50","3,255.00","","1.23%"
"09/21/2022","3,255.00","3,265.50","3,271.00","3,252.50","","-0.46%"
"09/20/2022","3,270.00","3,268.00","3,271.50","3,255.00","","0.25%"
"09/19/2022","3,262.00","3,255.00","3,262.00","3,255.00","","0.22%"
"09/16/2022","3,255.00","3,246.50","3,255.00","3,242.50","","0.31%"
"09/15/2022","3,245.00","3,240.00","3,249.00","3,240.00","","0.15%"
"09/14/2022","3,240.00","3,232.50","3,244.50","3,230.50","","0.00%"
"09/13/2022","3,240.00","3,232.50","3,243.50","3,230.50","","0.00%"
"09/12/2022","3,240.00","3,233.50","3,240.50","3,232.50","","0.45%"
"09/09/2022","3,225.50","3,223.50","3,225.50","3,223.50","","0.34%"
"09/08/2022","3,214.50","3,230.00","3,230.00","3,214.50","","-0.36%"
"09/07/2022","3,226.00","3,227.00","3,227.50","3,214.00","","0.34%"
"09/06/2022","3,215.00","3,221.00","3,221.00","3,215.00","","-0.20%"
"09/05/2022","3,221.50","3,215.00","3,222.00","3,215.00","","0.20%"
"09/02/2022","3,215.00","3,223.50","3,224.00","3,214.00","","-0.06%"
"09/01/2022","3,217.00","3,223.50","3,224.00","3,215.00","","0.06%"
"08/31/2022","3,215.00","3,220.00","3,224.00","3,215.00","","-0.23%"
"08/30/2022","3,222.50","3,223.00","3,224.00","3,221.50","","-0.02%"
"08/29/2022","3,223.00","3,207.00","3,223.00","3,207.00","","0.09%"
"08/26/2022","3,220.00","3,207.50","3,220.00","3,180.00","","1.26%"
"08/25/2022","3,180.00","3,212.00","3,212.00","3,180.00","","-0.16%"
"08/24/2022","3,185.00","3,212.00","3,212.00","3,185.00","","-0.16%"
"08/23/2022","3,190.00","3,197.50","3,207.00","3,185.00","","0.08%"
"08/22/2022","3,187.50","3,208.00","3,208.00","3,187.50","","-0.16%"
"08/19/2022","3,192.50","3,197.50","3,207.00","3,190.00","","0.02%"
"08/18/2022","3,192.00","3,199.50","3,202.50","3,187.50","","0.06%"
"08/17/2022","3,190.00","3,199.00","3,202.50","3,187.50","","0.00%"
"08/16/2022","3,190.00","3,200.50","3,200.50","3,190.00","","-0.33%"
"08/15/2022","3,200.50","3,199.00","3,201.50","3,192.50","","0.17%"
"08/12/2022","3,195.00","3,196.00","3,196.00","3,195.00","","-0.03%"
"08/11/2022","3,196.00","3,192.50","3,200.00","3,192.50","","0.03%"
"08/10/2022","3,195.00","3,194.50","3,195.00","3,194.50","","0.00%"
"08/09/2022","3,195.00","3,179.50","3,196.00","3,177.00","","0.63%"
"08/08/2022","3,175.00","3,180.00","3,180.00","3,175.00","","-0.14%"
"08/05/2022","3,179.50","3,187.50","3,187.50","3,177.50","","-0.33%"
"08/04/2022","3,190.00","3,193.00","3,194.50","3,190.00","","0.00%"
"08/03/2022","3,190.00","3,191.00","3,193.00","3,188.50","","0.00%"
"08/02/2022","3,190.00","3,169.00","3,197.00","3,164.50","","0.16%"
"08/01/2022","3,185.00","3,193.50","3,195.00","3,185.00","","-0.27%"
"07/29/2022","3,193.50","3,195.00","3,200.00","3,193.50","","-0.05%"
"07/28/2022","3,195.00","3,161.50","3,195.00","3,161.50","","1.11%"
"07/27/2022","3,160.00","3,158.50","3,160.50","3,158.00","","0.11%"
"07/26/2022","3,156.50","3,157.00","3,157.00","3,156.50","","0.05%"
"07/25/2022","3,155.00","3,151.00","3,155.00","3,151.00","","0.13%"
"07/22/2022","3,151.00","3,142.50","3,151.00","3,142.50","","0.10%"
"07/21/2022","3,148.00","3,148.00","3,148.00","3,148.00","","0.00%"
"07/20/2022","3,148.00","3,148.00","3,148.00","3,148.00","","0.00%"
"07/19/2022","3,148.00","3,148.00","3,148.00","3,148.00","","0.00%"
"07/18/2022","3,148.00","3,142.50","3,148.00","3,142.50","","0.18%"
"07/15/2022","3,142.50","3,142.50","3,142.50","3,142.50","","0.00%"
"07/14/2022","3,142.50","3,142.50","3,142.50","3,142.50","","0.00%"
"07/13/2022","3,142.50","3,142.50","3,142.50","3,142.50","","0.00%"
"07/12/2022","3,142.50","3,142.50","3,142.50","3,142.50","","0.00%"
"07/11/2022","3,142.50","3,142.50","3,142.50","3,142.50","","0.00%"
"07/08/2022","3,142.50","3,140.50","3,142.50","3,140.50","","0.02%"
"07/07/2022","3,142.00","3,140.50","3,142.00","3,140.50","","0.05%"
"07/06/2022","3,140.50","3,142.00","3,142.00","3,140.50","","-0.30%"
"07/05/2022","3,150.00","3,150.00","3,150.00","3,150.00","","0.16%"
"07/04/2022","3,145.00","3,145.00","3,145.00","3,145.00","","0.00%"
"07/01/2022","3,145.00","3,145.00","3,145.00","3,145.00","","0.00%"
"06/30/2022","3,145.00","3,145.00","3,145.00","3,145.00","","0.00%"
"06/29/2022","3,145.00","3,145.00","3,145.00","3,145.00","","-0.03%"
"06/28/2022","3,146.00","3,143.50","3,146.00","3,143.50","","0.08%"
"06/27/2022","3,143.50","3,134.50","3,145.00","3,132.50","","0.14%"
"06/24/2022","3,139.00","3,139.00","3,139.00","3,139.00","","0.29%"
"06/23/2022","3,130.00","3,133.00","3,136.00","3,127.50","","0.00%"
"06/22/2022","3,130.00","3,134.50","3,138.00","3,127.50","","0.16%"
"06/21/2022","3,125.00","3,135.50","3,135.50","3,125.00","","-0.16%"
"06/20/2022","3,130.00","3,130.00","3,130.00","3,130.00","","0.00%"
"06/17/2022","3,130.00","3,130.00","3,130.00","3,130.00","","-0.16%"
"06/16/2022","3,135.00","3,136.00","3,136.00","3,135.00","","-0.02%"
"06/15/2022","3,135.50","3,135.50","3,135.50","3,135.50","","0.02%"
"06/14/2022","3,135.00","3,135.00","3,137.50","3,135.00","","0.00%"
"06/13/2022","3,135.00","3,135.00","3,137.50","3,132.50","","0.16%"
"06/10/2022","3,130.00","3,130.00","3,130.00","3,130.00","","-0.08%"
"06/09/2022","3,132.50","3,125.00","3,132.50","3,125.00","","0.08%"
"06/08/2022","3,130.00","3,130.00","3,130.00","3,130.00","","0.00%"
"06/07/2022","3,130.00","3,130.00","3,130.00","3,130.00","","-0.08%"
"06/06/2022","3,132.50","3,130.00","3,132.50","3,127.50","","0.10%"
"06/03/2022","3,129.50","3,129.50","3,129.50","3,129.50","","0.14%"
"06/02/2022","3,125.00","3,132.00","3,132.00","3,125.00","","-0.16%"
"06/01/2022","3,130.00","3,130.00","3,132.50","3,127.50","","0.16%"
"05/31/2022","3,125.00","3,117.50","3,130.50","3,112.00","","0.19%"
"05/30/2022","3,119.00","3,119.00","3,119.00","3,119.00","","-0.59%"
"05/27/2022","3,137.50","3,139.50","3,142.50","3,135.00","","0.08%"
"05/26/2022","3,135.00","3,138.50","3,139.50","3,132.50","","-0.03%"
"05/25/2022","3,136.00","3,135.00","3,136.00","3,135.00","","-0.08%"
"05/24/2022","3,138.50","3,139.50","3,142.00","3,135.00","","0.06%"
"05/23/2022","3,136.50","3,139.50","3,142.00","3,135.00","","-0.11%"
"05/20/2022","3,140.00","3,139.50","3,142.00","3,137.50","","0.16%"
"05/19/2022","3,135.00","3,130.00","3,139.00","3,130.00","","-0.03%"
"05/18/2022","3,136.00","3,136.00","3,136.00","3,136.00","","0.11%"
"05/17/2022","3,132.50","3,126.00","3,135.00","3,125.00","","0.08%"
"05/16/2022","3,130.00","3,123.50","3,131.00","3,122.50","","0.16%"
"05/13/2022","3,125.00","3,123.50","3,126.00","3,122.50","","0.16%"
"05/12/2022","3,120.00","3,117.00","3,122.50","3,116.00","","-0.05%"
"05/11/2022","3,121.50","3,117.00","3,121.50","3,117.00","","0.21%"
"05/10/2022","3,115.00","3,105.00","3,115.00","3,105.00","","0.16%"
"05/09/2022","3,110.00","3,110.00","3,112.50","3,107.50","","-0.14%"
"05/06/2022","3,114.50","3,106.50","3,114.50","3,106.00","","0.31%"
"05/05/2022","3,105.00","3,102.00","3,108.00","3,102.00","","-0.03%"
"05/04/2022","3,106.00","3,103.50","3,106.00","3,103.50","","0.11%"
"05/03/2022","3,102.50","3,102.50","3,106.00","3,102.50","","0.08%"
"05/02/2022","3,100.00","3,103.50","3,106.00","3,100.00","","-0.16%"
"04/29/2022","3,105.00","3,094.50","3,105.00","3,094.50","","0.16%"
"04/28/2022","3,100.00","3,092.00","3,100.00","3,090.00","","0.32%"
"04/27/2022","3,090.00","3,081.50","3,092.00","3,081.50","","0.16%"
"04/26/2022","3,085.00","3,081.50","3,086.50","3,080.00","","0.33%"
"04/25/2022","3,075.00","3,073.50","3,080.50","3,070.00","","0.05%"
"04/22/2022","3,073.50","3,071.00","3,073.50","3,067.50","","0.44%"
"04/21/2022","3,060.00","3,071.00","3,071.00","3,060.00","","-0.13%"
"04/20/2022","3,064.00","3,064.50","3,070.00","3,058.50","","0.29%"
"04/19/2022","3,055.00","3,062.00","3,064.50","3,055.00","","-0.20%"
"04/18/2022","3,061.00","3,058.50","3,061.00","3,052.50","","0.36%"
"04/15/2022","3,050.00","3,050.00","3,050.00","3,050.00","","-0.08%"
"04/14/2022","3,052.50","3,052.50","3,052.50","3,050.00","","0.25%"
"04/13/2022","3,045.00","3,043.50","3,051.00","3,037.50","","0.20%"
"04/12/2022","3,039.00","3,032.00","3,039.00","3,030.00","","0.23%"
"04/11/2022","3,032.00","3,032.00","3,032.00","3,025.00","","0.07%"
"04/08/2022","3,030.00","3,029.00","3,030.00","3,029.00","","0.17%"
"04/07/2022","3,025.00","3,010.50","3,031.00","3,010.00","","0.00%"
"04/06/2022","3,025.00","3,012.50","3,025.00","3,002.50","","0.50%"
"04/05/2022","3,010.00","2,984.50","3,010.00","2,980.50","","0.50%"
"04/04/2022","2,995.00","2,985.00","2,995.00","2,984.00","","0.67%"
"04/01/2022","2,975.00","2,942.00","2,980.50","2,942.00","","0.85%"
"03/31/2022","2,950.00","2,960.00","2,960.00","2,950.00","","-0.17%"
"03/30/2022","2,955.00","2,955.00","2,955.00","2,955.00","","0.17%"
"03/29/2022","2,950.00","2,945.00","2,950.00","2,945.00","","0.17%"
"03/28/2022","2,945.00","2,918.00","2,945.00","2,918.00","","0.17%"
"03/25/2022","2,940.00","2,918.00","2,940.00","2,918.00","","0.34%"
"03/24/2022","2,930.00","2,917.00","2,934.50","2,910.00","","0.00%"
"03/23/2022","2,930.00","2,930.00","2,930.00","2,930.00","","0.00%"
"03/22/2022","2,930.00","2,930.00","2,930.00","2,930.00","","0.00%"
"03/21/2022","2,930.00","2,920.00","2,935.00","2,920.00","","0.34%"
"03/18/2022","2,920.00","2,920.00","2,920.00","2,920.00","","0.00%"
"03/17/2022","2,920.00","2,920.50","2,923.00","2,917.50","","0.17%"
"03/16/2022","2,915.00","2,915.00","2,915.00","2,915.00","","0.00%"
"03/15/2022","2,915.00","2,905.50","2,918.50","2,905.50","","0.34%"
"03/14/2022","2,905.00","2,902.50","2,910.00","2,900.50","","0.09%"
"03/11/2022","2,902.50","2,900.00","2,902.50","2,900.00","","0.09%"
"03/10/2022","2,900.00","2,901.00","2,906.00","2,895.00","","0.17%"
"03/09/2022","2,895.00","2,893.00","2,899.00","2,890.00","","0.09%"
"03/08/2022","2,892.50","2,888.50","2,895.50","2,887.50","","0.09%"
"03/07/2022","2,890.00","2,890.00","2,890.00","2,890.00","","0.05%"
"03/04/2022","2,888.50","2,870.00","2,890.00","2,867.50","","0.30%"
"03/03/2022","2,880.00","2,871.50","2,886.50","2,862.50","","-0.50%"
"03/02/2022","2,894.50","2,893.50","2,894.50","2,887.50","","0.33%"
"03/01/2022","2,885.00","2,890.00","2,893.50","2,885.00","","-0.17%"
"02/28/2022","2,890.00","2,886.50","2,892.50","2,885.00","","0.09%"
"02/25/2022","2,887.50","2,886.50","2,889.00","2,885.00","","0.26%"
"02/24/2022","2,880.00","2,883.50","2,886.00","2,877.50","","0.00%"
"02/23/2022","2,880.00","2,880.50","2,883.00","2,877.50","","0.17%"
"02/22/2022","2,875.00","2,877.50","2,880.00","2,872.50","","0.00%"
"02/21/2022","2,875.00","2,875.00","2,875.00","2,875.00","","0.00%"
"02/18/2022","2,875.00","2,878.00","2,878.00","2,875.00","","0.09%"
"02/17/2022","2,872.50","2,879.00","2,879.00","2,872.50","","-0.24%"
"02/16/2022","2,879.50","2,875.00","2,879.50","2,875.00","","0.21%"
"02/15/2022","2,873.50","2,877.00","2,879.50","2,870.00","","-0.07%"
"02/14/2022","2,875.50","2,874.50","2,876.00","2,874.50","","0.10%"
"02/11/2022","2,872.50","2,875.50","2,875.50","2,872.50","","0.09%"
"02/10/2022","2,870.00","2,870.00","2,870.00","2,870.00","","-0.17%"
"02/09/2022","2,875.00","2,875.00","2,877.50","2,872.50","","0.17%"
"02/08/2022","2,870.00","2,872.50","2,875.00","2,867.50","","0.00%"
"02/07/2022","2,870.00","2,872.00","2,872.00","2,870.00","","-0.02%"
"02/04/2022","2,870.50","2,870.00","2,870.50","2,870.00","","0.09%"
"02/03/2022","2,868.00","2,869.50","2,869.50","2,865.00","","0.07%"
"02/02/2022","2,866.00","2,869.50","2,869.50","2,862.50","","0.03%"
"02/01/2022","2,865.00","2,865.00","2,865.00","2,865.00","","-0.02%"
"01/31/2022","2,865.50","2,860.00","2,867.00","2,841.00","","0.19%"
"01/28/2022","2,860.00","2,849.50","2,863.50","2,846.00","","-0.35%"
"01/27/2022","2,870.00","2,867.50","2,873.50","2,865.00","","0.09%"
"01/26/2022","2,867.50","2,863.50","2,871.00","2,860.00","","0.09%"
"01/25/2022","2,865.00","2,867.50","2,871.00","2,860.00","","0.02%"
"01/24/2022","2,864.50","2,866.00","2,866.00","2,864.50","","0.16%"
"01/21/2022","2,860.00","2,866.00","2,866.00","2,860.00","","0.00%"
"01/20/2022","2,860.00","2,865.00","2,867.50","2,860.00","","-0.19%"
"01/19/2022","2,865.50","2,862.50","2,868.00","2,860.00","","0.09%"
"01/18/2022","2,863.00","2,868.00","2,868.50","2,860.00","","0.10%"
"01/17/2022","2,860.00","2,860.00","2,860.00","2,860.00","","0.00%"
"01/14/2022","2,860.00","2,855.00","2,862.50","2,855.00","","-0.10%"
"01/13/2022","2,863.00","2,868.50","2,871.00","2,860.00","","-0.17%"
"01/12/2022","2,868.00","2,865.00","2,871.00","2,862.50","","0.02%"
"01/11/2022","2,867.50","2,868.50","2,871.00","2,862.50","","0.09%"
"01/10/2022","2,865.00","2,866.00","2,868.50","2,860.00","","0.03%"
"01/07/2022","2,864.00","2,867.50","2,867.50","2,864.00","","0.14%"
"01/06/2022","2,860.00","2,867.50","2,867.50","2,860.00","","-0.21%"
"01/05/2022","2,866.00","2,865.50","2,868.00","2,862.50","","0.21%"
"01/04/2022","2,860.00","2,865.00","2,868.50","2,857.50","","-0.17%"
"01/03/2022","2,865.00","2,863.50","2,868.50","2,857.50","","0.17%"
"12/31/2021","2,860.00","2,862.00","2,866.00","2,857.50","","-0.07%"
"12/30/2021","2,862.00","2,868.50","2,871.00","2,855.00","","-0.23%"
"12/29/2021","2,868.50","2,867.50","2,870.00","2,862.50","","0.12%"
"12/28/2021","2,865.00","2,868.50","2,868.50","2,860.00","","0.00%"
"12/27/2021","2,865.00","2,866.00","2,868.50","2,862.50","","0.17%"
"12/24/2021","2,860.00","2,866.50","2,866.50","2,860.00","","-0.17%"
"12/23/2021","2,865.00","2,864.50","2,866.00","2,860.00","","0.17%"
"12/22/2021","2,860.00","2,867.50","2,867.50","2,860.00","","-0.19%"
"12/21/2021","2,865.50","2,863.50","2,871.00","2,857.50","","0.19%"
"12/20/2021","2,860.00","2,863.50","2,871.00","2,852.50","","-0.03%"
"12/17/2021","2,861.00","2,862.00","2,862.00","2,855.00","","-0.02%"
"12/16/2021","2,861.50","2,866.00","2,871.00","2,855.00","","0.05%"
"12/15/2021","2,860.00","2,870.50","2,870.50","2,860.00","","-0.24%"
"12/14/2021","2,867.00","2,868.50","2,871.00","2,862.50","","-0.07%"
"12/13/2021","2,869.00","2,862.00","2,869.00","2,862.00","","0.24%"
"12/10/2021","2,862.00","2,863.50","2,863.50","2,860.00","","0.07%"
"12/09/2021","2,860.00","2,865.50","2,865.50","2,860.00","","-0.05%"
"12/08/2021","2,861.50","2,866.00","2,868.00","2,857.50","","-0.12%"
"12/07/2021","2,865.00","2,859.00","2,868.00","2,859.00","","0.21%"
"12/06/2021","2,859.00","2,861.50","2,864.00","2,852.50","","0.03%"
"12/03/2021","2,858.00","2,860.50","2,863.00","2,852.50","","-0.02%"
"12/02/2021","2,858.50","2,860.50","2,863.00","2,852.50","","0.05%"
"12/01/2021","2,857.00","2,865.00","2,865.00","2,850.00","","-0.30%"
"11/30/2021","2,865.50","2,863.00","2,865.50","2,857.50","","0.10%"
"11/29/2021","2,862.50","2,861.00","2,863.50","2,852.50","","0.09%"
"11/26/2021","2,860.00","2,861.00","2,863.50","2,852.50","","0.35%"
"11/25/2021","2,850.00","2,852.50","2,852.50","2,850.00","","-0.47%"
"11/24/2021","2,863.50","2,855.00","2,863.50","2,855.00","","0.47%"
"11/23/2021","2,850.00","2,858.50","2,863.50","2,847.50","","-0.16%"
"11/22/2021","2,854.50","2,860.50","2,865.50","2,850.00","","-0.17%"
"11/19/2021","2,859.50","2,861.00","2,861.00","2,859.50","","0.16%"
"11/18/2021","2,855.00","2,858.50","2,858.50","2,850.00","","-0.10%"
"11/17/2021","2,858.00","2,863.00","2,863.00","2,852.50","","0.28%"
"11/16/2021","2,850.00","2,863.00","2,863.00","2,850.00","","-0.18%"
"11/15/2021","2,855.00","2,855.00","2,855.00","2,855.00","","-0.14%"
"11/12/2021","2,859.00","2,863.00","2,863.50","2,855.00","","0.32%"
"11/11/2021","2,850.00","2,850.00","2,850.00","2,850.00","","0.00%"
"11/10/2021","2,850.00","2,863.00","2,863.00","2,850.00","","-0.28%"
"11/09/2021","2,858.00","2,863.50","2,863.50","2,855.00","","-0.07%"
"11/08/2021","2,860.00","2,862.00","2,862.00","2,855.00","","0.02%"
"11/05/2021","2,859.50","2,860.50","2,860.50","2,855.00","","-0.07%"
"11/04/2021","2,861.50","2,863.50","2,863.50","2,855.00","","0.07%"
"11/03/2021","2,859.50","2,860.50","2,863.50","2,855.00","","-0.03%"
"11/02/2021","2,860.50","2,862.00","2,864.00","2,855.00","","-0.05%"
"11/01/2021","2,862.00","2,860.00","2,863.50","2,855.00","","0.03%"
"10/29/2021","2,861.00","2,863.50","2,863.50","2,860.00","","0.21%"
"10/28/2021","2,855.00","2,865.00","2,865.00","2,855.00","","0.00%"
"10/27/2021","2,855.00","2,862.50","2,862.50","2,855.00","","0.00%"
"10/26/2021","2,855.00","2,863.50","2,863.50","2,855.00","","-0.23%"
"10/25/2021","2,861.50","2,863.50","2,863.50","2,855.00","","0.00%"
"10/22/2021","2,861.50","2,852.50","2,862.00","2,850.00","","-0.02%"
"10/21/2021","2,862.00","2,854.50","2,863.50","2,854.50","","0.25%"
"10/20/2021","2,855.00","2,855.00","2,855.00","2,855.00","","0.04%"
"10/19/2021","2,854.00","2,851.50","2,863.00","2,850.00","","-0.04%"
"10/18/2021","2,855.00","2,853.00","2,856.00","2,850.00","","0.05%"
"10/15/2021","2,853.50","2,848.50","2,855.00","2,846.50","","0.21%"
"10/14/2021","2,847.50","2,850.00","2,853.50","2,844.00","","-0.09%"
"10/13/2021","2,850.00","2,854.50","2,856.00","2,849.50","","-0.11%"
"10/12/2021","2,853.00","2,855.50","2,860.50","2,852.50","","-0.07%"
"10/11/2021","2,855.00","2,855.00","2,855.00","2,855.00","","0.00%"
"10/08/2021","2,855.00","2,855.50","2,856.50","2,854.00","","-0.02%"
"10/07/2021","2,855.50","2,855.00","2,855.50","2,855.00","","0.02%"
"10/06/2021","2,855.00","2,852.50","2,864.50","2,852.50","","0.00%"
"10/05/2021","2,855.00","2,855.50","2,860.00","2,853.00","","0.18%"
"10/04/2021","2,850.00","2,861.00","2,861.50","2,850.00","","-0.26%"
"10/01/2021","2,857.50","2,857.00","2,857.50","2,857.00","","0.09%"
"09/30/2021","2,855.00","2,855.00","2,862.50","2,855.00","","-0.12%"
"09/29/2021","2,858.50","2,862.50","2,863.00","2,858.00","","0.12%"
"09/28/2021","2,855.00","2,866.00","2,867.00","2,855.00","","-0.04%"
"09/27/2021","2,856.00","2,852.50","2,859.50","2,848.50","","0.21%"
"09/24/2021","2,850.00","2,852.50","2,854.00","2,848.50","","-0.09%"
"09/23/2021","2,852.50","2,852.50","2,855.50","2,846.00","","-0.09%"
"09/22/2021","2,855.00","2,852.50","2,858.50","2,847.00","","0.07%"
"09/21/2021","2,853.00","2,852.50","2,858.00","2,847.50","","-0.04%"
"09/20/2021","2,854.00","2,860.50","2,861.00","2,850.00","","0.19%"
"09/17/2021","2,848.50","2,849.50","2,851.50","2,848.00","","-0.05%"
"09/16/2021","2,850.00","2,855.00","2,856.00","2,850.00","","-0.14%"
"09/15/2021","2,854.00","2,852.50","2,859.50","2,850.00","","-0.11%"
"09/14/2021","2,857.00","2,859.00","2,859.50","2,855.00","","0.18%"
"09/13/2021","2,852.00","2,857.00","2,859.00","2,850.00","","-0.12%"
"09/10/2021","2,855.50","2,856.00","2,856.50","2,855.00","","0.07%"
"09/09/2021","2,853.50","2,855.50","2,856.00","2,853.00","","0.25%"
"09/08/2021","2,846.50","2,850.50","2,851.00","2,846.00","","0.09%"
"09/07/2021","2,844.00","2,851.00","2,853.50","2,841.50","","-0.25%"
"09/06/2021","2,851.00","2,851.00","2,851.00","2,851.00","","0.00%"
"09/03/2021","2,851.00","2,851.00","2,851.00","2,851.00","","0.00%"
"09/02/2021","2,851.00","2,851.00","2,851.00","2,851.00","","0.18%"
"09/01/2021","2,846.00","2,849.50","2,850.50","2,845.00","","-0.12%"
"08/31/2021","2,849.50","2,849.50","2,849.50","2,849.50","","0.21%"
"08/30/2021","2,843.50","2,848.00","2,852.00","2,839.50","","-0.42%"
"08/27/2021","2,855.50","2,860.50","2,862.00","2,854.00","","0.09%"
"08/26/2021","2,853.00","2,859.50","2,859.50","2,850.00","","-0.05%"
"08/25/2021","2,854.50","2,861.00","2,863.00","2,851.50","","0.02%"
"08/24/2021","2,854.00","2,858.00","2,858.50","2,850.00","","-0.04%"
"08/23/2021","2,855.00","2,858.50","2,859.00","2,855.00","","0.00%"
"08/20/2021","2,855.00","2,862.00","2,863.00","2,855.00","","0.00%"
"08/19/2021","2,855.00","2,861.00","2,863.50","2,852.50","","0.00%"
"08/18/2021","2,855.00","2,863.00","2,863.50","2,855.00","","-0.12%"
"08/17/2021","2,858.50","2,857.00","2,862.50","2,852.50","","0.12%"
"08/16/2021","2,855.00","2,857.00","2,861.50","2,855.00","","0.00%"
"08/13/2021","2,855.00","2,855.00","2,858.50","2,855.00","","0.00%"
"08/12/2021","2,855.00","2,861.00","2,862.50","2,853.50","","0.21%"
"08/11/2021","2,849.00","2,848.50","2,859.00","2,838.50","","0.14%"
"08/10/2021","2,845.00","2,848.00","2,852.50","2,840.50","","-0.18%"
"08/09/2021","2,850.00","2,852.50","2,859.00","2,850.00","","-0.18%"
"08/06/2021","2,855.00","2,861.00","2,861.00","2,855.00","","0.09%"
"08/05/2021","2,852.50","2,863.00","2,863.50","2,851.00","","0.09%"
"08/04/2021","2,850.00","2,850.00","2,852.50","2,847.50","","0.00%"
"08/03/2021","2,850.00","2,850.00","2,850.00","2,850.00","","0.00%"
"08/02/2021","2,850.00","2,850.00","2,850.00","2,850.00","","-0.45%"
"07/30/2021","2,863.00","2,863.50","2,864.00","2,862.50","","0.25%"
"07/29/2021","2,856.00","2,850.00","2,863.00","2,850.00","","0.21%"
"07/28/2021","2,850.00","2,850.00","2,856.00","2,848.50","","0.00%"
"07/27/2021","2,850.00","2,850.00","2,850.00","2,850.00","","0.00%"
"07/26/2021","2,850.00","2,850.00","2,850.00","2,850.00","","-0.11%"
"07/23/2021","2,853.00","2,861.50","2,862.00","2,850.00","","-0.23%"
"07/22/2021","2,859.50","2,859.50","2,859.50","2,859.50","","0.16%"
"07/21/2021","2,855.00","2,855.00","2,855.00","2,855.00","","0.18%"
"07/20/2021","2,850.00","2,850.00","2,850.00","2,850.00","","0.00%"
"07/19/2021","2,850.00","2,850.00","2,850.00","2,850.00","","0.00%"
"07/16/2021","2,850.00","2,850.00","2,850.00","2,850.00","","0.00%"
"07/15/2021","2,850.00","2,850.00","2,850.00","2,850.00","","0.00%"
"07/14/2021","2,850.00","2,850.00","2,852.50","2,847.50","","0.00%"
"07/13/2021","2,850.00","2,855.00","2,857.50","2,850.00","","-0.21%"
"07/12/2021","2,856.00","2,856.50","2,857.00","2,855.50","","0.25%"
"07/09/2021","2,849.00","2,854.50","2,856.00","2,847.50","","-0.04%"
"07/08/2021","2,850.00","2,860.00","2,863.00","2,850.00","","-0.09%"
"07/07/2021","2,852.50","2,852.50","2,852.50","2,852.50","","0.26%"
"07/06/2021","2,845.00","2,859.50","2,861.50","2,845.00","","-0.44%"
"07/05/2021","2,857.50","2,860.00","2,860.00","2,857.50","","0.26%"
"07/02/2021","2,850.00","2,856.00","2,856.00","2,850.00","","0.00%"
"07/01/2021","2,850.00","2,853.50","2,863.00","2,845.00","","-0.12%"
"06/30/2021","2,853.50","2,855.00","2,860.00","2,847.50","","0.12%"
"06/29/2021","2,850.00","2,850.00","2,862.50","2,850.00","","-0.14%"
"06/28/2021","2,854.00","2,860.50","2,862.50","2,850.00","","-0.16%"
"06/25/2021","2,858.50","2,861.50","2,861.50","2,850.00","","-0.05%"
"06/24/2021","2,860.00","2,861.00","2,862.50","2,847.50","","0.30%"
"06/23/2021","2,851.50","2,847.50","2,863.50","2,847.50","","-0.14%"
"06/22/2021","2,855.50","2,860.50","2,861.00","2,850.00","","-0.16%"
"06/21/2021","2,860.00","2,850.00","2,860.00","2,850.00","","0.35%"
"06/18/2021","2,850.00","2,850.00","2,850.00","2,850.00","","0.00%"
"06/17/2021","2,850.00","2,862.50","2,862.50","2,850.00","","0.00%"
"06/16/2021","2,850.00","2,861.00","2,865.00","2,847.50","","0.07%"
"06/15/2021","2,848.00","2,850.00","2,851.00","2,844.50","","-0.18%"
"06/14/2021","2,853.00","2,856.00","2,862.00","2,850.00","","0.11%"
"06/11/2021","2,850.00","2,850.00","2,861.00","2,850.00","","-0.18%"
"06/10/2021","2,855.00","2,855.00","2,855.00","2,855.00","","0.00%"
"06/09/2021","2,855.00","2,857.00","2,857.50","2,850.00","","-0.07%"
"06/08/2021","2,857.00","2,854.50","2,862.50","2,853.50","","0.09%"
"06/07/2021","2,854.50","2,848.50","2,861.00","2,847.00","","0.33%"
"06/04/2021","2,845.00","2,850.00","2,857.50","2,845.00","","-0.44%"
"06/03/2021","2,857.50","2,863.00","2,864.50","2,856.00","","-0.09%"
"06/02/2021","2,860.00","2,847.50","2,862.50","2,847.50","","0.42%"
"06/01/2021","2,848.00","2,857.50","2,858.00","2,847.50","","-0.38%"
"05/31/2021","2,859.00","2,856.50","2,864.00","2,853.50","","0.32%"
"05/28/2021","2,850.00","2,857.50","2,861.50","2,842.50","","-0.26%"
"05/27/2021","2,857.50","2,850.00","2,859.50","2,842.50","","0.26%"
"05/26/2021","2,850.00","2,853.00","2,855.00","2,847.50","","0.00%"
"05/25/2021","2,850.00","2,848.00","2,863.50","2,836.00","","-0.05%"
"05/24/2021","2,851.50","2,857.50","2,860.50","2,848.00","","0.00%"
"05/21/2021","2,851.50","2,852.50","2,853.00","2,850.00","","0.05%"
"05/20/2021","2,850.00","2,859.00","2,860.50","2,850.00","","0.00%"
"05/19/2021","2,850.00","2,857.50","2,860.50","2,845.00","","-0.26%"
"05/18/2021","2,857.50","2,858.00","2,860.00","2,842.50","","0.18%"
"05/17/2021","2,852.50","2,858.00","2,858.00","2,845.00","","-0.02%"
"05/14/2021","2,853.00","2,847.50","2,859.50","2,845.00","","0.11%"
"05/13/2021","2,850.00","2,848.50","2,862.50","2,833.50","","0.09%"
"05/12/2021","2,847.50","2,847.50","2,860.00","2,847.50","","0.28%"
"05/11/2021","2,839.50","2,847.50","2,852.50","2,839.50","","-0.49%"
"05/10/2021","2,853.50","2,853.50","2,861.00","2,840.00","","0.00%"
"05/07/2021","2,853.50","2,847.50","2,863.50","2,833.50","","0.12%"
"05/06/2021","2,850.00","2,847.50","2,860.50","2,842.00","","0.09%"
"05/05/2021","2,847.50","2,846.50","2,850.50","2,840.50","","0.09%"
"05/04/2021","2,845.00","2,852.50","2,853.00","2,842.50","","0.00%"
"05/03/2021","2,845.00","2,857.00","2,859.00","2,840.00","","-0.42%"
"04/30/2021","2,857.00","2,854.00","2,858.00","2,845.00","","0.25%"
"04/29/2021","2,850.00","2,847.50","2,854.00","2,845.00","","0.18%"
"04/28/2021","2,845.00","2,849.00","2,851.50","2,844.50","","-0.18%"
"04/27/2021","2,850.00","2,849.00","2,851.00","2,845.00","","0.18%"
"04/26/2021","2,845.00","2,857.00","2,857.00","2,845.00","","-0.18%"
"04/23/2021","2,850.00","2,846.50","2,854.00","2,845.00","","0.00%"
"04/22/2021","2,850.00","2,850.00","2,851.50","2,845.00","","0.12%"
"04/21/2021","2,846.50","2,847.50","2,858.00","2,845.00","","0.05%"
"04/20/2021","2,845.00","2,848.50","2,858.50","2,845.00","","-0.18%"
"04/19/2021","2,850.00","2,849.50","2,851.00","2,845.00","","0.00%"
"04/16/2021","2,850.00","2,847.50","2,854.50","2,845.00","","0.00%"
"04/15/2021","2,850.00","2,855.00","2,857.00","2,845.00","","0.18%"
"04/14/2021","2,845.00","2,848.50","2,860.00","2,836.00","","-0.18%"
"04/13/2021","2,850.00","2,853.50","2,853.50","2,845.00","","0.00%"
"04/12/2021","2,850.00","2,847.50","2,856.50","2,842.50","","0.09%"
"04/09/2021","2,847.50","2,850.50","2,851.00","2,847.00","","-0.09%"
"04/08/2021","2,850.00","2,846.50","2,851.50","2,846.50","","0.12%"
"04/07/2021","2,846.50","2,848.50","2,852.50","2,842.50","","-0.47%"
"04/06/2021","2,860.00","2,860.00","2,860.00","2,860.00","","0.03%"
"04/05/2021","2,859.00","2,853.00","2,859.50","2,853.00","","0.25%"
"04/02/2021","2,852.00","2,847.50","2,858.00","2,845.00","","-0.14%"
"04/01/2021","2,856.00","2,861.00","2,861.00","2,850.00","","0.21%"
"03/31/2021","2,850.00","2,852.50","2,861.00","2,850.00","","0.00%"
"03/30/2021","2,850.00","2,853.50","2,855.00","2,845.00","","0.00%"
"03/29/2021","2,850.00","2,855.00","2,857.00","2,845.00","","0.18%"
"03/26/2021","2,845.00","2,852.50","2,853.00","2,845.00","","-0.28%"
"03/25/2021","2,853.00","2,850.00","2,855.50","2,847.50","","0.11%"
"03/24/2021","2,850.00","2,852.50","2,860.50","2,845.00","","-0.21%"
"03/23/2021","2,856.00","2,854.50","2,857.50","2,845.00","","0.39%"
"03/22/2021","2,845.00","2,855.00","2,857.00","2,845.00","","0.00%"
"03/19/2021","2,845.00","2,855.50","2,858.50","2,845.00","","0.00%"
"03/18/2021","2,845.00","2,847.50","2,857.00","2,845.00","","-0.18%"
"03/17/2021","2,850.00","2,847.50","2,850.00","2,845.00","","0.18%"
"03/16/2021","2,845.00","2,851.00","2,851.00","2,845.00","","-0.37%"
"03/15/2021","2,855.50","2,854.50","2,855.50","2,854.50","","0.28%"
"03/12/2021","2,847.50","2,847.50","2,853.00","2,842.00","","-0.09%"
"03/11/2021","2,850.00","2,852.50","2,857.00","2,847.50","","-0.18%"
"03/10/2021","2,855.00","2,853.50","2,857.00","2,847.50","","0.09%"
"03/09/2021","2,852.50","2,847.50","2,859.00","2,845.00","","0.09%"
"03/08/2021","2,850.00","2,854.50","2,859.00","2,845.00","","-0.16%"
"03/05/2021","2,854.50","2,852.50","2,859.00","2,847.50","","0.16%"
"03/04/2021","2,850.00","2,852.50","2,862.50","2,836.00","","0.00%"
"03/03/2021","2,850.00","2,847.50","2,859.50","2,845.00","","0.18%"
"03/02/2021","2,845.00","2,857.00","2,857.50","2,845.00","","-0.18%"
"03/01/2021","2,850.00","2,855.00","2,857.00","2,836.50","","0.18%"
"02/26/2021","2,845.00","2,855.00","2,855.00","2,845.00","","0.00%"
"02/25/2021","2,845.00","2,852.50","2,852.50","2,845.00","","-0.18%"
"02/24/2021","2,850.00","2,852.50","2,852.50","2,847.50","","0.00%"
"02/23/2021","2,850.00","2,847.50","2,859.00","2,847.50","","0.00%"
"02/22/2021","2,850.00","2,859.50","2,860.50","2,847.50","","0.00%"
"02/19/2021","2,850.00","2,850.00","2,860.50","2,847.50","","0.00%"
"02/18/2021","2,850.00","2,847.50","2,858.50","2,845.00","","0.00%"
"02/17/2021","2,850.00","2,855.00","2,859.50","2,850.00","","-0.18%"
"02/16/2021","2,855.00","2,856.00","2,856.50","2,850.00","","0.04%"
"02/15/2021","2,854.00","2,854.00","2,854.00","2,854.00","","0.14%"
"02/12/2021","2,850.00","2,847.50","2,858.50","2,847.50","","0.00%"
"02/11/2021","2,850.00","2,852.50","2,859.50","2,842.50","","0.00%"
"02/10/2021","2,850.00","2,852.50","2,855.00","2,850.00","","-0.18%"
"02/09/2021","2,855.00","2,852.00","2,865.00","2,838.50","","0.07%"
"02/08/2021","2,853.00","2,851.00","2,858.50","2,850.00","","0.07%"
"02/05/2021","2,851.00","2,852.50","2,860.00","2,847.50","","0.04%"
"02/04/2021","2,850.00","2,855.00","2,860.00","2,847.50","","0.00%"
"02/03/2021","2,850.00","2,860.00","2,860.00","2,850.00","","-0.18%"
"02/02/2021","2,855.00","2,852.50","2,863.00","2,851.00","","0.00%"
"02/01/2021","2,855.00","2,860.00","2,860.00","2,850.00","","0.18%"
"01/29/2021","2,850.00","2,852.50","2,860.00","2,847.00","","-0.18%"
"01/28/2021","2,855.00","2,847.50","2,860.00","2,846.50","","0.16%"
"01/27/2021","2,850.50","2,852.50","2,860.00","2,848.50","","-0.16%"
"01/26/2021","2,855.00","2,857.50","2,863.50","2,850.50","","0.02%"
"01/25/2021","2,854.50","2,848.50","2,863.50","2,839.50","","-0.12%"
"01/22/2021","2,858.00","2,852.50","2,864.50","2,847.50","","0.11%"
"01/21/2021","2,855.00","2,860.00","2,860.00","2,855.00","","0.00%"
"01/20/2021","2,855.00","2,859.50","2,861.50","2,851.50","","0.00%"
"01/19/2021","2,855.00","2,859.50","2,864.50","2,850.50","","0.18%"
"01/18/2021","2,850.00","2,850.00","2,850.00","2,850.00","","0.00%"
"01/15/2021","2,850.00","2,860.00","2,860.00","2,850.00","","0.00%"
"01/14/2021","2,850.00","2,861.50","2,866.00","2,850.00","","0.00%"
"01/13/2021","2,850.00","2,859.00","2,869.00","2,849.00","","-0.35%"
"01/12/2021","2,860.00","2,870.00","2,870.50","2,859.00","","0.02%"
"01/11/2021","2,859.50","2,865.00","2,868.00","2,845.00","","0.16%"
"01/08/2021","2,855.00","2,847.50","2,863.50","2,837.00","","0.62%"
"01/07/2021","2,837.50","2,848.25","2,869.50","2,825.25","","-0.44%"
"01/06/2021","2,850.00","2,845.00","2,850.00","2,845.00","","0.35%"
"01/05/2021","2,840.00","2,847.50","2,849.00","2,839.50","","-0.26%"
"01/04/2021","2,847.50","2,855.00","2,858.00","2,847.00","","0.00%"
"01/01/2021","2,847.50","2,847.50","2,847.50","2,847.50","","0.00%"
"12/31/2020","2,847.50","2,855.00","2,859.50","2,847.50","","-0.40%"
"12/30/2020","2,859.00","2,855.00","2,861.00","2,855.00","","0.14%"
"12/29/2020","2,855.00","2,854.50","2,858.50","2,850.00","","-0.19%"
"12/28/2020","2,860.50","2,854.00","2,868.50","2,854.00","","0.19%"
"12/25/2020","2,855.00","2,855.00","2,855.00","2,855.00","","0.00%"
"12/24/2020","2,855.00","2,857.50","2,863.00","2,850.00","","-0.17%"
"12/23/2020","2,860.00","2,861.00","2,872.00","2,855.00","","-0.07%"
"12/22/2020","2,862.00","2,850.00","2,872.00","2,850.00","","0.37%"
"12/21/2020","2,851.50","2,856.50","2,858.50","2,847.00","","0.05%"
"12/18/2020","2,850.00","2,869.00","2,870.50","2,850.00","","-0.18%"
"12/17/2020","2,855.00","2,869.00","2,872.00","2,854.50","","-0.26%"
"12/16/2020","2,862.50","2,859.00","2,862.50","2,843.00","","0.79%"
"12/15/2020","2,840.00","2,847.50","2,855.00","2,840.00","","-0.35%"
"12/14/2020","2,850.00","2,863.00","2,866.00","2,850.00","","-0.70%"
"12/11/2020","2,870.00","2,861.00","2,870.00","2,850.00","","0.60%"
"12/10/2020","2,853.00","2,862.00","2,866.00","2,849.00","","-0.07%"
"12/09/2020","2,855.00","2,853.00","2,863.50","2,853.00","","0.18%"
"12/08/2020","2,850.00","2,850.00","2,858.00","2,847.50","","-0.28%"
"12/07/2020","2,858.00","2,851.50","2,863.50","2,849.50","","0.46%"
"12/04/2020","2,845.00","2,849.50","2,860.00","2,845.00","","-0.16%"
"12/03/2020","2,849.50","2,840.00","2,860.50","2,840.00","","0.28%"
"12/02/2020","2,841.50","2,837.50","2,868.00","2,826.00","","0.05%"
"12/01/2020","2,840.00","2,850.00","2,863.00","2,837.50","","-0.65%"
"11/30/2020","2,858.50","2,864.50","2,865.00","2,858.00","","0.37%"
"11/27/2020","2,848.00","2,852.50","2,856.00","2,844.50","","0.46%"
"11/26/2020","2,835.00","2,834.00","2,835.00","2,834.00","","-0.11%"
"11/25/2020","2,838.00","2,832.50","2,856.00","2,832.50","","0.02%"
"11/24/2020","2,837.50","2,858.00","2,858.50","2,837.50","","-0.09%"
"11/23/2020","2,840.00","2,837.50","2,862.00","2,832.50","","0.00%"
"11/20/2020","2,840.00","2,842.50","2,851.50","2,835.00","","-0.18%"
"11/19/2020","2,845.00","2,842.50","2,848.00","2,828.00","","0.18%"
"11/18/2020","2,840.00","2,827.50","2,840.00","2,823.00","","0.44%"
"11/17/2020","2,827.50","2,832.50","2,835.00","2,823.00","","-0.09%"
"11/16/2020","2,830.00","2,836.50","2,842.00","2,825.00","","-0.35%"
"11/13/2020","2,840.00","2,835.00","2,859.50","2,835.00","","0.21%"
"11/12/2020","2,834.00","2,838.00","2,844.00","2,830.00","","-0.21%"
"11/11/2020","2,840.00","2,849.50","2,852.00","2,837.50","","0.00%"
"11/10/2020","2,840.00","2,857.50","2,864.00","2,832.50","","0.26%"
"11/09/2020","2,832.50","2,829.50","2,847.00","2,828.50","","0.27%"
"11/06/2020","2,825.00","2,827.00","2,831.00","2,824.50","","-0.14%"
"11/05/2020","2,829.00","2,841.00","2,841.00","2,825.00","","-0.05%"
"11/04/2020","2,830.50","2,849.50","2,849.50","2,829.00","","0.02%"
"11/03/2020","2,830.00","2,842.50","2,842.50","2,830.00","","-0.53%"
"11/02/2020","2,845.00","2,857.50","2,858.50","2,839.00","","-0.07%"
"10/30/2020","2,847.00","2,847.50","2,862.50","2,842.50","","-0.19%"
"10/29/2020","2,852.50","2,866.50","2,866.50","2,849.50","","-0.09%"
"10/28/2020","2,855.00","2,864.00","2,866.00","2,853.00","","0.09%"
"10/27/2020","2,852.50","2,853.00","2,865.00","2,851.00","","-0.21%"
"10/26/2020","2,858.50","2,859.00","2,866.00","2,850.50","","0.83%"
"10/23/2020","2,835.00","2,835.00","2,847.50","2,827.50","","0.00%"
"10/22/2020","2,835.00","2,842.50","2,847.50","2,833.50","","-0.30%"
"10/21/2020","2,843.50","2,837.50","2,846.00","2,833.00","","0.30%"
"10/20/2020","2,835.00","2,836.00","2,843.00","2,825.00","","0.35%"
"10/19/2020","2,825.00","2,835.00","2,846.50","2,822.50","","-0.35%"
"10/16/2020","2,835.00","2,844.00","2,844.50","2,830.00","","0.18%"
"10/15/2020","2,830.00","2,844.00","2,846.50","2,830.00","","-0.56%"
"10/14/2020","2,846.00","2,842.50","2,866.00","2,841.50","","-0.07%"
"10/13/2020","2,848.00","2,853.00","2,872.50","2,833.00","","0.02%"
"10/12/2020","2,847.50","2,847.50","2,847.50","2,847.50","","-0.07%"
"10/09/2020","2,849.50","2,866.50","2,868.50","2,847.50","","0.16%"
"10/08/2020","2,845.00","2,858.00","2,861.50","2,845.00","","-0.18%"
"10/07/2020","2,850.00","2,867.00","2,870.50","2,850.00","","-0.59%"
"10/06/2020","2,867.00","2,856.00","2,872.00","2,852.00","","0.35%"
"10/05/2020","2,857.00","2,867.00","2,868.00","2,855.50","","0.26%"
"10/02/2020","2,849.50","2,853.50","2,858.00","2,845.00","","-0.23%"
"10/01/2020","2,856.00","2,850.00","2,867.00","2,845.00","","0.04%"
"09/30/2020","2,855.00","2,860.00","2,860.00","2,855.00","","0.16%"
"09/29/2020","2,850.50","2,887.50","2,893.00","2,846.50","","-1.37%"
"09/28/2020","2,890.00","2,882.50","2,892.00","2,865.50","","0.26%"
"09/25/2020","2,882.50","2,881.00","2,886.50","2,877.00","","0.09%"
"09/24/2020","2,880.00","2,874.00","2,880.00","2,871.00","","0.44%"
"09/23/2020","2,867.50","2,874.00","2,876.50","2,865.00","","-0.09%"
"09/22/2020","2,870.00","2,875.50","2,876.50","2,869.50","","-0.10%"
"09/21/2020","2,873.00","2,872.50","2,878.00","2,867.50","","0.19%"
"09/18/2020","2,867.50","2,862.50","2,875.00","2,862.50","","0.09%"
"09/17/2020","2,865.00","2,865.00","2,865.00","2,865.00","","0.09%"
"09/16/2020","2,862.50","2,865.00","2,867.00","2,860.50","","0.09%"
"09/15/2020","2,860.00","2,862.50","2,869.50","2,856.00","","0.11%"
"09/14/2020","2,857.00","2,850.50","2,864.00","2,848.50","","-0.10%"
"09/11/2020","2,860.00","2,857.50","2,863.00","2,853.50","","0.09%"
"09/10/2020","2,857.50","2,864.00","2,870.50","2,841.00","","0.70%"
"09/09/2020","2,837.50","2,841.50","2,855.00","2,827.00","","-0.26%"
"09/08/2020","2,845.00","2,852.25","2,877.00","2,832.75","","-0.87%"
"09/07/2020","2,870.00","2,870.00","2,870.00","2,870.00","","0.00%"
"09/04/2020","2,870.00","2,866.00","2,872.50","2,862.00","","-0.66%"
"09/03/2020","2,889.00","2,890.50","2,891.50","2,887.50","","0.17%"
"09/02/2020","2,884.00","2,884.00","2,884.00","2,884.00","","0.00%"
"09/01/2020","2,884.00","2,884.00","2,885.00","2,883.00","","0.07%"
"08/31/2020","2,882.00","2,828.00","2,882.00","2,882.00","","-0.09%"
"08/28/2020","2,884.50","2,882.50","2,889.00","2,882.50","","-0.02%"
"08/27/2020","2,885.00","2,885.00","2,885.00","2,885.00","","0.05%"
"08/26/2020","2,883.50","2,885.50","2,886.00","2,883.00","","0.00%"
"08/25/2020","2,883.50","2,883.50","2,883.50","2,883.50","","0.07%"
"08/24/2020","2,881.50","2,881.50","2,881.50","2,881.50","","0.07%"
"08/21/2020","2,879.50","2,882.00","2,882.50","2,879.00","","0.07%"
"08/20/2020","2,877.50","2,878.00","2,879.50","2,875.00","","-0.02%"
"08/19/2020","2,878.00","2,874.50","2,880.50","2,874.50","","0.17%"
"08/18/2020","2,873.00","2,872.50","2,875.00","2,869.00","","0.00%"
"08/17/2020","2,873.00","2,871.50","2,875.50","2,868.50","","0.23%"
"08/14/2020","2,866.50","2,866.50","2,866.50","2,866.50","","0.00%"
"08/13/2020","2,866.50","2,866.50","2,866.50","2,866.50","","0.05%"
"08/12/2020","2,865.00","2,865.00","2,865.00","2,865.00","","0.00%"
"08/11/2020","2,865.00","2,864.00","2,870.50","2,862.50","","0.03%"
"08/10/2020","2,864.00","2,844.00","2,867.00","2,842.50","","0.32%"
"08/07/2020","2,855.00","2,842.50","2,855.00","2,842.00","","0.39%"
"08/06/2020","2,844.00","2,835.50","2,847.00","2,833.50","","0.21%"
"08/05/2020","2,838.00","2,846.00","2,867.50","2,833.50","","-0.93%"
"08/04/2020","2,864.50","2,864.50","2,864.50","2,864.50","","0.40%"
"08/03/2020","2,853.00","2,866.00","2,867.50","2,848.50","","-0.05%"
"07/31/2020","2,854.50","2,847.50","2,858.50","2,847.50","","0.33%"
"07/30/2020","2,845.00","2,852.50","2,865.00","2,842.50","","-0.30%"
"07/29/2020","2,853.50","2,846.00","2,858.50","2,842.50","","0.12%"
"07/28/2020","2,850.00","2,835.50","2,854.00","2,835.50","","0.53%"
"07/27/2020","2,835.00","2,837.50","2,838.00","2,834.50","","-0.09%"
"07/24/2020","2,837.50","2,837.50","2,837.50","2,837.50","","0.00%"
"07/23/2020","2,837.50","2,837.50","2,837.50","2,837.50","","0.07%"
"07/22/2020","2,835.50","2,835.50","2,835.50","2,835.50","","0.00%"
"07/21/2020","2,835.50","2,837.50","2,837.50","2,834.00","","0.02%"
"07/20/2020","2,835.00","2,834.50","2,835.00","2,834.50","","0.05%"
"07/17/2020","2,833.50","2,834.50","2,835.00","2,833.50","","0.02%"
"07/16/2020","2,833.00","2,833.00","2,833.00","2,833.00","","0.00%"
"07/15/2020","2,833.00","2,833.00","2,833.00","2,833.00","","-0.04%"
"07/14/2020","2,834.00","2,833.00","2,835.00","2,832.00","","0.11%"
"07/13/2020","2,831.00","2,831.00","2,831.00","2,831.00","","0.07%"
"07/10/2020","2,829.00","2,829.00","2,829.00","2,829.00","","0.00%"
"07/09/2020","2,829.00","2,826.50","2,829.00","2,826.50","","0.09%"
"07/08/2020","2,826.50","2,831.50","2,851.50","2,807.50","","-0.05%"
"07/07/2020","2,828.00","2,824.00","2,833.00","2,822.00","","0.00%"
"07/06/2020","2,828.00","2,828.50","2,830.50","2,821.50","","0.07%"
"07/03/2020","2,826.00","2,823.00","2,826.00","2,823.00","","-0.11%"
"07/02/2020","2,829.00","2,830.00","2,836.00","2,828.00","","-0.09%"
"07/01/2020","2,831.50","2,830.00","2,831.50","2,830.00","","0.11%"
"06/30/2020","2,828.50","2,826.50","2,831.50","2,822.50","","0.12%"
"06/29/2020","2,825.00","2,820.50","2,827.50","2,816.00","","0.00%"
"06/26/2020","2,825.00","2,822.50","2,825.00","2,819.50","","0.09%"
"06/25/2020","2,822.50","2,818.00","2,824.50","2,816.50","","0.12%"
"06/24/2020","2,819.00","2,820.00","2,823.00","2,814.00","","0.11%"
"06/23/2020","2,816.00","2,816.50","2,821.50","2,808.50","","-0.07%"
"06/22/2020","2,818.00","2,816.00","2,820.00","2,811.00","","0.04%"
"06/19/2020","2,817.00","2,822.50","2,823.50","2,814.00","","-0.14%"
"06/18/2020","2,821.00","2,818.00","2,825.00","2,814.00","","0.18%"
"06/17/2020","2,816.00","2,816.00","2,825.00","2,810.00","","0.39%"
"06/16/2020","2,805.00","2,802.50","2,811.00","2,794.50","","0.12%"
"06/15/2020","2,801.50","2,814.50","2,821.00","2,797.50","","-0.30%"
"06/12/2020","2,810.00","2,809.50","2,817.50","2,809.00","","0.00%"
"06/11/2020","2,810.00","2,809.00","2,824.00","2,805.50","","0.09%"
"06/10/2020","2,807.50","2,810.50","2,812.50","2,805.00","","0.00%"
"06/09/2020","2,807.50","2,812.50","2,823.50","2,803.00","","-0.07%"
"06/08/2020","2,809.50","2,806.50","2,821.00","2,801.00","","0.11%"
"06/05/2020","2,806.50","2,811.50","2,815.50","2,801.00","","-0.21%"
"06/04/2020","2,812.50","2,810.00","2,816.50","2,809.50","","0.02%"
"06/03/2020","2,812.00","2,812.50","2,817.00","2,809.00","","0.09%"
"06/02/2020","2,809.50","2,815.00","2,815.50","2,807.00","","-0.12%"
"06/01/2020","2,813.00","2,812.50","2,816.50","2,809.00","","-0.20%"
"05/29/2020","2,818.50","2,812.50","2,819.00","2,806.00","","0.21%"
"05/28/2020","2,812.50","2,815.00","2,815.50","2,812.00","","0.04%"
"05/27/2020","2,811.50","2,812.00","2,818.50","2,807.50","","0.00%"
"05/26/2020","2,811.50","2,810.50","2,818.50","2,803.50","","0.05%"
"05/25/2020","2,810.00","2,810.00","2,810.00","2,810.00","","0.00%"
"05/22/2020","2,810.00","2,806.00","2,818.50","2,797.00","","0.29%"
"05/21/2020","2,802.00","2,802.50","2,809.00","2,794.50","","-0.09%"
"05/20/2020","2,804.50","2,809.50","2,813.50","2,797.50","","-0.20%"
"05/19/2020","2,810.00","2,806.50","2,814.00","2,795.00","","0.18%"
"05/18/2020","2,805.00","2,805.00","2,805.00","2,805.00","","0.04%"
"05/15/2020","2,804.00","2,805.50","2,809.00","2,799.50","","-0.09%"
"05/14/2020","2,806.50","2,805.50","2,810.50","2,801.50","","0.09%"
"05/13/2020","2,804.00","2,811.00","2,815.00","2,802.00","","-0.28%"
"05/12/2020","2,812.00","2,812.50","2,822.00","2,801.00","","0.02%"
"05/11/2020","2,811.50","2,802.00","2,819.00","2,801.50","","0.20%"
"05/08/2020","2,806.00","2,811.00","2,813.50","2,802.00","","-0.04%"
"05/07/2020","2,807.00","2,801.50","2,813.00","2,789.50","","0.21%"
"05/06/2020","2,801.00","2,805.00","2,805.00","2,798.50","","-0.11%"
"05/05/2020","2,804.00","2,804.00","2,811.50","2,799.50","","0.07%"
"05/04/2020","2,802.00","2,800.50","2,808.50","2,785.00","","-0.04%"
"05/01/2020","2,803.00","2,803.50","2,804.50","2,785.00","","0.13%"
"04/30/2020","2,799.50","2,786.00","2,802.50","2,780.00","","0.67%"
"04/29/2020","2,781.00","2,790.50","2,800.50","2,779.00","","-0.25%"
"04/28/2020","2,788.00","2,788.00","2,794.00","2,784.00","","0.00%"
"04/27/2020","2,788.00","2,796.50","2,797.00","2,784.50","","-0.45%"
"04/24/2020","2,800.50","2,784.00","2,809.00","2,766.00","","0.29%"
"04/23/2020","2,792.50","2,782.50","2,795.50","2,778.50","","0.52%"
"04/22/2020","2,778.00","2,784.50","2,786.00","2,775.00","","-0.09%"
"04/21/2020","2,780.50","2,776.50","2,784.00","2,776.50","","0.16%"
"04/20/2020","2,776.00","2,777.00","2,782.50","2,774.50","","-0.07%"
"04/17/2020","2,778.00","2,785.00","2,787.00","2,775.00","","-0.09%"
"04/16/2020","2,780.50","2,785.50","2,786.50","2,770.50","","-0.09%"
"04/15/2020","2,783.00","2,785.00","2,788.00","2,777.00","","0.38%"
"04/14/2020","2,772.50","2,772.50","2,782.00","2,767.50","","0.05%"
"04/13/2020","2,771.00","2,777.00","2,779.50","2,769.50","","-0.32%"
"04/10/2020","2,780.00","2,786.50","2,787.50","2,777.50","","-0.27%"
"04/09/2020","2,787.50","2,782.50","2,787.50","2,781.50","","0.14%"
"04/08/2020","2,783.50","2,776.50","2,787.50","2,774.50","","0.13%"
"04/07/2020","2,780.00","2,775.00","2,782.00","2,771.00","","0.16%"
"04/06/2020","2,775.50","2,777.00","2,778.00","2,774.50","","-0.18%"
"04/03/2020","2,780.50","2,777.00","2,787.00","2,773.00","","-0.16%"
"04/02/2020","2,785.00","2,778.00","2,799.50","2,755.50","","0.29%"
"04/01/2020","2,777.00","2,782.50","2,785.00","2,772.50","","-0.29%"
"03/31/2020","2,785.00","2,787.50","2,791.50","2,784.50","","0.00%"
"03/30/2020","2,785.00","2,785.00","2,786.50","2,775.00","","0.38%"
"03/27/2020","2,774.50","2,776.50","2,785.00","2,773.00","","-0.20%"
"03/26/2020","2,780.00","2,787.50","2,788.50","2,769.50","","-0.18%"
"03/25/2020","2,785.00","2,793.00","2,795.00","2,779.00","","0.22%"
"03/24/2020","2,779.00","2,783.00","2,784.00","2,777.00","","-0.04%"
"03/23/2020","2,780.00","2,780.00","2,780.00","2,780.00","","-0.18%"
"03/20/2020","2,785.00","2,772.50","2,785.00","2,767.50","","0.58%"
"03/19/2020","2,769.00","2,773.00","2,776.00","2,767.50","","-0.23%"
"03/18/2020","2,775.50","2,756.50","2,779.50","2,754.00","","0.56%"
"03/17/2020","2,760.00","2,774.00","2,775.00","2,750.00","","0.36%"
"03/16/2020","2,750.00","2,750.00","2,750.00","2,750.00","","0.00%"
"03/13/2020","2,750.00","2,750.00","2,750.00","2,750.00","","0.00%"
"03/12/2020","2,750.00","2,750.00","2,750.00","2,750.00","","0.00%"
"03/11/2020","2,750.00","2,753.50","2,754.00","2,749.50","","0.04%"
"03/10/2020","2,749.00","2,750.00","2,750.50","2,748.50","","-0.33%"
"03/09/2020","2,758.00","2,758.00","2,758.00","2,758.00","","0.00%"
"03/06/2020","2,758.00","2,756.50","2,760.00","2,754.50","","-0.07%"
"03/05/2020","2,760.00","2,750.00","2,766.00","2,747.50","","0.18%"
"03/04/2020","2,755.00","2,752.00","2,755.00","2,752.00","","0.13%"
"03/03/2020","2,751.50","2,750.00","2,775.00","2,739.50","","0.05%"
"03/02/2020","2,750.00","2,750.00","2,750.00","2,750.00","","0.00%"
"02/28/2020","2,750.00","2,750.00","2,750.00","2,750.00","","-0.36%"
"02/27/2020","2,760.00","2,772.00","2,774.00","2,758.00","","0.18%"
"02/26/2020","2,755.00","2,752.50","2,755.00","2,746.00","","0.18%"
"02/25/2020","2,750.00","2,750.00","2,750.00","2,750.00","","-0.05%"
"02/24/2020","2,751.50","2,750.00","2,755.50","2,750.00","","-0.05%"
"02/21/2020","2,753.00","2,753.00","2,753.00","2,753.00","","0.00%"
"02/20/2020","2,753.00","2,755.00","2,755.00","2,750.00","","-0.05%"
"02/19/2020","2,754.50","2,760.00","2,762.00","2,752.00","","0.53%"
"02/18/2020","2,740.00","2,748.50","2,752.00","2,739.00","","-0.44%"
"02/17/2020","2,752.00","2,752.00","2,752.00","2,752.00","","0.20%"
"02/14/2020","2,746.50","2,750.00","2,750.50","2,746.00","","0.24%"
"02/13/2020","2,740.00","2,750.00","2,750.00","2,740.00","","0.00%"
"02/12/2020","2,740.00","2,740.00","2,740.00","2,740.00","","0.00%"
"02/11/2020","2,740.00","2,740.00","2,740.00","2,740.00","","-0.05%"
"02/10/2020","2,741.50","2,745.00","2,745.50","2,741.00","","0.42%"
"02/07/2020","2,730.00","2,730.00","2,730.00","2,730.00","","-0.20%"
"02/06/2020","2,735.50","2,752.00","2,760.50","2,727.00","","-0.58%"
"02/05/2020","2,751.50","2,745.00","2,755.50","2,740.00","","0.18%"
"02/04/2020","2,746.50","2,749.50","2,751.00","2,743.50","","0.04%"
"02/03/2020","2,745.50","2,749.00","2,749.50","2,745.00","","-0.04%"
"01/31/2020","2,746.50","2,749.50","2,752.00","2,743.50","","0.05%"
"01/30/2020","2,745.00","2,751.00","2,752.50","2,742.50","","-0.18%"
"01/29/2020","2,750.00","2,742.50","2,753.50","2,742.50","","0.20%"
"01/28/2020","2,744.50","2,752.50","2,760.50","2,743.50","","-0.20%"
"01/27/2020","2,750.00","2,753.00","2,756.00","2,750.00","","-0.18%"
"01/24/2020","2,755.00","2,760.00","2,760.50","2,753.50","","-0.18%"
"01/23/2020","2,760.00","2,763.00","2,767.50","2,753.00","","0.18%"
"01/22/2020","2,755.00","2,738.50","2,765.00","2,738.50","","0.00%"
"01/21/2020","2,755.00","2,755.00","2,755.00","2,755.00","","-0.07%"
"01/20/2020","2,757.00","2,757.00","2,757.00","2,757.00","","0.57%"
"01/17/2020","2,741.50","2,741.50","2,741.50","2,741.50","","0.00%"
"01/16/2020","2,741.50","2,737.50","2,746.50","2,735.50","","0.11%"
"01/15/2020","2,738.50","2,742.50","2,748.50","2,733.50","","-0.13%"
"01/14/2020","2,742.00","2,733.50","2,748.50","2,733.50","","-0.15%"
"01/13/2020","2,746.00","2,730.00","2,746.00","2,730.00","","0.86%"
"01/10/2020","2,722.50","2,738.50","2,755.00","2,712.50","","-0.82%"
"01/09/2020","2,745.00","2,752.50","2,755.00","2,742.50","","-0.05%"
"01/08/2020","2,746.50","2,742.50","2,750.50","2,733.50","","0.20%"
"01/07/2020","2,741.00","2,728.00","2,748.00","2,727.50","","-0.02%"
"01/06/2020","2,741.50","2,738.00","2,745.50","2,734.50","","0.42%"
"01/03/2020","2,730.00","2,730.00","2,736.50","2,722.50","","0.13%"
"01/02/2020","2,726.50","2,728.00","2,731.50","2,723.00","","-0.31%"
"01/01/2020","2,735.00","2,735.00","2,735.00","2,735.00","","0.00%"
"12/31/2019","2,735.00","2,735.00","2,735.00","2,735.00","","0.07%"
"12/30/2019","2,733.00","2,731.50","2,733.00","2,731.50","","0.42%"
"12/27/2019","2,721.50","2,721.50","2,721.50","2,721.50","","0.00%"
"12/26/2019","2,721.50","2,728.00","2,729.50","2,720.00","","-0.31%"
"12/25/2019","2,730.00","2,730.00","2,730.00","2,730.00","","0.00%"
"12/24/2019","2,730.00","2,730.00","2,730.00","2,730.00","","0.31%"
"12/23/2019","2,721.50","2,725.00","2,725.50","2,721.00","","-0.13%"
"12/20/2019","2,725.00","2,721.45","2,743.40","2,721.45","","0.13%"
"12/19/2019","2,721.45","2,724.25","2,724.85","2,720.85","","-0.11%"
"12/18/2019","2,724.50","2,724.50","2,724.50","2,724.50","","0.00%"
"12/17/2019","2,724.50","2,724.50","2,724.50","2,724.50","","0.00%"
"12/16/2019","2,724.50","2,735.00","2,736.50","2,723.00","","-0.02%"
"12/13/2019","2,725.00","2,720.00","2,726.00","2,720.00","","0.37%"
"12/12/2019","2,715.00","2,719.50","2,721.00","2,715.00","","-0.17%"
"12/11/2019","2,719.50","2,720.00","2,721.00","2,718.50","","0.00%"
"12/10/2019","2,719.50","2,719.50","2,722.50","2,716.50","","0.17%"
"12/09/2019","2,715.00","2,720.50","2,729.00","2,706.50","","-0.18%"
"12/06/2019","2,720.00","2,723.50","2,728.00","2,713.00","","-0.11%"
"12/05/2019","2,723.00","2,702.50","2,723.00","2,702.50","","0.26%"
"12/04/2019","2,716.00","2,714.00","2,716.00","2,690.00","","0.24%"
"12/03/2019","2,709.50","2,690.00","2,710.00","2,690.00","","-0.11%"
"12/02/2019","2,712.50","2,693.50","2,701.00","2,690.00","","0.84%"
"11/29/2019","2,690.00","2,690.00","2,705.00","2,690.00","","-0.28%"
"11/28/2019","2,697.50","2,697.50","2,697.50","2,697.50","","0.00%"
"11/27/2019","2,697.50","2,695.00","2,697.50","2,690.00","","0.04%"
"11/26/2019","2,696.50","2,690.00","2,700.50","2,690.00","","-0.04%"
"11/25/2019","2,697.50","2,690.00","2,697.50","2,690.00","","0.09%"
"11/22/2019","2,695.00","2,697.00","2,697.00","2,690.00","","-0.19%"
"11/21/2019","2,700.00","2,690.00","2,700.00","2,690.00","","0.37%"
"11/20/2019","2,690.00","2,690.00","2,690.00","2,690.00","","-0.06%"
"11/19/2019","2,691.50","2,701.00","2,701.00","2,690.00","","-0.15%"
"11/18/2019","2,695.50","2,690.00","2,701.00","2,690.00","","-0.04%"
"11/15/2019","2,696.50","2,682.50","2,702.50","2,682.50","","0.24%"
"11/14/2019","2,690.00","2,675.00","2,690.00","2,675.00","","-0.13%"
"11/13/2019","2,693.50","2,693.50","2,693.50","2,693.50","","0.13%"
"11/12/2019","2,690.00","2,690.00","2,695.00","2,690.00","","0.00%"
"11/11/2019","2,690.00","2,695.00","2,695.00","2,685.00","","-0.19%"
"11/08/2019","2,695.00","2,690.00","2,697.50","2,688.00","","0.19%"
"11/07/2019","2,690.00","2,690.00","2,695.00","2,684.50","","-0.19%"
"11/06/2019","2,695.00","2,690.00","2,695.00","2,688.00","","0.19%"
"11/05/2019","2,690.00","2,685.00","2,690.00","2,685.00","","-0.19%"
"11/04/2019","2,695.00","2,685.00","2,695.00","2,685.00","","0.37%"
"11/01/2019","2,685.00","2,685.00","2,685.00","2,685.00","","0.00%"
"10/31/2019","2,685.00","2,665.00","2,685.00","2,665.00","","0.94%"
"10/30/2019","2,660.00","2,675.00","2,675.00","2,660.00","","-0.19%"
"10/29/2019","2,665.00","2,670.00","2,671.50","2,661.00","","-0.24%"
"10/28/2019","2,671.50","2,683.50","2,683.50","2,665.00","","-0.13%"
"10/25/2019","2,675.00","2,683.50","2,685.00","2,661.00","","0.38%"
"10/24/2019","2,665.00","2,672.50","2,683.50","2,665.00","","-0.28%"
"10/23/2019","2,672.50","2,683.50","2,684.50","2,667.50","","0.53%"
"10/22/2019","2,658.50","2,658.50","2,658.50","2,658.50","","0.00%"
"10/21/2019","2,658.50","2,683.50","2,683.50","2,655.00","","-0.06%"
"10/18/2019","2,660.00","2,683.50","2,684.00","2,660.00","","-0.02%"
"10/17/2019","2,660.50","2,675.00","2,683.50","2,659.50","","-0.73%"
"10/16/2019","2,680.00","2,683.50","2,685.00","2,670.00","","0.73%"
"10/15/2019","2,660.50","2,683.50","2,683.50","2,659.50","","-0.36%"
"10/14/2019","2,670.00","2,670.00","2,670.00","2,670.00","","0.00%"
"10/11/2019","2,670.00","2,683.50","2,684.00","2,669.50","","0.36%"
"10/10/2019","2,660.50","2,660.50","2,660.50","2,660.50","","0.00%"
"10/09/2019","2,660.50","2,683.50","2,683.50","2,659.50","","0.11%"
"10/08/2019","2,657.50","2,657.50","2,657.50","2,657.50","","0.00%"
"10/07/2019","2,657.50","2,657.00","2,657.50","2,657.00","","0.04%"
"10/04/2019","2,656.50","2,660.00","2,662.50","2,655.50","","-0.15%"
"10/03/2019","2,660.50","2,665.00","2,666.00","2,659.50","","-0.36%"
"10/02/2019","2,670.00","2,683.50","2,683.50","2,670.00","","-0.19%"
"10/01/2019","2,675.00","2,677.00","2,678.50","2,673.50","","0.00%"
"09/30/2019","2,675.00","2,670.00","2,675.00","2,670.00","","0.19%"
"09/27/2019","2,670.00","2,665.00","2,679.50","2,652.00","","0.00%"
"09/26/2019","2,670.00","2,683.50","2,683.50","2,670.00","","0.00%"
"09/25/2019","2,670.00","2,680.00","2,680.50","2,670.00","","-0.22%"
"09/24/2019","2,676.00","2,684.00","2,685.00","2,674.00","","-0.28%"
"09/23/2019","2,683.50","2,679.50","2,683.50","2,679.50","","0.21%"
"09/20/2019","2,678.00","2,678.00","2,681.00","2,675.00","","0.02%"
"09/19/2019","2,677.50","2,681.50","2,683.00","2,675.00","","-0.24%"
"09/18/2019","2,684.00","2,683.50","2,685.50","2,675.00","","0.04%"
"09/17/2019","2,683.00","2,680.00","2,683.50","2,677.50","","-0.32%"
"09/16/2019","2,691.50","2,691.00","2,691.50","2,691.00","","0.04%"
"09/13/2019","2,690.50","2,669.75","2,694.00","2,661.25","","0.26%"
"09/12/2019","2,683.50","2,672.50","2,683.50","2,670.00","","0.00%"
"09/11/2019","2,683.50","2,684.00","2,685.00","2,675.00","","0.00%"
"09/10/2019","2,683.50","2,670.50","2,695.50","2,661.50","","0.32%"
"09/09/2019","2,675.00","2,689.00","2,691.50","2,674.00","","0.19%"
"09/06/2019","2,670.00","2,670.50","2,674.00","2,666.50","","-0.15%"
"09/05/2019","2,674.00","2,671.25","2,694.50","2,665.75","","-0.37%"
"09/04/2019","2,684.00","2,690.00","2,690.50","2,680.00","","-0.26%"
"09/03/2019","2,691.00","2,691.00","2,691.50","2,691.00","","0.07%"
"09/02/2019","2,689.00","2,689.00","2,689.00","2,689.00","","0.00%"
"08/30/2019","2,689.00","2,689.00","2,689.00","2,689.00","","0.00%"
"08/29/2019","2,689.00","2,689.00","2,689.00","2,689.00","","0.00%"
"08/28/2019","2,689.00","2,689.00","2,689.00","2,689.00","","0.00%"
"08/27/2019","2,689.00","2,689.00","2,689.00","2,689.00","","0.00%"
"08/26/2019","2,689.00","2,689.00","2,689.00","2,689.00","","0.00%"
"08/23/2019","2,689.00","2,689.00","2,689.00","2,689.00","","0.00%"
"08/22/2019","2,689.00","2,689.00","2,689.00","2,689.00","","0.00%"
"08/21/2019","2,689.00","2,689.00","2,689.00","2,689.00","","-0.13%"
"08/20/2019","2,692.50","2,692.50","2,692.50","2,692.50","","0.00%"
"08/19/2019","2,692.50","2,689.00","2,692.50","2,689.00","","0.00%"
"08/16/2019","2,692.50","2,689.00","2,692.50","2,689.00","","0.07%"
"08/15/2019","2,690.50","2,690.50","2,690.50","2,690.50","","0.00%"
"08/14/2019","2,690.50","2,689.00","2,690.50","2,689.00","","0.06%"
"08/13/2019","2,689.00","2,684.50","2,689.00","2,684.50","","0.11%"
"08/12/2019","2,686.00","2,684.50","2,686.50","2,677.50","","-0.02%"
"08/09/2019","2,686.50","2,670.00","2,686.50","2,670.00","","0.84%"
"08/08/2019","2,664.00","2,672.50","2,684.50","2,658.00","","-0.60%"
"08/07/2019","2,680.00","2,681.50","2,681.50","2,673.00","","0.56%"
"08/06/2019","2,665.00","2,681.50","2,681.50","2,653.00","","-0.09%"
"08/05/2019","2,667.50","2,681.50","2,684.00","2,655.50","","-0.37%"
"08/02/2019","2,677.50","2,672.50","2,682.50","2,670.00","","-0.17%"
"08/01/2019","2,682.00","2,672.50","2,682.00","2,672.50","","-0.13%"
"07/31/2019","2,685.50","2,672.50","2,685.50","2,672.50","","0.07%"
"07/30/2019","2,683.50","2,672.50","2,683.50","2,672.50","","0.17%"
"07/29/2019","2,679.00","2,670.00","2,679.00","2,667.50","","0.15%"
"07/26/2019","2,675.00","2,678.50","2,682.50","2,674.50","","-0.11%"
"07/25/2019","2,678.00","2,672.50","2,678.00","2,670.00","","-0.24%"
"07/24/2019","2,684.50","2,672.50","2,684.50","2,672.50","","0.04%"
"07/23/2019","2,683.50","2,672.50","2,683.50","2,672.50","","0.13%"
"07/22/2019","2,680.00","2,672.50","2,681.50","2,672.50","","0.07%"
"07/19/2019","2,678.00","2,672.50","2,679.00","2,667.50","","0.13%"
"07/18/2019","2,674.50","2,672.50","2,678.00","2,667.50","","0.17%"
"07/17/2019","2,670.00","2,672.50","2,676.50","2,665.00","","-0.22%"
"07/16/2019","2,676.00","2,670.00","2,676.00","2,665.00","","0.34%"
"07/15/2019","2,667.00","2,672.50","2,675.00","2,665.00","","-0.11%"
"07/12/2019","2,670.00","2,660.00","2,670.00","2,660.00","","0.38%"
"07/11/2019","2,660.00","2,667.50","2,670.00","2,660.00","","-0.47%"
"07/10/2019","2,672.50","2,667.50","2,675.00","2,665.00","","0.00%"
"07/09/2019","2,672.50","2,670.00","2,672.50","2,670.00","","-0.09%"
"07/08/2019","2,675.00","2,672.50","2,675.00","2,667.50","","0.38%"
"07/05/2019","2,665.00","2,665.00","2,665.00","2,665.00","","0.00%"
"07/04/2019","2,665.00","2,665.00","2,665.00","2,665.00","","0.00%"
"07/03/2019","2,665.00","2,657.50","2,675.00","2,647.50","","-0.28%"
"07/02/2019","2,672.50","2,665.00","2,672.50","2,665.00","","-0.09%"
"07/01/2019","2,675.00","2,653.00","2,675.00","2,653.00","","0.38%"
"06/28/2019","2,665.00","2,670.00","2,670.00","2,665.00","","-0.19%"
"06/27/2019","2,670.00","2,670.00","2,670.00","2,670.00","","-0.11%"
"06/26/2019","2,673.00","2,653.00","2,673.00","2,653.00","","0.00%"
"06/25/2019","2,673.00","2,653.00","2,673.00","2,653.00","","0.00%"
"06/24/2019","2,673.00","2,653.00","2,673.00","2,653.00","","0.00%"
"06/21/2019","2,673.00","2,666.00","2,673.00","2,665.50","","0.38%"
"06/20/2019","2,663.00","2,673.00","2,673.00","2,653.00","","-0.39%"
"06/19/2019","2,673.50","2,665.00","2,673.50","2,653.00","","0.32%"
"06/18/2019","2,665.00","2,662.50","2,670.00","2,653.00","","-0.04%"
"06/17/2019","2,666.00","2,653.00","2,666.00","2,653.00","","-0.28%"
"06/14/2019","2,673.50","2,670.00","2,673.50","2,670.00","","0.19%"
"06/13/2019","2,668.50","2,663.50","2,668.50","2,660.00","","0.70%"
"06/12/2019","2,650.00","2,650.00","2,650.00","2,650.00","","-0.11%"
"06/11/2019","2,653.00","2,653.00","2,653.00","2,653.00","","0.00%"
"06/10/2019","2,653.00","2,650.50","2,653.00","2,647.50","","0.09%"
"06/07/2019","2,650.50","2,651.50","2,651.50","2,650.50","","0.00%"
"06/06/2019","2,650.50","2,653.00","2,653.00","2,644.50","","0.11%"
"06/05/2019","2,647.50","2,646.00","2,648.00","2,646.00","","-0.13%"
"06/04/2019","2,651.00","2,646.00","2,653.50","2,646.00","","-0.39%"
"06/03/2019","2,661.50","2,646.00","2,662.50","2,646.00","","0.21%"
"05/31/2019","2,656.00","2,648.50","2,660.50","2,634.00","","0.19%"
"05/30/2019","2,651.00","2,645.00","2,652.00","2,645.00","","0.04%"
"05/29/2019","2,650.00","2,644.00","2,655.00","2,637.50","","0.19%"
"05/28/2019","2,645.00","2,646.00","2,651.50","2,640.50","","-0.40%"
"05/27/2019","2,655.50","2,655.50","2,655.50","2,655.50","","0.00%"
"05/24/2019","2,655.50","2,646.00","2,655.50","2,646.00","","0.00%"
"05/23/2019","2,655.50","2,646.00","2,658.00","2,646.00","","0.00%"
"05/22/2019","2,655.50","2,646.00","2,659.50","2,633.00","","0.40%"
"05/21/2019","2,645.00","2,645.00","2,645.00","2,645.00","","0.00%"
"05/20/2019","2,645.00","2,646.00","2,646.00","2,645.00","","-0.02%"
"05/17/2019","2,645.50","2,645.50","2,646.00","2,645.50","","0.00%"
"05/16/2019","2,645.50","2,643.50","2,649.50","2,643.50","","-0.06%"
"05/15/2019","2,647.00","2,647.00","2,654.50","2,640.00","","-0.09%"
"05/14/2019","2,649.50","2,649.50","2,652.00","2,647.00","","-0.02%"
"05/13/2019","2,650.00","2,647.00","2,652.50","2,647.00","","0.11%"
"05/10/2019","2,647.00","2,648.50","2,650.00","2,638.50","","0.08%"
"05/09/2019","2,645.00","2,641.00","2,650.00","2,638.50","","0.19%"
"05/08/2019","2,640.00","2,643.50","2,646.00","2,637.50","","0.00%"
"05/07/2019","2,640.00","2,645.50","2,649.50","2,638.50","","-0.09%"
"05/06/2019","2,642.50","2,639.00","2,642.50","2,639.00","","0.06%"
"05/03/2019","2,641.00","2,645.50","2,646.50","2,640.00","","-0.17%"
"05/02/2019","2,645.50","2,648.50","2,648.50","2,640.50","","0.11%"
"05/01/2019","2,642.50","2,644.50","2,644.50","2,642.50","","0.02%"
"04/30/2019","2,642.00","2,648.50","2,648.50","2,642.00","","0.00%"
"04/29/2019","2,642.00","2,640.00","2,642.00","2,640.00","","0.08%"
"04/26/2019","2,640.00","2,640.50","2,640.50","2,639.00","","-0.02%"
"04/25/2019","2,640.50","2,639.50","2,640.50","2,637.00","","0.04%"
"04/24/2019","2,639.50","2,640.00","2,642.50","2,637.00","","-0.04%"
"04/23/2019","2,640.50","2,643.50","2,644.00","2,631.00","","0.08%"
"04/22/2019","2,638.50","2,633.00","2,639.00","2,631.00","","0.32%"
"04/19/2019","2,630.00","2,633.00","2,633.00","2,630.00","","-0.11%"
"04/18/2019","2,633.00","2,635.50","2,639.00","2,629.00","","0.00%"
"04/17/2019","2,633.00","2,633.00","2,637.00","2,629.00","","-0.02%"
"04/16/2019","2,633.50","2,637.50","2,637.50","2,630.50","","0.00%"
"04/15/2019","2,633.50","2,631.50","2,639.50","2,625.00","","0.13%"
"04/12/2019","2,630.00","2,635.00","2,635.00","2,628.50","","0.08%"
"04/11/2019","2,628.00","2,626.50","2,630.00","2,626.50","","0.02%"
"04/10/2019","2,627.50","2,630.00","2,631.00","2,625.00","","-0.11%"
"04/09/2019","2,630.50","2,630.50","2,640.00","2,621.50","","0.02%"
"04/08/2019","2,630.00","2,630.50","2,639.00","2,621.50","","0.19%"
"04/05/2019","2,625.00","2,630.00","2,632.00","2,622.50","","-0.27%"
"04/04/2019","2,632.00","2,630.75","2,639.00","2,621.75","","0.02%"
"04/03/2019","2,631.50","2,636.50","2,636.50","2,629.50","","0.08%"
"04/02/2019","2,629.50","2,631.00","2,639.50","2,621.00","","0.00%"
"04/01/2019","2,629.50","2,633.50","2,634.00","2,627.50","","0.06%"
"03/29/2019","2,628.00","2,630.00","2,637.50","2,625.00","","-0.02%"
"03/28/2019","2,628.50","2,630.00","2,634.00","2,628.50","","-0.02%"
"03/27/2019","2,629.00","2,629.75","2,636.00","2,622.25","","0.00%"
"03/26/2019","2,629.00","2,630.00","2,631.00","2,628.50","","-0.02%"
"03/25/2019","2,629.50","2,630.00","2,633.50","2,627.00","","-0.02%"
"03/22/2019","2,630.00","2,633.50","2,635.00","2,629.50","","-0.06%"
"03/21/2019","2,631.50","2,631.00","2,640.00","2,624.50","","0.08%"
"03/20/2019","2,629.50","2,631.00","2,640.00","2,623.50","","-0.09%"
"03/19/2019","2,632.00","2,630.00","2,637.00","2,623.50","","0.06%"
"03/18/2019","2,630.50","2,630.00","2,638.00","2,623.00","","-0.08%"
"03/15/2019","2,632.50","2,630.00","2,638.50","2,624.00","","0.06%"
"03/14/2019","2,631.00","2,630.00","2,639.50","2,623.00","","0.00%"
"03/13/2019","2,631.00","2,630.00","2,639.50","2,624.75","","-0.04%"
"03/12/2019","2,632.00","2,630.00","2,639.00","2,625.00","","-0.08%"
"03/11/2019","2,634.00","2,633.00","2,637.00","2,628.50","","0.02%"
"03/08/2019","2,633.50","2,633.50","2,633.50","2,633.50","","0.00%"
"03/07/2019","2,633.50","2,633.50","2,635.50","2,632.50","","0.10%"
"03/06/2019","2,631.00","2,632.00","2,633.00","2,629.50","","-0.11%"
"03/05/2019","2,634.00","2,633.00","2,637.50","2,629.50","","-0.02%"
"03/04/2019","2,634.50","2,629.00","2,639.50","2,625.50","","-0.02%"
"03/01/2019","2,635.00","2,632.50","2,638.50","2,629.50","","0.06%"
"02/28/2019","2,633.50","2,633.50","2,636.00","2,631.00","","-0.06%"
"02/27/2019","2,635.00","2,633.50","2,642.50","2,627.50","","0.00%"
"02/26/2019","2,635.00","2,633.50","2,645.00","2,623.50","","0.27%"
"02/25/2019","2,628.00","2,633.50","2,638.00","2,627.00","","-0.45%"
"02/22/2019","2,640.00","2,632.50","2,643.50","2,632.50","","0.15%"
"02/21/2019","2,636.00","2,632.50","2,646.00","2,623.50","","0.04%"
"02/20/2019","2,635.00","2,637.00","2,644.50","2,625.50","","-0.15%"
"02/19/2019","2,639.00","2,639.00","2,639.00","2,639.00","","0.34%"
"02/18/2019","2,630.00","2,630.00","2,630.00","2,630.00","","-0.08%"
"02/15/2019","2,632.00","2,630.00","2,639.00","2,622.50","","-0.02%"
"02/14/2019","2,632.50","2,630.00","2,640.50","2,622.00","","0.10%"
"02/13/2019","2,630.00","2,635.50","2,636.50","2,630.00","","0.00%"
"02/12/2019","2,630.00","2,630.50","2,631.00","2,629.00","","-0.04%"
"02/11/2019","2,631.00","2,637.50","2,637.50","2,630.00","","-0.08%"
"02/08/2019","2,633.00","2,631.50","2,633.00","2,628.00","","0.19%"
"02/07/2019","2,628.00","2,625.50","2,630.50","2,624.50","","-0.10%"
"02/06/2019","2,630.50","2,625.00","2,631.50","2,625.00","","0.02%"
"02/05/2019","2,630.00","2,627.50","2,632.50","2,625.50","","0.06%"
"02/04/2019","2,628.50","2,627.00","2,630.50","2,626.50","","0.06%"
"02/01/2019","2,627.00","2,630.50","2,630.50","2,625.00","","0.00%"
"01/31/2019","2,627.00","2,629.50","2,632.50","2,624.00","","-0.04%"
"01/30/2019","2,628.00","2,629.50","2,632.50","2,625.00","","-0.08%"
"01/29/2019","2,630.00","2,630.00","2,635.50","2,624.50","","-0.15%"
"01/28/2019","2,634.00","2,629.00","2,638.50","2,624.00","","0.00%"
"01/25/2019","2,634.00","2,635.50","2,654.00","2,631.50","","-0.08%"
"01/24/2019","2,636.00","2,640.00","2,645.00","2,632.50","","-0.11%"
"01/23/2019","2,639.00","2,646.50","2,646.50","2,635.50","","-0.30%"
"01/22/2019","2,647.00","2,646.00","2,658.00","2,639.00","","-0.11%"
"01/21/2019","2,650.00","2,650.00","2,650.00","2,650.00","","0.00%"
"01/18/2019","2,650.00","2,649.50","2,659.50","2,644.00","","-0.19%"
"01/17/2019","2,655.00","2,661.50","2,661.50","2,655.00","","-0.08%"
"01/16/2019","2,657.00","2,662.50","2,665.00","2,654.50","","-0.23%"
"01/15/2019","2,663.00","2,662.50","2,669.00","2,655.50","","-0.02%"
"01/14/2019","2,663.50","2,665.00","2,667.50","2,661.50","","0.00%"
"01/11/2019","2,663.50","2,664.50","2,666.00","2,663.50","","-0.06%"
"01/10/2019","2,665.00","2,666.50","2,668.00","2,660.50","","0.26%"
"01/09/2019","2,658.00","2,658.50","2,666.00","2,656.50","","-0.08%"
"01/08/2019","2,660.00","2,658.50","2,663.00","2,650.50","","0.26%"
"01/07/2019","2,653.00","2,636.50","2,657.00","2,636.50","","0.17%"
"01/04/2019","2,648.50","2,636.50","2,650.00","2,634.00","","0.28%"
"01/03/2019","2,641.00","2,643.50","2,643.50","2,641.00","","-0.15%"
"01/02/2019","2,645.00","2,643.50","2,648.00","2,641.00","","0.00%"
"01/01/2019","2,645.00","2,645.00","2,645.00","2,645.00","","0.19%"