"Date","Price","Open","High","Low","Vol.","Change %"
"12/31/2025","2,381.78","2,381.78","2,381.78","2,381.78","","0.16%"
"12/30/2025","2,377.90","2,377.90","2,377.90","2,377.90","","-0.14%"
"12/29/2025","2,381.23","2,381.23","2,381.23","2,381.23","","0.30%"
"12/26/2025","2,374.15","2,374.15","2,374.15","2,374.15","","0.11%"
"12/24/2025","2,371.46","2,371.46","2,371.46","2,371.46","","0.03%"
"12/23/2025","2,370.81","2,370.81","2,370.81","2,370.81","","0.03%"
"12/22/2025","2,370.19","2,370.19","2,370.19","2,370.19","","0.18%"
"12/19/2025","2,366.04","2,366.04","2,366.04","2,366.04","","0.17%"
"12/18/2025","2,362.13","2,362.13","2,362.13","2,362.13","","-0.47%"
"12/17/2025","2,373.24","2,373.24","2,373.24","2,373.24","","-0.05%"
"12/16/2025","2,374.44","2,374.44","2,374.44","2,374.44","","0.00%"
"12/15/2025","2,374.36","2,374.36","2,374.36","2,374.36","","-0.01%"
"12/12/2025","2,374.59","2,374.59","2,374.59","2,374.59","","-0.34%"
"12/11/2025","2,382.70","2,382.70","2,382.70","2,382.70","","-0.05%"
"12/10/2025","2,383.91","2,383.91","2,383.91","2,383.91","","-0.52%"
"12/09/2025","2,396.47","2,396.47","2,396.47","2,396.47","","-0.01%"
"12/08/2025","2,396.61","2,396.61","2,396.61","2,396.61","","-0.60%"
"12/05/2025","2,411.03","2,411.03","2,411.03","2,411.03","","0.18%"
"12/04/2025","2,406.81","2,406.81","2,406.81","2,406.81","","-0.23%"
"12/03/2025","2,412.33","2,412.33","2,412.33","2,412.33","","0.59%"
"12/02/2025","2,398.22","2,398.22","2,398.22","2,398.22","","0.21%"
"12/01/2025","2,393.23","2,393.23","2,393.23","2,393.23","","0.18%"
"11/28/2025","2,388.84","2,388.84","2,388.84","2,388.84","","-0.21%"
"11/27/2025","2,393.77","2,393.77","2,393.77","2,393.77","","-0.04%"
"11/26/2025","2,394.69","2,394.69","2,394.69","2,394.69","","-0.36%"
"11/25/2025","2,403.42","2,403.42","2,403.42","2,403.42","","0.17%"
"11/24/2025","2,399.35","2,399.35","2,399.35","2,399.35","","0.04%"
"11/21/2025","2,398.38","2,398.38","2,398.38","2,398.38","","-0.02%"
"11/20/2025","2,398.80","2,398.80","2,398.80","2,398.80","","-0.78%"
"11/19/2025","2,417.69","2,417.69","2,417.69","2,417.69","","-1.32%"
"11/18/2025","2,450.00","2,450.00","2,450.00","2,450.00","","-0.04%"
"11/17/2025","2,451.01","2,451.01","2,451.01","2,451.01","","0.03%"
"11/14/2025","2,450.19","2,450.19","2,450.19","2,450.19","","0.05%"
"11/13/2025","2,448.94","2,448.94","2,448.94","2,448.94","","0.00%"
"11/12/2025","2,448.94","2,448.94","2,448.94","2,448.94","","0.43%"
"11/11/2025","2,438.41","2,438.41","2,438.41","2,438.41","","0.01%"
"11/10/2025","2,438.16","2,438.16","2,438.16","2,438.16","","-0.22%"
"11/07/2025","2,443.54","2,443.54","2,443.54","2,443.54","","0.05%"
"11/06/2025","2,442.24","2,442.24","2,442.24","2,442.24","","-0.11%"
"11/05/2025","2,444.89","2,444.89","2,444.89","2,444.89","","-0.41%"
"11/04/2025","2,454.86","2,454.86","2,454.86","2,454.86","","-0.20%"
"11/03/2025","2,459.76","2,459.76","2,459.76","2,459.76","","-0.37%"
"10/31/2025","2,469.01","2,469.01","2,469.01","2,469.01","","0.22%"
"10/30/2025","2,463.68","2,463.68","2,463.68","2,463.68","","-0.19%"
"10/29/2025","2,468.45","2,468.45","2,468.45","2,468.45","","0.12%"
"10/28/2025","2,465.47","2,465.47","2,465.47","2,465.47","","0.31%"
"10/27/2025","2,457.79","2,457.79","2,457.79","2,457.79","","-0.44%"
"10/24/2025","2,468.70","2,468.70","2,468.70","2,468.70","","-0.16%"
"10/23/2025","2,472.72","2,472.72","2,472.72","2,472.72","","-0.15%"
"10/22/2025","2,476.35","2,476.35","2,476.35","2,476.35","","-0.05%"
"10/21/2025","2,477.65","2,477.65","2,477.65","2,477.65","","0.13%"
"10/17/2025","2,474.42","2,474.42","2,474.42","2,474.42","","0.11%"
"10/16/2025","2,471.73","2,471.73","2,471.73","2,471.73","","-0.16%"
"10/15/2025","2,475.65","2,475.65","2,475.65","2,475.65","","0.01%"
"10/14/2025","2,475.41","2,475.41","2,475.41","2,475.41","","-0.07%"
"10/13/2025","2,477.13","2,477.13","2,477.13","2,477.13","","-0.10%"
"10/10/2025","2,479.54","2,479.54","2,479.54","2,479.54","","0.07%"
"10/09/2025","2,477.73","2,477.73","2,477.73","2,477.73","","-0.21%"
"10/08/2025","2,482.99","2,482.99","2,482.99","2,482.99","","0.05%"
"10/07/2025","2,481.81","2,481.81","2,481.81","2,481.81","","-0.07%"
"10/06/2025","2,483.61","2,483.61","2,483.61","2,483.61","","0.06%"
"10/03/2025","2,482.03","2,482.03","2,482.03","2,482.03","","0.45%"
"10/02/2025","2,470.81","2,470.81","2,470.81","2,470.81","","0.28%"
"10/01/2025","2,463.96","2,463.96","2,463.96","2,463.96","","0.11%"
"09/30/2025","2,461.24","2,461.24","2,461.24","2,461.24","","-0.02%"
"09/29/2025","2,461.67","2,461.67","2,461.67","2,461.67","","0.10%"
"09/26/2025","2,459.15","2,459.15","2,459.15","2,459.15","","0.03%"
"09/25/2025","2,458.49","2,458.49","2,458.49","2,458.49","","0.09%"
"09/24/2025","2,456.36","2,456.36","2,456.36","2,456.36","","0.01%"
"09/23/2025","2,456.23","2,456.23","2,456.23","2,456.23","","0.05%"
"09/22/2025","2,454.88","2,454.88","2,454.88","2,454.88","","-0.38%"
"09/19/2025","2,464.23","2,464.23","2,464.23","2,464.23","","-0.36%"
"09/18/2025","2,473.16","2,473.16","2,473.16","2,473.16","","-0.23%"
"09/17/2025","2,478.81","2,478.81","2,478.81","2,478.81","","0.06%"
"09/16/2025","2,477.30","2,477.30","2,477.30","2,477.30","","0.47%"
"09/15/2025","2,465.80","2,465.80","2,465.80","2,465.80","","0.24%"
"09/12/2025","2,459.89","2,459.89","2,459.89","2,459.89","","0.31%"
"09/11/2025","2,452.24","2,452.24","2,452.24","2,452.24","","0.04%"
"09/10/2025","2,451.24","2,451.24","2,451.24","2,451.24","","0.36%"
"09/09/2025","2,442.54","2,442.54","2,442.54","2,442.54","","0.04%"
"09/08/2025","2,441.50","2,441.50","2,441.50","2,441.50","","0.01%"
"09/05/2025","2,441.31","2,441.31","2,441.31","2,441.31","","0.11%"
"09/04/2025","2,438.56","2,438.56","2,438.56","2,438.56","","-0.04%"
"09/03/2025","2,439.60","2,439.60","2,439.60","2,439.60","","-0.03%"
"09/02/2025","2,440.37","2,440.37","2,440.37","2,440.37","","-0.10%"
"09/01/2025","2,442.78","2,442.78","2,442.78","2,442.78","","-0.20%"
"08/29/2025","2,447.79","2,447.79","2,447.79","2,447.79","","0.14%"
"08/27/2025","2,444.25","2,444.25","2,444.25","2,444.25","","-0.32%"
"08/26/2025","2,452.20","2,452.20","2,452.20","2,452.20","","-0.30%"
"08/25/2025","2,459.64","2,459.64","2,459.64","2,459.64","","-0.05%"
"08/22/2025","2,460.91","2,460.91","2,460.91","2,460.91","","0.07%"
"08/21/2025","2,459.25","2,459.25","2,459.25","2,459.25","","0.07%"
"08/20/2025","2,457.50","2,457.50","2,457.50","2,457.50","","0.05%"
"08/19/2025","2,456.35","2,456.35","2,456.35","2,456.35","","0.19%"
"08/18/2025","2,451.60","2,451.60","2,451.60","2,451.60","","0.21%"
"08/15/2025","2,446.57","2,446.57","2,446.57","2,446.57","","0.35%"
"08/14/2025","2,438.08","2,438.08","2,438.08","2,438.08","","0.31%"
"08/13/2025","2,430.56","2,430.56","2,430.56","2,430.56","","0.10%"
"08/12/2025","2,428.09","2,428.09","2,428.09","2,428.09","","-0.12%"
"08/11/2025","2,430.97","2,430.97","2,430.97","2,430.97","","-0.23%"
"08/08/2025","2,436.49","2,436.49","2,436.49","2,436.49","","0.05%"
"08/07/2025","2,435.27","2,435.27","2,435.27","2,435.27","","0.11%"
"08/06/2025","2,432.48","2,432.48","2,432.48","2,432.48","","0.21%"
"08/05/2025","2,427.42","2,427.42","2,427.42","2,427.42","","0.06%"
"08/04/2025","2,426.05","2,426.05","2,426.05","2,426.05","","0.06%"
"08/01/2025","2,424.51","2,424.51","2,424.51","2,424.51","","-0.14%"
"07/31/2025","2,427.89","2,427.89","2,427.89","2,427.89","","0.12%"
"07/30/2025","2,425.07","2,425.07","2,425.07","2,425.07","","0.53%"
"07/29/2025","2,412.39","2,412.39","2,412.39","2,412.39","","0.29%"
"07/28/2025","2,405.43","2,405.43","2,405.43","2,405.43","","0.30%"
"07/25/2025","2,398.23","2,398.23","2,398.23","2,398.23","","0.40%"
"07/24/2025","2,388.64","2,388.64","2,388.64","2,388.64","","0.65%"
"07/23/2025","2,373.25","2,373.25","2,373.25","2,373.25","","0.44%"
"07/22/2025","2,362.85","2,362.85","2,362.85","2,362.85","","0.27%"
"07/21/2025","2,356.51","2,356.51","2,356.51","2,356.51","","-0.19%"
"07/18/2025","2,361.01","2,361.01","2,361.01","2,361.01","","0.04%"
"07/17/2025","2,360.09","2,360.09","2,360.09","2,360.09","","0.04%"
"07/16/2025","2,359.24","2,359.24","2,359.24","2,359.24","","0.03%"
"07/15/2025","2,358.51","2,358.51","2,358.51","2,358.51","","-0.36%"
"07/14/2025","2,367.11","2,367.11","2,367.11","2,367.11","","-0.05%"
"07/11/2025","2,368.39","2,368.39","2,368.39","2,368.39","","0.43%"
"07/10/2025","2,358.14","2,358.14","2,358.14","2,358.14","","0.77%"
"07/09/2025","2,340.09","2,340.09","2,340.09","2,340.09","","-0.27%"
"07/08/2025","2,346.52","2,346.52","2,346.52","2,346.52","","-0.13%"
"07/07/2025","2,349.47","2,349.47","2,349.47","2,349.47","","0.16%"
"07/04/2025","2,345.81","2,345.81","2,345.81","2,345.81","","0.13%"
"07/03/2025","2,342.85","2,342.85","2,342.85","2,342.85","","0.06%"
"07/02/2025","2,341.46","2,341.46","2,341.46","2,341.46","","0.74%"
"07/01/2025","2,324.25","2,324.25","2,324.25","2,324.25","","0.66%"
"06/30/2025","2,309.00","2,309.00","2,309.00","2,309.00","","0.07%"
"06/27/2025","2,307.35","2,307.35","2,307.35","2,307.35","","0.09%"
"06/26/2025","2,305.17","2,305.17","2,305.17","2,305.17","","0.18%"
"06/25/2025","2,301.04","2,301.04","2,301.04","2,301.04","","0.75%"
"06/24/2025","2,283.84","2,283.84","2,283.84","2,283.84","","0.08%"
"06/23/2025","2,282.02","2,282.02","2,282.02","2,282.02","","-0.42%"
"06/20/2025","2,291.73","2,291.73","2,291.73","2,291.73","","0.01%"
"06/19/2025","2,291.49","2,291.49","2,291.49","2,291.49","","0.15%"
"06/18/2025","2,288.13","2,288.13","2,288.13","2,288.13","","-0.11%"
"06/17/2025","2,290.63","2,290.63","2,290.63","2,290.63","","0.12%"
"06/16/2025","2,287.90","2,287.90","2,287.90","2,287.90","","-0.36%"
"06/13/2025","2,296.28","2,296.28","2,296.28","2,296.28","","-0.76%"
"06/12/2025","2,313.93","2,313.93","2,313.93","2,313.93","","-1.20%"
"06/11/2025","2,342.07","2,342.07","2,342.07","2,342.07","","-0.64%"
"06/10/2025","2,357.11","2,357.11","2,357.11","2,357.11","","-0.56%"
"06/09/2025","2,370.39","2,370.39","2,370.39","2,370.39","","-1.16%"
"06/06/2025","2,398.09","2,398.09","2,398.09","2,398.09","","-0.99%"
"06/05/2025","2,422.14","2,422.14","2,422.14","2,422.14","","0.10%"
"06/04/2025","2,419.61","2,419.61","2,419.61","2,419.61","","0.03%"
"06/03/2025","2,418.83","2,418.83","2,418.83","2,418.83","","0.04%"
"06/02/2025","2,417.98","2,417.98","2,417.98","2,417.98","","0.15%"
"05/30/2025","2,414.41","2,414.41","2,414.41","2,414.41","","0.05%"
"05/29/2025","2,413.32","2,413.32","2,413.32","2,413.32","","0.24%"
"05/28/2025","2,407.59","2,407.59","2,407.59","2,407.59","","-0.29%"
"05/27/2025","2,414.60","2,414.60","2,414.60","2,414.60","","0.11%"
"05/26/2025","2,411.88","2,411.88","2,411.88","2,411.88","","-0.25%"
"05/23/2025","2,417.82","2,417.82","2,417.82","2,417.82","","0.19%"
"05/22/2025","2,413.31","2,413.31","2,413.31","2,413.31","","-0.14%"
"05/21/2025","2,416.77","2,416.77","2,416.77","2,416.77","","-0.22%"
"05/20/2025","2,422.12","2,422.12","2,422.12","2,422.12","","-0.41%"
"05/19/2025","2,431.97","2,431.97","2,431.97","2,431.97","","0.17%"
"05/16/2025","2,427.91","2,427.91","2,427.91","2,427.91","","0.13%"
"05/15/2025","2,424.83","2,424.83","2,424.83","2,424.83","","0.39%"
"05/14/2025","2,415.48","2,415.48","2,415.48","2,415.48","","-0.06%"
"05/13/2025","2,417.05","2,417.05","2,417.05","2,417.05","","-0.05%"
"05/12/2025","2,418.36","2,418.36","2,418.36","2,418.36","","0.65%"
"05/09/2025","2,402.84","2,402.84","2,402.84","2,402.84","","0.08%"
"05/08/2025","2,400.85","2,400.85","2,400.85","2,400.85","","0.49%"
"05/07/2025","2,389.24","2,389.24","2,389.24","2,389.24","","-0.09%"
"05/06/2025","2,391.33","2,391.33","2,391.33","2,391.33","","0.61%"
"05/05/2025","2,376.82","2,376.82","2,376.82","2,376.82","","0.28%"
"05/02/2025","2,370.30","2,370.30","2,370.30","2,370.30","","0.21%"
"04/30/2025","2,365.36","2,365.36","2,365.36","2,365.36","","-0.01%"
"04/29/2025","2,365.64","2,365.64","2,365.64","2,365.64","","0.08%"
"04/28/2025","2,363.76","2,363.76","2,363.76","2,363.76","","-0.45%"
"04/25/2025","2,374.50","2,374.50","2,374.50","2,374.50","","-0.45%"
"04/24/2025","2,385.17","2,385.17","2,385.17","2,385.17","","-0.29%"
"04/23/2025","2,392.04","2,392.04","2,392.04","2,392.04","","-0.57%"
"04/22/2025","2,405.75","2,405.75","2,405.75","2,405.75","","2.26%"
"04/21/2025","2,352.54","2,352.54","2,352.54","2,352.54","","0.01%"
"04/18/2025","2,352.25","2,352.25","2,352.25","2,352.25","","-0.38%"
"04/17/2025","2,361.15","2,361.15","2,361.15","2,361.15","","0.04%"
"04/16/2025","2,360.25","2,360.25","2,360.25","2,360.25","","-0.43%"
"04/15/2025","2,370.47","2,370.47","2,370.47","2,370.47","","-0.80%"
"04/14/2025","2,389.63","2,389.63","2,389.63","2,389.63","","-0.55%"
"04/11/2025","2,402.89","2,402.89","2,402.89","2,402.89","","0.34%"
"04/10/2025","2,394.72","2,394.72","2,394.72","2,394.72","","1.61%"
"04/09/2025","2,356.86","2,356.86","2,356.86","2,356.86","","-1.67%"
"04/08/2025","2,396.83","2,396.83","2,396.83","2,396.83","","1.66%"
"04/07/2025","2,357.73","2,357.73","2,357.73","2,357.73","","-4.49%"
"04/04/2025","2,468.49","2,468.49","2,468.49","2,468.49","","-0.56%"
"04/03/2025","2,482.31","2,482.31","2,482.31","2,482.31","","-0.11%"
"04/02/2025","2,484.93","2,484.93","2,484.93","2,484.93","","-0.07%"
"03/31/2025","2,486.61","2,486.61","2,486.61","2,486.61","","-0.01%"
"03/28/2025","2,486.75","2,486.75","2,486.75","2,486.75","","0.60%"
"03/27/2025","2,471.92","2,471.92","2,471.92","2,471.92","","0.29%"
"03/26/2025","2,464.70","2,464.70","2,464.70","2,464.70","","0.17%"
"03/25/2025","2,460.40","2,460.40","2,460.40","2,460.40","","0.21%"
"03/24/2025","2,455.13","2,455.13","2,455.13","2,455.13","","0.20%"
"03/21/2025","2,450.31","2,450.31","2,450.31","2,450.31","","0.17%"
"03/20/2025","2,446.03","2,446.03","2,446.03","2,446.03","","-0.59%"
"03/19/2025","2,460.45","2,460.45","2,460.45","2,460.45","","-0.17%"
"03/18/2025","2,464.76","2,464.76","2,464.76","2,464.76","","-0.03%"
"03/17/2025","2,465.38","2,465.38","2,465.38","2,465.38","","-0.90%"
"03/14/2025","2,487.65","2,487.65","2,487.65","2,487.65","","-0.25%"
"03/13/2025","2,493.93","2,493.93","2,493.93","2,493.93","","-0.50%"
"03/11/2025","2,506.35","2,506.35","2,506.35","2,506.35","","-0.49%"
"03/10/2025","2,518.72","2,518.72","2,518.72","2,518.72","","-0.10%"
"03/07/2025","2,521.29","2,521.29","2,521.29","2,521.29","","-0.22%"
"03/06/2025","2,526.87","2,526.87","2,526.87","2,526.87","","0.10%"
"03/05/2025","2,524.36","2,524.36","2,524.36","2,524.36","","-0.02%"
"03/04/2025","2,524.76","2,524.76","2,524.76","2,524.76","","-0.00%"
"03/03/2025","2,524.79","2,524.79","2,524.79","2,524.79","","-0.19%"
"02/28/2025","2,529.71","2,529.71","2,529.71","2,529.71","","0.29%"
"02/25/2025","2,522.33","2,522.33","2,522.33","2,522.33","","0.19%"
"02/24/2025","2,517.67","2,517.67","2,517.67","2,517.67","","-0.13%"
"02/21/2025","2,520.93","2,520.93","2,520.93","2,520.93","","0.07%"
"02/20/2025","2,519.13","2,519.13","2,519.13","2,519.13","","-0.36%"
"02/19/2025","2,528.30","2,528.30","2,528.30","2,528.30","","-0.06%"
"02/18/2025","2,529.84","2,529.84","2,529.84","2,529.84","","0.08%"
"02/17/2025","2,527.91","2,527.91","2,527.91","2,527.91","","0.21%"
"02/14/2025","2,522.73","2,522.73","2,522.73","2,522.73","","-0.03%"
"02/13/2025","2,523.38","2,523.38","2,523.38","2,523.38","","-0.16%"
"02/12/2025","2,527.42","2,527.42","2,527.42","2,527.42","","0.44%"
"02/10/2025","2,516.32","2,516.32","2,516.32","2,516.32","","0.14%"
"02/07/2025","2,512.78","2,512.78","2,512.78","2,512.78","","0.01%"
"02/06/2025","2,512.65","2,512.65","2,512.65","2,512.65","","-0.26%"
"02/05/2025","2,519.23","2,519.23","2,519.23","2,519.23","","0.42%"
"02/04/2025","2,508.62","2,508.62","2,508.62","2,508.62","","0.01%"
"02/03/2025","2,508.38","2,508.38","2,508.38","2,508.38","","-0.07%"
"01/31/2025","2,510.23","2,510.23","2,510.23","2,510.23","","-0.13%"
"01/30/2025","2,513.39","2,513.39","2,513.39","2,513.39","","0.05%"
"01/28/2025","2,512.25","2,512.25","2,512.25","2,512.25","","0.39%"
"01/27/2025","2,502.58","2,502.58","2,502.58","2,502.58","","0.18%"
"01/24/2025","2,498.02","2,498.02","2,498.02","2,498.02","","0.66%"
"01/23/2025","2,481.65","2,481.65","2,481.65","2,481.65","","0.38%"
"01/22/2025","2,472.34","2,472.34","2,472.34","2,472.34","","-0.12%"
"01/21/2025","2,475.33","2,475.33","2,475.33","2,475.33","","-0.06%"
"01/20/2025","2,476.80","2,476.80","2,476.80","2,476.80","","-0.34%"
"01/17/2025","2,485.31","2,485.31","2,485.31","2,485.31","","0.50%"
"01/16/2025","2,472.98","2,472.98","2,472.98","2,472.98","","-0.00%"
"01/15/2025","2,473.01","2,473.01","2,473.01","2,473.01","","0.87%"
"01/14/2025","2,451.72","2,451.72","2,451.72","2,451.72","","-0.16%"
"01/13/2025","2,455.58","2,455.58","2,455.58","2,455.58","","-0.37%"
"01/10/2025","2,464.73","2,464.73","2,464.73","2,464.73","","0.58%"
"01/09/2025","2,450.48","2,450.48","2,450.48","2,450.48","","0.31%"
"01/08/2025","2,442.83","2,442.83","2,442.83","2,442.83","","-0.12%"
"01/07/2025","2,445.73","2,445.73","2,445.73","2,445.73","","0.95%"
"01/06/2025","2,422.79","2,422.79","2,422.79","2,422.79","","0.44%"
"01/03/2025","2,412.17","2,412.17","2,412.17","2,412.17","","0.38%"
"12/31/2024","2,403.13","2,403.13","2,403.13","2,403.13","","0.22%"
"12/30/2024","2,397.86","2,397.86","2,397.86","2,397.86","","0.08%"
"12/27/2024","2,396.03","2,396.03","2,396.03","2,396.03","","-0.01%"
"12/26/2024","2,396.35","2,396.35","2,396.35","2,396.35","","0.47%"
"12/24/2024","2,385.05","2,385.05","2,385.05","2,385.05","","0.05%"
"12/23/2024","2,383.76","2,383.76","2,383.76","2,383.76","","-0.14%"
"12/20/2024","2,387.08","2,387.08","2,387.08","2,387.08","","0.05%"
"12/19/2024","2,385.83","2,385.83","2,385.83","2,385.83","","0.21%"
"12/18/2024","2,380.80","2,380.80","2,380.80","2,380.80","","0.19%"
"12/17/2024","2,376.23","2,376.23","2,376.23","2,376.23","","0.33%"
"12/16/2024","2,368.37","2,368.37","2,368.37","2,368.37","","-0.35%"
"12/13/2024","2,376.60","2,376.60","2,376.60","2,376.60","","-0.41%"
"12/12/2024","2,386.38","2,386.38","2,386.38","2,386.38","","-0.14%"
"12/11/2024","2,389.65","2,389.65","2,389.65","2,389.65","","-0.33%"
"12/10/2024","2,397.68","2,397.68","2,397.68","2,397.68","","-0.62%"
"12/09/2024","2,412.53","2,412.53","2,412.53","2,412.53","","-0.00%"
"12/06/2024","2,412.56","2,412.56","2,412.56","2,412.56","","-0.14%"
"12/05/2024","2,416.01","2,416.01","2,416.01","2,416.01","","0.06%"
"12/04/2024","2,414.46","2,414.46","2,414.46","2,414.46","","1.19%"
"12/03/2024","2,386.00","2,386.00","2,386.00","2,386.00","","0.17%"
"12/02/2024","2,381.92","2,381.92","2,381.92","2,381.92","","0.02%"
"11/29/2024","2,381.41","2,381.41","2,381.41","2,381.41","","0.07%"
"11/28/2024","2,379.65","2,379.65","2,379.65","2,379.65","","0.33%"
"11/27/2024","2,371.81","2,371.81","2,371.81","2,371.81","","0.08%"
"11/26/2024","2,369.87","2,369.87","2,369.87","2,369.87","","-0.79%"
"11/25/2024","2,388.70","2,388.70","2,388.70","2,388.70","","-0.44%"
"11/22/2024","2,399.27","2,399.27","2,399.27","2,399.27","","0.08%"
"11/21/2024","2,397.47","2,397.47","2,397.47","2,397.47","","0.34%"
"11/20/2024","2,389.45","2,389.45","2,389.45","2,389.45","","-0.94%"
"11/19/2024","2,412.02","2,412.02","2,412.02","2,412.02","","-0.70%"
"11/18/2024","2,429.09","2,429.09","2,429.09","2,429.09","","-0.15%"
"11/15/2024","2,432.63","2,432.63","2,432.63","2,432.63","","-0.43%"
"11/14/2024","2,443.16","2,443.16","2,443.16","2,443.16","","1.42%"
"11/13/2024","2,408.93","2,408.93","2,408.93","2,408.93","","-0.09%"
"11/12/2024","2,410.98","2,410.98","2,410.98","2,410.98","","-0.01%"
"11/11/2024","2,411.34","2,411.34","2,411.34","2,411.34","","0.20%"
"11/08/2024","2,406.54","2,406.54","2,406.54","2,406.54","","0.38%"
"11/07/2024","2,397.53","2,397.53","2,397.53","2,397.53","","-0.34%"
"11/06/2024","2,405.62","2,405.62","2,405.62","2,405.62","","-0.07%"
"11/05/2024","2,407.39","2,407.39","2,407.39","2,407.39","","-0.33%"
"11/04/2024","2,415.39","2,415.39","2,415.39","2,415.39","","-0.55%"
"11/01/2024","2,428.84","2,428.84","2,428.84","2,428.84","","-1.21%"
"10/30/2024","2,458.60","2,458.60","2,458.60","2,458.60","","-0.22%"
"10/29/2024","2,464.14","2,464.14","2,464.14","2,464.14","","-0.58%"
"10/28/2024","2,478.56","2,478.56","2,478.56","2,478.56","","0.06%"
"10/25/2024","2,477.11","2,477.11","2,477.11","2,477.11","","-0.04%"
"10/24/2024","2,478.05","2,478.05","2,478.05","2,478.05","","-0.02%"
"10/23/2024","2,478.44","2,478.44","2,478.44","2,478.44","","-0.02%"
"10/22/2024","2,479.05","2,479.05","2,479.05","2,479.05","","-0.09%"
"10/21/2024","2,481.23","2,481.23","2,481.23","2,481.23","","0.39%"
"10/18/2024","2,471.58","2,471.58","2,471.58","2,471.58","","0.91%"
"10/17/2024","2,449.37","2,449.37","2,449.37","2,449.37","","0.53%"
"10/16/2024","2,436.36","2,436.36","2,436.36","2,436.36","","0.63%"
"10/15/2024","2,421.18","2,421.18","2,421.18","2,421.18","","0.34%"
"10/14/2024","2,412.93","2,412.93","2,412.93","2,412.93","","0.39%"
"10/11/2024","2,403.53","2,403.53","2,403.53","2,403.53","","1.05%"
"10/10/2024","2,378.53","2,378.53","2,378.53","2,378.53","","0.66%"
"10/09/2024","2,362.82","2,362.82","2,362.82","2,362.82","","0.64%"
"10/08/2024","2,347.90","2,347.90","2,347.90","2,347.90","","0.02%"
"10/07/2024","2,347.43","2,347.43","2,347.43","2,347.43","","-0.03%"
"10/04/2024","2,348.14","2,348.14","2,348.14","2,348.14","","0.04%"
"10/03/2024","2,347.24","2,347.24","2,347.24","2,347.24","","0.06%"
"10/02/2024","2,345.90","2,345.90","2,345.90","2,345.90","","-0.01%"
"10/01/2024","2,346.10","2,346.10","2,346.10","2,346.10","","0.17%"
"09/30/2024","2,342.17","2,342.17","2,342.17","2,342.17","","-0.12%"
"09/27/2024","2,345.02","2,345.02","2,345.02","2,345.02","","0.24%"
"09/26/2024","2,339.29","2,339.29","2,339.29","2,339.29","","0.54%"
"09/25/2024","2,326.70","2,326.70","2,326.70","2,326.70","","1.15%"
"09/24/2024","2,300.16","2,300.16","2,300.16","2,300.16","","0.09%"
"09/23/2024","2,298.14","2,298.14","2,298.14","2,298.14","","-0.07%"
"09/20/2024","2,299.78","2,299.78","2,299.78","2,299.78","","0.31%"
"09/19/2024","2,292.60","2,292.60","2,292.60","2,292.60","","-0.36%"
"09/18/2024","2,300.93","2,300.93","2,300.93","2,300.93","","-0.00%"
"09/17/2024","2,301.02","2,301.02","2,301.02","2,301.02","","-0.19%"
"09/16/2024","2,305.38","2,305.38","2,305.38","2,305.38","","0.09%"
"09/13/2024","2,303.30","2,303.30","2,303.30","2,303.30","","0.03%"
"09/12/2024","2,302.64","2,302.64","2,302.64","2,302.64","","0.30%"
"09/11/2024","2,295.64","2,295.64","2,295.64","2,295.64","","0.49%"
"09/10/2024","2,284.44","2,284.44","2,284.44","2,284.44","","0.03%"
"09/09/2024","2,283.74","2,283.74","2,283.74","2,283.74","","-0.04%"
"09/06/2024","2,284.59","2,284.59","2,284.59","2,284.59","","0.97%"
"09/05/2024","2,262.57","2,262.57","2,262.57","2,262.57","","-1.72%"
"09/04/2024","2,302.15","2,302.15","2,302.15","2,302.15","","1.44%"
"09/03/2024","2,269.46","2,269.46","2,269.46","2,269.46","","0.46%"
"09/02/2024","2,259.11","2,259.11","2,259.11","2,259.11","","1.14%"
"08/30/2024","2,233.67","2,233.67","2,233.67","2,233.67","","1.10%"
"08/29/2024","2,209.27","2,209.27","2,209.27","2,209.27","","0.32%"
"08/28/2024","2,202.14","2,202.14","2,202.14","2,202.14","","0.29%"
"08/27/2024","2,195.84","2,195.84","2,195.84","2,195.84","","0.21%"
"08/26/2024","2,191.17","2,191.17","2,191.17","2,191.17","","0.34%"
"08/23/2024","2,183.74","2,183.74","2,183.74","2,183.74","","0.17%"
"08/22/2024","2,179.93","2,179.93","2,179.93","2,179.93","","0.45%"
"08/21/2024","2,170.24","2,170.24","2,170.24","2,170.24","","0.54%"
"08/20/2024","2,158.63","2,158.63","2,158.63","2,158.63","","0.70%"
"08/19/2024","2,143.67","2,143.67","2,143.67","2,143.67","","0.27%"
"08/16/2024","2,137.87","2,137.87","2,137.87","2,137.87","","0.31%"
"08/14/2024","2,131.35","2,131.35","2,131.35","2,131.35","","0.23%"
"08/13/2024","2,126.43","2,126.43","2,126.43","2,126.43","","0.19%"
"08/12/2024","2,122.30","2,122.30","2,122.30","2,122.30","","-0.04%"
"08/09/2024","2,123.22","2,123.22","2,123.22","2,123.22","","-0.02%"
"08/08/2024","2,123.69","2,123.69","2,123.69","2,123.69","","0.12%"
"08/07/2024","2,121.04","2,121.04","2,121.04","2,121.04","","-0.06%"
"08/06/2024","2,122.38","2,122.38","2,122.38","2,122.38","","-0.01%"
"08/05/2024","2,122.60","2,122.60","2,122.60","2,122.60","","-0.06%"
"08/02/2024","2,123.85","2,123.85","2,123.85","2,123.85","","0.04%"
"08/01/2024","2,122.90","2,122.90","2,122.90","2,122.90","","0.45%"
"07/31/2024","2,113.49","2,113.49","2,113.49","2,113.49","","0.09%"
"07/30/2024","2,111.69","2,111.69","2,111.69","2,111.69","","0.16%"
"07/29/2024","2,108.26","2,108.26","2,108.26","2,108.26","","0.13%"
"07/26/2024","2,105.51","2,105.51","2,105.51","2,105.51","","0.01%"
"07/25/2024","2,105.24","2,105.24","2,105.24","2,105.24","","-0.06%"
"07/24/2024","2,106.60","2,106.60","2,106.60","2,106.60","","-0.08%"
"07/23/2024","2,108.38","2,108.38","2,108.38","2,108.38","","0.02%"
"07/22/2024","2,107.98","2,107.98","2,107.98","2,107.98","","0.01%"
"07/19/2024","2,107.80","2,107.80","2,107.80","2,107.80","","0.04%"
"07/18/2024","2,106.91","2,106.91","2,106.91","2,106.91","","-0.15%"
"07/17/2024","2,109.99","2,109.99","2,109.99","2,109.99","","0.07%"
"07/16/2024","2,108.48","2,108.48","2,108.48","2,108.48","","0.09%"
"07/15/2024","2,106.58","2,106.58","2,106.58","2,106.58","","-0.42%"
"07/12/2024","2,115.54","2,115.54","2,115.54","2,115.54","","-0.12%"
"07/11/2024","2,118.10","2,118.10","2,118.10","2,118.10","","0.10%"
"07/10/2024","2,115.90","2,115.90","2,115.90","2,115.90","","0.24%"
"07/09/2024","2,110.87","2,110.87","2,110.87","2,110.87","","0.03%"
"07/08/2024","2,110.29","2,110.29","2,110.29","2,110.29","","-0.17%"
"07/05/2024","2,113.87","2,113.87","2,113.87","2,113.87","","-0.33%"
"07/04/2024","2,120.81","2,120.81","2,120.81","2,120.81","","0.23%"
"07/03/2024","2,115.91","2,115.91","2,115.91","2,115.91","","0.20%"
"07/02/2024","2,111.72","2,111.72","2,111.72","2,111.72","","-0.02%"
"07/01/2024","2,112.18","2,112.18","2,112.18","2,112.18","","0.16%"
"06/28/2024","2,108.82","2,108.82","2,108.82","2,108.82","","-0.00%"
"06/27/2024","2,108.90","2,108.90","2,108.90","2,108.90","","-0.29%"
"06/26/2024","2,115.05","2,115.05","2,115.05","2,115.05","","0.30%"
"06/25/2024","2,108.78","2,108.78","2,108.78","2,108.78","","-0.35%"
"06/24/2024","2,116.17","2,116.17","2,116.17","2,116.17","","0.25%"
"06/21/2024","2,110.81","2,110.81","2,110.81","2,110.81","","0.11%"
"06/20/2024","2,108.45","2,108.45","2,108.45","2,108.45","","-0.29%"
"06/19/2024","2,114.54","2,114.54","2,114.54","2,114.54","","-0.14%"
"06/18/2024","2,117.58","2,117.58","2,117.58","2,117.58","","0.18%"
"06/17/2024","2,113.73","2,113.73","2,113.73","2,113.73","","-0.10%"
"06/14/2024","2,115.89","2,115.89","2,115.89","2,115.89","","-0.35%"
"06/13/2024","2,123.39","2,123.39","2,123.39","2,123.39","","-0.53%"
"06/12/2024","2,134.67","2,134.67","2,134.67","2,134.67","","-0.38%"
"06/11/2024","2,142.88","2,142.88","2,142.88","2,142.88","","-0.16%"
"06/10/2024","2,146.25","2,146.25","2,146.25","2,146.25","","0.25%"
"06/07/2024","2,140.81","2,140.81","2,140.81","2,140.81","","-0.99%"
"06/06/2024","2,162.22","2,162.22","2,162.22","2,162.22","","0.31%"
"06/05/2024","2,155.47","2,155.47","2,155.47","2,155.47","","0.13%"
"06/04/2024","2,152.59","2,152.59","2,152.59","2,152.59","","0.31%"
"06/03/2024","2,145.95","2,145.95","2,145.95","2,145.95","","-0.03%"
"05/31/2024","2,146.65","2,146.65","2,146.65","2,146.65","","-0.40%"
"05/30/2024","2,155.22","2,155.22","2,155.22","2,155.22","","-0.08%"
"05/29/2024","2,157.04","2,157.04","2,157.04","2,157.04","","-0.37%"
"05/28/2024","2,165.14","2,165.14","2,165.14","2,165.14","","-0.22%"
"05/27/2024","2,169.92","2,169.92","2,169.92","2,169.92","","-0.21%"
"05/24/2024","2,174.47","2,174.47","2,174.47","2,174.47","","-0.42%"
"05/23/2024","2,183.60","2,183.60","2,183.60","2,183.60","","0.48%"
"05/22/2024","2,173.13","2,173.13","2,173.13","2,173.13","","-0.16%"
"05/21/2024","2,176.60","2,176.60","2,176.60","2,176.60","","-0.55%"
"05/20/2024","2,188.57","2,188.57","2,188.57","2,188.57","","-0.82%"
"05/17/2024","2,206.77","2,206.77","2,206.77","2,206.77","","0.18%"
"05/16/2024","2,202.71","2,202.71","2,202.71","2,202.71","","-0.17%"
"05/15/2024","2,206.40","2,206.40","2,206.40","2,206.40","","0.97%"
"05/14/2024","2,185.17","2,185.17","2,185.17","2,185.17","","0.41%"
"05/13/2024","2,176.27","2,176.27","2,176.27","2,176.27","","0.56%"
"05/10/2024","2,164.10","2,164.10","2,164.10","2,164.10","","0.36%"
"05/09/2024","2,156.30","2,156.30","2,156.30","2,156.30","","0.14%"
"05/08/2024","2,153.33","2,153.33","2,153.33","2,153.33","","0.13%"
"05/07/2024","2,150.45","2,150.45","2,150.45","2,150.45","","0.25%"
"05/06/2024","2,145.14","2,145.14","2,145.14","2,145.14","","-0.09%"
"05/03/2024","2,147.15","2,147.15","2,147.15","2,147.15","","0.14%"
"05/02/2024","2,144.16","2,144.16","2,144.16","2,144.16","","-0.23%"
"04/30/2024","2,149.12","2,149.12","2,149.12","2,149.12","","-0.09%"
"04/29/2024","2,151.16","2,151.16","2,151.16","2,151.16","","-0.24%"
"04/26/2024","2,156.37","2,156.37","2,156.37","2,156.37","","-0.02%"
"04/25/2024","2,156.73","2,156.73","2,156.73","2,156.73","","0.13%"
"04/24/2024","2,153.88","2,153.88","2,153.88","2,153.88","","-0.04%"
"04/23/2024","2,154.74","2,154.74","2,154.74","2,154.74","","0.08%"
"04/19/2024","2,153.04","2,153.04","2,153.04","2,153.04","","0.04%"
"04/18/2024","2,152.27","2,152.27","2,152.27","2,152.27","","0.26%"
"04/17/2024","2,146.63","2,146.63","2,146.63","2,146.63","","-0.13%"
"04/16/2024","2,149.39","2,149.39","2,149.39","2,149.39","","0.01%"
"04/15/2024","2,149.22","2,149.22","2,149.22","2,149.22","","0.20%"
"04/12/2024","2,144.83","2,144.83","2,144.83","2,144.83","","0.03%"
"04/10/2024","2,144.24","2,144.24","2,144.24","2,144.24","","0.11%"
"04/08/2024","2,141.83","2,141.83","2,141.83","2,141.83","","0.26%"
"04/05/2024","2,136.18","2,136.18","2,136.18","2,136.18","","-0.19%"
"04/04/2024","2,140.28","2,140.28","2,140.28","2,140.28","","-0.15%"
"04/03/2024","2,143.53","2,143.53","2,143.53","2,143.53","","-0.68%"
"04/02/2024","2,158.20","2,158.20","2,158.20","2,158.20","","-0.19%"
"04/01/2024","2,162.37","2,162.37","2,162.37","2,162.37","","0.50%"
"03/29/2024","2,151.68","2,151.68","2,151.68","2,151.68","","1.29%"
"03/28/2024","2,124.23","2,124.23","2,124.23","2,124.23","","0.45%"
"03/27/2024","2,114.66","2,114.66","2,114.66","2,114.66","","0.13%"
"03/26/2024","2,111.94","2,111.94","2,111.94","2,111.94","","0.42%"
"03/25/2024","2,103.01","2,103.01","2,103.01","2,103.01","","0.19%"
"03/22/2024","2,098.92","2,098.92","2,098.92","2,098.92","","0.45%"
"03/21/2024","2,089.50","2,089.50","2,089.50","2,089.50","","0.24%"
"03/20/2024","2,084.51","2,084.51","2,084.51","2,084.51","","0.45%"
"03/19/2024","2,075.14","2,075.14","2,075.14","2,075.14","","0.26%"
"03/18/2024","2,069.79","2,069.79","2,069.79","2,069.79","","0.11%"
"03/15/2024","2,067.59","2,067.59","2,067.59","2,067.59","","0.25%"
"03/14/2024","2,062.47","2,062.47","2,062.47","2,062.47","","0.04%"
"03/13/2024","2,061.66","2,061.66","2,061.66","2,061.66","","0.10%"
"03/11/2024","2,059.66","2,059.66","2,059.66","2,059.66","","-0.19%"
"03/07/2024","2,063.50","2,063.50","2,063.50","2,063.50","","0.06%"
"03/06/2024","2,062.29","2,062.29","2,062.29","2,062.29","","0.22%"
"03/05/2024","2,057.79","2,057.79","2,057.79","2,057.79","","-0.62%"
"03/04/2024","2,070.65","2,070.65","2,070.65","2,070.65","","0.01%"
"03/01/2024","2,070.35","2,070.35","2,070.35","2,070.35","","0.22%"
"02/29/2024","2,065.79","2,065.79","2,065.79","2,065.79","","0.40%"
"02/28/2024","2,057.52","2,057.52","2,057.52","2,057.52","","0.21%"
"02/27/2024","2,053.29","2,053.29","2,053.29","2,053.29","","0.20%"
"02/26/2024","2,049.13","2,049.13","2,049.13","2,049.13","","-0.14%"
"02/23/2024","2,051.91","2,051.91","2,051.91","2,051.91","","-0.05%"
"02/21/2024","2,053.02","2,053.02","2,053.02","2,053.02","","-0.02%"
"02/20/2024","2,053.38","2,053.38","2,053.38","2,053.38","","0.20%"
"02/19/2024","2,049.38","2,049.38","2,049.38","2,049.38","","0.00%"
"02/16/2024","2,049.38","2,049.38","2,049.38","2,049.38","","-0.29%"
"02/15/2024","2,055.31","2,055.31","2,055.31","2,055.31","","0.29%"
"02/14/2024","2,049.43","2,049.43","2,049.43","2,049.43","","0.04%"
"02/13/2024","2,048.70","2,048.70","2,048.70","2,048.70","","-0.06%"
"02/12/2024","2,049.90","2,049.90","2,049.90","2,049.90","","0.19%"
"02/09/2024","2,045.95","2,045.95","2,045.95","2,045.95","","0.27%"
"02/08/2024","2,040.43","2,040.43","2,040.43","2,040.43","","-0.13%"
"02/07/2024","2,043.12","2,043.12","2,043.12","2,043.12","","-0.16%"
"02/06/2024","2,046.36","2,046.36","2,046.36","2,046.36","","-0.18%"
"02/05/2024","2,050.12","2,050.12","2,050.12","2,050.12","","-0.01%"
"02/02/2024","2,050.35","2,050.35","2,050.35","2,050.35","","-0.04%"
"01/31/2024","2,051.23","2,051.23","2,051.23","2,051.23","","0.02%"
"01/30/2024","2,050.84","2,050.84","2,050.84","2,050.84","","-0.21%"
"01/29/2024","2,055.22","2,055.22","2,055.22","2,055.22","","-0.07%"
"01/26/2024","2,056.56","2,056.56","2,056.56","2,056.56","","-0.02%"
"01/24/2024","2,056.90","2,056.90","2,056.90","2,056.90","","0.17%"
"01/22/2024","2,053.50","2,053.50","2,053.50","2,053.50","","-0.02%"
"01/19/2024","2,054.00","2,054.00","2,054.00","2,054.00","","0.09%"
"01/18/2024","2,052.13","2,052.13","2,052.13","2,052.13","","0.10%"
"01/17/2024","2,050.05","2,050.05","2,050.05","2,050.05","","-0.06%"
"01/15/2024","2,051.21","2,051.21","2,051.21","2,051.21","","0.03%"
"01/12/2024","2,050.60","2,050.60","2,050.60","2,050.60","","-0.24%"
"01/11/2024","2,055.60","2,055.60","2,055.60","2,055.60","","0.22%"
"01/10/2024","2,051.14","2,051.14","2,051.14","2,051.14","","0.28%"
"01/09/2024","2,045.39","2,045.39","2,045.39","2,045.39","","0.04%"
"01/08/2024","2,044.59","2,044.59","2,044.59","2,044.59","","-0.00%"
"01/05/2024","2,044.62","2,044.62","2,044.62","2,044.62","","0.11%"
"01/04/2024","2,042.45","2,042.45","2,042.45","2,042.45","","0.08%"
"01/03/2024","2,040.81","2,040.81","2,040.81","2,040.81","","0.13%"
"12/29/2023","2,038.10","2,038.10","2,038.10","2,038.10","","-0.08%"
"12/28/2023","2,039.75","2,039.75","2,039.75","2,039.75","","0.11%"
"12/27/2023","2,037.61","2,037.61","2,037.61","2,037.61","","-0.34%"
"12/26/2023","2,044.49","2,044.49","2,044.49","2,044.49","","-0.16%"
"12/22/2023","2,047.81","2,047.81","2,047.81","2,047.81","","0.25%"
"12/21/2023","2,042.66","2,042.66","2,042.66","2,042.66","","-0.03%"
"12/20/2023","2,043.23","2,043.23","2,043.23","2,043.23","","-0.06%"
"12/19/2023","2,044.43","2,044.43","2,044.43","2,044.43","","-0.01%"
"12/18/2023","2,044.68","2,044.68","2,044.68","2,044.68","","-0.11%"
"12/15/2023","2,046.94","2,046.94","2,046.94","2,046.94","","-0.01%"
"12/14/2023","2,047.14","2,047.14","2,047.14","2,047.14","","-0.23%"
"12/13/2023","2,051.86","2,051.86","2,051.86","2,051.86","","-0.02%"
"12/12/2023","2,052.21","2,052.21","2,052.21","2,052.21","","-0.05%"
"12/11/2023","2,053.19","2,053.19","2,053.19","2,053.19","","-0.02%"
"12/08/2023","2,053.64","2,053.64","2,053.64","2,053.64","","-0.08%"
"12/07/2023","2,055.28","2,055.28","2,055.28","2,055.28","","-0.24%"
"12/06/2023","2,060.20","2,060.20","2,060.20","2,060.20","","-0.05%"
"12/05/2023","2,061.17","2,061.17","2,061.17","2,061.17","","-0.17%"
"12/04/2023","2,064.71","2,064.71","2,064.71","2,064.71","","0.12%"
"12/01/2023","2,062.33","2,062.33","2,062.33","2,062.33","","-0.11%"
"11/30/2023","2,064.63","2,064.63","2,064.63","2,064.63","","0.14%"
"11/29/2023","2,061.72","2,061.72","2,061.72","2,061.72","","-0.06%"
"11/28/2023","2,062.86","2,062.86","2,062.86","2,062.86","","0.39%"
"11/27/2023","2,054.79","2,054.79","2,054.79","2,054.79","","0.12%"
"11/24/2023","2,052.38","2,052.38","2,052.38","2,052.38","","-0.09%"
"11/23/2023","2,054.22","2,054.22","2,054.22","2,054.22","","-0.25%"
"11/22/2023","2,059.42","2,059.42","2,059.42","2,059.42","","-0.97%"
"11/21/2023","2,079.66","2,079.66","2,079.66","2,079.66","","-0.14%"
"11/20/2023","2,082.60","2,082.60","2,082.60","2,082.60","","-0.13%"
"11/17/2023","2,085.34","2,085.34","2,085.34","2,085.34","","-0.14%"
"11/16/2023","2,088.24","2,088.24","2,088.24","2,088.24","","-0.27%"
"11/15/2023","2,093.97","2,093.97","2,093.97","2,093.97","","0.15%"
"11/14/2023","2,090.89","2,090.89","2,090.89","2,090.89","","0.36%"
"11/13/2023","2,083.47","2,083.47","2,083.47","2,083.47","","-0.04%"
"11/10/2023","2,084.33","2,084.33","2,084.33","2,084.33","","0.30%"
"11/09/2023","2,078.18","2,078.18","2,078.18","2,078.18","","0.33%"
"11/08/2023","2,071.35","2,071.35","2,071.35","2,071.35","","0.27%"
"11/07/2023","2,065.78","2,065.78","2,065.78","2,065.78","","0.11%"
"11/06/2023","2,063.54","2,063.54","2,063.54","2,063.54","","0.01%"
"11/03/2023","2,063.29","2,063.29","2,063.29","2,063.29","","-0.03%"
"10/31/2023","2,063.91","2,063.91","2,063.91","2,063.91","","-0.26%"
"10/30/2023","2,069.35","2,069.35","2,069.35","2,069.35","","-0.22%"
"10/27/2023","2,073.89","2,073.89","2,073.89","2,073.89","","-0.11%"
"10/26/2023","2,076.08","2,076.08","2,076.08","2,076.08","","-0.22%"
"10/25/2023","2,080.59","2,080.59","2,080.59","2,080.59","","0.11%"
"10/24/2023","2,078.39","2,078.39","2,078.39","2,078.39","","0.07%"
"10/23/2023","2,077.01","2,077.01","2,077.01","2,077.01","","-0.38%"
"10/20/2023","2,084.97","2,084.97","2,084.97","2,084.97","","-0.11%"
"10/19/2023","2,087.23","2,087.23","2,087.23","2,087.23","","0.00%"
"10/18/2023","2,087.18","2,087.18","2,087.18","2,087.18","","-0.23%"
"10/17/2023","2,092.08","2,092.08","2,092.08","2,092.08","","-1.14%"
"10/16/2023","2,116.22","2,116.22","2,116.22","2,116.22","","-0.34%"
"10/13/2023","2,123.35","2,123.35","2,123.35","2,123.35","","-0.03%"
"10/12/2023","2,124.09","2,124.09","2,124.09","2,124.09","","0.12%"
"10/11/2023","2,121.61","2,121.61","2,121.61","2,121.61","","-0.24%"
"10/10/2023","2,126.77","2,126.77","2,126.77","2,126.77","","-0.21%"
"10/09/2023","2,131.32","2,131.32","2,131.32","2,131.32","","-0.21%"
"10/06/2023","2,135.78","2,135.78","2,135.78","2,135.78","","-0.50%"
"10/05/2023","2,146.44","2,146.44","2,146.44","2,146.44","","0.36%"
"10/04/2023","2,138.74","2,138.74","2,138.74","2,138.74","","0.11%"
"10/03/2023","2,136.37","2,136.37","2,136.37","2,136.37","","-0.42%"
"10/02/2023","2,145.46","2,145.46","2,145.46","2,145.46","","0.14%"
"09/29/2023","2,142.48","2,142.48","2,142.48","2,142.48","","1.21%"
"09/28/2023","2,116.96","2,116.96","2,116.96","2,116.96","","0.56%"
"09/27/2023","2,105.27","2,105.27","2,105.27","2,105.27","","0.19%"
"09/26/2023","2,101.20","2,101.20","2,101.20","2,101.20","","0.16%"
"09/25/2023","2,097.85","2,097.85","2,097.85","2,097.85","","0.28%"
"09/22/2023","2,091.96","2,091.96","2,091.96","2,091.96","","0.20%"
"09/21/2023","2,087.86","2,087.86","2,087.86","2,087.86","","0.20%"
"09/19/2023","2,083.67","2,083.67","2,083.67","2,083.67","","0.42%"
"09/18/2023","2,074.98","2,074.98","2,074.98","2,074.98","","0.16%"
"09/15/2023","2,071.76","2,071.76","2,071.76","2,071.76","","0.12%"
"09/14/2023","2,069.36","2,069.36","2,069.36","2,069.36","","-0.09%"
"09/13/2023","2,071.24","2,071.24","2,071.24","2,071.24","","-0.04%"
"09/12/2023","2,072.10","2,072.10","2,072.10","2,072.10","","0.06%"
"09/11/2023","2,070.78","2,070.78","2,070.78","2,070.78","","-0.14%"
"09/08/2023","2,073.76","2,073.76","2,073.76","2,073.76","","-0.15%"
"09/07/2023","2,076.92","2,076.92","2,076.92","2,076.92","","-0.11%"
"09/06/2023","2,079.16","2,079.16","2,079.16","2,079.16","","0.04%"
"09/05/2023","2,078.25","2,078.25","2,078.25","2,078.25","","0.06%"
"09/04/2023","2,076.99","2,076.99","2,076.99","2,076.99","","-0.13%"
"09/01/2023","2,079.72","2,079.72","2,079.72","2,079.72","","-0.11%"
"08/31/2023","2,082.01","2,082.01","2,082.01","2,082.01","","0.14%"
"08/30/2023","2,079.07","2,079.07","2,079.07","2,079.07","","0.31%"
"08/29/2023","2,072.58","2,072.58","2,072.58","2,072.58","","0.61%"
"08/28/2023","2,060.01","2,060.01","2,060.01","2,060.01","","0.27%"
"08/25/2023","2,054.41","2,054.41","2,054.41","2,054.41","","0.20%"
"08/24/2023","2,050.28","2,050.28","2,050.28","2,050.28","","0.12%"
"08/23/2023","2,047.76","2,047.76","2,047.76","2,047.76","","-0.14%"
"08/22/2023","2,050.59","2,050.59","2,050.59","2,050.59","","0.03%"
"08/21/2023","2,049.88","2,049.88","2,049.88","2,049.88","","0.16%"
"08/18/2023","2,046.53","2,046.53","2,046.53","2,046.53","","0.23%"
"08/17/2023","2,041.85","2,041.85","2,041.85","2,041.85","","0.13%"
"08/16/2023","2,039.23","2,039.23","2,039.23","2,039.23","","0.06%"
"08/15/2023","2,037.92","2,037.92","2,037.92","2,037.92","","0.04%"
"08/14/2023","2,037.15","2,037.15","2,037.15","2,037.15","","-0.18%"
"08/11/2023","2,040.80","2,040.80","2,040.80","2,040.80","","0.29%"
"08/10/2023","2,034.99","2,034.99","2,034.99","2,034.99","","0.08%"
"08/09/2023","2,033.29","2,033.29","2,033.29","2,033.29","","0.25%"
"08/08/2023","2,028.24","2,028.24","2,028.24","2,028.24","","0.03%"
"08/07/2023","2,027.62","2,027.62","2,027.62","2,027.62","","-0.02%"
"08/04/2023","2,028.12","2,028.12","2,028.12","2,028.12","","0.22%"
"08/03/2023","2,023.62","2,023.62","2,023.62","2,023.62","","-0.00%"
"08/02/2023","2,023.64","2,023.64","2,023.64","2,023.64","","0.26%"
"08/01/2023","2,018.49","2,018.49","2,018.49","2,018.49","","0.30%"
"07/31/2023","2,012.48","2,012.48","2,012.48","2,012.48","","0.09%"
"07/28/2023","2,010.67","2,010.67","2,010.67","2,010.67","","0.16%"
"07/27/2023","2,007.48","2,007.48","2,007.48","2,007.48","","0.02%"
"07/26/2023","2,007.06","2,007.06","2,007.06","2,007.06","","0.19%"
"07/25/2023","2,003.31","2,003.31","2,003.31","2,003.31","","0.00%"
"07/24/2023","2,003.21","2,003.21","2,003.21","2,003.21","","0.32%"
"07/21/2023","1,996.89","1,996.89","1,996.89","1,996.89","","0.23%"
"07/20/2023","1,992.32","1,992.32","1,992.32","1,992.32","","0.00%"
"07/19/2023","1,992.27","1,992.27","1,992.27","1,992.27","","-0.02%"
"07/18/2023","1,992.68","1,992.68","1,992.68","1,992.68","","-0.10%"
"07/17/2023","1,994.60","1,994.60","1,994.60","1,994.60","","0.02%"
"07/14/2023","1,994.27","1,994.27","1,994.27","1,994.27","","0.12%"
"07/13/2023","1,991.85","1,991.85","1,991.85","1,991.85","","-0.17%"
"07/12/2023","1,995.24","1,995.24","1,995.24","1,995.24","","0.05%"
"07/11/2023","1,994.31","1,994.31","1,994.31","1,994.31","","0.01%"
"07/10/2023","1,994.19","1,994.19","1,994.19","1,994.19","","-0.01%"
"07/07/2023","1,994.44","1,994.44","1,994.44","1,994.44","","-0.09%"
"07/06/2023","1,996.22","1,996.22","1,996.22","1,996.22","","0.25%"
"07/05/2023","1,991.15","1,991.15","1,991.15","1,991.15","","0.24%"
"07/04/2023","1,986.35","1,986.35","1,986.35","1,986.35","","0.43%"
"07/03/2023","1,977.85","1,977.85","1,977.85","1,977.85","","0.55%"
"06/30/2023","1,967.05","1,967.05","1,967.05","1,967.05","","0.08%"
"06/29/2023","1,965.57","1,965.57","1,965.57","1,965.57","","0.06%"
"06/28/2023","1,964.48","1,964.48","1,964.48","1,964.48","","-0.36%"
"06/27/2023","1,971.58","1,971.58","1,971.58","1,971.58","","-0.51%"
"06/26/2023","1,981.66","1,981.66","1,981.66","1,981.66","","0.00%"
"06/23/2023","1,981.61","1,981.61","1,981.61","1,981.61","","0.04%"
"06/22/2023","1,980.86","1,980.86","1,980.86","1,980.86","","-0.07%"
"06/21/2023","1,982.27","1,982.27","1,982.27","1,982.27","","-0.21%"
"06/20/2023","1,986.37","1,986.37","1,986.37","1,986.37","","0.11%"
"06/19/2023","1,984.28","1,984.28","1,984.28","1,984.28","","0.10%"
"06/16/2023","1,982.29","1,982.29","1,982.29","1,982.29","","-0.01%"
"06/15/2023","1,982.40","1,982.40","1,982.40","1,982.40","","-0.04%"
"06/14/2023","1,983.10","1,983.10","1,983.10","1,983.10","","-0.28%"
"06/13/2023","1,988.62","1,988.62","1,988.62","1,988.62","","0.09%"
"06/12/2023","1,986.86","1,986.86","1,986.86","1,986.86","","0.42%"
"06/09/2023","1,978.51","1,978.51","1,978.51","1,978.51","","-0.16%"
"06/08/2023","1,981.59","1,981.59","1,981.59","1,981.59","","0.33%"
"06/07/2023","1,975.13","1,975.13","1,975.13","1,975.13","","-0.66%"
"06/06/2023","1,988.25","1,988.25","1,988.25","1,988.25","","-0.01%"
"06/05/2023","1,988.45","1,988.45","1,988.45","1,988.45","","0.23%"
"06/02/2023","1,983.88","1,983.88","1,983.88","1,983.88","","-0.21%"
"06/01/2023","1,988.14","1,988.14","1,988.14","1,988.14","","0.17%"
"05/31/2023","1,984.67","1,984.67","1,984.67","1,984.67","","0.27%"
"05/30/2023","1,979.39","1,979.39","1,979.39","1,979.39","","-0.06%"
"05/29/2023","1,980.55","1,980.55","1,980.55","1,980.55","","0.11%"
"05/26/2023","1,978.35","1,978.35","1,978.35","1,978.35","","-0.32%"
"05/25/2023","1,984.69","1,984.69","1,984.69","1,984.69","","0.04%"
"05/24/2023","1,983.81","1,983.81","1,983.81","1,983.81","","-0.04%"
"05/23/2023","1,984.66","1,984.66","1,984.66","1,984.66","","-0.12%"
"05/22/2023","1,987.04","1,987.04","1,987.04","1,987.04","","0.19%"
"05/19/2023","1,983.21","1,983.21","1,983.21","1,983.21","","0.22%"
"05/18/2023","1,978.79","1,978.79","1,978.79","1,978.79","","0.37%"
"05/17/2023","1,971.43","1,971.43","1,971.43","1,971.43","","0.11%"
"05/16/2023","1,969.34","1,969.34","1,969.34","1,969.34","","0.01%"
"05/15/2023","1,969.07","1,969.07","1,969.07","1,969.07","","0.68%"
"05/12/2023","1,955.70","1,955.70","1,955.70","1,955.70","","0.09%"
"05/11/2023","1,953.85","1,953.85","1,953.85","1,953.85","","0.31%"
"05/10/2023","1,947.72","1,947.72","1,947.72","1,947.72","","0.03%"
"05/09/2023","1,947.09","1,947.09","1,947.09","1,947.09","","0.57%"
"05/08/2023","1,936.15","1,936.15","1,936.15","1,936.15","","0.20%"
"05/05/2023","1,932.26","1,932.26","1,932.26","1,932.26","","0.20%"
"05/04/2023","1,928.43","1,928.43","1,928.43","1,928.43","","0.00%"
"05/03/2023","1,928.38","1,928.38","1,928.38","1,928.38","","0.06%"
"05/02/2023","1,927.31","1,927.31","1,927.31","1,927.31","","0.05%"
"04/28/2023","1,926.35","1,926.35","1,926.35","1,926.35","","-0.31%"
"04/27/2023","1,932.33","1,932.33","1,932.33","1,932.33","","0.04%"
"04/26/2023","1,931.59","1,931.59","1,931.59","1,931.59","","-0.11%"
"04/25/2023","1,933.75","1,933.75","1,933.75","1,933.75","","-0.13%"
"04/24/2023","1,936.34","1,936.34","1,936.34","1,936.34","","-0.11%"
"04/21/2023","1,938.52","1,938.52","1,938.52","1,938.52","","-0.06%"
"04/20/2023","1,939.69","1,939.69","1,939.69","1,939.69","","-0.08%"
"04/19/2023","1,941.17","1,941.17","1,941.17","1,941.17","","-0.10%"
"04/18/2023","1,943.08","1,943.08","1,943.08","1,943.08","","-0.14%"
"04/17/2023","1,945.83","1,945.83","1,945.83","1,945.83","","-0.26%"
"04/14/2023","1,950.93","1,950.93","1,950.93","1,950.93","","-0.06%"
"04/13/2023","1,952.08","1,952.08","1,952.08","1,952.08","","-0.11%"
"04/12/2023","1,954.27","1,954.27","1,954.27","1,954.27","","-0.29%"
"04/11/2023","1,959.89","1,959.89","1,959.89","1,959.89","","-0.18%"
"04/10/2023","1,963.39","1,963.39","1,963.39","1,963.39","","0.15%"
"04/07/2023","1,960.53","1,960.53","1,960.53","1,960.53","","0.02%"
"04/06/2023","1,960.10","1,960.10","1,960.10","1,960.10","","0.13%"
"04/05/2023","1,957.51","1,957.51","1,957.51","1,957.51","","-0.08%"
"04/04/2023","1,959.02","1,959.02","1,959.02","1,959.02","","0.24%"
"04/03/2023","1,954.27","1,954.27","1,954.27","1,954.27","","-0.26%"
"03/31/2023","1,959.29","1,959.29","1,959.29","1,959.29","","-0.10%"
"03/30/2023","1,961.34","1,961.34","1,961.34","1,961.34","","0.12%"
"03/29/2023","1,958.92","1,958.92","1,958.92","1,958.92","","0.02%"
"03/28/2023","1,958.47","1,958.47","1,958.47","1,958.47","","-0.59%"
"03/27/2023","1,970.15","1,970.15","1,970.15","1,970.15","","0.16%"
"03/24/2023","1,967.03","1,967.03","1,967.03","1,967.03","","-0.25%"
"03/23/2023","1,971.89","1,971.89","1,971.89","1,971.89","","0.05%"
"03/21/2023","1,970.89","1,970.89","1,970.89","1,970.89","","-0.10%"
"03/20/2023","1,972.78","1,972.78","1,972.78","1,972.78","","-0.24%"
"03/17/2023","1,977.53","1,977.53","1,977.53","1,977.53","","-0.04%"
"03/16/2023","1,978.32","1,978.32","1,978.32","1,978.32","","-0.44%"
"03/15/2023","1,987.08","1,987.08","1,987.08","1,987.08","","-0.26%"
"03/14/2023","1,992.27","1,992.27","1,992.27","1,992.27","","-0.20%"
"03/13/2023","1,996.18","1,996.18","1,996.18","1,996.18","","-0.05%"
"03/10/2023","1,997.09","1,997.09","1,997.09","1,997.09","","-0.20%"
"03/09/2023","2,001.02","2,001.02","2,001.02","2,001.02","","0.08%"
"03/08/2023","1,999.39","1,999.39","1,999.39","1,999.39","","-0.22%"
"03/07/2023","2,003.84","2,003.84","2,003.84","2,003.84","","-0.18%"
"03/06/2023","2,007.51","2,007.51","2,007.51","2,007.51","","-0.11%"
"03/03/2023","2,009.77","2,009.77","2,009.77","2,009.77","","-0.02%"
"03/02/2023","2,010.08","2,010.08","2,010.08","2,010.08","","0.12%"
"03/01/2023","2,007.74","2,007.74","2,007.74","2,007.74","","-0.33%"
"02/28/2023","2,014.38","2,014.38","2,014.38","2,014.38","","-0.05%"
"02/27/2023","2,015.34","2,015.34","2,015.34","2,015.34","","0.02%"
"02/24/2023","2,014.91","2,014.91","2,014.91","2,014.91","","-0.40%"
"02/23/2023","2,023.05","2,023.05","2,023.05","2,023.05","","0.05%"
"02/22/2023","2,022.14","2,022.14","2,022.14","2,022.14","","0.37%"
"02/21/2023","2,014.62","2,014.62","2,014.62","2,014.62","","0.24%"
"02/17/2023","2,009.82","2,009.82","2,009.82","2,009.82","","0.12%"
"02/16/2023","2,007.49","2,007.49","2,007.49","2,007.49","","0.04%"
"02/15/2023","2,006.59","2,006.59","2,006.59","2,006.59","","0.24%"
"02/14/2023","2,001.82","2,001.82","2,001.82","2,001.82","","0.27%"
"02/13/2023","1,996.50","1,996.50","1,996.50","1,996.50","","0.90%"
"02/10/2023","1,978.67","1,978.67","1,978.67","1,978.67","","0.37%"
"02/09/2023","1,971.34","1,971.34","1,971.34","1,971.34","","-0.00%"
"02/08/2023","1,971.40","1,971.40","1,971.40","1,971.40","","0.11%"
"02/07/2023","1,969.21","1,969.21","1,969.21","1,969.21","","-0.33%"
"02/06/2023","1,975.76","1,975.76","1,975.76","1,975.76","","-0.48%"
"02/03/2023","1,985.34","1,985.34","1,985.34","1,985.34","","-0.39%"
"02/02/2023","1,993.06","1,993.06","1,993.06","1,993.06","","-0.46%"
"01/31/2023","2,002.36","2,002.36","2,002.36","2,002.36","","0.14%"
"01/30/2023","1,999.65","1,999.65","1,999.65","1,999.65","","0.23%"
"01/26/2023","1,994.98","1,994.98","1,994.98","1,994.98","","0.03%"
"01/25/2023","1,994.45","1,994.45","1,994.45","1,994.45","","-0.07%"
"01/24/2023","1,995.75","1,995.75","1,995.75","1,995.75","","-0.47%"
"01/23/2023","2,005.17","2,005.17","2,005.17","2,005.17","","-0.12%"
"01/20/2023","2,007.62","2,007.62","2,007.62","2,007.62","","-0.03%"
"01/19/2023","2,008.29","2,008.29","2,008.29","2,008.29","","-0.76%"
"01/18/2023","2,023.57","2,023.57","2,023.57","2,023.57","","-0.18%"
"01/17/2023","2,027.21","2,027.21","2,027.21","2,027.21","","-0.23%"
"01/16/2023","2,031.88","2,031.88","2,031.88","2,031.88","","-0.45%"
"01/13/2023","2,040.98","2,040.98","2,040.98","2,040.98","","-0.21%"
"01/12/2023","2,045.25","2,045.25","2,045.25","2,045.25","","-0.10%"
"01/11/2023","2,047.31","2,047.31","2,047.31","2,047.31","","-0.21%"
"01/10/2023","2,051.69","2,051.69","2,051.69","2,051.69","","0.21%"
"01/09/2023","2,047.48","2,047.48","2,047.48","2,047.48","","-0.25%"
"01/06/2023","2,052.55","2,052.55","2,052.55","2,052.55","","0.02%"
"01/05/2023","2,052.19","2,052.19","2,052.19","2,052.19","","0.01%"
"01/04/2023","2,051.96","2,051.96","2,051.96","2,051.96","","-0.16%"
"12/30/2022","2,055.25","2,055.25","2,055.25","2,055.25","","-0.01%"
"12/29/2022","2,055.48","2,055.48","2,055.48","2,055.48","","0.07%"
"12/28/2022","2,054.05","2,054.05","2,054.05","2,054.05","","0.12%"
"12/27/2022","2,051.68","2,051.68","2,051.68","2,051.68","","0.20%"
"12/26/2022","2,047.67","2,047.67","2,047.67","2,047.67","","0.19%"
"12/23/2022","2,043.83","2,043.83","2,043.83","2,043.83","","-0.10%"
"12/22/2022","2,045.87","2,045.87","2,045.87","2,045.87","","0.15%"
"12/21/2022","2,042.77","2,042.77","2,042.77","2,042.77","","0.11%"
"12/20/2022","2,040.55","2,040.55","2,040.55","2,040.55","","-0.10%"
"12/19/2022","2,042.53","2,042.53","2,042.53","2,042.53","","-0.18%"
"12/16/2022","2,046.21","2,046.21","2,046.21","2,046.21","","-0.09%"
"12/15/2022","2,048.12","2,048.12","2,048.12","2,048.12","","-0.10%"
"12/14/2022","2,050.12","2,050.12","2,050.12","2,050.12","","-0.22%"
"12/13/2022","2,054.71","2,054.71","2,054.71","2,054.71","","0.19%"
"12/12/2022","2,050.74","2,050.74","2,050.74","2,050.74","","-0.25%"
"12/09/2022","2,055.86","2,055.86","2,055.86","2,055.86","","0.43%"
"12/08/2022","2,047.09","2,047.09","2,047.09","2,047.09","","0.02%"
"12/07/2022","2,046.59","2,046.59","2,046.59","2,046.59","","0.11%"
"12/06/2022","2,044.40","2,044.40","2,044.40","2,044.40","","0.08%"
"12/05/2022","2,042.73","2,042.73","2,042.73","2,042.73","","0.11%"
"12/02/2022","2,040.43","2,040.43","2,040.43","2,040.43","","-0.25%"
"12/01/2022","2,045.47","2,045.47","2,045.47","2,045.47","","-0.38%"
"11/30/2022","2,053.32","2,053.32","2,053.32","2,053.32","","0.43%"
"11/29/2022","2,044.52","2,044.52","2,044.52","2,044.52","","0.12%"
"11/28/2022","2,042.16","2,042.16","2,042.16","2,042.16","","0.16%"
"11/25/2022","2,038.88","2,038.88","2,038.88","2,038.88","","-0.10%"
"11/24/2022","2,040.82","2,040.82","2,040.82","2,040.82","","-0.07%"
"11/23/2022","2,042.32","2,042.32","2,042.32","2,042.32","","-0.47%"
"11/22/2022","2,052.02","2,052.02","2,052.02","2,052.02","","-0.81%"
"11/21/2022","2,068.88","2,068.88","2,068.88","2,068.88","","-0.46%"
"11/18/2022","2,078.53","2,078.53","2,078.53","2,078.53","","0.23%"
"11/17/2022","2,073.82","2,073.82","2,073.82","2,073.82","","0.51%"
"11/16/2022","2,063.32","2,063.32","2,063.32","2,063.32","","0.52%"
"11/15/2022","2,052.57","2,052.57","2,052.57","2,052.57","","-0.04%"
"11/14/2022","2,053.44","2,053.44","2,053.44","2,053.44","","0.58%"
"11/11/2022","2,041.68","2,041.68","2,041.68","2,041.68","","0.12%"
"11/10/2022","2,039.19","2,039.19","2,039.19","2,039.19","","0.31%"
"11/09/2022","2,032.82","2,032.82","2,032.82","2,032.82","","-0.18%"
"11/08/2022","2,036.48","2,036.48","2,036.48","2,036.48","","-0.29%"
"11/07/2022","2,042.41","2,042.41","2,042.41","2,042.41","","0.20%"
"11/04/2022","2,038.37","2,038.37","2,038.37","2,038.37","","-0.60%"
"11/03/2022","2,050.65","2,050.65","2,050.65","2,050.65","","-0.56%"
"11/01/2022","2,062.12","2,062.12","2,062.12","2,062.12","","0.29%"
"10/31/2022","2,056.07","2,056.07","2,056.07","2,056.07","","0.06%"
"10/28/2022","2,054.74","2,054.74","2,054.74","2,054.74","","-0.15%"
"10/27/2022","2,057.82","2,057.82","2,057.82","2,057.82","","-0.67%"
"10/26/2022","2,071.61","2,071.61","2,071.61","2,071.61","","-0.07%"
"10/25/2022","2,072.96","2,072.96","2,072.96","2,072.96","","-0.01%"
"10/21/2022","2,073.13","2,073.13","2,073.13","2,073.13","","-0.31%"
"10/20/2022","2,079.51","2,079.51","2,079.51","2,079.51","","0.34%"
"10/19/2022","2,072.39","2,072.39","2,072.39","2,072.39","","-0.06%"
"10/18/2022","2,073.63","2,073.63","2,073.63","2,073.63","","-0.28%"
"10/17/2022","2,079.35","2,079.35","2,079.35","2,079.35","","-0.26%"
"10/14/2022","2,084.78","2,084.78","2,084.78","2,084.78","","-0.25%"
"10/13/2022","2,089.92","2,089.92","2,089.92","2,089.92","","-0.22%"
"10/12/2022","2,094.60","2,094.60","2,094.60","2,094.60","","-0.20%"
"10/11/2022","2,098.89","2,098.89","2,098.89","2,098.89","","-0.30%"
"10/10/2022","2,105.25","2,105.25","2,105.25","2,105.25","","-0.28%"
"10/07/2022","2,111.15","2,111.15","2,111.15","2,111.15","","-0.24%"
"10/06/2022","2,116.27","2,116.27","2,116.27","2,116.27","","-0.08%"
"10/05/2022","2,117.92","2,117.92","2,117.92","2,117.92","","0.13%"
"10/04/2022","2,115.23","2,115.23","2,115.23","2,115.23","","0.05%"
"10/03/2022","2,114.16","2,114.16","2,114.16","2,114.16","","-0.06%"
"09/30/2022","2,115.51","2,115.51","2,115.51","2,115.51","","-0.36%"
"09/29/2022","2,123.06","2,123.06","2,123.06","2,123.06","","0.71%"
"09/28/2022","2,108.14","2,108.14","2,108.14","2,108.14","","1.25%"
"09/27/2022","2,082.09","2,082.09","2,082.09","2,082.09","","0.06%"
"09/26/2022","2,080.78","2,080.78","2,080.78","2,080.78","","-0.33%"
"09/23/2022","2,087.75","2,087.75","2,087.75","2,087.75","","-0.30%"
"09/22/2022","2,093.96","2,093.96","2,093.96","2,093.96","","-0.52%"
"09/21/2022","2,104.93","2,104.93","2,104.93","2,104.93","","0.05%"
"09/20/2022","2,103.97","2,103.97","2,103.97","2,103.97","","-0.08%"
"09/19/2022","2,105.59","2,105.59","2,105.59","2,105.59","","0.28%"
"09/16/2022","2,099.69","2,099.69","2,099.69","2,099.69","","0.03%"
"09/15/2022","2,099.14","2,099.14","2,099.14","2,099.14","","-0.18%"
"09/14/2022","2,102.91","2,102.91","2,102.91","2,102.91","","-0.09%"
"09/13/2022","2,104.73","2,104.73","2,104.73","2,104.73","","-0.05%"
"09/12/2022","2,105.74","2,105.74","2,105.74","2,105.74","","0.00%"
"09/09/2022","2,105.70","2,105.70","2,105.70","2,105.70","","-0.13%"
"09/08/2022","2,108.53","2,108.53","2,108.53","2,108.53","","0.71%"
"09/07/2022","2,093.66","2,093.66","2,093.66","2,093.66","","0.04%"
"09/06/2022","2,092.81","2,092.81","2,092.81","2,092.81","","0.01%"
"09/05/2022","2,092.56","2,092.56","2,092.56","2,092.56","","-0.07%"
"09/02/2022","2,094.05","2,094.05","2,094.05","2,094.05","","0.09%"
"08/31/2022","2,092.26","2,092.26","2,092.26","2,092.26","","-0.16%"
"08/30/2022","2,095.66","2,095.66","2,095.66","2,095.66","","0.11%"
"08/29/2022","2,093.29","2,093.29","2,093.29","2,093.29","","-0.08%"
"08/26/2022","2,094.99","2,094.99","2,094.99","2,094.99","","0.38%"
"08/25/2022","2,086.98","2,086.98","2,086.98","2,086.98","","0.00%"
"08/24/2022","2,086.97","2,086.97","2,086.97","2,086.97","","0.60%"
"08/23/2022","2,074.53","2,074.53","2,074.53","2,074.53","","-0.19%"
"08/22/2022","2,078.41","2,078.41","2,078.41","2,078.41","","0.01%"
"08/19/2022","2,078.30","2,078.30","2,078.30","2,078.30","","0.57%"
"08/18/2022","2,066.56","2,066.56","2,066.56","2,066.56","","-0.07%"
"08/17/2022","2,068.11","2,068.11","2,068.11","2,068.11","","0.03%"
"08/16/2022","2,067.45","2,067.45","2,067.45","2,067.45","","-0.00%"
"08/12/2022","2,067.51","2,067.51","2,067.51","2,067.51","","0.20%"
"08/11/2022","2,063.42","2,063.42","2,063.42","2,063.42","","0.12%"
"08/10/2022","2,060.90","2,060.90","2,060.90","2,060.90","","-0.08%"
"08/09/2022","2,062.62","2,062.62","2,062.62","2,062.62","","-0.16%"
"08/08/2022","2,065.89","2,065.89","2,065.89","2,065.89","","-0.13%"
"08/05/2022","2,068.66","2,068.66","2,068.66","2,068.66","","0.24%"
"08/04/2022","2,063.76","2,063.76","2,063.76","2,063.76","","0.64%"
"08/03/2022","2,050.67","2,050.67","2,050.67","2,050.67","","0.59%"
"08/02/2022","2,038.55","2,038.55","2,038.55","2,038.55","","0.23%"
"08/01/2022","2,033.91","2,033.91","2,033.91","2,033.91","","1.14%"
"07/29/2022","2,011.03","2,011.03","2,011.03","2,011.03","","-1.25%"
"07/28/2022","2,036.49","2,036.49","2,036.49","2,036.49","","0.00%"
"07/27/2022","2,036.48","2,036.48","2,036.48","2,036.48","","-0.23%"
"07/26/2022","2,041.16","2,041.16","2,041.16","2,041.16","","-0.13%"
"07/25/2022","2,043.87","2,043.87","2,043.87","2,043.87","","0.08%"
"07/22/2022","2,042.22","2,042.22","2,042.22","2,042.22","","-0.10%"
"07/21/2022","2,044.22","2,044.22","2,044.22","2,044.22","","0.22%"
"07/20/2022","2,039.78","2,039.78","2,039.78","2,039.78","","-0.02%"
"07/19/2022","2,040.19","2,040.19","2,040.19","2,040.19","","0.02%"
"07/18/2022","2,039.87","2,039.87","2,039.87","2,039.87","","-0.13%"
"07/15/2022","2,042.46","2,042.46","2,042.46","2,042.46","","-0.03%"
"07/14/2022","2,043.14","2,043.14","2,043.14","2,043.14","","-0.49%"
"07/13/2022","2,053.13","2,053.13","2,053.13","2,053.13","","0.01%"
"07/12/2022","2,052.92","2,052.92","2,052.92","2,052.92","","-0.23%"
"07/11/2022","2,057.75","2,057.75","2,057.75","2,057.75","","-0.13%"
"07/08/2022","2,060.53","2,060.53","2,060.53","2,060.53","","-0.78%"
"07/07/2022","2,076.63","2,076.63","2,076.63","2,076.63","","-0.32%"
"07/06/2022","2,083.25","2,083.25","2,083.25","2,083.25","","-0.54%"
"07/05/2022","2,094.56","2,094.56","2,094.56","2,094.56","","-0.33%"
"07/04/2022","2,101.51","2,101.51","2,101.51","2,101.51","","-0.83%"
"07/01/2022","2,119.04","2,119.04","2,119.04","2,119.04","","-0.38%"
"06/30/2022","2,127.14","2,127.14","2,127.14","2,127.14","","0.12%"
"06/29/2022","2,124.65","2,124.65","2,124.65","2,124.65","","-0.35%"
"06/28/2022","2,132.10","2,132.10","2,132.10","2,132.10","","-0.19%"
"06/27/2022","2,136.10","2,136.10","2,136.10","2,136.10","","-0.38%"
"06/24/2022","2,144.23","2,144.23","2,144.23","2,144.23","","-0.12%"
"06/23/2022","2,146.75","2,146.75","2,146.75","2,146.75","","-0.16%"
"06/22/2022","2,150.29","2,150.29","2,150.29","2,150.29","","-0.36%"
"06/21/2022","2,158.02","2,158.02","2,158.02","2,158.02","","-0.03%"
"06/20/2022","2,158.71","2,158.71","2,158.71","2,158.71","","-0.39%"
"06/17/2022","2,167.09","2,167.09","2,167.09","2,167.09","","-0.25%"
"06/16/2022","2,172.53","2,172.53","2,172.53","2,172.53","","-0.27%"
"06/15/2022","2,178.46","2,178.46","2,178.46","2,178.46","","-0.39%"
"06/14/2022","2,186.93","2,186.93","2,186.93","2,186.93","","-0.34%"
"06/13/2022","2,194.32","2,194.32","2,194.32","2,194.32","","0.04%"
"06/10/2022","2,193.40","2,193.40","2,193.40","2,193.40","","0.46%"
"06/09/2022","2,183.43","2,183.43","2,183.43","2,183.43","","0.46%"
"06/08/2022","2,173.53","2,173.53","2,173.53","2,173.53","","-0.43%"
"06/07/2022","2,183.02","2,183.02","2,183.02","2,183.02","","-0.05%"
"06/06/2022","2,184.04","2,184.04","2,184.04","2,184.04","","-0.17%"
"06/03/2022","2,187.74","2,187.74","2,187.74","2,187.74","","0.05%"
"06/02/2022","2,186.74","2,186.74","2,186.74","2,186.74","","-0.08%"
"06/01/2022","2,188.58","2,188.58","2,188.58","2,188.58","","0.04%"
"05/31/2022","2,187.78","2,187.78","2,187.78","2,187.78","","-0.18%"
"05/30/2022","2,191.83","2,191.83","2,191.83","2,191.83","","-0.24%"
"05/27/2022","2,197.12","2,197.12","2,197.12","2,197.12","","-0.32%"
"05/26/2022","2,204.15","2,204.15","2,204.15","2,204.15","","-0.47%"
"05/25/2022","2,214.48","2,214.48","2,214.48","2,214.48","","-0.60%"
"05/24/2022","2,227.77","2,227.77","2,227.77","2,227.77","","-0.15%"
"05/23/2022","2,231.18","2,231.18","2,231.18","2,231.18","","0.10%"
"05/20/2022","2,228.84","2,228.84","2,228.84","2,228.84","","-0.25%"
"05/19/2022","2,234.32","2,234.32","2,234.32","2,234.32","","-0.36%"
"05/18/2022","2,242.45","2,242.45","2,242.45","2,242.45","","-0.17%"
"05/17/2022","2,246.35","2,246.35","2,246.35","2,246.35","","0.17%"
"05/16/2022","2,242.62","2,242.62","2,242.62","2,242.62","","-0.17%"
"05/13/2022","2,246.41","2,246.41","2,246.41","2,246.41","","-0.17%"
"05/12/2022","2,250.31","2,250.31","2,250.31","2,250.31","","-0.42%"
"05/11/2022","2,259.89","2,259.89","2,259.89","2,259.89","","-0.13%"
"05/10/2022","2,262.76","2,262.76","2,262.76","2,262.76","","-0.15%"
"05/09/2022","2,266.24","2,266.24","2,266.24","2,266.24","","-0.42%"
"05/06/2022","2,275.73","2,275.73","2,275.73","2,275.73","","-0.70%"
"05/05/2022","2,291.79","2,291.79","2,291.79","2,291.79","","-0.54%"
"05/04/2022","2,304.13","2,304.13","2,304.13","2,304.13","","0.30%"
"05/02/2022","2,297.35","2,297.35","2,297.35","2,297.35","","0.33%"
"04/29/2022","2,289.76","2,289.76","2,289.76","2,289.76","","0.26%"
"04/28/2022","2,283.84","2,283.84","2,283.84","2,283.84","","0.36%"
"04/27/2022","2,275.64","2,275.64","2,275.64","2,275.64","","0.38%"
"04/26/2022","2,267.01","2,267.01","2,267.01","2,267.01","","0.29%"
"04/25/2022","2,260.45","2,260.45","2,260.45","2,260.45","","0.34%"
"04/22/2022","2,252.90","2,252.90","2,252.90","2,252.90","","0.33%"
"04/21/2022","2,245.54","2,245.54","2,245.54","2,245.54","","0.27%"
"04/20/2022","2,239.51","2,239.51","2,239.51","2,239.51","","0.05%"
"04/19/2022","2,238.35","2,238.35","2,238.35","2,238.35","","0.12%"
"04/18/2022","2,235.62","2,235.62","2,235.62","2,235.62","","0.07%"
"04/15/2022","2,234.01","2,234.01","2,234.01","2,234.01","","0.41%"
"04/14/2022","2,224.95","2,224.95","2,224.95","2,224.95","","0.36%"
"04/13/2022","2,216.97","2,216.97","2,216.97","2,216.97","","0.16%"
"04/12/2022","2,213.53","2,213.53","2,213.53","2,213.53","","0.11%"
"04/11/2022","2,211.13","2,211.13","2,211.13","2,211.13","","0.07%"
"04/08/2022","2,209.67","2,209.67","2,209.67","2,209.67","","0.05%"
"04/07/2022","2,208.47","2,208.47","2,208.47","2,208.47","","-0.05%"
"04/06/2022","2,209.59","2,209.59","2,209.59","2,209.59","","-0.20%"
"04/05/2022","2,213.94","2,213.94","2,213.94","2,213.94","","0.24%"
"04/04/2022","2,208.68","2,208.68","2,208.68","2,208.68","","0.21%"
"04/01/2022","2,203.97","2,203.97","2,203.97","2,203.97","","0.25%"
"03/31/2022","2,198.45","2,198.45","2,198.45","2,198.45","","0.77%"
"03/30/2022","2,181.73","2,181.73","2,181.73","2,181.73","","0.78%"
"03/29/2022","2,164.75","2,164.75","2,164.75","2,164.75","","0.44%"
"03/28/2022","2,155.30","2,155.30","2,155.30","2,155.30","","0.31%"
"03/25/2022","2,148.63","2,148.63","2,148.63","2,148.63","","0.19%"
"03/24/2022","2,144.56","2,144.56","2,144.56","2,144.56","","-0.25%"
"03/23/2022","2,149.88","2,149.88","2,149.88","2,149.88","","0.39%"
"03/22/2022","2,141.59","2,141.59","2,141.59","2,141.59","","0.23%"
"03/21/2022","2,136.59","2,136.59","2,136.59","2,136.59","","0.46%"
"03/18/2022","2,126.89","2,126.89","2,126.89","2,126.89","","0.18%"
"03/17/2022","2,123.05","2,123.05","2,123.05","2,123.05","","0.51%"
"03/16/2022","2,112.27","2,112.27","2,112.27","2,112.27","","-0.08%"
"03/15/2022","2,114.03","2,114.03","2,114.03","2,114.03","","-0.40%"
"03/14/2022","2,122.48","2,122.48","2,122.48","2,122.48","","-0.08%"
"03/11/2022","2,124.21","2,124.21","2,124.21","2,124.21","","-0.20%"
"03/10/2022","2,128.42","2,128.42","2,128.42","2,128.42","","0.56%"
"03/09/2022","2,116.54","2,116.54","2,116.54","2,116.54","","-0.23%"
"03/08/2022","2,121.36","2,121.36","2,121.36","2,121.36","","-0.20%"
"03/07/2022","2,125.53","2,125.53","2,125.53","2,125.53","","-1.20%"
"03/04/2022","2,151.41","2,151.41","2,151.41","2,151.41","","-0.18%"
"03/03/2022","2,155.35","2,155.35","2,155.35","2,155.35","","-0.12%"
"03/02/2022","2,157.94","2,157.94","2,157.94","2,157.94","","-0.07%"
"02/28/2022","2,159.49","2,159.49","2,159.49","2,159.49","","-0.15%"
"02/25/2022","2,162.84","2,162.84","2,162.84","2,162.84","","-0.04%"
"02/24/2022","2,163.71","2,163.71","2,163.71","2,163.71","","-1.16%"
"02/23/2022","2,189.08","2,189.08","2,189.08","2,189.08","","-0.04%"
"02/22/2022","2,189.85","2,189.85","2,189.85","2,189.85","","-0.25%"
"02/21/2022","2,195.26","2,195.26","2,195.26","2,195.26","","0.26%"
"02/18/2022","2,189.49","2,189.49","2,189.49","2,189.49","","0.30%"
"02/17/2022","2,182.99","2,182.99","2,182.99","2,182.99","","-0.17%"
"02/16/2022","2,186.76","2,186.76","2,186.76","2,186.76","","0.89%"
"02/15/2022","2,167.53","2,167.53","2,167.53","2,167.53","","0.10%"
"02/14/2022","2,165.38","2,165.38","2,165.38","2,165.38","","0.50%"
"02/11/2022","2,154.65","2,154.65","2,154.65","2,154.65","","0.03%"
"02/10/2022","2,153.91","2,153.91","2,153.91","2,153.91","","0.38%"
"02/09/2022","2,145.68","2,145.68","2,145.68","2,145.68","","0.18%"
"02/08/2022","2,141.73","2,141.73","2,141.73","2,141.73","","0.03%"
"02/07/2022","2,141.17","2,141.17","2,141.17","2,141.17","","0.38%"
"02/04/2022","2,133.06","2,133.06","2,133.06","2,133.06","","0.05%"
"02/03/2022","2,132.05","2,132.05","2,132.05","2,132.05","","-0.21%"
"01/31/2022","2,136.55","2,136.55","2,136.55","2,136.55","","0.09%"
"01/28/2022","2,134.60","2,134.60","2,134.60","2,134.60","","0.12%"
"01/27/2022","2,131.99","2,131.99","2,131.99","2,131.99","","0.13%"
"01/26/2022","2,129.32","2,129.32","2,129.32","2,129.32","","-0.05%"
"01/25/2022","2,130.40","2,130.40","2,130.40","2,130.40","","-0.21%"
"01/24/2022","2,134.78","2,134.78","2,134.78","2,134.78","","-0.10%"
"01/21/2022","2,136.98","2,136.98","2,136.98","2,136.98","","0.01%"
"01/20/2022","2,136.80","2,136.80","2,136.80","2,136.80","","0.08%"
"01/19/2022","2,135.16","2,135.16","2,135.16","2,135.16","","0.14%"
"01/17/2022","2,132.19","2,132.19","2,132.19","2,132.19","","0.04%"
"01/14/2022","2,131.29","2,131.29","2,131.29","2,131.29","","0.03%"
"01/13/2022","2,130.71","2,130.71","2,130.71","2,130.71","","0.55%"
"01/12/2022","2,119.06","2,119.06","2,119.06","2,119.06","","0.30%"
"01/11/2022","2,112.81","2,112.81","2,112.81","2,112.81","","-0.00%"
"01/10/2022","2,112.86","2,112.86","2,112.86","2,112.86","","0.25%"
"01/07/2022","2,107.58","2,107.58","2,107.58","2,107.58","","0.19%"
"01/06/2022","2,103.56","2,103.56","2,103.56","2,103.56","","0.01%"
"01/05/2022","2,103.38","2,103.38","2,103.38","2,103.38","","0.20%"
"01/04/2022","2,099.13","2,099.13","2,099.13","2,099.13","","0.06%"
"12/31/2021","2,097.89","2,097.89","2,097.89","2,097.89","","-0.02%"
"12/30/2021","2,098.28","2,098.28","2,098.28","2,098.28","","-0.04%"
"12/29/2021","2,099.21","2,099.21","2,099.21","2,099.21","","0.45%"
"12/28/2021","2,089.71","2,089.71","2,089.71","2,089.71","","0.16%"
"12/27/2021","2,086.29","2,086.29","2,086.29","2,086.29","","0.43%"
"12/24/2021","2,077.26","2,077.26","2,077.26","2,077.26","","0.47%"
"12/23/2021","2,067.47","2,067.47","2,067.47","2,067.47","","0.02%"
"12/22/2021","2,067.00","2,067.00","2,067.00","2,067.00","","0.42%"
"12/21/2021","2,058.39","2,058.39","2,058.39","2,058.39","","-0.10%"
"12/20/2021","2,060.51","2,060.51","2,060.51","2,060.51","","-0.19%"
"12/17/2021","2,064.35","2,064.35","2,064.35","2,064.35","","-0.33%"
"12/16/2021","2,071.28","2,071.28","2,071.28","2,071.28","","0.16%"
"12/15/2021","2,067.89","2,067.89","2,067.89","2,067.89","","-0.24%"
"12/14/2021","2,072.93","2,072.93","2,072.93","2,072.93","","-0.31%"
"12/13/2021","2,079.31","2,079.31","2,079.31","2,079.31","","-0.04%"
"12/10/2021","2,080.18","2,080.18","2,080.18","2,080.18","","0.01%"
"12/09/2021","2,079.88","2,079.88","2,079.88","2,079.88","","0.10%"
"12/08/2021","2,077.76","2,077.76","2,077.76","2,077.76","","1.89%"
"12/07/2021","2,039.19","2,039.19","2,039.19","2,039.19","","0.73%"
"12/06/2021","2,024.49","2,024.49","2,024.49","2,024.49","","0.76%"
"12/03/2021","2,009.20","2,009.20","2,009.20","2,009.20","","0.08%"
"12/02/2021","2,007.58","2,007.58","2,007.58","2,007.58","","-0.97%"
"12/01/2021","2,027.31","2,027.31","2,027.31","2,027.31","","0.83%"
"11/30/2021","2,010.67","2,010.67","2,010.67","2,010.67","","-0.43%"
"11/29/2021","2,019.36","2,019.36","2,019.36","2,019.36","","-2.70%"
"11/26/2021","2,075.35","2,075.35","2,075.35","2,075.35","","-1.04%"
"11/25/2021","2,097.07","2,097.07","2,097.07","2,097.07","","-0.51%"
"11/24/2021","2,107.85","2,107.85","2,107.85","2,107.85","","-0.21%"
"11/23/2021","2,112.28","2,112.28","2,112.28","2,112.28","","0.10%"
"11/22/2021","2,110.26","2,110.26","2,110.26","2,110.26","","-1.63%"
"11/19/2021","2,145.26","2,145.26","2,145.26","2,145.26","","0.09%"
"11/18/2021","2,143.37","2,143.37","2,143.37","2,143.37","","-0.10%"
"11/17/2021","2,145.42","2,145.42","2,145.42","2,145.42","","-0.17%"
"11/16/2021","2,149.06","2,149.06","2,149.06","2,149.06","","0.67%"
"11/15/2021","2,134.69","2,134.69","2,134.69","2,134.69","","1.46%"
"11/12/2021","2,104.05","2,104.05","2,104.05","2,104.05","","0.37%"
"11/11/2021","2,096.35","2,096.35","2,096.35","2,096.35","","-0.89%"
"11/10/2021","2,115.17","2,115.17","2,115.17","2,115.17","","-0.23%"
"11/09/2021","2,119.98","2,119.98","2,119.98","2,119.98","","0.04%"
"11/08/2021","2,119.13","2,119.13","2,119.13","2,119.13","","0.21%"
"11/05/2021","2,114.62","2,114.62","2,114.62","2,114.62","","0.19%"
"11/03/2021","2,110.63","2,110.63","2,110.63","2,110.63","","-0.62%"
"10/29/2021","2,123.80","2,123.80","2,123.80","2,123.80","","-0.04%"
"10/28/2021","2,124.66","2,124.66","2,124.66","2,124.66","","0.11%"
"10/27/2021","2,122.27","2,122.27","2,122.27","2,122.27","","0.21%"
"10/26/2021","2,117.91","2,117.91","2,117.91","2,117.91","","0.28%"
"10/25/2021","2,111.90","2,111.90","2,111.90","2,111.90","","0.04%"
"10/22/2021","2,110.98","2,110.98","2,110.98","2,110.98","","0.80%"
"10/21/2021","2,094.23","2,094.23","2,094.23","2,094.23","","0.17%"
"10/20/2021","2,090.59","2,090.59","2,090.59","2,090.59","","0.04%"
"10/19/2021","2,089.82","2,089.82","2,089.82","2,089.82","","0.30%"
"10/18/2021","2,083.60","2,083.60","2,083.60","2,083.60","","-0.08%"
"10/15/2021","2,085.31","2,085.31","2,085.31","2,085.31","","0.13%"
"10/14/2021","2,082.66","2,082.66","2,082.66","2,082.66","","0.10%"
"10/13/2021","2,080.66","2,080.66","2,080.66","2,080.66","","0.10%"
"10/12/2021","2,078.49","2,078.49","2,078.49","2,078.49","","0.13%"
"10/11/2021","2,075.79","2,075.79","2,075.79","2,075.79","","-0.34%"
"10/08/2021","2,082.97","2,082.97","2,082.97","2,082.97","","0.07%"
"10/07/2021","2,081.57","2,081.57","2,081.57","2,081.57","","0.98%"
"10/06/2021","2,061.34","2,061.34","2,061.34","2,061.34","","1.21%"
"10/05/2021","2,036.74","2,036.74","2,036.74","2,036.74","","0.37%"
"10/04/2021","2,029.32","2,029.32","2,029.32","2,029.32","","0.39%"
"10/01/2021","2,021.41","2,021.41","2,021.41","2,021.41","","0.54%"
"09/30/2021","2,010.58","2,010.58","2,010.58","2,010.58","","0.12%"
"09/29/2021","2,008.17","2,008.17","2,008.17","2,008.17","","1.47%"
"09/28/2021","1,979.09","1,979.09","1,979.09","1,979.09","","0.02%"
"09/27/2021","1,978.79","1,978.79","1,978.79","1,978.79","","-0.32%"
"09/24/2021","1,985.21","1,985.21","1,985.21","1,985.21","","0.04%"
"09/23/2021","1,984.45","1,984.45","1,984.45","1,984.45","","0.91%"
"09/22/2021","1,966.52","1,966.52","1,966.52","1,966.52","","0.10%"
"09/21/2021","1,964.58","1,964.58","1,964.58","1,964.58","","0.06%"
"09/20/2021","1,963.36","1,963.36","1,963.36","1,963.36","","0.01%"
"09/17/2021","1,963.07","1,963.07","1,963.07","1,963.07","","0.14%"
"09/16/2021","1,960.31","1,960.31","1,960.31","1,960.31","","0.37%"
"09/15/2021","1,953.14","1,953.14","1,953.14","1,953.14","","-0.09%"
"09/14/2021","1,954.96","1,954.96","1,954.96","1,954.96","","-0.06%"
"09/13/2021","1,956.13","1,956.13","1,956.13","1,956.13","","-0.03%"
"09/10/2021","1,956.81","1,956.81","1,956.81","1,956.81","","0.52%"
"09/09/2021","1,946.70","1,946.70","1,946.70","1,946.70","","0.02%"
"09/08/2021","1,946.30","1,946.30","1,946.30","1,946.30","","-0.38%"
"09/07/2021","1,953.80","1,953.80","1,953.80","1,953.80","","0.09%"
"09/06/2021","1,952.09","1,952.09","1,952.09","1,952.09","","-0.05%"
"09/03/2021","1,953.14","1,953.14","1,953.14","1,953.14","","-0.19%"
"09/02/2021","1,956.79","1,956.79","1,956.79","1,956.79","","0.07%"
"09/01/2021","1,955.39","1,955.39","1,955.39","1,955.39","","0.11%"
"08/31/2021","1,953.30","1,953.30","1,953.30","1,953.30","","-0.32%"
"08/30/2021","1,959.60","1,959.60","1,959.60","1,959.60","","0.06%"
"08/27/2021","1,958.45","1,958.45","1,958.45","1,958.45","","-0.26%"
"08/26/2021","1,963.46","1,963.46","1,963.46","1,963.46","","-0.01%"
"08/25/2021","1,963.59","1,963.59","1,963.59","1,963.59","","-0.34%"
"08/24/2021","1,970.32","1,970.32","1,970.32","1,970.32","","-0.04%"
"08/23/2021","1,971.02","1,971.02","1,971.02","1,971.02","","-0.05%"
"08/20/2021","1,971.94","1,971.94","1,971.94","1,971.94","","0.10%"
"08/19/2021","1,969.93","1,969.93","1,969.93","1,969.93","","-0.06%"
"08/18/2021","1,971.12","1,971.12","1,971.12","1,971.12","","0.53%"
"08/17/2021","1,960.78","1,960.78","1,960.78","1,960.78","","0.76%"
"08/16/2021","1,946.05","1,946.05","1,946.05","1,946.05","","0.31%"
"08/13/2021","1,940.05","1,940.05","1,940.05","1,940.05","","0.72%"
"08/12/2021","1,926.25","1,926.25","1,926.25","1,926.25","","-0.18%"
"08/11/2021","1,929.78","1,929.78","1,929.78","1,929.78","","0.12%"
"08/10/2021","1,927.47","1,927.47","1,927.47","1,927.47","","0.50%"
"08/09/2021","1,917.96","1,917.96","1,917.96","1,917.96","","-0.03%"
"08/06/2021","1,918.45","1,918.45","1,918.45","1,918.45","","-0.05%"
"08/05/2021","1,919.46","1,919.46","1,919.46","1,919.46","","0.34%"
"08/04/2021","1,912.88","1,912.88","1,912.88","1,912.88","","-0.20%"
"08/03/2021","1,916.64","1,916.64","1,916.64","1,916.64","","0.11%"
"08/02/2021","1,914.57","1,914.57","1,914.57","1,914.57","","-0.11%"
"07/30/2021","1,916.62","1,916.62","1,916.62","1,916.62","","-0.56%"
"07/29/2021","1,927.49","1,927.49","1,927.49","1,927.49","","0.56%"
"07/28/2021","1,916.75","1,916.75","1,916.75","1,916.75","","0.24%"
"07/27/2021","1,912.19","1,912.19","1,912.19","1,912.19","","-0.36%"
"07/26/2021","1,919.14","1,919.14","1,919.14","1,919.14","","-0.10%"
"07/23/2021","1,921.06","1,921.06","1,921.06","1,921.06","","0.01%"
"07/22/2021","1,920.80","1,920.80","1,920.80","1,920.80","","0.09%"
"07/21/2021","1,919.13","1,919.13","1,919.13","1,919.13","","0.78%"
"07/20/2021","1,904.36","1,904.36","1,904.36","1,904.36","","-2.64%"
"07/19/2021","1,955.92","1,955.92","1,955.92","1,955.92","","-0.96%"
"07/16/2021","1,974.91","1,974.91","1,974.91","1,974.91","","-0.53%"
"07/15/2021","1,985.52","1,985.52","1,985.52","1,985.52","","-0.02%"
"07/14/2021","1,985.96","1,985.96","1,985.96","1,985.96","","0.27%"
"07/13/2021","1,980.69","1,980.69","1,980.69","1,980.69","","0.63%"
"07/12/2021","1,968.31","1,968.31","1,968.31","1,968.31","","0.26%"
"07/09/2021","1,963.16","1,963.16","1,963.16","1,963.16","","1.02%"
"07/08/2021","1,943.36","1,943.36","1,943.36","1,943.36","","0.69%"
"07/07/2021","1,930.02","1,930.02","1,930.02","1,930.02","","1.16%"
"07/06/2021","1,907.80","1,907.80","1,907.80","1,907.80","","0.73%"
"07/05/2021","1,894.04","1,894.04","1,894.04","1,894.04","","0.29%"
"07/02/2021","1,888.60","1,888.60","1,888.60","1,888.60","","0.80%"
"07/01/2021","1,873.57","1,873.57","1,873.57","1,873.57","","0.56%"
"06/30/2021","1,863.22","1,863.22","1,863.22","1,863.22","","0.10%"
"06/29/2021","1,861.36","1,861.36","1,861.36","1,861.36","","0.32%"
"06/28/2021","1,855.46","1,855.46","1,855.46","1,855.46","","0.24%"
"06/25/2021","1,851.01","1,851.01","1,851.01","1,851.01","","0.34%"
"06/24/2021","1,844.80","1,844.80","1,844.80","1,844.80","","1.07%"
"06/23/2021","1,825.20","1,825.20","1,825.20","1,825.20","","-0.16%"
"06/22/2021","1,828.21","1,828.21","1,828.21","1,828.21","","-0.21%"
"06/21/2021","1,832.13","1,832.13","1,832.13","1,832.13","","0.14%"
"06/18/2021","1,829.55","1,829.55","1,829.55","1,829.55","","-0.65%"
"06/17/2021","1,841.44","1,841.44","1,841.44","1,841.44","","1.73%"
"06/16/2021","1,810.21","1,810.21","1,810.21","1,810.21","","2.02%"
"06/15/2021","1,774.30","1,774.30","1,774.30","1,774.30","","0.96%"
"06/14/2021","1,757.43","1,757.43","1,757.43","1,757.43","","0.68%"
"06/11/2021","1,745.51","1,745.51","1,745.51","1,745.51","","0.30%"
"06/10/2021","1,740.31","1,740.31","1,740.31","1,740.31","","0.08%"
"06/09/2021","1,738.96","1,738.96","1,738.96","1,738.96","","0.05%"
"06/08/2021","1,738.05","1,738.05","1,738.05","1,738.05","","0.33%"
"06/07/2021","1,732.27","1,732.27","1,732.27","1,732.27","","0.15%"
"06/04/2021","1,729.67","1,729.67","1,729.67","1,729.67","","0.22%"
"06/03/2021","1,725.89","1,725.89","1,725.89","1,725.89","","0.15%"
"06/02/2021","1,723.39","1,723.39","1,723.39","1,723.39","","0.34%"
"06/01/2021","1,717.54","1,717.54","1,717.54","1,717.54","","0.23%"
"05/31/2021","1,713.60","1,713.60","1,713.60","1,713.60","","-0.93%"
"05/28/2021","1,729.63","1,729.63","1,729.63","1,729.63","","-0.59%"
"05/27/2021","1,739.90","1,739.90","1,739.90","1,739.90","","-0.09%"
"05/26/2021","1,741.49","1,741.49","1,741.49","1,741.49","","-0.34%"
"05/25/2021","1,747.37","1,747.37","1,747.37","1,747.37","","0.01%"
"05/24/2021","1,747.17","1,747.17","1,747.17","1,747.17","","-0.15%"
"05/21/2021","1,749.82","1,749.82","1,749.82","1,749.82","","0.35%"
"05/20/2021","1,743.69","1,743.69","1,743.69","1,743.69","","0.10%"
"05/19/2021","1,741.91","1,741.91","1,741.91","1,741.91","","-0.67%"
"05/18/2021","1,753.68","1,753.68","1,753.68","1,753.68","","-0.16%"
"05/17/2021","1,756.42","1,756.42","1,756.42","1,756.42","","2.86%"
"05/13/2021","1,707.60","1,707.60","1,707.60","1,707.60","","0.84%"
"05/12/2021","1,693.41","1,693.41","1,693.41","1,693.41","","0.33%"
"05/11/2021","1,687.91","1,687.91","1,687.91","1,687.91","","0.29%"
"05/10/2021","1,683.00","1,683.00","1,683.00","1,683.00","","-0.07%"
"05/07/2021","1,684.14","1,684.14","1,684.14","1,684.14","","-0.01%"
"05/06/2021","1,684.23","1,684.23","1,684.23","1,684.23","","0.19%"
"05/05/2021","1,681.02","1,681.02","1,681.02","1,681.02","","0.72%"
"05/04/2021","1,668.93","1,668.93","1,668.93","1,668.93","","0.14%"
"05/03/2021","1,666.54","1,666.54","1,666.54","1,666.54","","0.75%"
"04/30/2021","1,654.18","1,654.18","1,654.18","1,654.18","","0.44%"
"04/29/2021","1,646.90","1,646.90","1,646.90","1,646.90","","0.31%"
"04/27/2021","1,641.73","1,641.73","1,641.73","1,641.73","","-0.04%"
"04/26/2021","1,642.41","1,642.41","1,642.41","1,642.41","","0.05%"
"04/23/2021","1,641.61","1,641.61","1,641.61","1,641.61","","0.14%"
"04/22/2021","1,639.36","1,639.36","1,639.36","1,639.36","","0.23%"
"04/21/2021","1,635.57","1,635.57","1,635.57","1,635.57","","0.17%"
"04/20/2021","1,632.79","1,632.79","1,632.79","1,632.79","","0.09%"
"04/19/2021","1,631.28","1,631.28","1,631.28","1,631.28","","0.13%"
"04/16/2021","1,629.10","1,629.10","1,629.10","1,629.10","","0.29%"
"04/15/2021","1,624.36","1,624.36","1,624.36","1,624.36","","0.19%"
"04/14/2021","1,621.31","1,621.31","1,621.31","1,621.31","","-0.04%"
"04/12/2021","1,621.88","1,621.88","1,621.88","1,621.88","","0.53%"
"04/09/2021","1,613.40","1,613.40","1,613.40","1,613.40","","0.36%"
"04/08/2021","1,607.58","1,607.58","1,607.58","1,607.58","","0.07%"
"04/07/2021","1,606.47","1,606.47","1,606.47","1,606.47","","0.12%"
"04/06/2021","1,604.49","1,604.49","1,604.49","1,604.49","","-0.09%"
"04/05/2021","1,605.95","1,605.95","1,605.95","1,605.95","","0.07%"
"04/02/2021","1,604.76","1,604.76","1,604.76","1,604.76","","-0.07%"
"04/01/2021","1,605.94","1,605.94","1,605.94","1,605.94","","0.36%"
"03/31/2021","1,600.19","1,600.19","1,600.19","1,600.19","","-0.45%"
"03/30/2021","1,607.36","1,607.36","1,607.36","1,607.36","","0.03%"
"03/29/2021","1,606.83","1,606.83","1,606.83","1,606.83","","0.05%"
"03/26/2021","1,606.07","1,606.07","1,606.07","1,606.07","","0.77%"
"03/25/2021","1,593.87","1,593.87","1,593.87","1,593.87","","0.67%"
"03/24/2021","1,583.29","1,583.29","1,583.29","1,583.29","","0.84%"
"03/23/2021","1,570.13","1,570.13","1,570.13","1,570.13","","0.27%"
"03/22/2021","1,565.97","1,565.97","1,565.97","1,565.97","","0.16%"
"03/19/2021","1,563.50","1,563.50","1,563.50","1,563.50","","0.03%"
"03/18/2021","1,563.07","1,563.07","1,563.07","1,563.07","","0.40%"
"03/17/2021","1,556.92","1,556.92","1,556.92","1,556.92","","0.59%"
"03/16/2021","1,547.75","1,547.75","1,547.75","1,547.75","","-0.20%"
"03/15/2021","1,550.86","1,550.86","1,550.86","1,550.86","","-1.79%"
"03/09/2021","1,579.09","1,579.09","1,579.09","1,579.09","","0.05%"
"03/08/2021","1,578.31","1,578.31","1,578.31","1,578.31","","-0.11%"
"03/05/2021","1,579.99","1,579.99","1,579.99","1,579.99","","0.13%"
"03/04/2021","1,578.01","1,578.01","1,578.01","1,578.01","","-0.35%"
"03/03/2021","1,583.52","1,583.52","1,583.52","1,583.52","","-0.88%"
"03/02/2021","1,597.51","1,597.51","1,597.51","1,597.51","","-0.14%"
"03/01/2021","1,599.77","1,599.77","1,599.77","1,599.77","","0.10%"
"02/26/2021","1,598.25","1,598.25","1,598.25","1,598.25","","-0.19%"
"02/25/2021","1,601.29","1,601.29","1,601.29","1,601.29","","-0.22%"
"02/24/2021","1,604.89","1,604.89","1,604.89","1,604.89","","-0.08%"
"02/23/2021","1,606.18","1,606.18","1,606.18","1,606.18","","-0.19%"
"02/22/2021","1,609.18","1,609.18","1,609.18","1,609.18","","0.13%"
"02/19/2021","1,607.09","1,607.09","1,607.09","1,607.09","","0.65%"
"02/18/2021","1,596.75","1,596.75","1,596.75","1,596.75","","0.71%"
"02/17/2021","1,585.57","1,585.57","1,585.57","1,585.57","","0.02%"
"02/16/2021","1,585.29","1,585.29","1,585.29","1,585.29","","-1.00%"
"02/15/2021","1,601.33","1,601.33","1,601.33","1,601.33","","-1.33%"
"02/11/2021","1,622.84","1,622.84","1,622.84","1,622.84","","-0.21%"
"02/10/2021","1,626.30","1,626.30","1,626.30","1,626.30","","-0.09%"
"02/09/2021","1,627.80","1,627.80","1,627.80","1,627.80","","-0.23%"
"02/08/2021","1,631.54","1,631.54","1,631.54","1,631.54","","-0.05%"
"02/05/2021","1,632.31","1,632.31","1,632.31","1,632.31","","-0.15%"
"02/04/2021","1,634.69","1,634.69","1,634.69","1,634.69","","-0.08%"
"02/03/2021","1,636.06","1,636.06","1,636.06","1,636.06","","0.04%"
"02/02/2021","1,635.39","1,635.39","1,635.39","1,635.39","","-0.16%"
"01/29/2021","1,638.00","1,638.00","1,638.00","1,638.00","","-0.22%"
"01/27/2021","1,641.57","1,641.57","1,641.57","1,641.57","","-0.01%"
"01/26/2021","1,641.73","1,641.73","1,641.73","1,641.73","","-0.28%"
"01/25/2021","1,646.40","1,646.40","1,646.40","1,646.40","","-0.09%"
"01/22/2021","1,647.96","1,647.96","1,647.96","1,647.96","","-0.16%"
"01/21/2021","1,650.55","1,650.55","1,650.55","1,650.55","","-0.03%"
"01/20/2021","1,651.00","1,651.00","1,651.00","1,651.00","","0.08%"
"01/19/2021","1,649.68","1,649.68","1,649.68","1,649.68","","-0.07%"
"01/18/2021","1,650.85","1,650.85","1,650.85","1,650.85","","-0.09%"
"01/15/2021","1,652.41","1,652.41","1,652.41","1,652.41","","-0.09%"
"01/14/2021","1,653.92","1,653.92","1,653.92","1,653.92","","-0.15%"
"01/13/2021","1,656.43","1,656.43","1,656.43","1,656.43","","0.06%"
"01/12/2021","1,655.50","1,655.50","1,655.50","1,655.50","","0.03%"
"01/11/2021","1,654.94","1,654.94","1,654.94","1,654.94","","-0.07%"
"01/08/2021","1,656.15","1,656.15","1,656.15","1,656.15","","0.06%"
"01/07/2021","1,655.11","1,655.11","1,655.11","1,655.11","","0.62%"
"01/06/2021","1,644.91","1,644.91","1,644.91","1,644.91","","0.04%"
"01/05/2021","1,644.33","1,644.33","1,644.33","1,644.33","","0.02%"
"01/04/2021","1,644.03","1,644.03","1,644.03","1,644.03","","-0.26%"
"12/31/2020","1,648.39","1,648.39","1,648.39","1,648.39","","0.17%"
"12/30/2020","1,645.65","1,645.65","1,645.65","1,645.65","","0.21%"
"12/29/2020","1,642.14","1,642.14","1,642.14","1,642.14","","0.26%"
"12/28/2020","1,637.84","1,637.84","1,637.84","1,637.84","","0.22%"
"12/24/2020","1,634.32","1,634.32","1,634.32","1,634.32","","-0.01%"
"12/23/2020","1,634.42","1,634.42","1,634.42","1,634.42","","0.01%"
"12/22/2020","1,634.20","1,634.20","1,634.20","1,634.20","","0.55%"
"12/21/2020","1,625.30","1,625.30","1,625.30","1,625.30","","0.67%"
"12/18/2020","1,614.50","1,614.50","1,614.50","1,614.50","","0.22%"
"12/17/2020","1,611.01","1,611.01","1,611.01","1,611.01","","-0.20%"
"12/16/2020","1,614.18","1,614.18","1,614.18","1,614.18","","0.86%"
"12/15/2020","1,600.35","1,600.35","1,600.35","1,600.35","","-0.03%"
"12/14/2020","1,600.82","1,600.82","1,600.82","1,600.82","","-0.13%"
"12/11/2020","1,602.92","1,602.92","1,602.92","1,602.92","","-0.30%"
"12/10/2020","1,607.81","1,607.81","1,607.81","1,607.81","","-0.09%"
"12/09/2020","1,609.27","1,609.27","1,609.27","1,609.27","","0.29%"
"12/08/2020","1,604.55","1,604.55","1,604.55","1,604.55","","0.15%"
"12/07/2020","1,602.19","1,602.19","1,602.19","1,602.19","","-0.27%"
"12/04/2020","1,606.59","1,606.59","1,606.59","1,606.59","","0.01%"
"12/03/2020","1,606.35","1,606.35","1,606.35","1,606.35","","0.02%"
"12/02/2020","1,606.01","1,606.01","1,606.01","1,606.01","","0.33%"
"12/01/2020","1,600.72","1,600.72","1,600.72","1,600.72","","-0.11%"
"11/30/2020","1,602.46","1,602.46","1,602.46","1,602.46","","1.11%"
"11/27/2020","1,584.83","1,584.83","1,584.83","1,584.83","","0.19%"
"11/26/2020","1,581.82","1,581.82","1,581.82","1,581.82","","0.02%"
"11/25/2020","1,581.58","1,581.58","1,581.58","1,581.58","","0.77%"
"11/24/2020","1,569.43","1,569.43","1,569.43","1,569.43","","0.08%"
"11/23/2020","1,568.22","1,568.22","1,568.22","1,568.22","","1.08%"
"11/20/2020","1,551.51","1,551.51","1,551.51","1,551.51","","-0.19%"
"11/19/2020","1,554.54","1,554.54","1,554.54","1,554.54","","-0.40%"
"11/18/2020","1,560.76","1,560.76","1,560.76","1,560.76","","1.84%"
"11/17/2020","1,532.51","1,532.51","1,532.51","1,532.51","","1.52%"
"11/16/2020","1,509.57","1,509.57","1,509.57","1,509.57","","0.49%"
"11/13/2020","1,502.14","1,502.14","1,502.14","1,502.14","","-0.10%"
"11/12/2020","1,503.65","1,503.65","1,503.65","1,503.65","","0.50%"
"11/11/2020","1,496.16","1,496.16","1,496.16","1,496.16","","0.60%"
"11/10/2020","1,487.31","1,487.31","1,487.31","1,487.31","","1.86%"
"11/09/2020","1,460.16","1,460.16","1,460.16","1,460.16","","-0.27%"
"11/06/2020","1,464.04","1,464.04","1,464.04","1,464.04","","0.00%"
"11/05/2020","1,463.99","1,463.99","1,463.99","1,463.99","","0.31%"
"11/04/2020","1,459.41","1,459.41","1,459.41","1,459.41","","-0.45%"
"11/03/2020","1,466.08","1,466.08","1,466.08","1,466.08","","-0.17%"
"10/30/2020","1,468.59","1,468.59","1,468.59","1,468.59","","-0.28%"
"10/29/2020","1,472.70","1,472.70","1,472.70","1,472.70","","-0.26%"
"10/28/2020","1,476.48","1,476.48","1,476.48","1,476.48","","-0.04%"
"10/27/2020","1,477.00","1,477.00","1,477.00","1,477.00","","-0.13%"
"10/26/2020","1,478.89","1,478.89","1,478.89","1,478.89","","0.10%"
"10/23/2020","1,477.35","1,477.35","1,477.35","1,477.35","","0.15%"
"10/22/2020","1,475.10","1,475.10","1,475.10","1,475.10","","-0.12%"
"10/21/2020","1,476.88","1,476.88","1,476.88","1,476.88","","-0.07%"
"10/20/2020","1,477.87","1,477.87","1,477.87","1,477.87","","0.07%"
"10/19/2020","1,476.84","1,476.84","1,476.84","1,476.84","","0.16%"
"10/16/2020","1,474.45","1,474.45","1,474.45","1,474.45","","0.05%"
"10/15/2020","1,473.78","1,473.78","1,473.78","1,473.78","","-0.52%"
"10/14/2020","1,481.43","1,481.43","1,481.43","1,481.43","","0.18%"
"10/13/2020","1,478.73","1,478.73","1,478.73","1,478.73","","-0.08%"
"10/12/2020","1,479.88","1,479.88","1,479.88","1,479.88","","0.22%"
"10/09/2020","1,476.59","1,476.59","1,476.59","1,476.59","","0.05%"
"10/08/2020","1,475.82","1,475.82","1,475.82","1,475.82","","-0.14%"
"10/07/2020","1,477.94","1,477.94","1,477.94","1,477.94","","-0.06%"
"10/06/2020","1,478.84","1,478.84","1,478.84","1,478.84","","0.58%"
"10/05/2020","1,470.35","1,470.35","1,470.35","1,470.35","","-0.88%"
"10/02/2020","1,483.39","1,483.39","1,483.39","1,483.39","","-0.90%"
"10/01/2020","1,496.88","1,496.88","1,496.88","1,496.88","","-0.72%"
"09/30/2020","1,507.77","1,507.77","1,507.77","1,507.77","","-0.13%"
"09/29/2020","1,509.80","1,509.80","1,509.80","1,509.80","","-0.29%"
"09/28/2020","1,514.24","1,514.24","1,514.24","1,514.24","","-0.74%"
"09/25/2020","1,525.56","1,525.56","1,525.56","1,525.56","","0.17%"
"09/24/2020","1,523.02","1,523.02","1,523.02","1,523.02","","-0.24%"
"09/23/2020","1,526.74","1,526.74","1,526.74","1,526.74","","-0.47%"
"09/22/2020","1,533.98","1,533.98","1,533.98","1,533.98","","-0.07%"
"09/21/2020","1,535.06","1,535.06","1,535.06","1,535.06","","-0.38%"
"09/18/2020","1,540.89","1,540.89","1,540.89","1,540.89","","-0.11%"
"09/17/2020","1,542.66","1,542.66","1,542.66","1,542.66","","-0.01%"
"09/16/2020","1,542.76","1,542.76","1,542.76","1,542.76","","0.04%"
"09/15/2020","1,542.09","1,542.09","1,542.09","1,542.09","","-0.10%"
"09/14/2020","1,543.64","1,543.64","1,543.64","1,543.64","","-0.03%"
"09/11/2020","1,544.09","1,544.09","1,544.09","1,544.09","","-0.28%"
"09/10/2020","1,548.47","1,548.47","1,548.47","1,548.47","","0.09%"
"09/09/2020","1,547.13","1,547.13","1,547.13","1,547.13","","-0.07%"
"09/08/2020","1,548.27","1,548.27","1,548.27","1,548.27","","0.12%"
"09/07/2020","1,546.38","1,546.38","1,546.38","1,546.38","","-0.79%"
"09/04/2020","1,558.71","1,558.71","1,558.71","1,558.71","","-0.83%"
"09/03/2020","1,571.77","1,571.77","1,571.77","1,571.77","","-0.60%"
"09/02/2020","1,581.32","1,581.32","1,581.32","1,581.32","","-0.42%"
"09/01/2020","1,588.05","1,588.05","1,588.05","1,588.05","","0.71%"
"08/31/2020","1,576.90","1,576.90","1,576.90","1,576.90","","0.30%"
"08/28/2020","1,572.18","1,572.18","1,572.18","1,572.18","","0.75%"
"08/27/2020","1,560.49","1,560.49","1,560.49","1,560.49","","0.62%"
"08/26/2020","1,550.89","1,550.89","1,550.89","1,550.89","","0.34%"
"08/25/2020","1,545.58","1,545.58","1,545.58","1,545.58","","0.44%"
"08/24/2020","1,538.81","1,538.81","1,538.81","1,538.81","","0.48%"
"08/21/2020","1,531.50","1,531.50","1,531.50","1,531.50","","0.08%"
"08/20/2020","1,530.26","1,530.26","1,530.26","1,530.26","","0.09%"
"08/19/2020","1,528.95","1,528.95","1,528.95","1,528.95","","0.12%"
"08/18/2020","1,527.09","1,527.09","1,527.09","1,527.09","","-0.15%"
"08/17/2020","1,529.39","1,529.39","1,529.39","1,529.39","","-0.16%"
"08/14/2020","1,531.80","1,531.80","1,531.80","1,531.80","","0.38%"
"08/13/2020","1,526.03","1,526.03","1,526.03","1,526.03","","-0.03%"
"08/12/2020","1,526.56","1,526.56","1,526.56","1,526.56","","-0.21%"
"08/11/2020","1,529.82","1,529.82","1,529.82","1,529.82","","-1.45%"
"08/10/2020","1,552.28","1,552.28","1,552.28","1,552.28","","-0.70%"
"08/07/2020","1,563.27","1,563.27","1,563.27","1,563.27","","-0.27%"
"08/06/2020","1,567.58","1,567.58","1,567.58","1,567.58","","-0.29%"
"08/05/2020","1,572.09","1,572.09","1,572.09","1,572.09","","-0.99%"
"08/04/2020","1,587.76","1,587.76","1,587.76","1,587.76","","-0.42%"
"08/03/2020","1,594.53","1,594.53","1,594.53","1,594.53","","0.12%"
"07/31/2020","1,592.60","1,592.60","1,592.60","1,592.60","","-0.01%"
"07/30/2020","1,592.73","1,592.73","1,592.73","1,592.73","","-0.23%"
"07/29/2020","1,596.40","1,596.40","1,596.40","1,596.40","","-0.14%"
"07/28/2020","1,598.67","1,598.67","1,598.67","1,598.67","","0.03%"
"07/27/2020","1,598.16","1,598.16","1,598.16","1,598.16","","-0.46%"
"07/24/2020","1,605.57","1,605.57","1,605.57","1,605.57","","0.09%"
"07/23/2020","1,604.18","1,604.18","1,604.18","1,604.18","","-0.19%"
"07/22/2020","1,607.23","1,607.23","1,607.23","1,607.23","","0.03%"
"07/21/2020","1,606.69","1,606.69","1,606.69","1,606.69","","-0.19%"
"07/20/2020","1,609.73","1,609.73","1,609.73","1,609.73","","-0.61%"
"07/17/2020","1,619.53","1,619.53","1,619.53","1,619.53","","-0.52%"
"07/16/2020","1,627.92","1,627.92","1,627.92","1,627.92","","-0.87%"
"07/15/2020","1,642.24","1,642.24","1,642.24","1,642.24","","-0.54%"
"07/14/2020","1,651.08","1,651.08","1,651.08","1,651.08","","-0.47%"
"07/13/2020","1,658.87","1,658.87","1,658.87","1,658.87","","-0.39%"
"07/10/2020","1,665.43","1,665.43","1,665.43","1,665.43","","-0.14%"
"07/09/2020","1,667.82","1,667.82","1,667.82","1,667.82","","-0.17%"
"07/08/2020","1,670.70","1,670.70","1,670.70","1,670.70","","0.67%"
"07/07/2020","1,659.65","1,659.65","1,659.65","1,659.65","","-0.08%"
"07/06/2020","1,660.95","1,660.95","1,660.95","1,660.95","","0.25%"
"07/03/2020","1,656.83","1,656.83","1,656.83","1,656.83","","0.19%"
"07/02/2020","1,653.61","1,653.61","1,653.61","1,653.61","","-0.38%"
"07/01/2020","1,659.85","1,659.85","1,659.85","1,659.85","","-0.17%"
"06/30/2020","1,662.61","1,662.61","1,662.61","1,662.61","","-0.15%"
"06/29/2020","1,665.05","1,665.05","1,665.05","1,665.05","","0.67%"
"06/26/2020","1,653.93","1,653.93","1,653.93","1,653.93","","-0.20%"
"06/25/2020","1,657.25","1,657.25","1,657.25","1,657.25","","0.05%"
"06/24/2020","1,656.36","1,656.36","1,656.36","1,656.36","","0.01%"
"06/23/2020","1,656.18","1,656.18","1,656.18","1,656.18","","0.39%"
"06/22/2020","1,649.68","1,649.68","1,649.68","1,649.68","","0.16%"
"06/19/2020","1,647.10","1,647.10","1,647.10","1,647.10","","-0.44%"
"06/18/2020","1,654.46","1,654.46","1,654.46","1,654.46","","0.28%"
"06/17/2020","1,649.77","1,649.77","1,649.77","1,649.77","","-1.00%"
"06/16/2020","1,666.36","1,666.36","1,666.36","1,666.36","","-0.25%"
"06/15/2020","1,670.46","1,670.46","1,670.46","1,670.46","","-1.38%"
"06/12/2020","1,693.83","1,693.83","1,693.83","1,693.83","","-0.18%"
"06/11/2020","1,696.87","1,696.87","1,696.87","1,696.87","","-0.54%"
"06/10/2020","1,706.09","1,706.09","1,706.09","1,706.09","","0.96%"
"06/09/2020","1,689.91","1,689.91","1,689.91","1,689.91","","0.55%"
"06/08/2020","1,680.61","1,680.61","1,680.61","1,680.61","","0.48%"
"06/05/2020","1,672.62","1,672.62","1,672.62","1,672.62","","0.73%"
"06/04/2020","1,660.53","1,660.53","1,660.53","1,660.53","","1.12%"
"06/03/2020","1,642.08","1,642.08","1,642.08","1,642.08","","0.76%"
"06/02/2020","1,629.63","1,629.63","1,629.63","1,629.63","","0.08%"
"06/01/2020","1,628.37","1,628.37","1,628.37","1,628.37","","0.39%"
"05/29/2020","1,622.12","1,622.12","1,622.12","1,622.12","","0.95%"
"05/28/2020","1,606.93","1,606.93","1,606.93","1,606.93","","-0.66%"
"05/27/2020","1,617.60","1,617.60","1,617.60","1,617.60","","-0.60%"
"05/26/2020","1,627.39","1,627.39","1,627.39","1,627.39","","0.52%"
"05/25/2020","1,619.02","1,619.02","1,619.02","1,619.02","","0.31%"
"05/22/2020","1,614.05","1,614.05","1,614.05","1,614.05","","0.35%"
"05/21/2020","1,608.44","1,608.44","1,608.44","1,608.44","","0.35%"
"05/20/2020","1,602.80","1,602.80","1,602.80","1,602.80","","0.00%"
"05/19/2020","1,602.76","1,602.76","1,602.76","1,602.76","","0.14%"
"05/18/2020","1,600.56","1,600.56","1,600.56","1,600.56","","-0.23%"
"05/15/2020","1,604.26","1,604.26","1,604.26","1,604.26","","-2.07%"
"05/14/2020","1,638.17","1,638.17","1,638.17","1,638.17","","0.03%"
"05/13/2020","1,637.73","1,637.73","1,637.73","1,637.73","","-0.22%"
"05/12/2020","1,641.29","1,641.29","1,641.29","1,641.29","","1.39%"
"05/11/2020","1,618.86","1,618.86","1,618.86","1,618.86","","0.90%"
"05/08/2020","1,604.45","1,604.45","1,604.45","1,604.45","","0.44%"
"05/07/2020","1,597.36","1,597.36","1,597.36","1,597.36","","-0.04%"
"05/06/2020","1,598.05","1,598.05","1,598.05","1,598.05","","1.30%"
"05/05/2020","1,577.57","1,577.57","1,577.57","1,577.57","","0.69%"
"05/04/2020","1,566.77","1,566.77","1,566.77","1,566.77","","-0.38%"
"04/30/2020","1,572.75","1,572.75","1,572.75","1,572.75","","-1.38%"
"04/29/2020","1,594.77","1,594.77","1,594.77","1,594.77","","-0.40%"
"04/28/2020","1,601.10","1,601.10","1,601.10","1,601.10","","-0.67%"
"04/27/2020","1,611.91","1,611.91","1,611.91","1,611.91","","-1.61%"
"04/24/2020","1,638.27","1,638.27","1,638.27","1,638.27","","-1.24%"
"04/23/2020","1,658.86","1,658.86","1,658.86","1,658.86","","-1.12%"
"04/22/2020","1,677.73","1,677.73","1,677.73","1,677.73","","-1.15%"
"04/21/2020","1,697.28","1,697.28","1,697.28","1,697.28","","-1.58%"
"04/20/2020","1,724.56","1,724.56","1,724.56","1,724.56","","-1.33%"
"04/17/2020","1,747.85","1,747.85","1,747.85","1,747.85","","-0.66%"
"04/16/2020","1,759.48","1,759.48","1,759.48","1,759.48","","-1.39%"
"04/15/2020","1,784.29","1,784.29","1,784.29","1,784.29","","-0.17%"
"04/14/2020","1,787.36","1,787.36","1,787.36","1,787.36","","-0.47%"
"04/13/2020","1,795.86","1,795.86","1,795.86","1,795.86","","-1.51%"
"04/10/2020","1,823.44","1,823.44","1,823.44","1,823.44","","3.07%"
"04/09/2020","1,769.06","1,769.06","1,769.06","1,769.06","","5.04%"
"04/08/2020","1,684.17","1,684.17","1,684.17","1,684.17","","10.84%"
"04/07/2020","1,519.40","1,519.40","1,519.40","1,519.40","","4.45%"
"04/06/2020","1,454.71","1,454.71","1,454.71","1,454.71","","-7.40%"
"03/19/2020","1,571.04","1,571.04","1,571.04","1,571.04","","-9.70%"
"03/18/2020","1,739.71","1,739.71","1,739.71","1,739.71","","-1.37%"
"03/17/2020","1,763.88","1,763.88","1,763.88","1,763.88","","-2.33%"
"03/16/2020","1,805.91","1,805.91","1,805.91","1,805.91","","-4.21%"
"03/13/2020","1,885.22","1,885.22","1,885.22","1,885.22","","-6.11%"
"03/11/2020","2,007.85","2,007.85","2,007.85","2,007.85","","3.10%"
"03/10/2020","1,947.46","1,947.46","1,947.46","1,947.46","","2.73%"
"03/09/2020","1,895.69","1,895.69","1,895.69","1,895.69","","-7.46%"
"03/06/2020","2,048.46","2,048.46","2,048.46","2,048.46","","-3.03%"
"03/05/2020","2,112.39","2,112.39","2,112.39","2,112.39","","-1.00%"
"03/04/2020","2,133.72","2,133.72","2,133.72","2,133.72","","-0.20%"
"03/03/2020","2,138.05","2,138.05","2,138.05","2,138.05","","-0.69%"
"03/02/2020","2,152.82","2,152.82","2,152.82","2,152.82","","-1.12%"
"02/28/2020","2,177.25","2,177.25","2,177.25","2,177.25","","-0.30%"
"02/27/2020","2,183.76","2,183.76","2,183.76","2,183.76","","0.10%"
"02/26/2020","2,181.64","2,181.64","2,181.64","2,181.64","","-0.90%"
"02/25/2020","2,201.45","2,201.45","2,201.45","2,201.45","","-0.69%"
"02/24/2020","2,216.72","2,216.72","2,216.72","2,216.72","","-0.42%"
"02/20/2020","2,226.18","2,226.18","2,226.18","2,226.18","","-0.78%"
"02/19/2020","2,243.75","2,243.75","2,243.75","2,243.75","","0.10%"
"02/18/2020","2,241.45","2,241.45","2,241.45","2,241.45","","-0.02%"
"02/17/2020","2,241.92","2,241.92","2,241.92","2,241.92","","-0.09%"
"02/14/2020","2,243.89","2,243.89","2,243.89","2,243.89","","0.61%"
"02/13/2020","2,230.28","2,230.28","2,230.28","2,230.28","","0.28%"
"02/12/2020","2,224.12","2,224.12","2,224.12","2,224.12","","0.14%"
"02/11/2020","2,221.04","2,221.04","2,221.04","2,221.04","","-0.12%"
"02/10/2020","2,223.66","2,223.66","2,223.66","2,223.66","","0.03%"
"02/07/2020","2,222.98","2,222.98","2,222.98","2,222.98","","-0.03%"
"02/06/2020","2,223.65","2,223.65","2,223.65","2,223.65","","0.15%"
"02/05/2020","2,220.35","2,220.35","2,220.35","2,220.35","","0.25%"
"02/04/2020","2,214.90","2,214.90","2,214.90","2,214.90","","0.35%"
"02/03/2020","2,207.15","2,207.15","2,207.15","2,207.15","","-0.25%"
"01/31/2020","2,212.59","2,212.59","2,212.59","2,212.59","","-0.25%"
"01/30/2020","2,218.18","2,218.18","2,218.18","2,218.18","","-0.39%"
"01/29/2020","2,226.90","2,226.90","2,226.90","2,226.90","","-0.18%"
"01/28/2020","2,230.93","2,230.93","2,230.93","2,230.93","","-0.20%"
"01/27/2020","2,235.34","2,235.34","2,235.34","2,235.34","","0.00%"
"01/24/2020","2,235.34","2,235.34","2,235.34","2,235.34","","-0.55%"
"01/23/2020","2,247.73","2,247.73","2,247.73","2,247.73","","0.08%"
"01/22/2020","2,245.88","2,245.88","2,245.88","2,245.88","","0.32%"
"01/21/2020","2,238.61","2,238.61","2,238.61","2,238.61","","0.24%"
"01/20/2020","2,233.23","2,233.23","2,233.23","2,233.23","","1.09%"
"01/17/2020","2,209.25","2,209.25","2,209.25","2,209.25","","-0.05%"
"01/16/2020","2,210.30","2,210.30","2,210.30","2,210.30","","-0.63%"
"01/15/2020","2,224.39","2,224.39","2,224.39","2,224.39","","-1.03%"
"01/14/2020","2,247.46","2,247.46","2,247.46","2,247.46","","0.30%"
"01/13/2020","2,240.69","2,240.69","2,240.69","2,240.69","","0.76%"
"01/10/2020","2,223.75","2,223.75","2,223.75","2,223.75","","0.40%"
"01/09/2020","2,214.85","2,214.85","2,214.85","2,214.85","","0.61%"
"01/08/2020","2,201.43","2,201.43","2,201.43","2,201.43","","1.03%"
"01/07/2020","2,179.03","2,179.03","2,179.03","2,179.03","","-0.25%"
"01/06/2020","2,184.52","2,184.52","2,184.52","2,184.52","","0.19%"
"01/03/2020","2,180.31","2,180.31","2,180.31","2,180.31","","0.15%"
"12/27/2019","2,177.09","2,177.09","2,177.09","2,177.09","","0.44%"
"12/26/2019","2,167.53","2,167.53","2,167.53","2,167.53","","-0.08%"
"12/24/2019","2,169.34","2,169.34","2,169.34","2,169.34","","0.01%"
"12/23/2019","2,169.03","2,169.03","2,169.03","2,169.03","","0.37%"
"12/20/2019","2,161.14","2,161.14","2,161.14","2,161.14","","0.25%"
"12/19/2019","2,155.71","2,155.71","2,155.71","2,155.71","","0.26%"
"12/18/2019","2,150.14","2,150.14","2,150.14","2,150.14","","0.10%"
"12/17/2019","2,147.96","2,147.96","2,147.96","2,147.96","","0.05%"
"12/16/2019","2,146.98","2,146.98","2,146.98","2,146.98","","0.65%"
"12/13/2019","2,133.17","2,133.17","2,133.17","2,133.17","","0.33%"
"12/12/2019","2,126.18","2,126.18","2,126.18","2,126.18","","-0.02%"
"12/11/2019","2,126.60","2,126.60","2,126.60","2,126.60","","-0.14%"
"12/10/2019","2,129.63","2,129.63","2,129.63","2,129.63","","0.02%"
"12/09/2019","2,129.27","2,129.27","2,129.27","2,129.27","","0.02%"
"12/06/2019","2,128.95","2,128.95","2,128.95","2,128.95","","0.04%"
"12/05/2019","2,128.10","2,128.10","2,128.10","2,128.10","","0.08%"
"12/04/2019","2,126.44","2,126.44","2,126.44","2,126.44","","-0.06%"
"12/03/2019","2,127.77","2,127.77","2,127.77","2,127.77","","-0.07%"
"12/02/2019","2,129.18","2,129.18","2,129.18","2,129.18","","0.12%"
"11/29/2019","2,126.62","2,126.62","2,126.62","2,126.62","","-0.03%"
"11/28/2019","2,127.23","2,127.23","2,127.23","2,127.23","","-0.12%"
"11/27/2019","2,129.83","2,129.83","2,129.83","2,129.83","","-0.08%"
"11/26/2019","2,131.61","2,131.61","2,131.61","2,131.61","","0.02%"
"11/25/2019","2,131.19","2,131.19","2,131.19","2,131.19","","-0.15%"
"11/22/2019","2,134.46","2,134.46","2,134.46","2,134.46","","0.00%"
"11/21/2019","2,134.39","2,134.39","2,134.39","2,134.39","","0.02%"
"11/20/2019","2,134.04","2,134.04","2,134.04","2,134.04","","-0.14%"
"11/19/2019","2,137.01","2,137.01","2,137.01","2,137.01","","-0.10%"
"11/18/2019","2,139.21","2,139.21","2,139.21","2,139.21","","-0.12%"
"11/15/2019","2,141.79","2,141.79","2,141.79","2,141.79","","0.05%"
"11/14/2019","2,140.69","2,140.69","2,140.69","2,140.69","","0.59%"
"11/13/2019","2,128.19","2,128.19","2,128.19","2,128.19","","0.53%"
"11/12/2019","2,116.92","2,116.92","2,116.92","2,116.92","","0.07%"
"11/11/2019","2,115.36","2,115.36","2,115.36","2,115.36","","-0.47%"
"11/08/2019","2,125.33","2,125.33","2,125.33","2,125.33","","0.03%"
"11/06/2019","2,124.59","2,124.59","2,124.59","2,124.59","","0.04%"
"11/05/2019","2,123.70","2,123.70","2,123.70","2,123.70","","0.32%"
"11/04/2019","2,116.92","2,116.92","2,116.92","2,116.92","","-0.09%"
"10/31/2019","2,118.84","2,118.84","2,118.84","2,118.84","","0.08%"
"10/30/2019","2,117.11","2,117.11","2,117.11","2,117.11","","-0.01%"
"10/29/2019","2,117.31","2,117.31","2,117.31","2,117.31","","-0.36%"
"10/28/2019","2,124.97","2,124.97","2,124.97","2,124.97","","0.24%"
"10/25/2019","2,119.95","2,119.95","2,119.95","2,119.95","","0.61%"
"10/24/2019","2,107.03","2,107.03","2,107.03","2,107.03","","0.15%"
"10/23/2019","2,103.81","2,103.81","2,103.81","2,103.81","","-0.08%"
"10/22/2019","2,105.51","2,105.51","2,105.51","2,105.51","","-0.19%"
"10/21/2019","2,109.62","2,109.62","2,109.62","2,109.62","","-0.20%"
"10/18/2019","2,113.88","2,113.88","2,113.88","2,113.88","","-0.19%"
"10/17/2019","2,118.01","2,118.01","2,118.01","2,118.01","","-0.10%"
"10/16/2019","2,120.14","2,120.14","2,120.14","2,120.14","","-0.15%"
"10/15/2019","2,123.23","2,123.23","2,123.23","2,123.23","","-0.41%"
"10/14/2019","2,131.94","2,131.94","2,131.94","2,131.94","","-0.17%"
"10/11/2019","2,135.49","2,135.49","2,135.49","2,135.49","","0.05%"
"10/10/2019","2,134.45","2,134.45","2,134.45","2,134.45","","0.32%"
"10/09/2019","2,127.64","2,127.64","2,127.64","2,127.64","","0.27%"
"10/08/2019","2,121.93","2,121.93","2,121.93","2,121.93","","-0.36%"
"10/07/2019","2,129.61","2,129.61","2,129.61","2,129.61","","0.44%"
"10/04/2019","2,120.19","2,120.19","2,120.19","2,120.19","","0.07%"
"10/03/2019","2,118.68","2,118.68","2,118.68","2,118.68","","-0.53%"
"10/02/2019","2,129.92","2,129.92","2,129.92","2,129.92","","-0.27%"
"10/01/2019","2,135.66","2,135.66","2,135.66","2,135.66","","0.43%"
"09/30/2019","2,126.42","2,126.42","2,126.42","2,126.42","","0.43%"
"09/27/2019","2,117.24","2,117.24","2,117.24","2,117.24","","0.61%"
"09/26/2019","2,104.38","2,104.38","2,104.38","2,104.38","","0.03%"
"09/25/2019","2,103.83","2,103.83","2,103.83","2,103.83","","-0.12%"
"09/24/2019","2,106.37","2,106.37","2,106.37","2,106.37","","-0.07%"
"09/23/2019","2,107.91","2,107.91","2,107.91","2,107.91","","-0.14%"
"09/20/2019","2,110.78","2,110.78","2,110.78","2,110.78","","-0.02%"
"09/19/2019","2,111.19","2,111.19","2,111.19","2,111.19","","0.04%"
"09/18/2019","2,110.27","2,110.27","2,110.27","2,110.27","","0.04%"
"09/17/2019","2,109.34","2,109.34","2,109.34","2,109.34","","-0.04%"
"09/16/2019","2,110.14","2,110.14","2,110.14","2,110.14","","-0.06%"
"09/13/2019","2,111.40","2,111.40","2,111.40","2,111.40","","0.44%"
"09/12/2019","2,102.15","2,102.15","2,102.15","2,102.15","","-0.77%"
"09/11/2019","2,118.47","2,118.47","2,118.47","2,118.47","","-0.37%"
"09/10/2019","2,126.35","2,126.35","2,126.35","2,126.35","","-0.28%"
"09/06/2019","2,132.36","2,132.36","2,132.36","2,132.36","","-0.42%"
"09/05/2019","2,141.27","2,141.27","2,141.27","2,141.27","","-0.81%"
"09/04/2019","2,158.67","2,158.67","2,158.67","2,158.67","","-0.22%"
"09/02/2019","2,163.41","2,163.41","2,163.41","2,163.41","","0.07%"
"08/30/2019","2,161.98","2,161.98","2,161.98","2,161.98","","-0.10%"
"08/29/2019","2,164.20","2,164.20","2,164.20","2,164.20","","0.14%"
"08/28/2019","2,161.17","2,161.17","2,161.17","2,161.17","","-0.40%"
"08/27/2019","2,169.79","2,169.79","2,169.79","2,169.79","","0.01%"
"08/26/2019","2,169.62","2,169.62","2,169.62","2,169.62","","0.11%"
"08/23/2019","2,167.19","2,167.19","2,167.19","2,167.19","","0.11%"
"08/22/2019","2,164.73","2,164.73","2,164.73","2,164.73","","-0.31%"
"08/21/2019","2,171.54","2,171.54","2,171.54","2,171.54","","0.18%"
"08/20/2019","2,167.72","2,167.72","2,167.72","2,167.72","","-0.06%"
"08/19/2019","2,169.10","2,169.10","2,169.10","2,169.10","","-0.18%"
"08/16/2019","2,172.98","2,172.98","2,172.98","2,172.98","","0.12%"
"08/15/2019","2,170.42","2,170.42","2,170.42","2,170.42","","-0.14%"
"08/14/2019","2,173.36","2,173.36","2,173.36","2,173.36","","0.11%"
"08/13/2019","2,170.87","2,170.87","2,170.87","2,170.87","","-0.04%"
"08/12/2019","2,171.71","2,171.71","2,171.71","2,171.71","","0.50%"
"08/09/2019","2,161.01","2,161.01","2,161.01","2,161.01","","-0.12%"
"08/08/2019","2,163.69","2,163.69","2,163.69","2,163.69","","-0.08%"
"08/07/2019","2,165.37","2,165.37","2,165.37","2,165.37","","0.08%"
"08/06/2019","2,163.71","2,163.71","2,163.71","2,163.71","","-0.31%"
"08/05/2019","2,170.44","2,170.44","2,170.44","2,170.44","","0.06%"
"08/02/2019","2,169.17","2,169.17","2,169.17","2,169.17","","0.01%"
"08/01/2019","2,168.89","2,168.89","2,168.89","2,168.89","","0.40%"
"07/31/2019","2,160.26","2,160.26","2,160.26","2,160.26","","0.35%"
"07/30/2019","2,152.67","2,152.67","2,152.67","2,152.67","","-0.02%"
"07/26/2019","2,153.06","2,153.06","2,153.06","2,153.06","","-0.01%"
"07/25/2019","2,153.19","2,153.19","2,153.19","2,153.19","","-0.06%"
"07/24/2019","2,154.59","2,154.59","2,154.59","2,154.59","","0.11%"
"07/23/2019","2,152.32","2,152.32","2,152.32","2,152.32","","-0.08%"
"07/22/2019","2,153.94","2,153.94","2,153.94","2,153.94","","0.24%"
"07/19/2019","2,148.68","2,148.68","2,148.68","2,148.68","","0.12%"
"07/18/2019","2,146.04","2,146.04","2,146.04","2,146.04","","-0.44%"
"07/17/2019","2,155.56","2,155.56","2,155.56","2,155.56","","-0.00%"
"07/16/2019","2,155.61","2,155.61","2,155.61","2,155.61","","0.08%"
"07/15/2019","2,153.86","2,153.86","2,153.86","2,153.86","","-0.03%"
"07/12/2019","2,154.44","2,154.44","2,154.44","2,154.44","","0.07%"
"07/11/2019","2,152.95","2,152.95","2,152.95","2,152.95","","0.25%"
"07/10/2019","2,147.61","2,147.61","2,147.61","2,147.61","","-0.45%"
"07/09/2019","2,157.36","2,157.36","2,157.36","2,157.36","","0.31%"
"07/08/2019","2,150.64","2,150.64","2,150.64","2,150.64","","0.49%"
"07/05/2019","2,140.20","2,140.20","2,140.20","2,140.20","","0.02%"
"07/04/2019","2,139.79","2,139.79","2,139.79","2,139.79","","0.10%"
"07/03/2019","2,137.75","2,137.75","2,137.75","2,137.75","","0.25%"
"07/02/2019","2,132.39","2,132.39","2,132.39","2,132.39","","-0.07%"
"07/01/2019","2,133.92","2,133.92","2,133.92","2,133.92","","0.26%"
"06/28/2019","2,128.40","2,128.40","2,128.40","2,128.40","","-0.12%"
"06/27/2019","2,130.92","2,130.92","2,130.92","2,130.92","","-1.30%"
"06/26/2019","2,158.89","2,158.89","2,158.89","2,158.89","","0.03%"
"06/25/2019","2,158.23","2,158.23","2,158.23","2,158.23","","1.22%"
"06/24/2019","2,132.15","2,132.15","2,132.15","2,132.15","","0.78%"
"06/21/2019","2,115.73","2,115.73","2,115.73","2,115.73","","0.25%"
"06/20/2019","2,110.51","2,110.51","2,110.51","2,110.51","","0.11%"
"06/19/2019","2,108.15","2,108.15","2,108.15","2,108.15","","-0.11%"
"06/18/2019","2,110.41","2,110.41","2,110.41","2,110.41","","0.03%"
"06/17/2019","2,109.88","2,109.88","2,109.88","2,109.88","","-0.06%"
"06/14/2019","2,111.21","2,111.21","2,111.21","2,111.21","","-0.16%"
"06/13/2019","2,114.64","2,114.64","2,114.64","2,114.64","","-0.36%"
"06/12/2019","2,122.29","2,122.29","2,122.29","2,122.29","","-0.05%"
"06/11/2019","2,123.42","2,123.42","2,123.42","2,123.42","","0.15%"
"06/10/2019","2,120.31","2,120.31","2,120.31","2,120.31","","-0.26%"
"06/07/2019","2,125.74","2,125.74","2,125.74","2,125.74","","-0.20%"
"06/06/2019","2,129.92","2,129.92","2,129.92","2,129.92","","-0.05%"
"06/04/2019","2,131.06","2,131.06","2,131.06","2,131.06","","-0.05%"
"06/03/2019","2,132.19","2,132.19","2,132.19","2,132.19","","-0.05%"
"05/31/2019","2,133.33","2,133.33","2,133.33","2,133.33","","-0.25%"
"05/30/2019","2,138.77","2,138.77","2,138.77","2,138.77","","-0.34%"
"05/29/2019","2,146.02","2,146.02","2,146.02","2,146.02","","0.09%"
"05/28/2019","2,144.02","2,144.02","2,144.02","2,144.02","","0.14%"
"05/27/2019","2,140.95","2,140.95","2,140.95","2,140.95","","-0.21%"
"05/24/2019","2,145.54","2,145.54","2,145.54","2,145.54","","0.05%"
"05/23/2019","2,144.38","2,144.38","2,144.38","2,144.38","","-0.22%"
"05/22/2019","2,149.14","2,149.14","2,149.14","2,149.14","","-0.17%"
"05/21/2019","2,152.74","2,152.74","2,152.74","2,152.74","","-0.08%"
"05/20/2019","2,154.42","2,154.42","2,154.42","2,154.42","","0.01%"
"05/17/2019","2,154.21","2,154.21","2,154.21","2,154.21","","-0.05%"
"05/16/2019","2,155.18","2,155.18","2,155.18","2,155.18","","-0.04%"
"05/15/2019","2,156.03","2,156.03","2,156.03","2,156.03","","0.68%"
"05/14/2019","2,141.46","2,141.46","2,141.46","2,141.46","","0.05%"
"05/13/2019","2,140.45","2,140.45","2,140.45","2,140.45","","0.04%"
"05/10/2019","2,139.55","2,139.55","2,139.55","2,139.55","","0.48%"
"05/09/2019","2,129.36","2,129.36","2,129.36","2,129.36","","0.05%"
"05/08/2019","2,128.35","2,128.35","2,128.35","2,128.35","","-0.08%"
"05/07/2019","2,130.09","2,130.09","2,130.09","2,130.09","","-0.31%"
"05/06/2019","2,136.71","2,136.71","2,136.71","2,136.71","","-0.04%"
"05/03/2019","2,137.64","2,137.64","2,137.64","2,137.64","","-0.13%"
"05/02/2019","2,140.51","2,140.51","2,140.51","2,140.51","","-0.04%"
"04/30/2019","2,141.35","2,141.35","2,141.35","2,141.35","","-0.04%"
"04/29/2019","2,142.11","2,142.11","2,142.11","2,142.11","","-0.17%"
"04/26/2019","2,145.71","2,145.71","2,145.71","2,145.71","","-0.06%"
"04/25/2019","2,146.91","2,146.91","2,146.91","2,146.91","","-0.02%"
"04/24/2019","2,147.31","2,147.31","2,147.31","2,147.31","","-0.21%"
"04/23/2019","2,151.93","2,151.93","2,151.93","2,151.93","","-0.22%"
"04/22/2019","2,156.73","2,156.73","2,156.73","2,156.73","","0.07%"
"04/19/2019","2,155.30","2,155.30","2,155.30","2,155.30","","0.04%"
"04/18/2019","2,154.54","2,154.54","2,154.54","2,154.54","","-0.23%"
"04/17/2019","2,159.41","2,159.41","2,159.41","2,159.41","","-0.37%"
"04/16/2019","2,167.34","2,167.34","2,167.34","2,167.34","","-0.11%"
"04/15/2019","2,169.67","2,169.67","2,169.67","2,169.67","","-0.00%"
"04/12/2019","2,169.68","2,169.68","2,169.68","2,169.68","","-0.33%"
"04/11/2019","2,176.81","2,176.81","2,176.81","2,176.81","","-0.11%"
"04/10/2019","2,179.19","2,179.19","2,179.19","2,179.19","","-0.31%"
"04/09/2019","2,185.91","2,185.91","2,185.91","2,185.91","","-0.01%"
"04/08/2019","2,186.06","2,186.06","2,186.06","2,186.06","","0.37%"
"04/05/2019","2,178.09","2,178.09","2,178.09","2,178.09","","0.55%"
"04/04/2019","2,166.09","2,166.09","2,166.09","2,166.09","","0.02%"
"04/03/2019","2,165.63","2,165.63","2,165.63","2,165.63","","0.24%"
"04/02/2019","2,160.44","2,160.44","2,160.44","2,160.44","","-0.30%"
"04/01/2019","2,166.94","2,166.94","2,166.94","2,166.94","","0.10%"
"03/29/2019","2,164.78","2,164.78","2,164.78","2,164.78","","-0.13%"
"03/28/2019","2,167.49","2,167.49","2,167.49","2,167.49","","-0.11%"
"03/27/2019","2,169.91","2,169.91","2,169.91","2,169.91","","0.06%"
"03/26/2019","2,168.69","2,168.69","2,168.69","2,168.69","","-0.12%"
"03/25/2019","2,171.31","2,171.31","2,171.31","2,171.31","","-0.03%"
"03/22/2019","2,171.92","2,171.92","2,171.92","2,171.92","","-0.40%"
"03/21/2019","2,180.67","2,180.67","2,180.67","2,180.67","","-0.13%"
"03/20/2019","2,183.45","2,183.45","2,183.45","2,183.45","","-0.20%"
"03/19/2019","2,187.87","2,187.87","2,187.87","2,187.87","","-0.10%"
"03/18/2019","2,190.00","2,190.00","2,190.00","2,190.00","","0.11%"
"03/15/2019","2,187.52","2,187.52","2,187.52","2,187.52","","-0.10%"
"03/14/2019","2,189.70","2,189.70","2,189.70","2,189.70","","-0.07%"
"03/13/2019","2,191.17","2,191.17","2,191.17","2,191.17","","-0.17%"
"03/11/2019","2,194.88","2,194.88","2,194.88","2,194.88","","-0.03%"
"03/08/2019","2,195.51","2,195.51","2,195.51","2,195.51","","-0.21%"
"03/07/2019","2,200.08","2,200.08","2,200.08","2,200.08","","0.21%"
"03/06/2019","2,195.40","2,195.40","2,195.40","2,195.40","","-0.41%"
"03/05/2019","2,204.36","2,204.36","2,204.36","2,204.36","","-0.12%"
"03/01/2019","2,207.04","2,207.04","2,207.04","2,207.04","","0.02%"
"02/28/2019","2,206.70","2,206.70","2,206.70","2,206.70","","0.17%"
"02/27/2019","2,202.98","2,202.98","2,202.98","2,202.98","","0.09%"
"02/26/2019","2,201.06","2,201.06","2,201.06","2,201.06","","-0.13%"
"02/25/2019","2,203.91","2,203.91","2,203.91","2,203.91","","-0.15%"
"02/22/2019","2,207.20","2,207.20","2,207.20","2,207.20","","-0.09%"
"02/21/2019","2,209.16","2,209.16","2,209.16","2,209.16","","0.38%"
"02/20/2019","2,200.70","2,200.70","2,200.70","2,200.70","","0.04%"
"02/19/2019","2,199.80","2,199.80","2,199.80","2,199.80","","-0.12%"
"02/18/2019","2,202.52","2,202.52","2,202.52","2,202.52","","0.19%"
"02/15/2019","2,198.31","2,198.31","2,198.31","2,198.31","","-0.10%"
"02/14/2019","2,200.57","2,200.57","2,200.57","2,200.57","","-0.08%"
"02/13/2019","2,202.38","2,202.38","2,202.38","2,202.38","","-0.09%"
"02/12/2019","2,204.26","2,204.26","2,204.26","2,204.26","","-0.06%"
"02/11/2019","2,205.68","2,205.68","2,205.68","2,205.68","","-0.22%"
"02/08/2019","2,210.58","2,210.58","2,210.58","2,210.58","","0.22%"
"02/07/2019","2,205.75","2,205.75","2,205.75","2,205.75","","-0.09%"
"02/06/2019","2,207.82","2,207.82","2,207.82","2,207.82","","-0.28%"
"02/04/2019","2,214.04","2,214.04","2,214.04","2,214.04","","0.05%"
"01/31/2019","2,212.92","2,212.92","2,212.92","2,212.92","","-0.12%"
"01/30/2019","2,215.55","2,215.55","2,215.55","2,215.55","","-0.19%"
"01/29/2019","2,219.68","2,219.68","2,219.68","2,219.68","","0.01%"
"01/28/2019","2,219.38","2,219.38","2,219.38","2,219.38","","-0.05%"
"01/25/2019","2,220.58","2,220.58","2,220.58","2,220.58","","-0.19%"
"01/24/2019","2,224.77","2,224.77","2,224.77","2,224.77","","-0.28%"
"01/23/2019","2,230.91","2,230.91","2,230.91","2,230.91","","0.32%"
"01/22/2019","2,223.73","2,223.73","2,223.73","2,223.73","","-0.14%"
"01/18/2019","2,226.77","2,226.77","2,226.77","2,226.77","","0.13%"
"01/17/2019","2,223.90","2,223.90","2,223.90","2,223.90","","0.21%"
"01/16/2019","2,219.22","2,219.22","2,219.22","2,219.22","","0.20%"
"01/15/2019","2,214.76","2,214.76","2,214.76","2,214.76","","0.02%"
"01/14/2019","2,214.31","2,214.31","2,214.31","2,214.31","","0.41%"
"01/11/2019","2,205.19","2,205.19","2,205.19","2,205.19","","-0.16%"
"01/10/2019","2,208.82","2,208.82","2,208.82","2,208.82","","-0.55%"
"01/09/2019","2,221.10","2,221.10","2,221.10","2,221.10","","0.27%"
"01/08/2019","2,215.14","2,215.14","2,215.14","2,215.14","","0.03%"
"01/07/2019","2,214.40","2,214.40","2,214.40","2,214.40","","-0.10%"
"01/04/2019","2,216.55","2,216.55","2,216.55","2,216.55","","-0.13%"
"01/03/2019","2,219.40","2,219.40","2,219.40","2,219.40","",""
