"Date","Price","Open","High","Low","Vol.","Change %"
"12/31/2025","2,141.3","2,137.9","2,141.3","2,137.8","","0.17%"
"12/30/2025","2,137.7","2,138.1","2,138.1","2,132.0","","0.01%"
"12/29/2025","2,137.6","2,128.2","2,151.6","2,126.7","","0.33%"
"12/24/2025","2,130.6","2,119.0","2,130.6","2,115.9","","0.63%"
"12/23/2025","2,117.2","2,074.9","2,117.2","2,074.9","","2.06%"
"12/22/2025","2,074.5","2,094.2","2,099.0","2,074.5","","-0.95%"
"12/19/2025","2,094.4","2,094.0","2,098.2","2,089.3","","0.03%"
"12/18/2025","2,093.8","2,085.8","2,104.5","2,084.3","","0.40%"
"12/17/2025","2,085.5","2,059.5","2,088.0","2,056.3","","1.27%"
"12/15/2025","2,059.4","2,050.8","2,059.4","2,047.3","","0.43%"
"12/12/2025","2,050.6","2,064.5","2,077.0","2,050.6","","-0.64%"
"12/11/2025","2,063.8","2,060.6","2,065.0","2,060.6","","0.17%"
"12/10/2025","2,060.3","2,060.7","2,064.4","2,059.2","","0.00%"
"12/09/2025","2,060.3","2,063.2","2,072.8","2,057.4","","-0.13%"
"12/08/2025","2,062.9","2,082.5","2,082.5","2,062.9","","-0.93%"
"12/05/2025","2,082.4","2,063.7","2,082.4","2,063.2","","0.91%"
"12/04/2025","2,063.5","2,048.6","2,066.0","2,048.4","","0.73%"
"12/03/2025","2,048.6","2,020.8","2,048.6","2,018.9","","1.38%"
"12/02/2025","2,020.7","2,017.1","2,020.7","2,007.4","","0.18%"
"12/01/2025","2,017.0","1,999.3","2,017.0","1,999.3","","0.93%"
"11/28/2025","1,998.5","1,998.2","2,002.5","1,995.7","","0.06%"
"11/27/2025","1,997.3","2,013.3","2,016.7","1,997.3","","-0.78%"
"11/26/2025","2,012.9","1,987.7","2,015.0","1,987.7","","1.26%"
"11/25/2025","1,987.9","1,964.3","1,987.9","1,964.3","","1.19%"
"11/24/2025","1,964.6","1,961.6","1,964.6","1,952.3","","0.13%"
"11/21/2025","1,962.0","1,991.7","1,991.7","1,962.0","","-1.51%"
"11/20/2025","1,992.0","1,988.1","1,994.1","1,987.6","","0.23%"
"11/19/2025","1,987.3","1,977.1","1,987.3","1,975.5","","0.53%"
"11/18/2025","1,976.9","2,020.4","2,020.4","1,976.9","","-2.16%"
"11/17/2025","2,020.6","2,013.6","2,027.0","2,013.6","","0.35%"
"11/14/2025","2,013.5","2,034.8","2,034.8","2,008.5","","-1.06%"
"11/13/2025","2,035.1","2,018.7","2,035.1","2,018.6","","0.82%"
"11/12/2025","2,018.5","1,984.4","2,018.5","1,983.5","","1.71%"
"11/11/2025","1,984.6","1,980.3","1,986.9","1,978.9","","0.20%"
"11/10/2025","1,980.6","1,960.6","1,980.6","1,960.6","","1.03%"
"11/07/2025","1,960.4","1,986.8","1,986.8","1,955.5","","-1.32%"
"11/06/2025","1,986.7","1,972.9","1,986.7","1,971.0","","0.70%"
"11/05/2025","1,972.8","1,960.0","1,972.8","1,951.1","","0.68%"
"11/04/2025","1,959.5","1,985.9","1,985.9","1,949.8","","-1.31%"
"11/03/2025","1,985.6","2,010.8","2,010.8","1,985.6","","-1.25%"
"10/31/2025","2,010.8","2,010.9","2,019.7","2,010.8","","-0.03%"
"10/30/2025","2,011.5","2,037.8","2,039.0","2,011.5","","-1.29%"
"10/29/2025","2,037.7","2,034.0","2,037.7","2,034.0","","0.19%"
"10/28/2025","2,033.8","2,008.4","2,033.8","2,000.8","","1.29%"
"10/27/2025","2,007.8","2,022.6","2,022.9","2,007.8","","-0.71%"
"10/24/2025","2,022.3","2,043.2","2,043.2","2,022.2","","-0.92%"
"10/23/2025","2,040.9","2,030.3","2,040.9","2,027.7","","0.60%"
"10/22/2025","2,028.8","2,024.4","2,029.6","2,011.7","","0.27%"
"10/21/2025","2,023.4","2,028.1","2,033.0","2,023.4","","-0.15%"
"10/20/2025","2,026.4","2,016.2","2,026.4","2,004.6","","0.51%"
"10/17/2025","2,016.0","2,032.6","2,036.2","2,009.0","","-0.75%"
"10/16/2025","2,031.3","2,032.3","2,039.1","2,026.7","","-0.04%"
"10/15/2025","2,032.0","2,018.0","2,033.7","2,018.0","","0.77%"
"10/14/2025","2,016.4","2,031.8","2,037.4","2,016.4","","-0.77%"
"10/13/2025","2,032.0","2,022.8","2,035.5","2,022.8","","0.45%"
"10/10/2025","2,022.8","2,012.0","2,022.8","2,003.9","","0.55%"
"10/09/2025","2,011.9","1,979.1","2,011.9","1,979.1","","1.72%"
"10/08/2025","1,977.8","1,978.3","1,978.8","1,963.0","","-0.02%"
"10/07/2025","1,978.1","1,983.9","1,990.3","1,974.3","","-0.26%"
"10/06/2025","1,983.3","1,962.8","1,983.3","1,962.0","","1.05%"
"10/03/2025","1,962.8","1,929.1","1,962.8","1,928.5","","1.75%"
"10/02/2025","1,929.0","1,928.6","1,942.6","1,928.6","","0.03%"
"10/01/2025","1,928.5","1,923.1","1,928.5","1,920.0","","0.30%"
"09/30/2025","1,922.8","1,913.9","1,922.8","1,913.6","","0.47%"
"09/29/2025","1,913.8","1,903.2","1,913.8","1,897.4","","0.57%"
"09/26/2025","1,903.0","1,904.8","1,906.9","1,899.9","","-0.09%"
"09/25/2025","1,904.7","1,898.2","1,904.7","1,885.4","","0.33%"
"09/23/2025","1,898.3","1,891.0","1,898.3","1,891.0","","0.42%"
"09/22/2025","1,890.4","1,902.4","1,907.0","1,885.7","","-0.61%"
"09/19/2025","1,902.0","1,907.6","1,912.7","1,902.0","","-0.34%"
"09/18/2025","1,908.4","1,901.7","1,918.4","1,901.7","","0.35%"
"09/17/2025","1,901.7","1,910.5","1,910.5","1,901.7","","-0.46%"
"09/16/2025","1,910.6","1,904.9","1,910.6","1,901.3","","0.30%"
"09/15/2025","1,904.8","1,907.7","1,910.4","1,904.2","","-0.15%"
"09/12/2025","1,907.6","1,890.0","1,914.7","1,887.1","","0.95%"
"09/11/2025","1,889.6","1,867.9","1,893.0","1,867.5","","1.19%"
"09/10/2025","1,867.3","1,862.8","1,874.4","1,851.6","","0.19%"
"09/09/2025","1,863.8","1,812.8","1,868.4","1,812.8","","2.81%"
"09/08/2025","1,812.8","1,798.0","1,812.8","1,798.0","","0.80%"
"09/05/2025","1,798.3","1,781.2","1,798.3","1,779.1","","0.98%"
"09/04/2025","1,780.9","1,796.2","1,796.2","1,780.9","","-0.84%"
"09/03/2025","1,796.1","1,800.8","1,803.4","1,796.1","","-0.27%"
"09/02/2025","1,800.9","1,817.3","1,818.5","1,800.9","","-0.89%"
"09/01/2025","1,817.0","1,830.2","1,832.8","1,817.0","","-0.70%"
"08/29/2025","1,829.8","1,841.6","1,844.8","1,829.8","","-0.63%"
"08/28/2025","1,841.4","1,820.2","1,841.4","1,819.6","","1.17%"
"08/27/2025","1,820.1","1,813.9","1,820.2","1,813.6","","0.39%"
"08/26/2025","1,813.0","1,816.1","1,819.7","1,813.0","","-0.15%"
"08/25/2025","1,815.7","1,835.4","1,838.6","1,815.7","","-1.07%"
"08/22/2025","1,835.4","1,806.1","1,835.4","1,806.1","","1.60%"
"08/21/2025","1,806.5","1,800.3","1,806.5","1,800.3","","0.32%"
"08/20/2025","1,800.8","1,807.2","1,807.2","1,799.7","","-0.34%"
"08/19/2025","1,806.9","1,795.8","1,806.9","1,794.3","","0.64%"
"08/18/2025","1,795.4","1,812.2","1,814.1","1,795.4","","-0.91%"
"08/15/2025","1,811.9","1,804.7","1,811.9","1,803.2","","0.42%"
"08/14/2025","1,804.4","1,799.1","1,804.4","1,796.1","","0.24%"
"08/13/2025","1,800.1","1,786.6","1,800.1","1,786.6","","0.76%"
"08/12/2025","1,786.5","1,768.3","1,786.5","1,768.1","","1.03%"
"08/11/2025","1,768.3","1,769.4","1,770.2","1,764.1","","-0.08%"
"08/08/2025","1,769.8","1,762.3","1,769.8","1,760.9","","0.43%"
"08/07/2025","1,762.1","1,753.0","1,762.3","1,753.0","","0.50%"
"08/06/2025","1,753.3","1,740.3","1,753.3","1,740.3","","0.77%"
"08/05/2025","1,739.9","1,757.8","1,759.1","1,739.9","","-1.07%"
"08/04/2025","1,758.7","1,752.5","1,768.2","1,752.5","","0.36%"
"08/01/2025","1,752.4","1,783.3","1,785.8","1,752.4","","-1.70%"
"07/31/2025","1,782.8","1,794.3","1,794.3","1,773.9","","-0.66%"
"07/30/2025","1,794.6","1,785.4","1,794.6","1,783.6","","0.53%"
"07/29/2025","1,785.1","1,787.7","1,787.7","1,782.6","","-0.13%"
"07/28/2025","1,787.4","1,791.8","1,797.1","1,786.4","","-0.26%"
"07/25/2025","1,792.1","1,813.3","1,817.2","1,792.1","","-1.18%"
"07/24/2025","1,813.5","1,810.2","1,815.1","1,808.7","","0.16%"
"07/23/2025","1,810.5","1,809.3","1,810.5","1,805.4","","0.07%"
"07/22/2025","1,809.2","1,808.5","1,812.9","1,808.5","","0.00%"
"07/21/2025","1,809.3","1,802.2","1,818.6","1,798.7","","0.35%"
"07/18/2025","1,803.0","1,774.8","1,803.0","1,772.0","","1.61%"
"07/17/2025","1,774.5","1,768.6","1,774.5","1,766.8","","0.29%"
"07/16/2025","1,769.4","1,755.6","1,769.4","1,750.5","","0.80%"
"07/15/2025","1,755.4","1,755.8","1,761.6","1,754.5","","-0.01%"
"07/14/2025","1,755.6","1,766.0","1,768.7","1,755.6","","-0.58%"
"07/11/2025","1,765.9","1,795.9","1,795.9","1,765.9","","-1.67%"
"07/10/2025","1,795.9","1,782.0","1,795.9","1,781.6","","0.72%"
"07/09/2025","1,783.0","1,798.9","1,798.9","1,783.0","","-0.88%"
"07/08/2025","1,798.9","1,782.1","1,798.9","1,780.2","","0.94%"
"07/07/2025","1,782.2","1,791.6","1,793.6","1,782.2","","-0.51%"
"07/04/2025","1,791.3","1,804.4","1,804.6","1,786.5","","-0.70%"
"07/03/2025","1,803.8","1,798.5","1,807.1","1,797.9","","0.31%"
"07/02/2025","1,798.3","1,794.1","1,803.6","1,782.2","","0.25%"
"07/01/2025","1,793.8","1,786.7","1,799.0","1,786.7","","0.36%"
"06/30/2025","1,787.4","1,786.8","1,787.4","1,782.7","","0.04%"
"06/27/2025","1,786.7","1,771.5","1,786.7","1,771.5","","0.88%"
"06/26/2025","1,771.0","1,744.5","1,771.0","1,743.3","","1.52%"
"06/25/2025","1,744.4","1,767.5","1,767.6","1,743.6","","-1.32%"
"06/24/2025","1,767.8","1,717.3","1,767.8","1,716.4","","2.94%"
"06/23/2025","1,717.3","1,734.4","1,735.1","1,716.3","","-0.99%"
"06/20/2025","1,734.4","1,736.5","1,736.6","1,734.4","","-0.11%"
"06/19/2025","1,736.3","1,743.7","1,745.5","1,733.5","","-0.42%"
"06/18/2025","1,743.7","1,744.4","1,747.3","1,741.2","","-0.10%"
"06/17/2025","1,745.5","1,742.3","1,747.3","1,740.7","","0.18%"
"06/13/2025","1,742.3","1,781.5","1,786.8","1,742.3","","-2.26%"
"06/12/2025","1,782.7","1,780.3","1,784.1","1,777.5","","0.02%"
"06/11/2025","1,782.3","1,812.6","1,812.9","1,782.3","","-1.65%"
"06/10/2025","1,812.3","1,796.4","1,812.3","1,796.2","","0.89%"
"06/09/2025","1,796.3","1,814.0","1,814.0","1,796.3","","-0.96%"
"06/06/2025","1,813.7","1,817.0","1,820.7","1,813.7","","-0.19%"
"06/05/2025","1,817.1","1,797.1","1,822.4","1,797.1","","1.05%"
"06/04/2025","1,798.2","1,786.3","1,798.2","1,786.3","","0.68%"
"06/03/2025","1,786.1","1,795.5","1,800.2","1,783.7","","-0.53%"
"06/02/2025","1,795.6","1,792.5","1,797.5","1,791.0","","0.19%"
"05/30/2025","1,792.3","1,791.3","1,793.1","1,788.8","","0.02%"
"05/29/2025","1,791.8","1,775.2","1,791.8","1,769.5","","0.94%"
"05/28/2025","1,775.1","1,770.4","1,781.3","1,770.4","","0.27%"
"05/27/2025","1,770.3","1,782.2","1,783.1","1,769.4","","-0.66%"
"05/26/2025","1,782.1","1,750.7","1,782.1","1,750.7","","1.80%"
"05/23/2025","1,750.6","1,726.0","1,750.6","1,726.0","","1.38%"
"05/22/2025","1,726.7","1,736.9","1,738.9","1,726.7","","-0.62%"
"05/21/2025","1,737.5","1,721.1","1,737.5","1,721.1","","0.93%"
"05/20/2025","1,721.5","1,721.6","1,728.3","1,720.9","","-0.05%"
"05/19/2025","1,722.4","1,743.0","1,743.6","1,713.4","","-1.16%"
"05/16/2025","1,742.6","1,759.9","1,759.9","1,742.6","","-0.98%"
"05/15/2025","1,759.9","1,767.0","1,767.0","1,756.0","","-0.41%"
"05/14/2025","1,767.1","1,779.4","1,781.5","1,767.1","","-0.70%"
"05/13/2025","1,779.5","1,760.6","1,779.5","1,754.5","","1.05%"
"05/12/2025","1,760.9","1,718.1","1,760.9","1,716.2","","2.48%"
"05/09/2025","1,718.3","1,698.3","1,718.3","1,694.5","","1.19%"
"05/08/2025","1,698.1","1,716.4","1,717.6","1,698.1","","-1.11%"
"05/07/2025","1,717.2","1,711.5","1,732.9","1,711.5","","0.28%"
"05/06/2025","1,712.4","1,741.2","1,743.5","1,700.9","","-1.66%"
"05/05/2025","1,741.3","1,766.1","1,766.6","1,741.3","","-1.38%"
"05/02/2025","1,765.6","1,724.5","1,771.2","1,723.1","","2.31%"
"04/30/2025","1,725.7","1,760.8","1,760.8","1,725.7","","-1.98%"
"04/29/2025","1,760.6","1,742.3","1,760.6","1,740.0","","1.05%"
"04/25/2025","1,742.3","1,739.1","1,742.3","1,735.7","","0.25%"
"04/24/2025","1,737.9","1,719.6","1,737.9","1,712.3","","1.07%"
"04/23/2025","1,719.6","1,689.8","1,719.6","1,689.8","","1.71%"
"04/22/2025","1,690.6","1,677.0","1,690.6","1,674.2","","0.80%"
"04/17/2025","1,677.1","1,673.1","1,679.6","1,671.7","","0.23%"
"04/16/2025","1,673.2","1,697.4","1,699.0","1,673.2","","-1.36%"
"04/15/2025","1,696.2","1,656.2","1,696.2","1,656.2","","2.43%"
"04/14/2025","1,656.0","1,609.6","1,656.0","1,609.6","","2.89%"
"04/11/2025","1,609.5","1,618.3","1,623.6","1,602.0","","-0.55%"
"04/10/2025","1,618.3","1,530.3","1,618.3","1,530.3","","5.73%"
"04/09/2025","1,530.7","1,603.5","1,609.6","1,530.7","","-4.50%"
"04/08/2025","1,602.8","1,552.9","1,602.8","1,552.4","","3.22%"
"04/07/2025","1,552.7","1,537.1","1,552.7","1,523.9","","1.02%"
"04/04/2025","1,537.1","1,617.8","1,619.1","1,537.1","","-5.00%"
"04/03/2025","1,617.9","1,696.1","1,701.0","1,617.9","","-4.58%"
"04/02/2025","1,695.6","1,729.5","1,733.0","1,695.6","","-1.96%"
"04/01/2025","1,729.5","1,719.0","1,729.5","1,716.5","","0.58%"
"03/31/2025","1,719.5","1,760.2","1,760.2","1,719.5","","-2.30%"
"03/28/2025","1,760.1","1,796.4","1,799.7","1,760.1","","-2.07%"
"03/27/2025","1,797.3","1,819.0","1,819.0","1,797.3","","-1.19%"
"03/26/2025","1,819.0","1,811.3","1,819.0","1,808.8","","0.42%"
"03/25/2025","1,811.3","1,773.8","1,811.3","1,772.0","","2.08%"
"03/24/2025","1,774.4","1,797.3","1,798.4","1,774.4","","-1.28%"
"03/20/2025","1,797.3","1,793.8","1,803.0","1,790.8","","0.25%"
"03/19/2025","1,792.8","1,781.4","1,792.8","1,781.4","","0.64%"
"03/18/2025","1,781.4","1,778.5","1,790.3","1,778.5","","0.11%"
"03/17/2025","1,779.4","1,768.2","1,781.0","1,768.2","","0.51%"
"03/14/2025","1,770.5","1,738.1","1,770.5","1,738.1","","1.85%"
"03/13/2025","1,738.3","1,718.8","1,740.6","1,718.8","","1.09%"
"03/12/2025","1,719.6","1,719.0","1,725.9","1,719.0","","0.04%"
"03/11/2025","1,718.8","1,739.7","1,739.7","1,718.8","","-1.17%"
"03/10/2025","1,739.2","1,776.2","1,778.3","1,739.2","","-2.07%"
"03/07/2025","1,775.9","1,782.3","1,788.7","1,775.9","","-0.35%"
"03/06/2025","1,782.1","1,775.9","1,782.1","1,774.3","","0.37%"
"03/05/2025","1,775.6","1,757.6","1,775.6","1,754.6","","1.02%"
"03/04/2025","1,757.7","1,784.4","1,790.5","1,757.7","","-1.52%"
"03/03/2025","1,784.9","1,748.1","1,784.9","1,746.4","","2.10%"
"02/28/2025","1,748.1","1,772.5","1,772.5","1,748.1","","-1.34%"
"02/27/2025","1,771.9","1,792.5","1,795.9","1,771.9","","-1.14%"
"02/26/2025","1,792.4","1,768.1","1,792.4","1,766.8","","1.38%"
"02/25/2025","1,768.1","1,763.8","1,771.0","1,761.6","","0.28%"
"02/24/2025","1,763.1","1,789.2","1,790.1","1,763.1","","-1.45%"
"02/21/2025","1,789.1","1,781.8","1,790.2","1,781.8","","0.43%"
"02/20/2025","1,781.4","1,766.2","1,781.4","1,764.2","","0.94%"
"02/19/2025","1,764.9","1,781.8","1,785.3","1,764.9","","-0.97%"
"02/18/2025","1,782.2","1,792.9","1,793.1","1,782.2","","-0.58%"
"02/17/2025","1,792.6","1,797.9","1,797.9","1,788.8","","-0.28%"
"02/14/2025","1,797.6","1,791.0","1,797.6","1,788.3","","0.36%"
"02/13/2025","1,791.2","1,783.9","1,792.0","1,781.3","","0.41%"
"02/12/2025","1,783.9","1,776.5","1,783.9","1,763.5","","0.42%"
"02/11/2025","1,776.4","1,797.9","1,799.8","1,776.4","","-1.17%"
"02/10/2025","1,797.5","1,800.4","1,801.3","1,787.4","","-0.12%"
"02/07/2025","1,799.7","1,794.6","1,799.7","1,787.0","","0.25%"
"02/06/2025","1,795.2","1,755.9","1,795.2","1,755.8","","2.25%"
"02/05/2025","1,755.7","1,762.0","1,765.3","1,755.7","","-0.35%"
"02/04/2025","1,761.9","1,748.2","1,768.7","1,746.8","","0.86%"
"02/03/2025","1,746.9","1,774.1","1,774.1","1,746.9","","-1.50%"
"01/31/2025","1,773.6","1,774.4","1,788.6","1,770.9","","0.01%"
"01/30/2025","1,773.4","1,775.6","1,776.8","1,770.2","","-0.11%"
"01/29/2025","1,775.4","1,774.1","1,783.6","1,773.8","","0.08%"
"01/28/2025","1,773.9","1,775.6","1,775.6","1,758.3","","-0.09%"
"01/27/2025","1,775.6","1,807.3","1,811.1","1,762.1","","-1.79%"
"01/24/2025","1,808.0","1,807.1","1,812.3","1,802.7","","0.05%"
"01/23/2025","1,807.1","1,829.8","1,830.3","1,807.1","","-1.21%"
"01/22/2025","1,829.2","1,836.4","1,844.6","1,829.2","","-0.36%"
"01/21/2025","1,835.8","1,833.3","1,835.8","1,830.0","","0.17%"
"01/20/2025","1,832.8","1,836.2","1,837.3","1,832.4","","-0.12%"
"01/17/2025","1,835.0","1,794.8","1,835.0","1,793.0","","2.25%"
"01/16/2025","1,794.7","1,805.9","1,805.9","1,794.7","","-0.60%"
"01/15/2025","1,805.5","1,781.8","1,805.5","1,776.9","","1.30%"
"01/14/2025","1,782.3","1,790.1","1,791.3","1,782.3","","-0.47%"
"01/13/2025","1,790.8","1,802.0","1,830.6","1,777.2","","-0.59%"
"01/10/2025","1,801.5","1,813.0","1,823.6","1,801.5","","-0.61%"
"01/09/2025","1,812.6","1,805.2","1,812.6","1,803.9","","0.42%"
"01/08/2025","1,805.0","1,830.4","1,832.1","1,805.0","","-1.37%"
"01/07/2025","1,830.1","1,825.0","1,837.8","1,821.5","","0.30%"
"01/06/2025","1,824.7","1,813.2","1,825.7","1,812.4","","0.61%"
"01/03/2025","1,813.7","1,803.5","1,813.7","1,801.5","","0.60%"
"01/02/2025","1,802.8","1,801.4","1,805.0","1,800.2","","0.09%"
"12/31/2024","1,801.2","1,797.0","1,801.2","1,794.2","","0.24%"
"12/30/2024","1,796.8","1,807.0","1,807.4","1,796.8","","-0.55%"
"12/27/2024","1,806.8","1,812.4","1,814.9","1,805.9","","-98.43%"
"12/24/2024","115,020.7","114,986.8","115,343.3","114,767.3","","6,280.01%"
"12/23/2024","1,802.8","1,787.9","1,802.8","1,787.6","","0.85%"
"12/20/2024","1,787.6","1,802.5","1,802.5","1,787.6","","-0.75%"
"12/19/2024","1,801.2","1,833.5","1,833.5","1,801.2","","-1.70%"
"12/18/2024","1,832.3","1,837.9","1,844.7","1,832.3","","-0.30%"
"12/17/2024","1,837.8","1,868.3","1,885.8","1,837.8","","-1.63%"
"12/13/2024","1,868.2","1,871.2","1,872.8","1,868.2","","-0.16%"
"12/12/2024","1,871.3","1,872.5","1,877.1","1,871.3","","-0.06%"
"12/11/2024","1,872.3","1,883.1","1,885.0","1,862.3","","-0.54%"
"12/10/2024","1,882.5","1,894.1","1,896.6","1,882.5","","-0.59%"
"12/09/2024","1,893.8","1,878.1","1,893.8","1,874.1","","0.85%"
"12/06/2024","1,877.8","1,888.8","1,888.8","1,875.0","","-0.54%"
"12/05/2024","1,888.0","1,866.2","1,888.7","1,864.6","","1.14%"
"12/04/2024","1,866.6","1,873.9","1,886.3","1,866.6","","-0.43%"
"12/03/2024","1,874.7","1,885.6","1,890.5","1,874.7","","-0.62%"
"12/02/2024","1,886.4","1,854.4","1,886.4","1,846.6","","1.80%"
"11/29/2024","1,853.1","1,846.6","1,853.1","1,836.3","","0.36%"
"11/28/2024","1,846.4","1,843.6","1,846.9","1,842.3","","0.15%"
"11/27/2024","1,843.6","1,845.9","1,848.4","1,843.6","","-0.12%"
"11/26/2024","1,845.9","1,841.2","1,845.9","1,837.1","","0.26%"
"11/25/2024","1,841.0","1,846.5","1,862.1","1,841.0","","-0.21%"
"11/22/2024","1,844.9","1,850.2","1,852.6","1,844.9","","-0.27%"
"11/21/2024","1,849.8","1,842.3","1,849.8","1,839.0","","0.42%"
"11/20/2024","1,842.1","1,813.2","1,842.1","1,813.0","","1.55%"
"11/19/2024","1,813.9","1,808.8","1,817.8","1,808.5","","0.31%"
"11/18/2024","1,808.3","1,809.7","1,812.4","1,807.2","","-0.09%"
"11/15/2024","1,809.8","1,802.2","1,816.9","1,800.3","","0.38%"
"11/14/2024","1,803.0","1,804.2","1,806.8","1,802.0","","-0.11%"
"11/13/2024","1,805.1","1,834.3","1,836.1","1,805.1","","-1.57%"
"11/12/2024","1,833.8","1,849.2","1,849.2","1,818.7","","-0.81%"
"11/11/2024","1,848.8","1,851.4","1,852.3","1,848.7","","-0.16%"
"11/08/2024","1,851.8","1,878.6","1,880.6","1,851.8","","-1.41%"
"11/07/2024","1,878.3","1,857.2","1,878.3","1,854.4","","1.09%"
"11/06/2024","1,858.0","1,879.2","1,881.0","1,858.0","","-1.09%"
"11/05/2024","1,878.4","1,876.3","1,878.4","1,868.6","","0.10%"
"11/04/2024","1,876.6","1,867.9","1,879.4","1,864.6","","0.49%"
"11/01/2024","1,867.4","1,855.6","1,867.4","1,850.7","","0.66%"
"10/31/2024","1,855.2","1,868.4","1,871.9","1,855.2","","-0.76%"
"10/30/2024","1,869.3","1,878.3","1,880.8","1,851.9","","-0.46%"
"10/29/2024","1,877.9","1,891.3","1,892.0","1,877.9","","-0.74%"
"10/28/2024","1,891.8","1,878.5","1,891.8","1,870.6","","0.73%"
"10/25/2024","1,878.1","1,881.8","1,882.7","1,878.1","","-0.19%"
"10/24/2024","1,881.6","1,859.1","1,881.6","1,856.9","","1.22%"
"10/23/2024","1,859.0","1,867.2","1,869.8","1,857.7","","-0.43%"
"10/22/2024","1,867.0","1,877.2","1,877.7","1,867.0","","-0.59%"
"10/21/2024","1,878.1","1,885.7","1,890.8","1,878.1","","-0.40%"
"10/18/2024","1,885.6","1,869.2","1,885.6","1,867.1","","0.89%"
"10/17/2024","1,868.9","1,856.4","1,868.9","1,856.4","","0.75%"
"10/16/2024","1,855.0","1,849.3","1,855.0","1,848.4","","0.33%"
"10/15/2024","1,848.9","1,859.5","1,863.8","1,848.9","","-0.60%"
"10/14/2024","1,860.2","1,855.1","1,860.2","1,852.1","","0.28%"
"10/11/2024","1,855.0","1,829.0","1,855.0","1,826.5","","1.41%"
"10/10/2024","1,829.3","1,828.8","1,840.6","1,827.5","","0.03%"
"10/09/2024","1,828.7","1,839.4","1,840.4","1,824.4","","-0.58%"
"10/08/2024","1,839.3","1,870.6","1,871.0","1,839.3","","-1.67%"
"10/07/2024","1,870.5","1,868.7","1,871.0","1,867.2","","0.13%"
"10/04/2024","1,868.2","1,868.3","1,878.9","1,868.1","","-0.05%"
"10/03/2024","1,869.1","1,895.8","1,896.7","1,869.1","","-1.42%"
"10/02/2024","1,896.1","1,886.9","1,900.2","1,885.7","","0.50%"
"10/01/2024","1,886.6","1,898.5","1,905.8","1,886.6","","-0.61%"
"09/30/2024","1,898.2","1,920.6","1,920.9","1,898.2","","-1.16%"
"09/27/2024","1,920.4","1,920.1","1,933.2","1,920.1","","0.02%"
"09/26/2024","1,920.1","1,889.7","1,920.1","1,889.2","","1.61%"
"09/25/2024","1,889.6","1,845.1","1,891.3","1,845.1","","2.40%"
"09/23/2024","1,845.3","1,832.3","1,845.3","1,831.9","","0.73%"
"09/20/2024","1,832.0","1,838.9","1,850.5","1,832.0","","-0.38%"
"09/19/2024","1,838.9","1,813.1","1,839.9","1,813.1","","1.41%"
"09/18/2024","1,813.4","1,814.0","1,814.6","1,810.9","","-0.03%"
"09/17/2024","1,814.0","1,786.8","1,814.0","1,786.8","","1.46%"
"09/16/2024","1,787.8","1,786.9","1,793.4","1,785.9","","0.05%"
"09/13/2024","1,786.9","1,786.8","1,795.1","1,785.0","","-0.02%"
"09/12/2024","1,787.2","1,762.0","1,789.6","1,762.0","","1.47%"
"09/11/2024","1,761.3","1,779.5","1,782.2","1,761.3","","-1.02%"
"09/10/2024","1,779.4","1,771.7","1,779.5","1,770.2","","0.44%"
"09/09/2024","1,771.6","1,770.0","1,772.3","1,769.8","","0.06%"
"09/06/2024","1,770.6","1,796.9","1,797.3","1,770.6","","-1.47%"
"09/05/2024","1,796.9","1,802.7","1,811.4","1,796.9","","-0.34%"
"09/04/2024","1,803.0","1,800.0","1,803.0","1,789.5","","0.15%"
"09/03/2024","1,800.3","1,850.3","1,852.9","1,800.3","","-2.73%"
"09/02/2024","1,850.8","1,850.8","1,853.6","1,840.5","","0.02%"
"08/30/2024","1,850.4","1,867.9","1,869.6","1,850.4","","-0.94%"
"08/29/2024","1,867.9","1,865.0","1,867.9","1,852.5","","0.11%"
"08/28/2024","1,865.9","1,875.5","1,877.3","1,865.9","","-0.56%"
"08/27/2024","1,876.4","1,867.8","1,876.4","1,866.1","","0.48%"
"08/26/2024","1,867.4","1,850.0","1,867.4","1,850.0","","0.94%"
"08/23/2024","1,850.0","1,828.8","1,850.0","1,825.9","","1.16%"
"08/22/2024","1,828.8","1,848.4","1,851.2","1,828.8","","-1.06%"
"08/21/2024","1,848.4","1,829.8","1,848.4","1,829.7","","1.02%"
"08/20/2024","1,829.9","1,830.2","1,832.6","1,826.8","","-0.01%"
"08/19/2024","1,830.1","1,801.5","1,830.1","1,800.3","","1.60%"
"08/16/2024","1,801.3","1,795.3","1,801.3","1,793.7","","0.36%"
"08/15/2024","1,794.9","1,763.7","1,794.9","1,761.2","","1.78%"
"08/14/2024","1,763.5","1,762.0","1,763.5","1,760.1","","0.10%"
"08/13/2024","1,761.8","1,760.5","1,761.8","1,751.0","","0.06%"
"08/12/2024","1,760.8","1,760.2","1,761.4","1,755.3","","0.03%"
"08/08/2024","1,760.3","1,756.1","1,760.3","1,751.9","","0.24%"
"08/07/2024","1,756.1","1,751.7","1,756.1","1,748.9","","0.25%"
"08/06/2024","1,751.7","1,748.6","1,754.8","1,748.6","","0.17%"
"08/05/2024","1,748.7","1,768.8","1,770.2","1,748.7","","-1.22%"
"08/02/2024","1,770.2","1,807.8","1,807.8","1,770.2","","-2.03%"
"08/01/2024","1,806.8","1,829.4","1,832.5","1,806.8","","-1.22%"
"07/31/2024","1,829.1","1,795.3","1,829.1","1,793.4","","1.90%"
"07/30/2024","1,795.1","1,805.5","1,807.9","1,795.1","","-0.57%"
"07/29/2024","1,805.4","1,807.8","1,808.6","1,805.4","","-0.12%"
"07/26/2024","1,807.7","1,775.8","1,807.7","1,773.1","","1.81%"
"07/25/2024","1,775.6","1,755.7","1,775.6","1,750.0","","1.14%"
"07/24/2024","1,755.6","1,756.9","1,757.6","1,754.1","","-0.08%"
"07/23/2024","1,756.9","1,759.2","1,759.8","1,755.2","","-0.15%"
"07/22/2024","1,759.4","1,757.3","1,760.0","1,755.9","","0.09%"
"07/19/2024","1,757.8","1,760.2","1,766.9","1,757.8","","-0.25%"
"07/18/2024","1,762.3","1,767.2","1,771.8","1,762.3","","-0.27%"
"07/17/2024","1,767.1","1,783.9","1,789.6","1,767.1","","-0.92%"
"07/16/2024","1,783.5","1,827.1","1,828.5","1,783.5","","-2.40%"
"07/15/2024","1,827.3","1,813.3","1,827.3","1,801.3","","0.81%"
"07/12/2024","1,812.6","1,802.3","1,812.6","1,802.3","","0.61%"
"07/11/2024","1,801.7","1,786.0","1,801.7","1,786.0","","0.89%"
"07/10/2024","1,785.8","1,788.9","1,795.1","1,785.8","","-0.11%"
"07/09/2024","1,787.9","1,795.5","1,796.5","1,787.9","","-0.38%"
"07/08/2024","1,794.8","1,791.7","1,795.0","1,790.7","","0.18%"
"07/05/2024","1,791.5","1,805.1","1,805.1","1,789.4","","-0.70%"
"07/04/2024","1,804.2","1,804.9","1,811.1","1,804.2","","-0.04%"
"07/03/2024","1,804.9","1,773.2","1,804.9","1,773.2","","1.82%"
"07/02/2024","1,772.6","1,796.1","1,798.3","1,772.6","","-1.31%"
"07/01/2024","1,796.1","1,798.5","1,803.8","1,793.8","","-0.09%"
"06/28/2024","1,797.7","1,764.7","1,797.7","1,764.7","","1.88%"
"06/27/2024","1,764.5","1,781.5","1,784.0","1,764.5","","-0.97%"
"06/26/2024","1,781.8","1,783.6","1,786.4","1,781.8","","-0.12%"
"06/25/2024","1,783.9","1,786.2","1,786.2","1,781.4","","-0.11%"
"06/24/2024","1,785.9","1,783.4","1,791.4","1,778.3","","0.14%"
"06/21/2024","1,783.4","1,786.4","1,789.7","1,783.4","","-0.16%"
"06/20/2024","1,786.3","1,787.3","1,791.4","1,779.1","","-0.03%"
"06/19/2024","1,786.8","1,780.7","1,791.7","1,779.3","","0.35%"
"06/18/2024","1,780.5","1,714.9","1,780.5","1,705.6","","3.84%"
"06/14/2024","1,714.7","1,677.7","1,714.7","1,673.9","","2.20%"
"06/13/2024","1,677.8","1,657.5","1,677.8","1,655.6","","1.23%"
"06/12/2024","1,657.3","1,642.1","1,657.3","1,637.2","","0.95%"
"06/11/2024","1,641.8","1,640.1","1,644.3","1,636.9","","0.14%"
"06/10/2024","1,639.5","1,653.9","1,654.9","1,639.5","","-0.91%"
"06/07/2024","1,654.5","1,650.8","1,656.4","1,643.0","","0.22%"
"06/06/2024","1,650.8","1,650.5","1,662.1","1,649.2","","0.02%"
"06/05/2024","1,650.5","1,676.6","1,678.1","1,650.5","","-1.55%"
"06/04/2024","1,676.5","1,710.5","1,710.5","1,676.5","","-1.98%"
"06/03/2024","1,710.4","1,682.5","1,710.4","1,681.3","","1.66%"
"05/31/2024","1,682.5","1,674.5","1,688.0","1,674.5","","0.45%"
"05/30/2024","1,674.9","1,724.7","1,725.7","1,674.9","","-2.89%"
"05/28/2024","1,724.8","1,733.2","1,736.9","1,724.8","","-0.49%"
"05/27/2024","1,733.3","1,748.6","1,749.1","1,733.3","","-0.87%"
"05/24/2024","1,748.5","1,760.7","1,760.7","1,745.8","","-0.71%"
"05/23/2024","1,760.9","1,761.4","1,761.4","1,757.5","","-0.06%"
"05/22/2024","1,761.9","1,762.2","1,763.9","1,758.8","","-0.01%"
"05/21/2024","1,762.1","1,766.0","1,767.7","1,753.1","","-0.21%"
"05/20/2024","1,765.7","1,755.1","1,768.3","1,755.1","","0.63%"
"05/17/2024","1,754.6","1,740.6","1,754.6","1,732.4","","0.81%"
"05/16/2024","1,740.5","1,732.7","1,742.5","1,731.4","","0.45%"
"05/15/2024","1,732.6","1,711.2","1,736.7","1,711.2","","1.27%"
"05/14/2024","1,710.9","1,755.8","1,755.8","1,710.9","","-2.52%"
"05/13/2024","1,755.2","1,754.6","1,763.5","1,751.2","","0.03%"
"05/10/2024","1,754.6","1,733.5","1,754.6","1,733.5","","1.22%"
"05/09/2024","1,733.4","1,714.6","1,733.4","1,714.6","","1.10%"
"05/08/2024","1,714.7","1,715.9","1,718.6","1,712.6","","-0.07%"
"05/07/2024","1,715.9","1,698.7","1,715.9","1,698.7","","1.01%"
"05/06/2024","1,698.7","1,700.3","1,712.1","1,698.7","","-0.09%"
"05/03/2024","1,700.2","1,692.5","1,723.1","1,692.5","","0.45%"
"05/02/2024","1,692.5","1,691.2","1,693.7","1,683.9","","0.10%"
"04/30/2024","1,690.9","1,707.8","1,712.1","1,690.9","","-0.96%"
"04/29/2024","1,707.3","1,673.4","1,707.3","1,673.0","","2.04%"
"04/26/2024","1,673.1","1,642.8","1,673.1","1,640.0","","1.85%"
"04/25/2024","1,642.7","1,545.4","1,642.7","1,543.4","","6.30%"
"04/24/2024","1,545.4","1,522.3","1,552.3","1,521.6","","1.53%"
"04/23/2024","1,522.2","1,527.0","1,527.0","1,512.8","","-0.31%"
"04/22/2024","1,526.8","1,532.0","1,532.7","1,521.1","","-0.34%"
"04/19/2024","1,532.0","1,531.8","1,532.0","1,518.1","","0.00%"
"04/18/2024","1,532.0","1,521.9","1,532.0","1,519.8","","0.70%"
"04/17/2024","1,521.3","1,520.3","1,521.3","1,508.7","","0.05%"
"04/16/2024","1,520.5","1,551.8","1,551.8","1,515.8","","-2.01%"
"04/15/2024","1,551.7","1,556.0","1,563.0","1,551.6","","-0.27%"
"04/12/2024","1,555.8","1,558.1","1,562.0","1,543.1","","-0.16%"
"04/11/2024","1,558.3","1,570.9","1,571.0","1,558.3","","-0.82%"
"04/10/2024","1,571.3","1,583.2","1,584.6","1,569.6","","-0.76%"
"04/09/2024","1,583.3","1,566.3","1,586.9","1,566.0","","1.07%"
"04/08/2024","1,566.5","1,549.6","1,566.5","1,549.4","","1.08%"
"04/05/2024","1,549.9","1,562.7","1,562.7","1,538.5","","-0.85%"
"04/04/2024","1,563.2","1,530.2","1,563.2","1,530.2","","2.15%"
"04/03/2024","1,530.3","1,539.8","1,541.7","1,530.3","","-0.59%"
"04/02/2024","1,539.4","1,528.8","1,546.1","1,528.8","","0.70%"
"03/28/2024","1,528.7","1,516.2","1,530.1","1,513.6","","0.84%"
"03/27/2024","1,516.0","1,518.0","1,518.5","1,515.2","","-0.13%"
"03/26/2024","1,518.0","1,526.4","1,527.1","1,511.1","","-0.55%"
"03/25/2024","1,526.5","1,530.6","1,532.2","1,526.5","","-0.27%"
"03/22/2024","1,530.6","1,506.2","1,530.6","1,505.2","","1.65%"
"03/20/2024","1,505.8","1,493.8","1,505.8","1,493.3","","0.80%"
"03/19/2024","1,493.9","1,504.9","1,505.3","1,493.9","","-0.72%"
"03/18/2024","1,504.7","1,517.1","1,520.1","1,504.7","","-0.83%"
"03/15/2024","1,517.2","1,518.0","1,519.9","1,516.2","","-0.09%"
"03/14/2024","1,518.6","1,554.7","1,555.4","1,518.6","","-2.31%"
"03/13/2024","1,554.6","1,546.6","1,554.6","1,537.9","","0.50%"
"03/12/2024","1,546.9","1,541.0","1,554.6","1,540.4","","0.38%"
"03/11/2024","1,541.0","1,549.8","1,551.5","1,541.0","","-0.57%"
"03/08/2024","1,549.9","1,543.1","1,549.9","1,541.9","","0.47%"
"03/07/2024","1,542.6","1,541.2","1,542.6","1,537.8","","0.10%"
"03/06/2024","1,541.0","1,500.1","1,541.0","1,499.5","","2.70%"
"03/05/2024","1,500.5","1,511.2","1,512.9","1,500.5","","-0.69%"
"03/04/2024","1,510.9","1,524.3","1,531.2","1,510.9","","-0.89%"
"03/01/2024","1,524.4","1,513.5","1,524.4","1,512.3","","0.72%"
"02/29/2024","1,513.4","1,504.7","1,516.5","1,482.6","","0.58%"
"02/28/2024","1,504.8","1,525.2","1,526.7","1,504.8","","-1.33%"
"02/27/2024","1,525.1","1,551.3","1,552.6","1,525.1","","-1.69%"
"02/26/2024","1,551.4","1,551.5","1,551.9","1,550.2","","0.00%"
"02/23/2024","1,551.4","1,551.2","1,551.4","1,545.8","","0.01%"
"02/22/2024","1,551.2","1,523.3","1,551.2","1,517.6","","1.67%"
"02/21/2024","1,525.7","1,521.2","1,525.7","1,517.7","","0.30%"
"02/20/2024","1,521.1","1,534.5","1,535.6","1,521.1","","-0.88%"
"02/19/2024","1,534.6","1,535.6","1,535.7","1,533.7","","-0.04%"
"02/16/2024","1,535.3","1,510.4","1,535.3","1,510.0","","1.66%"
"02/15/2024","1,510.2","1,511.3","1,511.3","1,508.2","","-0.05%"
"02/14/2024","1,510.9","1,507.6","1,510.9","1,503.5","","0.23%"
"02/13/2024","1,507.5","1,518.3","1,519.3","1,507.5","","-0.63%"
"02/12/2024","1,517.1","1,505.8","1,517.1","1,500.8","","0.77%"
"02/09/2024","1,505.5","1,515.5","1,515.5","1,505.5","","-0.65%"
"02/08/2024","1,515.4","1,528.6","1,528.7","1,515.4","","-0.85%"
"02/07/2024","1,528.4","1,549.6","1,551.1","1,528.4","","-1.38%"
"02/06/2024","1,549.8","1,541.6","1,549.8","1,541.4","","0.49%"
"02/05/2024","1,542.2","1,551.0","1,554.5","1,542.2","","-0.56%"
"02/02/2024","1,550.9","1,554.4","1,565.5","1,550.9","","-0.21%"
"02/01/2024","1,554.3","1,574.7","1,574.7","1,554.3","","-1.29%"
"01/31/2024","1,574.6","1,565.5","1,574.6","1,558.9","","0.54%"
"01/30/2024","1,566.1","1,557.0","1,570.6","1,557.0","","0.58%"
"01/29/2024","1,557.1","1,570.1","1,570.6","1,557.1","","-0.83%"
"01/26/2024","1,570.1","1,543.0","1,570.1","1,542.8","","1.76%"
"01/25/2024","1,542.9","1,562.5","1,562.5","1,542.9","","-1.26%"
"01/24/2024","1,562.6","1,547.9","1,562.6","1,547.9","","0.97%"
"01/23/2024","1,547.6","1,525.9","1,547.6","1,525.6","","1.42%"
"01/22/2024","1,525.8","1,540.1","1,540.1","1,525.8","","-0.90%"
"01/19/2024","1,539.7","1,533.2","1,539.7","1,530.9","","0.43%"
"01/18/2024","1,533.0","1,518.4","1,541.3","1,515.6","","0.97%"
"01/17/2024","1,518.3","1,547.7","1,548.0","1,518.3","","-1.88%"
"01/16/2024","1,547.4","1,559.3","1,560.4","1,547.4","","-0.77%"
"01/15/2024","1,559.5","1,582.8","1,587.3","1,559.5","","-1.44%"
"01/12/2024","1,582.4","1,580.3","1,582.4","1,574.5","","0.14%"
"01/11/2024","1,580.1","1,579.7","1,585.1","1,574.8","","0.02%"
"01/10/2024","1,579.8","1,570.7","1,579.8","1,570.7","","0.56%"
"01/09/2024","1,571.0","1,572.5","1,581.0","1,571.0","","-0.11%"
"01/08/2024","1,572.7","1,579.4","1,580.9","1,561.0","","-0.43%"
"01/05/2024","1,579.4","1,569.6","1,579.4","1,552.4","","0.59%"
"01/04/2024","1,570.2","1,564.1","1,570.2","1,561.2","","0.39%"
"01/03/2024","1,564.2","1,603.9","1,605.3","1,564.2","","-2.48%"
"01/02/2024","1,604.0","1,632.6","1,633.9","1,604.0","","-1.80%"
"12/29/2023","1,633.3","1,623.6","1,633.3","1,620.2","","0.54%"
"12/28/2023","1,624.5","1,626.7","1,632.5","1,603.7","","-0.29%"
"12/27/2023","1,629.2","1,580.1","1,629.2","1,580.1","","3.08%"
"12/22/2023","1,580.5","1,555.6","1,580.5","1,553.0","","1.63%"
"12/21/2023","1,555.1","1,542.1","1,555.1","1,528.0","","0.68%"
"12/20/2023","1,544.6","1,532.2","1,547.2","1,531.8","","0.65%"
"12/19/2023","1,534.6","1,530.4","1,546.8","1,526.8","","0.49%"
"12/18/2023","1,527.2","1,542.9","1,545.8","1,517.6","","-1.20%"
"12/14/2023","1,545.7","1,471.9","1,550.2","1,471.9","","4.68%"
"12/13/2023","1,476.6","1,472.7","1,486.2","1,466.5","","0.29%"
"12/12/2023","1,472.4","1,523.9","1,523.9","1,472.4","","-3.36%"
"12/11/2023","1,523.7","1,538.3","1,543.5","1,519.9","","-0.96%"
"12/08/2023","1,538.5","1,614.6","1,614.6","1,532.5","","-4.72%"
"12/07/2023","1,614.6","1,635.4","1,635.4","1,614.6","","-1.24%"
"12/06/2023","1,634.9","1,620.0","1,637.2","1,618.3","","0.92%"
"12/05/2023","1,620.0","1,644.5","1,644.5","1,620.0","","-1.49%"
"12/04/2023","1,644.6","1,651.0","1,656.2","1,644.6","","-0.41%"
"12/01/2023","1,651.4","1,617.0","1,651.4","1,617.0","","2.13%"
"11/30/2023","1,617.0","1,616.0","1,621.0","1,615.1","","0.07%"
"11/29/2023","1,615.9","1,626.5","1,631.7","1,615.9","","-0.66%"
"11/28/2023","1,626.6","1,624.6","1,628.6","1,624.3","","0.11%"
"11/27/2023","1,624.8","1,636.4","1,637.0","1,624.8","","-0.74%"
"11/24/2023","1,636.9","1,630.4","1,636.9","1,629.6","","0.39%"
"11/23/2023","1,630.5","1,611.5","1,632.2","1,611.5","","1.19%"
"11/22/2023","1,611.4","1,609.8","1,617.5","1,609.8","","0.11%"
"11/21/2023","1,609.6","1,600.3","1,609.6","1,599.1","","0.62%"
"11/20/2023","1,599.7","1,589.7","1,599.7","1,588.7","","0.59%"
"11/17/2023","1,590.3","1,575.1","1,590.9","1,575.1","","0.95%"
"11/16/2023","1,575.3","1,602.7","1,602.7","1,575.3","","-1.70%"
"11/15/2023","1,602.6","1,574.9","1,602.6","1,574.0","","1.76%"
"11/14/2023","1,574.9","1,526.7","1,574.9","1,526.5","","3.17%"
"11/13/2023","1,526.6","1,523.8","1,526.6","1,522.0","","0.18%"
"11/10/2023","1,523.9","1,539.6","1,542.4","101.8","","-0.93%"
"11/09/2023","1,538.1","1,550.4","1,550.4","1,535.9","","-0.81%"
"11/08/2023","1,550.8","1,537.7","1,550.8","1,530.6","","0.77%"
"11/07/2023","1,538.9","1,588.2","1,588.7","1,538.9","","-3.07%"
"11/06/2023","1,587.6","1,585.3","1,592.6","1,585.1","","0.13%"
"11/03/2023","1,585.6","1,565.8","1,585.6","1,564.4","","1.20%"
"11/02/2023","1,566.8","1,514.3","1,566.8","1,511.8","","3.51%"
"11/01/2023","1,513.7","1,509.3","1,513.7","1,508.1","","0.29%"
"10/31/2023","1,509.4","1,511.8","1,522.0","1,505.5","","-0.15%"
"10/30/2023","1,511.7","1,495.3","1,515.8","1,495.3","","1.10%"
"10/27/2023","1,495.2","1,512.4","1,512.4","1,495.2","","-1.13%"
"10/26/2023","1,512.3","1,518.3","1,518.3","1,511.8","","-0.34%"
"10/25/2023","1,517.4","1,518.0","1,520.1","1,517.4","","-0.06%"
"10/24/2023","1,518.3","1,504.6","1,518.3","1,502.4","","0.92%"
"10/23/2023","1,504.4","1,503.5","1,504.7","1,493.7","","0.02%"
"10/20/2023","1,504.1","1,538.1","1,540.4","1,504.1","","-2.22%"
"10/19/2023","1,538.2","1,545.3","1,548.8","1,538.2","","-0.46%"
"10/18/2023","1,545.3","1,570.8","1,573.8","1,545.3","","-1.59%"
"10/17/2023","1,570.3","1,572.3","1,579.2","1,561.1","","-0.14%"
"10/16/2023","1,572.5","1,561.5","1,572.5","1,556.6","","0.65%"
"10/13/2023","1,562.3","1,574.8","1,576.3","1,562.3","","-0.78%"
"10/12/2023","1,574.7","1,593.9","1,596.8","1,574.7","","-1.19%"
"10/11/2023","1,593.6","1,598.3","1,601.3","1,586.3","","-0.31%"
"10/10/2023","1,598.5","1,541.1","1,598.5","1,539.8","","3.72%"
"10/09/2023","1,541.1","1,551.9","1,553.5","1,541.1","","-0.69%"
"10/06/2023","1,551.8","1,542.1","1,551.8","1,536.6","","0.62%"
"10/05/2023","1,542.2","1,527.3","1,542.2","1,526.3","","0.94%"
"10/04/2023","1,527.9","1,538.5","1,543.3","1,527.9","","-0.71%"
"10/03/2023","1,538.8","1,548.2","1,559.1","1,538.8","","-1.52%"
"10/02/2023","1,562.5","1,576.3","1,576.4","578.5","","-0.66%"
"09/29/2023","1,572.9","1,579.7","1,605.4","1,572.9","","-0.44%"
"09/28/2023","1,579.9","1,564.1","1,579.9","1,559.8","","1.01%"
"09/27/2023","1,564.1","1,569.4","1,571.1","1,564.1","","-0.36%"
"09/26/2023","1,569.8","1,573.3","1,576.2","1,547.5","","-0.61%"
"09/22/2023","1,579.4","1,581.9","1,589.6","1,578.0","","-0.15%"
"09/21/2023","1,581.7","1,613.1","1,614.4","1,581.7","","-1.95%"
"09/20/2023","1,613.1","1,588.3","1,613.1","1,585.2","","1.56%"
"09/19/2023","1,588.3","1,594.4","1,597.9","1,588.3","","-0.35%"
"09/18/2023","1,593.9","1,605.9","1,609.4","1,593.9","","-0.77%"
"09/15/2023","1,606.2","1,609.7","1,622.7","1,606.2","","-0.22%"
"09/14/2023","1,609.7","1,582.5","1,609.7","1,560.4","","1.72%"
"09/13/2023","1,582.5","1,600.1","1,600.1","1,582.5","","-1.12%"
"09/12/2023","1,600.3","1,600.8","1,602.7","1,600.3","","-0.04%"
"09/11/2023","1,601.0","1,589.0","1,601.0","1,588.5","","0.75%"
"09/08/2023","1,589.0","1,577.1","1,589.0","1,574.8","","0.76%"
"09/07/2023","1,577.0","1,600.8","1,601.5","1,577.0","","-1.49%"
"09/06/2023","1,600.8","1,621.2","1,621.2","1,600.8","","-1.27%"
"09/05/2023","1,621.4","1,638.2","1,639.9","1,621.4","","-0.99%"
"09/04/2023","1,637.6","1,623.0","1,644.6","1,623.0","","0.75%"
"09/01/2023","1,625.4","1,624.9","1,630.9","1,622.8","","0.02%"
"08/31/2023","1,625.0","1,618.9","1,625.0","1,617.5","","0.39%"
"08/30/2023","1,618.7","1,606.0","1,618.7","1,605.4","","0.77%"
"08/29/2023","1,606.4","1,614.1","1,616.0","1,602.6","","-0.46%"
"08/28/2023","1,613.8","1,586.9","1,613.8","1,583.8","","1.67%"
"08/25/2023","1,587.3","1,596.4","1,599.4","1,587.3","","-0.57%"
"08/24/2023","1,596.4","1,591.5","1,599.8","1,590.3","","0.33%"
"08/23/2023","1,591.2","1,570.7","1,591.2","1,569.2","","1.23%"
"08/22/2023","1,571.9","1,570.4","1,588.2","1,570.4","","0.09%"
"08/21/2023","1,570.6","1,545.3","1,574.3","1,544.4","","1.64%"
"08/18/2023","1,545.3","1,575.9","1,577.2","1,545.3","","-1.94%"
"08/17/2023","1,575.8","1,576.5","1,577.1","1,571.2","","-0.04%"
"08/16/2023","1,576.4","1,585.5","1,585.5","1,564.7","","-0.51%"
"08/15/2023","1,584.6","1,609.1","1,609.3","1,584.6","","-1.53%"
"08/14/2023","1,609.2","1,633.8","1,636.0","1,609.2","","-1.49%"
"08/11/2023","1,633.6","1,643.2","1,645.0","1,633.6","","-0.60%"
"08/10/2023","1,643.4","1,632.8","1,643.4","1,630.5","","0.65%"
"08/08/2023","1,632.7","1,633.0","1,643.9","1,628.2","","-0.01%"
"08/07/2023","1,632.9","1,632.6","1,634.6","1,626.5","","0.02%"
"08/04/2023","1,632.6","1,618.3","1,632.6","1,612.1","","0.90%"
"08/03/2023","1,618.0","1,615.3","1,627.9","1,612.8","","0.17%"
"08/02/2023","1,615.3","1,663.5","1,666.7","1,615.3","","-2.92%"
"08/01/2023","1,663.9","1,663.8","1,668.4","1,663.8","","0.01%"
"07/31/2023","1,663.8","1,653.5","1,663.8","1,651.1","","0.58%"
"07/28/2023","1,654.2","1,674.5","1,674.5","1,651.8","","-1.18%"
"07/27/2023","1,673.9","1,664.2","1,673.9","1,661.7","","0.60%"
"07/26/2023","1,664.0","1,664.0","1,666.3","1,655.6","","0.00%"
"07/25/2023","1,663.9","1,634.2","1,663.9","1,629.9","","1.81%"
"07/24/2023","1,634.4","1,633.0","1,636.2","1,626.9","","0.07%"
"07/21/2023","1,633.2","1,636.1","1,636.1","1,629.7","","-0.19%"
"07/20/2023","1,636.3","1,614.1","1,642.4","1,613.0","","1.36%"
"07/19/2023","1,614.4","1,620.2","1,623.4","1,614.4","","-0.36%"
"07/18/2023","1,620.3","1,622.2","1,623.0","1,610.3","","-0.14%"
"07/17/2023","1,622.5","1,634.5","1,636.2","1,617.1","","-0.73%"
"07/14/2023","1,634.5","1,637.5","1,639.4","1,629.6","","-0.18%"
"07/13/2023","1,637.4","1,612.4","1,637.4","1,612.3","","1.53%"
"07/12/2023","1,612.7","1,578.1","1,612.7","1,577.2","","2.20%"
"07/11/2023","1,578.0","1,565.9","1,578.9","1,565.9","","0.73%"
"07/10/2023","1,566.6","1,578.9","1,579.7","1,561.4","","-0.77%"
"07/07/2023","1,578.8","1,558.2","1,578.8","1,555.7","","1.32%"
"07/06/2023","1,558.2","1,596.3","1,596.4","1,558.2","","-2.38%"
"07/05/2023","1,596.2","1,608.3","1,609.3","1,589.0","","-0.72%"
"07/04/2023","1,607.8","1,603.3","1,609.3","1,602.4","","0.28%"
"07/03/2023","1,603.3","1,583.2","1,606.5","1,582.8","","1.25%"
"06/30/2023","1,583.4","1,557.9","1,583.4","1,557.7","","1.53%"
"06/29/2023","1,559.5","1,551.4","1,559.5","1,550.5","","0.44%"
"06/28/2023","1,552.6","1,563.0","1,565.1","1,552.6","","-0.77%"
"06/27/2023","1,564.6","1,563.1","1,564.7","1,555.9","","0.00%"
"06/26/2023","1,564.7","1,563.6","1,566.6","1,560.3","","0.07%"
"06/23/2023","1,563.6","1,585.1","1,586.0","1,561.4","","-1.35%"
"06/22/2023","1,585.1","1,594.5","1,596.6","1,580.8","","-0.68%"
"06/21/2023","1,595.9","1,615.9","1,617.0","1,590.7","","-1.27%"
"06/20/2023","1,616.5","1,636.9","1,637.8","1,616.5","","-1.25%"
"06/19/2023","1,636.8","1,659.2","1,659.2","1,634.6","","-1.32%"
"06/15/2023","1,658.8","1,652.9","1,658.8","1,636.5","","0.25%"
"06/14/2023","1,654.6","1,627.5","1,656.0","1,622.0","","1.66%"
"06/13/2023","1,627.5","1,588.3","1,627.5","1,587.2","","2.47%"
"06/12/2023","1,588.2","1,620.6","1,629.4","1,588.2","","-2.00%"
"06/09/2023","1,620.7","1,598.9","1,620.7","1,597.8","","1.28%"
"06/08/2023","1,600.2","1,593.7","1,600.2","1,589.8","","0.38%"
"06/07/2023","1,594.2","1,571.8","1,594.2","1,571.3","","1.32%"
"06/06/2023","1,573.4","1,553.9","1,573.4","1,545.0","","1.17%"
"06/05/2023","1,555.2","1,554.0","1,556.8","1,546.4","","-0.02%"
"06/02/2023","1,555.6","1,518.0","1,558.7","1,518.0","","2.40%"
"06/01/2023","1,519.1","1,486.9","1,519.1","1,486.9","","2.10%"
"05/31/2023","1,487.8","1,492.0","1,493.8","1,486.7","","-0.37%"
"05/30/2023","1,493.4","1,522.1","1,522.1","1,493.4","","-1.88%"
"05/29/2023","1,522.1","1,517.4","1,529.6","1,515.4","","0.31%"
"05/26/2023","1,517.4","1,511.0","1,517.4","1,503.4","","0.43%"
"05/25/2023","1,510.9","1,503.5","1,512.9","1,498.6","","0.59%"
"05/24/2023","1,502.1","1,528.3","1,528.8","1,502.1","","-1.71%"
"05/23/2023","1,528.2","1,534.5","1,537.7","1,528.2","","-0.42%"
"05/22/2023","1,534.6","1,538.6","1,545.4","1,531.7","","-0.27%"
"05/19/2023","1,538.8","1,525.2","1,538.8","1,521.0","","0.90%"
"05/18/2023","1,525.1","1,528.5","1,531.8","1,525.1","","-0.24%"
"05/17/2023","1,528.8","1,528.8","1,528.8","1,517.9","","-0.03%"
"05/16/2023","1,529.1","1,535.4","1,540.0","1,529.1","","-0.40%"
"05/15/2023","1,535.2","1,536.9","1,537.6","1,531.6","","-0.14%"
"05/12/2023","1,537.4","1,516.8","1,537.4","1,511.4","","1.36%"
"05/11/2023","1,516.8","1,567.0","1,571.0","1,516.8","","-3.24%"
"05/10/2023","1,567.6","1,561.5","1,574.6","1,395.8","","0.29%"
"05/09/2023","1,563.0","1,571.2","1,572.2","1,560.6","","-0.57%"
"05/08/2023","1,571.9","1,560.5","1,571.9","1,559.3","","0.72%"
"05/05/2023","1,560.7","1,515.8","1,560.7","1,515.8","","2.96%"
"05/04/2023","1,515.8","1,556.2","1,557.4","1,515.8","","-2.59%"
"05/03/2023","1,556.1","1,547.6","1,556.1","1,542.9","","0.54%"
"05/02/2023","1,547.8","1,569.7","1,570.6","1,547.8","","-1.43%"
"04/28/2023","1,570.2","1,562.3","1,570.2","1,561.9","","0.37%"
"04/26/2023","1,564.4","1,552.5","1,564.4","1,549.7","","0.76%"
"04/25/2023","1,552.6","1,564.1","1,565.4","1,549.6","","-0.74%"
"04/24/2023","1,564.2","1,568.1","1,573.4","1,564.2","","-0.34%"
"04/21/2023","1,569.4","1,608.8","1,610.2","1,569.4","","-2.44%"
"04/20/2023","1,608.6","1,618.5","1,618.5","1,608.6","","-0.60%"
"04/19/2023","1,618.3","1,628.9","1,628.9","1,618.3","","-0.66%"
"04/18/2023","1,629.1","1,616.5","1,632.9","1,612.9","","0.77%"
"04/17/2023","1,616.7","1,624.2","1,624.5","1,613.7","","-0.46%"
"04/14/2023","1,624.1","1,623.6","1,625.2","1,621.9","","0.02%"
"04/13/2023","1,623.8","1,629.9","1,632.8","1,623.8","","-0.34%"
"04/12/2023","1,629.4","1,623.5","1,629.4","1,618.4","","0.27%"
"04/11/2023","1,625.0","1,598.9","1,625.0","1,598.9","","1.63%"
"04/06/2023","1,598.9","1,577.9","1,600.6","1,577.2","","1.25%"
"04/05/2023","1,579.2","1,592.3","1,596.9","1,579.2","","-0.91%"
"04/04/2023","1,593.6","1,590.4","1,593.6","1,589.6","","0.11%"
"04/03/2023","1,591.8","1,575.9","1,591.8","1,574.1","","0.94%"
"03/31/2023","1,577.0","1,593.4","1,593.4","1,577.0","","-0.97%"
"03/30/2023","1,592.5","1,581.6","1,623.8","1,581.0","","0.69%"
"03/29/2023","1,581.6","1,580.2","1,582.8","1,565.6","","0.07%"
"03/28/2023","1,580.5","1,556.8","1,580.5","1,556.8","","1.56%"
"03/27/2023","1,556.3","1,537.2","1,557.6","1,536.0","","1.27%"
"03/24/2023","1,536.7","1,560.7","1,564.1","1,486.9","","-1.60%"
"03/23/2023","1,561.8","1,567.6","1,568.1","1,561.8","","-0.43%"
"03/22/2023","1,568.5","1,559.0","1,571.8","1,557.2","","0.54%"
"03/20/2023","1,560.1","1,525.5","1,560.1","1,525.3","","2.26%"
"03/17/2023","1,525.6","1,528.0","1,531.0","1,525.6","","-0.16%"
"03/16/2023","1,528.0","1,534.2","1,540.5","1,528.0","","-0.49%"
"03/15/2023","1,535.6","1,603.9","1,605.2","1,535.6","","-4.26%"
"03/14/2023","1,603.9","1,612.4","1,615.6","1,598.7","","-0.58%"
"03/13/2023","1,613.3","1,645.9","1,647.9","1,607.9","","-1.98%"
"03/10/2023","1,645.9","1,668.2","1,669.5","1,632.2","","-1.36%"
"03/09/2023","1,668.5","1,658.7","1,668.5","1,654.6","","0.62%"
"03/08/2023","1,658.3","1,685.7","1,685.7","1,639.6","","-1.64%"
"03/07/2023","1,685.9","1,693.7","1,693.7","1,682.8","","-0.47%"
"03/06/2023","1,693.8","1,711.4","1,712.3","1,693.8","","-1.02%"
"03/03/2023","1,711.3","1,692.9","1,720.2","1,691.6","","1.08%"
"03/02/2023","1,693.0","1,703.4","1,712.5","1,693.0","","-0.65%"
"03/01/2023","1,704.0","1,677.3","1,704.0","1,677.0","","1.55%"
"02/28/2023","1,678.0","1,667.2","1,678.0","1,663.2","","0.59%"
"02/27/2023","1,668.2","1,660.0","1,668.2","1,658.0","","0.49%"
"02/24/2023","1,660.2","1,732.1","1,735.8","1,660.2","","-4.24%"
"02/23/2023","1,733.7","1,709.5","1,733.7","1,706.9","","1.41%"
"02/22/2023","1,709.5","1,731.4","1,732.1","1,708.7","","-1.25%"
"02/21/2023","1,731.2","1,752.7","1,756.9","1,729.6","","-1.22%"
"02/20/2023","1,752.7","1,722.1","1,752.7","1,716.8","","1.77%"
"02/17/2023","1,722.2","1,735.5","1,736.9","1,722.2","","-0.83%"
"02/16/2023","1,736.6","1,707.0","1,736.6","1,705.7","","1.62%"
"02/15/2023","1,708.9","1,739.3","1,742.1","1,708.9","","-1.76%"
"02/14/2023","1,739.5","1,734.0","1,750.1","1,730.5","","0.23%"
"02/13/2023","1,735.5","1,727.4","1,735.5","1,726.5","","0.38%"
"02/10/2023","1,729.0","1,764.7","1,764.7","1,729.0","","-2.08%"
"02/09/2023","1,765.8","1,757.1","1,766.6","1,565.6","","0.44%"
"02/08/2023","1,757.9","1,754.1","1,767.7","1,753.0","","0.14%"
"02/07/2023","1,755.5","1,746.7","1,755.5","1,740.4","","0.51%"
"02/06/2023","1,746.7","1,766.6","1,766.6","1,742.2","","-1.11%"
"02/03/2023","1,766.3","1,763.9","1,766.3","1,754.9","","0.19%"
"02/02/2023","1,763.0","1,769.6","1,777.6","1,763.0","","-0.39%"
"02/01/2023","1,769.8","1,766.5","1,781.7","1,764.3","","0.18%"
"01/31/2023","1,766.6","1,804.9","1,805.4","1,765.7","","-2.12%"
"01/30/2023","1,804.9","1,801.6","1,804.9","1,795.1","","0.21%"
"01/27/2023","1,801.2","1,796.4","1,801.2","1,792.1","","0.22%"
"01/26/2023","1,797.3","1,788.6","1,800.0","1,786.5","","0.44%"
"01/25/2023","1,789.3","1,780.8","1,789.3","1,780.3","","0.41%"
"01/24/2023","1,782.0","1,798.3","1,801.9","1,779.0","","-0.96%"
"01/23/2023","1,799.3","1,774.4","1,801.9","1,774.3","","1.34%"
"01/20/2023","1,775.4","1,776.8","1,781.5","1,775.4","","-0.12%"
"01/19/2023","1,777.5","1,785.7","1,787.9","1,777.5","","-0.49%"
"01/18/2023","1,786.3","1,763.9","1,788.4","1,761.3","","1.28%"
"01/17/2023","1,763.7","1,760.1","1,768.9","1,756.0","","0.20%"
"01/16/2023","1,760.2","1,750.7","1,770.5","1,750.7","","0.47%"
"01/13/2023","1,752.1","1,743.8","1,853.1","1,743.5","","0.39%"
"01/12/2023","1,745.3","1,729.7","1,746.0","1,727.3","","0.85%"
"01/11/2023","1,730.6","1,718.2","1,742.6","1,718.2","","0.64%"
"01/10/2023","1,719.6","1,737.4","1,737.4","1,711.0","","-1.02%"
"01/09/2023","1,737.3","1,694.4","1,737.3","1,694.3","","2.59%"
"01/06/2023","1,693.4","1,660.0","1,693.4","1,659.7","","1.95%"
"01/05/2023","1,661.0","1,626.8","1,661.0","1,626.8","","2.13%"
"01/04/2023","1,626.4","1,635.8","1,644.9","1,626.4","","-0.66%"
"01/03/2023","1,637.3","1,630.3","1,637.3","1,619.6","","0.38%"
"12/30/2022","1,631.1","1,638.4","1,641.5","1,631.1","","-0.50%"
"12/29/2022","1,639.3","1,663.9","1,668.0","1,639.3","","-1.60%"
"12/28/2022","1,666.0","1,655.4","1,666.0","1,651.9","","0.59%"
"12/23/2022","1,656.2","1,644.8","1,656.2","1,642.7","","0.70%"
"12/22/2022","1,644.7","1,664.2","1,666.5","1,644.7","","-1.18%"
"12/21/2022","1,664.2","1,636.6","1,664.2","1,636.6","","1.68%"
"12/20/2022","1,636.8","1,645.7","1,646.0","1,625.0","","-0.56%"
"12/19/2022","1,645.9","1,621.8","1,649.6","1,606.8","","1.53%"
"12/15/2022","1,621.1","1,638.5","1,638.8","1,619.1","","-1.06%"
"12/14/2022","1,638.6","1,672.3","1,682.9","1,638.6","","-2.02%"
"12/13/2022","1,672.3","1,647.3","1,689.8","1,646.3","","1.53%"
"12/12/2022","1,647.2","1,646.2","1,649.0","1,643.0","","0.06%"
"12/09/2022","1,646.2","1,675.4","1,677.7","1,646.2","","-1.75%"
"12/08/2022","1,675.5","1,676.1","1,677.9","1,640.1","","-0.10%"
"12/07/2022","1,677.2","1,704.6","1,704.6","1,648.7","","-1.68%"
"12/06/2022","1,705.9","1,708.1","1,712.0","1,691.9","","-0.20%"
"12/05/2022","1,709.3","1,679.4","1,723.8","1,675.1","","1.77%"
"12/02/2022","1,679.6","1,692.7","1,696.6","1,679.6","","-0.84%"
"12/01/2022","1,693.8","1,721.7","1,744.8","1,693.8","","-1.63%"
"11/30/2022","1,721.9","1,684.8","1,721.9","1,684.0","","2.12%"
"11/29/2022","1,686.3","1,688.4","1,689.2","1,684.2","","-0.19%"
"11/28/2022","1,689.4","1,698.5","1,699.0","1,678.5","","-0.56%"
"11/25/2022","1,698.9","1,691.1","1,698.9","1,688.4","","0.38%"
"11/24/2022","1,692.4","1,692.3","1,700.7","1,691.2","","-0.07%"
"11/23/2022","1,693.6","1,670.7","1,693.6","1,670.7","","1.37%"
"11/22/2022","1,670.7","1,646.4","1,670.7","1,644.7","","1.42%"
"11/21/2022","1,647.3","1,662.6","1,665.1","1,647.3","","-0.97%"
"11/18/2022","1,663.4","1,649.0","1,671.1","1,645.9","","0.80%"
"11/17/2022","1,650.3","1,662.0","1,662.0","1,650.3","","-0.76%"
"11/16/2022","1,662.9","1,696.6","1,696.6","1,662.9","","-1.98%"
"11/15/2022","1,696.6","1,699.8","1,699.8","1,684.6","","-0.18%"
"11/14/2022","1,699.6","1,698.9","1,712.5","1,698.9","","0.03%"
"11/11/2022","1,699.0","1,653.5","1,699.0","1,653.5","","2.75%"
"11/10/2022","1,653.5","1,627.4","1,653.5","1,602.6","","1.60%"
"11/09/2022","1,627.6","1,612.3","1,628.9","1,612.3","","0.95%"
"11/08/2022","1,612.2","1,617.1","1,620.1","1,601.2","","-0.34%"
"11/07/2022","1,617.8","1,601.7","1,619.6","1,588.7","","0.99%"
"11/04/2022","1,602.0","1,515.5","1,602.0","1,514.3","","5.62%"
"11/03/2022","1,516.7","1,550.1","1,550.1","1,512.3","","-2.16%"
"11/02/2022","1,550.2","1,552.0","1,566.0","1,550.2","","-0.11%"
"11/01/2022","1,551.8","1,541.0","1,560.3","1,539.5","","0.70%"
"10/31/2022","1,541.0","1,551.2","1,552.5","1,535.8","","-0.66%"
"10/28/2022","1,551.2","1,557.0","1,557.0","1,545.6","","-0.35%"
"10/27/2022","1,556.7","1,560.2","1,562.8","1,539.0","","-0.31%"
"10/26/2022","1,561.6","1,524.6","1,561.6","1,523.7","","2.44%"
"10/25/2022","1,524.4","1,515.4","1,524.4","1,514.2","","0.67%"
"10/24/2022","1,514.3","1,499.1","1,514.3","1,494.4","","1.03%"
"10/21/2022","1,498.9","1,492.9","1,498.9","1,469.6","","0.41%"
"10/20/2022","1,492.8","1,490.2","1,492.8","1,475.9","","0.09%"
"10/19/2022","1,491.5","1,474.3","1,491.5","1,474.3","","1.09%"
"10/18/2022","1,475.3","1,474.9","1,477.7","1,473.2","","-0.07%"
"10/17/2022","1,476.3","1,431.0","1,476.3","1,426.4","","3.17%"
"10/14/2022","1,431.0","1,440.0","1,443.9","1,431.0","","-0.66%"
"10/13/2022","1,440.4","1,423.9","1,440.4","1,412.3","","1.12%"
"10/12/2022","1,424.5","1,447.4","1,447.4","1,424.5","","-1.57%"
"10/11/2022","1,447.3","1,454.8","1,455.8","1,436.2","","-0.52%"
"10/10/2022","1,454.8","1,463.8","1,463.8","1,454.8","","-0.61%"
"10/07/2022","1,463.7","1,462.9","1,464.6","1,449.7","","0.08%"
"10/06/2022","1,462.5","1,480.0","1,485.0","1,462.5","","-1.17%"
"10/05/2022","1,479.8","1,500.3","1,502.7","1,479.8","","-1.28%"
"10/04/2022","1,499.1","1,467.4","1,499.1","1,467.4","","2.16%"
"10/03/2022","1,467.4","1,447.5","1,467.4","1,446.9","","1.42%"
"09/30/2022","1,446.9","1,444.1","1,458.0","1,443.2","","0.20%"
"09/29/2022","1,444.0","1,430.6","1,455.7","1,426.9","","0.94%"
"09/28/2022","1,430.5","1,429.3","1,431.5","1,407.2","","0.07%"
"09/27/2022","1,429.4","1,414.3","1,429.4","1,411.2","","1.07%"
"09/26/2022","1,414.3","1,435.8","1,435.8","1,398.5","","-1.50%"
"09/23/2022","1,435.8","1,490.0","1,491.0","1,435.8","","-3.77%"
"09/22/2022","1,492.1","1,504.1","1,504.4","1,486.2","","-0.80%"
"09/21/2022","1,504.1","1,498.9","1,504.1","1,495.2","","0.34%"
"09/20/2022","1,499.1","1,494.6","1,519.1","1,494.6","","0.27%"
"09/19/2022","1,495.1","1,503.7","1,504.7","1,475.6","","-0.52%"
"09/16/2022","1,502.9","1,518.3","1,518.3","1,490.2","","-0.97%"
"09/15/2022","1,517.7","1,526.7","1,655.9","1,517.7","","-0.61%"
"09/14/2022","1,527.0","1,543.3","1,543.4","1,526.6","","-1.07%"
"09/13/2022","1,543.6","1,582.0","1,584.0","1,543.6","","-2.40%"
"09/12/2022","1,581.5","1,552.8","1,582.9","1,550.5","","1.87%"
"09/09/2022","1,552.5","1,501.9","1,552.5","1,501.3","","3.36%"
"09/08/2022","1,501.9","1,485.3","1,508.5","1,485.1","","1.09%"
"09/07/2022","1,485.7","1,512.2","1,513.5","1,477.2","","-1.75%"
"09/06/2022","1,512.1","1,511.0","1,516.7","1,508.3","","0.08%"
"09/05/2022","1,510.9","1,502.7","1,519.4","1,501.3","","0.56%"
"09/02/2022","1,502.4","1,477.9","1,502.4","1,473.2","","1.68%"
"09/01/2022","1,477.7","1,497.6","1,498.8","1,473.6","","-1.32%"
"08/31/2022","1,497.5","1,519.6","1,521.9","1,497.5","","-1.45%"
"08/30/2022","1,519.6","1,554.6","1,558.5","1,519.6","","-2.32%"
"08/29/2022","1,555.6","1,583.5","1,588.2","1,535.8","","-1.86%"
"08/26/2022","1,585.1","1,567.5","1,585.1","1,563.4","","1.04%"
"08/25/2022","1,568.9","1,560.8","1,576.2","1,560.8","","0.39%"
"08/24/2022","1,562.8","1,577.6","1,581.0","1,562.8","","-1.02%"
"08/23/2022","1,578.9","1,554.6","1,579.3","1,553.3","","1.44%"
"08/22/2022","1,556.4","1,560.8","1,562.8","1,547.5","","-0.33%"
"08/19/2022","1,561.6","1,603.7","1,606.5","1,561.6","","-2.73%"
"08/18/2022","1,605.4","1,587.6","1,605.4","1,585.8","","0.95%"
"08/17/2022","1,590.3","1,620.4","1,622.7","1,589.6","","-1.94%"
"08/16/2022","1,621.8","1,589.5","1,621.8","1,584.0","","2.03%"
"08/15/2022","1,589.5","1,589.1","1,592.7","1,580.2","","0.03%"
"08/12/2022","1,589.1","1,613.5","1,614.6","1,589.1","","-1.51%"
"08/11/2022","1,613.5","1,578.3","1,613.5","1,577.2","","2.15%"
"08/10/2022","1,579.6","1,586.6","1,588.1","1,572.2","","-0.47%"
"08/08/2022","1,587.0","1,581.9","1,587.0","1,571.9","","0.35%"
"08/05/2022","1,581.4","1,545.3","1,581.4","1,543.5","","2.28%"
"08/04/2022","1,546.2","1,535.6","1,546.2","1,534.4","","0.61%"
"08/03/2022","1,536.8","1,515.5","1,536.8","1,515.4","","1.29%"
"08/02/2022","1,517.3","1,541.0","1,542.5","1,513.6","","-1.55%"
"08/01/2022","1,541.2","1,565.6","1,568.3","1,541.1","","-1.54%"
"07/29/2022","1,565.3","1,538.2","1,565.3","1,536.4","","1.76%"
"07/28/2022","1,538.2","1,518.8","1,554.4","1,517.9","","1.30%"
"07/27/2022","1,518.5","1,518.2","1,520.3","1,511.1","","0.02%"
"07/26/2022","1,518.2","1,492.1","1,518.2","1,491.9","","1.75%"
"07/25/2022","1,492.1","1,490.8","1,492.1","1,477.1","","0.05%"
"07/22/2022","1,491.4","1,480.3","1,494.5","1,480.3","","0.71%"
"07/21/2022","1,480.9","1,472.9","1,480.9","1,461.7","","0.56%"
"07/20/2022","1,472.7","1,478.4","1,483.7","1,461.3","","-0.46%"
"07/19/2022","1,479.5","1,472.2","1,479.5","1,459.2","","0.45%"
"07/18/2022","1,472.8","1,431.9","1,473.0","1,431.3","","2.86%"
"07/15/2022","1,431.8","1,414.8","1,431.8","1,410.8","","1.09%"
"07/14/2022","1,416.4","1,460.5","1,462.6","1,416.4","","-2.99%"
"07/13/2022","1,460.0","1,473.5","1,475.6","1,460.0","","-0.91%"
"07/12/2022","1,473.4","1,472.3","1,473.4","1,458.0","","0.14%"
"07/11/2022","1,471.3","1,508.8","1,509.7","1,467.2","","-2.49%"
"07/08/2022","1,508.9","1,493.7","1,508.9","1,473.3","","1.06%"
"07/07/2022","1,493.1","1,426.0","1,494.1","1,424.9","","4.71%"
"07/06/2022","1,425.9","1,417.5","1,434.4","1,414.8","","0.59%"
"07/05/2022","1,417.6","1,495.0","1,497.2","1,417.6","","-5.14%"
"07/04/2022","1,494.4","1,462.6","1,494.4","1,461.7","","2.17%"
"07/01/2022","1,462.7","1,500.1","1,500.9","1,462.7","","-2.47%"
"06/30/2022","1,499.7","1,562.4","1,563.4","1,499.7","","-4.01%"
"06/29/2022","1,562.3","1,583.2","1,584.0","1,553.3","","-1.33%"
"06/28/2022","1,583.4","1,585.0","1,587.7","1,579.6","","-0.10%"
"06/27/2022","1,585.0","1,581.9","1,596.3","1,580.9","","0.24%"
"06/24/2022","1,581.2","1,568.9","1,581.2","1,568.2","","0.77%"
"06/23/2022","1,569.1","1,595.8","1,596.5","1,559.6","","-1.73%"
"06/22/2022","1,596.7","1,628.4","1,629.5","1,589.5","","-1.97%"
"06/21/2022","1,628.8","1,628.1","1,638.4","1,627.9","","0.04%"
"06/20/2022","1,628.2","1,599.1","1,628.2","1,593.8","","1.90%"
"06/17/2022","1,597.9","1,669.8","1,672.8","1,597.9","","-4.43%"
"06/15/2022","1,671.9","1,622.9","1,671.9","1,619.9","","2.89%"
"06/14/2022","1,625.0","1,647.3","1,657.3","1,625.0","","-1.38%"
"06/13/2022","1,647.7","1,675.9","1,680.9","1,622.9","","-1.74%"
"06/10/2022","1,676.8","1,734.1","1,734.6","1,676.8","","-3.34%"
"06/09/2022","1,734.8","1,758.5","1,766.2","1,734.8","","-1.48%"
"06/08/2022","1,760.9","1,777.0","1,781.9","1,760.9","","-1.04%"
"06/07/2022","1,779.4","1,789.3","1,790.3","1,778.0","","-0.55%"
"06/06/2022","1,789.3","1,785.1","1,796.3","1,779.0","","0.29%"
"06/03/2022","1,784.2","1,775.7","1,784.2","1,775.7","","0.32%"
"06/02/2022","1,778.4","1,786.7","1,787.8","1,778.4","","-0.47%"
"06/01/2022","1,786.8","1,819.8","1,819.8","1,786.8","","-1.82%"
"05/31/2022","1,819.9","1,803.6","1,819.9","1,801.0","","0.93%"
"05/30/2022","1,803.1","1,765.7","1,803.1","1,764.8","","2.12%"
"05/27/2022","1,765.7","1,735.9","1,767.9","1,734.3","","1.73%"
"05/26/2022","1,735.7","1,702.0","1,735.7","1,699.8","","1.96%"
"05/25/2022","1,702.2","1,702.8","1,704.7","1,699.7","","-0.03%"
"05/24/2022","1,702.7","1,715.5","1,718.2","1,702.7","","-0.79%"
"05/23/2022","1,716.3","1,678.1","1,718.7","1,676.6","","2.29%"
"05/20/2022","1,677.9","1,654.6","1,686.4","1,653.9","","1.40%"
"05/19/2022","1,654.7","1,677.2","1,678.9","1,640.9","","-1.35%"
"05/18/2022","1,677.3","1,684.7","1,686.7","1,675.1","","-0.41%"
"05/17/2022","1,684.3","1,664.9","1,684.3","1,663.9","","1.19%"
"05/16/2022","1,664.5","1,631.8","1,664.5","1,630.8","","2.05%"
"05/13/2022","1,631.1","1,619.1","1,631.1","1,610.2","","0.78%"
"05/12/2022","1,618.4","1,650.1","1,651.1","1,587.7","","-1.91%"
"05/11/2022","1,649.9","1,630.2","1,649.9","1,627.9","","1.23%"
"05/10/2022","1,629.8","1,629.3","1,651.0","1,624.2","","0.03%"
"05/09/2022","1,629.3","1,659.7","1,661.0","1,620.6","","-1.83%"
"05/06/2022","1,659.7","1,705.6","1,709.8","1,641.5","","-2.65%"
"05/05/2022","1,704.8","1,737.9","1,740.0","1,704.8","","-0.17%"
"05/04/2022","1,707.7","1,718.8","1,721.3","1,705.1","","-0.71%"
"05/03/2022","1,720.0","1,738.6","1,739.9","1,720.0","","-1.09%"
"04/29/2022","1,738.9","1,718.4","1,739.2","1,718.3","","1.21%"
"04/28/2022","1,718.1","1,679.3","1,718.1","1,676.9","","2.31%"
"04/26/2022","1,679.4","1,669.9","1,679.4","1,667.6","","0.54%"
"04/25/2022","1,670.4","1,748.1","1,748.7","1,668.8","","-4.41%"
"04/22/2022","1,747.5","1,785.4","1,785.5","1,747.5","","-2.09%"
"04/21/2022","1,784.8","1,826.4","1,831.2","1,767.4","","-2.31%"
"04/20/2022","1,827.1","1,853.5","1,860.7","1,827.1","","-1.42%"
"04/19/2022","1,853.4","1,837.2","1,855.3","1,835.4","","0.88%"
"04/14/2022","1,837.2","1,824.4","1,839.8","1,820.7","","0.70%"
"04/13/2022","1,824.4","1,831.0","1,834.6","1,822.1","","-0.36%"
"04/12/2022","1,831.0","1,850.1","1,850.1","1,831.0","","-1.00%"
"04/11/2022","1,849.5","1,865.9","1,866.8","1,842.2","","-0.86%"
"04/08/2022","1,865.6","1,835.3","1,865.6","1,835.3","","1.61%"
"04/07/2022","1,836.2","1,857.3","1,859.1","1,829.3","","-1.14%"
"04/06/2022","1,857.4","1,863.7","1,868.2","1,854.1","","-0.34%"
"04/05/2022","1,863.7","1,882.9","1,885.5","1,863.7","","-1.05%"
"04/04/2022","1,883.5","1,887.8","1,890.5","1,882.2","","-0.22%"
"04/01/2022","1,887.6","1,876.0","1,887.6","1,871.8","","0.72%"
"03/31/2022","1,874.1","1,852.5","1,874.1","1,846.8","","1.17%"
"03/30/2022","1,852.4","1,832.0","1,853.7","1,829.7","","1.09%"
"03/29/2022","1,832.4","1,840.7","1,870.8","1,829.2","","-0.46%"
"03/28/2022","1,840.8","1,843.8","1,846.4","1,829.7","","-0.17%"
"03/25/2022","1,843.9","1,825.8","1,846.0","1,822.4","","0.96%"
"03/24/2022","1,826.4","1,832.4","1,843.9","1,826.4","","-0.36%"
"03/23/2022","1,833.0","1,847.8","1,848.9","1,833.0","","-0.79%"
"03/22/2022","1,847.6","1,770.5","1,853.7","1,769.1","","4.35%"
"03/21/2022","1,770.5","1,770.5","1,772.1","1,769.1","","0.00%"
"03/18/2022","1,770.5","1,760.0","1,782.5","1,760.0","","0.57%"
"03/17/2022","1,760.5","1,755.1","1,779.7","1,753.3","","0.31%"
"03/16/2022","1,755.0","1,727.9","1,755.0","1,726.1","","1.57%"
"03/15/2022","1,727.8","1,759.8","1,759.8","1,727.8","","-1.80%"
"03/14/2022","1,759.6","1,785.4","1,785.4","1,742.4","","-1.43%"
"03/11/2022","1,785.1","1,750.7","1,785.1","1,749.5","","2.02%"
"03/10/2022","1,749.7","1,709.1","1,753.2","1,706.9","","2.37%"
"03/09/2022","1,709.1","1,718.8","1,739.9","1,709.1","","-0.59%"
"03/08/2022","1,719.3","1,742.0","1,743.1","1,719.3","","-1.31%"
"03/07/2022","1,742.1","1,791.8","1,794.9","1,738.6","","-2.73%"
"03/04/2022","1,791.0","1,870.5","1,870.6","1,791.0","","-4.34%"
"03/03/2022","1,872.2","1,823.8","1,872.2","1,821.4","","2.60%"
"03/02/2022","1,824.8","1,834.8","1,837.6","1,821.5","","-0.54%"
"03/01/2022","1,834.7","1,782.8","1,834.7","1,782.8","","2.92%"
"02/28/2022","1,782.7","1,735.9","1,782.7","1,734.8","","2.50%"
"02/25/2022","1,739.2","1,715.9","1,739.2","1,713.8","","1.38%"
"02/24/2022","1,715.5","1,724.0","1,726.3","1,704.2","","-0.48%"
"02/23/2022","1,723.8","1,731.5","1,734.4","1,723.4","","-0.46%"
"02/22/2022","1,731.8","1,735.1","1,739.6","1,731.8","","-0.18%"
"02/21/2022","1,734.9","1,739.3","1,740.2","1,727.2","","-0.24%"
"02/18/2022","1,739.1","1,734.9","1,743.1","1,730.8","","0.23%"
"02/17/2022","1,735.2","1,750.6","1,753.1","1,735.2","","-0.88%"
"02/16/2022","1,750.7","1,725.5","1,750.7","1,724.6","","1.46%"
"02/15/2022","1,725.6","1,710.0","1,725.6","1,707.3","","0.92%"
"02/14/2022","1,709.9","1,723.3","1,726.2","1,700.9","","-0.78%"
"02/11/2022","1,723.3","1,721.8","1,723.7","1,715.7","","0.04%"
"02/10/2022","1,722.7","1,708.6","1,723.0","1,707.5","","0.75%"
"02/09/2022","1,709.8","1,707.4","1,709.9","1,696.8","","0.13%"
"02/08/2022","1,707.6","1,679.2","1,707.6","1,677.5","","1.74%"
"02/07/2022","1,678.4","1,658.9","1,678.4","1,655.3","","1.18%"
"02/04/2022","1,658.8","1,656.8","1,658.9","1,646.9","","0.16%"
"02/03/2022","1,656.2","1,645.9","1,656.2","1,641.4","","0.69%"
"02/02/2022","1,644.8","1,629.8","1,644.8","1,627.5","","0.87%"
"02/01/2022","1,630.7","1,620.9","1,638.5","1,619.5","","0.63%"
"01/31/2022","1,620.5","1,637.1","1,640.7","1,620.5","","-1.02%"
"01/28/2022","1,637.1","1,642.7","1,645.4","1,635.9","","-0.35%"
"01/27/2022","1,642.8","1,629.6","1,642.8","1,610.1","","0.82%"
"01/26/2022","1,629.5","1,596.2","1,629.5","1,592.6","","2.19%"
"01/25/2022","1,594.6","1,581.7","1,600.2","1,578.3","","0.80%"
"01/24/2022","1,581.9","1,644.7","1,644.8","1,581.9","","-3.82%"
"01/21/2022","1,644.7","1,675.7","1,675.7","1,641.4","","-1.78%"
"01/20/2022","1,674.5","1,694.0","1,697.7","1,670.9","","-1.14%"
"01/19/2022","1,693.8","1,663.2","1,693.8","1,659.4","","1.89%"
"01/18/2022","1,662.4","1,666.4","1,669.1","1,662.4","","-0.25%"
"01/17/2022","1,666.6","1,660.2","1,666.6","1,656.0","","0.34%"
"01/14/2022","1,660.9","1,670.8","1,672.3","1,660.6","","-0.64%"
"01/13/2022","1,671.6","1,670.8","1,671.8","1,649.2","","0.05%"
"01/12/2022","1,670.7","1,629.2","1,670.7","1,627.9","","2.54%"
"01/11/2022","1,629.3","1,643.7","1,644.9","1,629.3","","-0.91%"
"01/10/2022","1,644.2","1,631.2","1,644.2","1,627.2","","0.74%"
"01/07/2022","1,632.2","1,620.6","1,632.2","1,614.9","","0.69%"
"01/06/2022","1,621.1","1,625.2","1,627.0","1,618.9","","-0.22%"
"01/05/2022","1,624.7","1,611.4","1,624.7","1,608.9","","0.84%"
"01/04/2022","1,611.2","1,576.3","1,611.2","1,575.4","","2.23%"
"01/03/2022","1,576.1","1,571.4","1,576.8","1,568.5","","0.29%"
"12/31/2021","1,571.7","1,576.1","1,578.1","1,571.7","","-0.27%"
"12/30/2021","1,576.0","1,558.9","1,576.0","1,557.8","","1.11%"
"12/29/2021","1,558.7","1,544.8","1,558.7","1,543.5","","0.91%"
"12/28/2021","1,544.6","1,528.2","1,544.6","1,527.1","","1.09%"
"12/24/2021","1,528.0","1,529.5","1,534.9","1,528.0","","-0.09%"
"12/23/2021","1,529.4","1,516.6","1,529.4","1,515.7","","0.80%"
"12/22/2021","1,517.3","1,511.7","1,517.3","1,509.6","","0.39%"
"12/21/2021","1,511.4","1,483.4","1,514.0","1,482.4","","1.89%"
"12/20/2021","1,483.3","1,516.0","1,516.5","1,462.3","","-2.15%"
"12/17/2021","1,515.9","1,500.6","1,526.2","1,500.6","","1.02%"
"12/15/2021","1,500.6","1,493.7","1,500.6","1,489.9","","0.47%"
"12/14/2021","1,493.6","1,488.8","1,493.6","1,486.8","","0.31%"
"12/13/2021","1,488.9","1,497.1","1,512.1","1,488.9","","-0.52%"
"12/10/2021","1,496.7","1,511.8","1,521.2","1,496.7","","-1.02%"
"12/09/2021","1,512.1","1,510.2","1,516.0","1,507.2","","0.06%"
"12/08/2021","1,511.2","1,523.6","1,525.2","1,511.2","","-0.81%"
"12/07/2021","1,523.6","1,474.6","1,523.6","1,471.8","","3.35%"
"12/06/2021","1,474.2","1,449.7","1,474.2","1,447.1","","1.68%"
"12/03/2021","1,449.8","1,485.1","1,485.9","1,449.8","","-2.41%"
"12/02/2021","1,485.7","1,475.3","1,485.7","1,466.8","","0.74%"
"12/01/2021","1,474.7","1,457.4","1,476.5","1,454.5","","1.19%"
"11/30/2021","1,457.4","1,440.9","1,457.4","1,434.7","","1.13%"
"11/29/2021","1,441.1","1,402.7","1,441.1","1,400.9","","2.74%"
"11/26/2021","1,402.7","1,487.2","1,488.3","1,402.7","","-5.67%"
"11/25/2021","1,487.1","1,489.4","1,492.4","1,479.8","","-0.23%"
"11/24/2021","1,490.6","1,510.2","1,511.1","1,490.6","","-1.34%"
"11/23/2021","1,510.8","1,503.8","1,516.3","1,502.9","","0.46%"
"11/22/2021","1,503.8","1,485.2","1,503.8","1,482.6","","1.28%"
"11/19/2021","1,484.8","1,492.5","1,503.9","1,484.8","","-0.45%"
"11/18/2021","1,491.5","1,496.1","1,499.9","1,481.9","","-0.29%"
"11/17/2021","1,495.8","1,479.2","1,502.0","1,478.3","","1.03%"
"11/16/2021","1,480.5","1,472.1","1,483.8","1,470.6","","0.57%"
"11/15/2021","1,472.1","1,475.8","1,478.6","1,459.8","","-0.25%"
"11/12/2021","1,475.8","1,481.8","1,485.5","1,475.8","","-0.47%"
"11/11/2021","1,482.9","1,449.3","1,482.9","1,447.2","","2.36%"
"11/10/2021","1,448.7","1,449.7","1,453.7","1,442.2","","-0.01%"
"11/09/2021","1,448.7","1,448.8","1,454.0","1,447.8","","0.01%"
"11/08/2021","1,448.6","1,447.4","1,448.7","1,440.4","","0.08%"
"11/05/2021","1,447.4","1,471.3","1,471.3","1,447.4","","-1.56%"
"11/04/2021","1,470.3","1,488.0","1,492.5","1,470.3","","-1.26%"
"11/03/2021","1,489.1","1,472.6","1,489.1","1,471.0","","1.12%"
"11/02/2021","1,472.6","1,459.5","1,474.6","1,457.7","","0.82%"
"10/29/2021","1,460.7","1,457.7","1,465.0","1,453.4","","0.18%"
"10/28/2021","1,458.0","1,457.7","1,468.9","1,456.2","","0.08%"
"10/27/2021","1,456.9","1,464.3","1,466.5","1,449.3","","-0.54%"
"10/26/2021","1,464.7","1,457.7","1,465.7","1,455.7","","0.50%"
"10/25/2021","1,457.5","1,442.8","1,457.5","1,442.8","","1.02%"
"10/22/2021","1,442.8","1,431.6","1,442.8","1,431.0","","0.78%"
"10/21/2021","1,431.7","1,455.6","1,460.3","1,425.9","","-1.81%"
"10/20/2021","1,458.1","1,455.7","1,458.1","1,445.9","","0.15%"
"10/19/2021","1,455.8","1,459.6","1,467.7","1,452.9","","-0.34%"
"10/18/2021","1,460.8","1,476.4","1,480.4","1,460.8","","-1.07%"
"10/15/2021","1,476.6","1,474.9","1,482.9","1,473.8","","0.10%"
"10/14/2021","1,475.2","1,456.9","1,478.0","1,456.9","","1.25%"
"10/13/2021","1,456.9","1,468.4","1,471.4","1,445.6","","-0.80%"
"10/12/2021","1,468.7","1,468.5","1,469.8","1,466.3","","-0.01%"
"10/11/2021","1,468.8","1,437.9","1,470.2","1,436.9","","2.15%"
"10/08/2021","1,437.9","1,446.7","1,447.5","1,437.9","","-0.59%"
"10/07/2021","1,446.5","1,420.6","1,446.5","1,418.2","","1.81%"
"10/06/2021","1,420.8","1,438.0","1,440.0","1,420.8","","-1.25%"
"10/05/2021","1,438.8","1,436.1","1,438.8","1,431.2","","0.19%"
"10/04/2021","1,436.0","1,441.0","1,441.5","1,430.8","","-0.33%"
"10/01/2021","1,440.8","1,445.0","1,447.1","1,439.6","","-0.30%"
"09/30/2021","1,445.1","1,436.7","1,453.8","1,429.9","","0.56%"
"09/29/2021","1,437.1","1,412.6","1,437.1","1,411.9","","1.71%"
"09/28/2021","1,412.8","1,414.6","1,420.0","1,412.8","","-0.14%"
"09/27/2021","1,414.8","1,411.6","1,418.3","1,405.9","","0.18%"
"09/23/2021","1,412.3","1,401.0","1,412.3","1,393.8","","0.85%"
"09/22/2021","1,400.4","1,371.3","1,400.4","1,370.2","","2.10%"
"09/21/2021","1,371.6","1,357.7","1,372.5","1,357.7","","0.90%"
"09/20/2021","1,359.4","1,410.1","1,410.1","1,347.7","","-3.59%"
"09/17/2021","1,410.0","1,446.6","1,446.8","1,410.0","","-2.51%"
"09/16/2021","1,446.4","1,493.6","1,494.3","1,446.4","","-3.14%"
"09/15/2021","1,493.2","1,488.7","1,493.2","1,482.6","","0.26%"
"09/14/2021","1,489.4","1,489.7","1,492.6","1,486.8","","-0.02%"
"09/13/2021","1,489.6","1,473.8","1,491.0","1,473.8","","0.91%"
"09/10/2021","1,476.2","1,469.1","1,481.1","1,468.7","","0.49%"
"09/09/2021","1,469.0","1,492.3","1,498.3","1,469.0","","-1.61%"
"09/08/2021","1,493.0","1,507.3","1,507.6","1,493.0","","-0.94%"
"09/07/2021","1,507.2","1,504.6","1,507.2","1,502.9","","0.18%"
"09/06/2021","1,504.5","1,514.0","1,517.7","1,504.5","","-0.61%"
"09/03/2021","1,513.7","1,519.4","1,528.6","1,512.7","","-0.36%"
"09/02/2021","1,519.1","1,516.5","1,519.1","1,514.5","","0.15%"
"09/01/2021","1,516.9","1,526.3","1,528.6","1,516.9","","-0.53%"
"08/31/2021","1,524.9","1,527.3","1,531.1","1,518.2","","-0.15%"
"08/30/2021","1,527.2","1,524.3","1,527.2","1,524.3","","0.20%"
"08/27/2021","1,524.2","1,506.1","1,524.2","1,504.4","","1.21%"
"08/26/2021","1,506.1","1,513.5","1,513.6","1,500.2","","-0.45%"
"08/25/2021","1,512.8","1,506.2","1,512.8","1,504.7","","0.44%"
"08/24/2021","1,506.3","1,490.3","1,506.3","1,490.3","","1.08%"
"08/23/2021","1,490.2","1,462.7","1,490.2","1,461.7","","1.91%"
"08/20/2021","1,462.3","1,469.1","1,470.6","1,462.3","","-0.45%"
"08/19/2021","1,469.0","1,501.3","1,502.5","1,469.0","","-2.15%"
"08/18/2021","1,501.3","1,538.6","1,540.0","1,501.3","","-2.42%"
"08/17/2021","1,538.5","1,531.7","1,541.3","1,530.5","","0.45%"
"08/16/2021","1,531.6","1,524.5","1,532.0","1,512.6","","0.47%"
"08/13/2021","1,524.5","1,524.0","1,530.5","1,521.4","","0.01%"
"08/12/2021","1,524.3","1,531.3","1,532.8","1,522.4","","-0.45%"
"08/11/2021","1,531.2","1,516.0","1,531.2","1,515.7","","1.01%"
"08/10/2021","1,515.9","1,509.8","1,515.9","1,498.3","","0.43%"
"08/06/2021","1,509.4","1,498.0","1,509.4","1,491.6","","0.80%"
"08/05/2021","1,497.4","1,496.7","1,515.8","1,494.3","","0.05%"
"08/04/2021","1,496.7","1,491.4","1,497.4","1,488.9","","0.24%"
"08/03/2021","1,493.1","1,467.2","1,493.1","1,455.7","","1.81%"
"08/02/2021","1,466.6","1,456.4","1,474.8","1,454.3","","0.69%"
"07/30/2021","1,456.6","1,471.6","1,475.1","1,456.6","","-1.01%"
"07/29/2021","1,471.4","1,438.6","1,471.6","1,437.9","","2.30%"
"07/28/2021","1,438.4","1,426.9","1,438.4","1,424.9","","0.80%"
"07/27/2021","1,426.9","1,415.1","1,426.9","1,413.8","","0.84%"
"07/26/2021","1,415.0","1,397.6","1,415.0","1,396.3","","1.24%"
"07/23/2021","1,397.7","1,375.3","1,397.7","1,373.8","","1.63%"
"07/22/2021","1,375.2","1,357.8","1,375.2","1,354.2","","1.40%"
"07/21/2021","1,356.2","1,335.3","1,356.2","1,333.8","","1.56%"
"07/20/2021","1,335.4","1,321.3","1,335.4","1,320.0","","1.08%"
"07/19/2021","1,321.1","1,360.3","1,360.3","1,321.1","","-2.87%"
"07/16/2021","1,360.1","1,391.4","1,394.0","1,360.1","","-2.27%"
"07/15/2021","1,391.7","1,404.7","1,405.5","1,391.7","","-0.93%"
"07/14/2021","1,404.8","1,388.0","1,404.8","1,387.4","","1.17%"
"07/13/2021","1,388.6","1,418.1","1,426.1","1,387.6","","-2.06%"
"07/12/2021","1,417.8","1,409.1","1,417.8","1,392.4","","0.63%"
"07/09/2021","1,408.9","1,369.3","1,408.9","1,367.2","","2.93%"
"07/08/2021","1,368.8","1,404.9","1,408.3","1,368.8","","-2.54%"
"07/07/2021","1,404.5","1,377.9","1,404.5","1,377.3","","1.93%"
"07/06/2021","1,377.8","1,395.5","1,396.9","1,377.8","","-1.27%"
"07/05/2021","1,395.6","1,381.7","1,395.6","1,380.0","","1.00%"
"07/02/2021","1,381.9","1,377.9","1,390.9","1,375.1","","0.29%"
"07/01/2021","1,377.8","1,374.6","1,383.9","1,373.7","","0.21%"
"06/30/2021","1,374.9","1,374.8","1,377.6","1,363.7","","0.00%"
"06/29/2021","1,375.0","1,356.9","1,375.0","1,353.3","","1.24%"
"06/28/2021","1,358.1","1,389.8","1,390.0","1,358.1","","-2.28%"
"06/25/2021","1,389.8","1,374.6","1,392.7","1,374.0","","1.09%"
"06/24/2021","1,374.8","1,354.8","1,374.8","1,354.3","","1.49%"
"06/23/2021","1,354.7","1,347.5","1,355.0","1,337.0","","0.53%"
"06/22/2021","1,347.6","1,339.3","1,351.0","1,337.9","","0.60%"
"06/21/2021","1,339.4","1,343.1","1,346.1","1,331.1","","-0.41%"
"06/18/2021","1,344.9","1,381.6","1,381.6","1,344.9","","-2.69%"
"06/17/2021","1,382.1","1,420.3","1,421.0","1,382.1","","-2.71%"
"06/15/2021","1,420.7","1,455.4","1,455.4","1,420.7","","-2.40%"
"06/14/2021","1,455.6","1,451.5","1,455.6","1,443.8","","0.19%"
"06/11/2021","1,452.8","1,448.8","1,457.1","1,444.3","","0.27%"
"06/10/2021","1,448.8","1,448.7","1,450.7","1,447.1","","0.00%"
"06/09/2021","1,448.8","1,446.8","1,448.8","1,434.1","","0.10%"
"06/08/2021","1,447.3","1,438.8","1,448.2","1,436.9","","0.56%"
"06/07/2021","1,439.3","1,449.4","1,449.8","1,439.3","","-0.71%"
"06/04/2021","1,449.7","1,449.6","1,452.8","1,446.5","","-0.01%"
"06/03/2021","1,449.8","1,477.0","1,477.8","1,449.8","","-1.87%"
"06/02/2021","1,477.4","1,468.8","1,477.4","1,468.8","","0.61%"
"06/01/2021","1,468.4","1,443.7","1,468.4","1,440.9","","1.72%"
"05/31/2021","1,443.5","1,429.9","1,447.6","1,429.9","","0.81%"
"05/28/2021","1,431.9","1,421.2","1,431.9","1,419.7","","0.75%"
"05/27/2021","1,421.2","1,383.4","1,421.2","1,381.8","","2.64%"
"05/26/2021","1,384.6","1,392.6","1,394.1","1,384.6","","-0.67%"
"05/25/2021","1,393.9","1,391.4","1,393.9","1,390.7","","0.09%"
"05/24/2021","1,392.6","1,398.6","1,400.1","1,386.8","","-0.44%"
"05/21/2021","1,398.8","1,393.3","1,398.8","1,392.8","","0.38%"
"05/20/2021","1,393.5","1,388.1","1,393.5","1,386.9","","0.39%"
"05/19/2021","1,388.0","1,435.3","1,435.3","1,388.0","","-3.31%"
"05/18/2021","1,435.5","1,429.0","1,435.5","1,429.0","","0.47%"
"05/17/2021","1,428.8","1,421.2","1,428.8","1,419.9","","0.52%"
"05/14/2021","1,421.3","1,418.7","1,421.3","1,411.6","","0.20%"
"05/13/2021","1,418.5","1,456.5","1,456.5","1,414.4","","-2.60%"
"05/12/2021","1,456.4","1,443.5","1,465.8","1,443.5","","0.87%"
"05/11/2021","1,443.9","1,457.1","1,457.1","1,441.0","","-0.89%"
"05/10/2021","1,456.9","1,447.5","1,464.8","1,447.4","","0.64%"
"05/07/2021","1,447.6","1,415.3","1,447.6","1,414.2","","2.29%"
"05/06/2021","1,415.1","1,405.2","1,415.1","1,403.2","","0.70%"
"05/05/2021","1,405.3","1,359.7","1,405.3","1,358.2","","3.38%"
"05/04/2021","1,359.4","1,358.4","1,379.9","1,358.4","","0.07%"
"05/03/2021","1,358.4","1,384.6","1,385.2","1,358.4","","-1.91%"
"04/30/2021","1,384.9","1,397.6","1,397.6","1,384.9","","-0.92%"
"04/29/2021","1,397.7","1,396.7","1,401.0","1,389.7","","0.07%"
"04/28/2021","1,396.7","1,384.5","1,396.7","1,383.6","","0.89%"
"04/26/2021","1,384.4","1,365.3","1,384.4","1,364.4","","1.38%"
"04/23/2021","1,365.6","1,357.0","1,365.6","1,356.3","","0.66%"
"04/22/2021","1,356.7","1,358.5","1,360.5","1,353.6","","-0.14%"
"04/21/2021","1,358.5","1,365.2","1,366.8","1,354.3","","-0.51%"
"04/20/2021","1,365.5","1,399.9","1,399.9","1,365.5","","-2.43%"
"04/19/2021","1,399.5","1,402.2","1,403.5","1,395.4","","-0.19%"
"04/16/2021","1,402.2","1,377.3","1,402.2","1,377.3","","1.78%"
"04/15/2021","1,377.6","1,380.5","1,388.0","1,377.6","","-0.17%"
"04/14/2021","1,380.0","1,362.0","1,380.0","1,360.3","","1.32%"
"04/13/2021","1,362.0","1,359.2","1,362.0","1,357.5","","0.23%"
"04/12/2021","1,358.9","1,369.7","1,370.4","1,358.9","","-0.80%"
"04/09/2021","1,369.8","1,355.1","1,369.8","1,354.2","","1.07%"
"04/08/2021","1,355.4","1,352.8","1,363.8","1,350.2","","0.20%"
"04/07/2021","1,352.7","1,361.3","1,366.6","1,352.7","","-0.62%"
"04/06/2021","1,361.2","1,336.2","1,361.2","1,336.2","","1.87%"
"04/01/2021","1,336.2","1,338.6","1,345.0","1,336.2","","-0.16%"
"03/31/2021","1,338.3","1,358.8","1,358.8","1,338.3","","-1.45%"
"03/30/2021","1,357.9","1,350.8","1,359.8","1,347.9","","0.53%"
"03/29/2021","1,350.8","1,349.6","1,358.7","1,349.6","","0.31%"
"03/26/2021","1,346.6","1,289.8","1,346.6","1,288.8","","4.40%"
"03/25/2021","1,289.8","1,306.6","1,308.2","1,289.8","","-1.28%"
"03/24/2021","1,306.6","1,295.6","1,306.6","1,290.2","","0.87%"
"03/23/2021","1,295.4","1,334.0","1,335.5","1,295.4","","-2.89%"
"03/19/2021","1,334.0","1,366.3","1,366.3","1,334.0","","-2.36%"
"03/18/2021","1,366.2","1,364.6","1,370.0","1,364.6","","0.12%"
"03/17/2021","1,364.6","1,394.3","1,399.6","1,364.6","","-2.13%"
"03/16/2021","1,394.3","1,411.3","1,412.5","1,392.9","","-1.20%"
"03/15/2021","1,411.2","1,429.6","1,430.6","1,411.2","","-1.28%"
"03/12/2021","1,429.6","1,414.4","1,429.6","1,410.5","","1.09%"
"03/11/2021","1,414.2","1,410.1","1,414.4","1,406.2","","0.29%"
"03/10/2021","1,410.1","1,408.6","1,414.5","1,407.7","","0.13%"
"03/09/2021","1,408.3","1,423.6","1,433.4","1,408.3","","-1.07%"
"03/08/2021","1,423.6","1,416.0","1,423.6","1,414.8","","0.54%"
"03/05/2021","1,415.9","1,388.6","1,415.9","1,388.2","","1.99%"
"03/04/2021","1,388.4","1,382.7","1,388.4","1,376.3","","0.48%"
"03/03/2021","1,381.8","1,387.0","1,403.2","1,381.8","","-0.38%"
"03/02/2021","1,387.0","1,371.0","1,387.0","1,369.9","","1.22%"
"03/01/2021","1,370.3","1,335.3","1,370.3","1,321.5","","2.66%"
"02/26/2021","1,334.9","1,390.1","1,390.5","1,334.9","","-3.95%"
"02/25/2021","1,389.7","1,349.6","1,390.0","1,348.3","","3.03%"
"02/24/2021","1,348.9","1,333.9","1,354.5","1,329.8","","1.16%"
"02/23/2021","1,333.4","1,349.4","1,362.5","1,333.4","","-1.18%"
"02/22/2021","1,349.4","1,353.7","1,358.3","1,349.4","","-0.33%"
"02/19/2021","1,353.8","1,334.7","1,353.8","1,324.6","","1.42%"
"02/18/2021","1,334.9","1,347.7","1,347.7","1,333.1","","-0.96%"
"02/17/2021","1,347.8","1,354.2","1,367.4","1,347.8","","-0.48%"
"02/16/2021","1,354.2","5,964.1","5,966.7","1,353.7","","-77.29%"
"02/15/2021","5,963.6","1,319.3","5,963.6","1,317.7","","351.89%"
"02/12/2021","1,319.7","1,309.0","1,319.7","1,306.5","","0.82%"
"02/11/2021","1,309.0","1,327.6","1,328.3","1,309.0","","-1.40%"
"02/10/2021","1,327.6","1,301.0","1,327.6","1,299.0","","2.05%"
"02/09/2021","1,300.9","1,300.6","1,303.3","1,297.1","","0.04%"
"02/08/2021","1,300.4","1,288.9","1,307.2","1,281.3","","0.89%"
"02/05/2021","1,288.9","1,261.3","1,327.3","1,259.9","","2.18%"
"02/04/2021","1,261.4","1,237.3","1,261.4","1,237.3","","1.94%"
"02/03/2021","1,237.4","1,236.1","1,237.4","1,234.3","","0.10%"
"02/02/2021","1,236.1","1,239.3","1,241.6","1,236.1","","-0.25%"
"02/01/2021","1,239.3","1,232.3","1,248.7","1,230.6","","0.57%"
"01/29/2021","1,232.3","1,247.1","1,247.5","1,232.3","","-1.17%"
"01/28/2021","1,246.8","1,226.4","1,246.8","1,224.2","","1.66%"
"01/27/2021","1,226.4","1,256.6","1,257.0","1,226.4","","-2.45%"
"01/26/2021","1,257.2","1,249.1","1,257.2","1,248.9","","0.65%"
"01/25/2021","1,249.1","1,271.8","1,272.0","1,249.1","","-1.81%"
"01/22/2021","1,272.1","1,294.7","1,296.3","1,272.1","","-1.72%"
"01/21/2021","1,294.3","1,289.7","1,297.6","1,289.7","","0.37%"
"01/20/2021","1,289.6","1,284.5","1,293.3","1,283.8","","0.39%"
"01/19/2021","1,284.6","1,292.5","1,293.5","1,284.6","","-0.61%"
"01/18/2021","1,292.4","1,296.2","1,296.6","1,292.4","","-0.29%"
"01/15/2021","1,296.2","1,314.3","1,316.4","1,296.2","","-1.32%"
"01/14/2021","1,313.6","1,311.1","1,313.6","1,307.3","","0.21%"
"01/13/2021","1,310.8","1,318.6","1,321.6","1,310.8","","-0.60%"
"01/12/2021","1,318.7","1,330.0","1,334.9","1,318.7","","-0.86%"
"01/11/2021","1,330.2","1,354.9","1,354.9","1,317.9","","-1.50%"
"01/08/2021","1,350.4","1,334.6","1,354.6","1,333.2","","1.19%"
"01/07/2021","1,334.6","1,295.6","1,334.6","1,279.8","","3.24%"
"01/06/2021","1,292.7","1,246.7","1,292.7","1,240.2","","3.69%"
"01/05/2021","1,246.7","1,242.8","1,254.4","1,241.7","","0.17%"
"01/04/2021","1,244.6","1,233.1","1,244.6","1,226.4","","1.00%"
"12/31/2020","1,232.3","1,237.9","1,239.5","1,232.3","","-0.45%"
"12/30/2020","1,237.8","1,238.4","1,239.1","1,236.0","","-0.02%"
"12/29/2020","1,238.1","1,235.8","1,238.1","1,235.7","","0.19%"
"12/28/2020","1,235.8","1,230.1","1,235.8","1,228.3","","0.46%"
"12/24/2020","1,230.2","1,223.6","1,232.7","1,223.6","","0.48%"
"12/23/2020","1,224.3","1,207.0","1,224.3","1,203.9","","1.43%"
"12/22/2020","1,207.0","1,201.5","1,207.0","1,201.0","","0.46%"
"12/21/2020","1,201.4","1,242.6","1,242.6","1,201.4","","-3.31%"
"12/18/2020","1,242.6","1,253.0","1,254.1","1,239.5","","-0.79%"
"12/17/2020","1,252.4","1,228.9","1,256.7","1,228.9","","1.92%"
"12/15/2020","1,228.8","1,222.4","1,228.8","1,211.2","","0.51%"
"12/14/2020","1,222.6","1,218.2","1,233.5","1,217.9","","0.36%"
"12/11/2020","1,218.2","1,225.2","1,226.8","1,212.5","","-0.58%"
"12/10/2020","1,225.3","1,248.8","1,248.8","1,225.3","","-1.88%"
"12/09/2020","1,248.8","1,244.1","1,251.0","1,241.8","","0.35%"
"12/08/2020","1,244.4","1,243.8","1,247.6","1,242.3","","0.04%"
"12/07/2020","1,243.8","1,250.0","1,250.0","1,236.5","","-0.49%"
"12/04/2020","1,250.0","1,224.1","1,250.0","1,220.8","","2.09%"
"12/03/2020","1,224.3","1,200.8","1,224.3","1,199.7","","1.95%"
"12/02/2020","1,200.9","1,178.6","1,200.9","1,176.4","","1.90%"
"12/01/2020","1,178.5","1,165.0","1,178.5","1,165.0","","1.16%"
"11/30/2020","1,165.0","1,186.0","1,186.3","1,165.0","","-1.77%"
"11/27/2020","1,185.9","1,186.7","1,191.6","1,185.9","","-0.20%"
"11/26/2020","1,188.3","1,191.3","1,192.0","1,187.6","","-0.25%"
"11/25/2020","1,191.3","1,197.5","1,198.1","1,191.0","","-0.65%"
"11/24/2020","1,199.2","1,162.8","1,199.2","1,157.8","","3.12%"
"11/23/2020","1,162.9","1,147.8","1,162.9","1,147.8","","1.16%"
"11/20/2020","1,149.5","1,166.4","1,166.4","1,149.5","","-1.43%"
"11/19/2020","1,166.1","1,183.1","1,183.1","1,166.1","","-1.44%"
"11/18/2020","1,183.1","1,175.3","1,183.1","1,173.6","","0.67%"
"11/17/2020","1,175.2","1,175.0","1,178.4","1,174.1","","0.00%"
"11/16/2020","1,175.2","1,169.8","1,178.8","1,168.2","","0.45%"
"11/13/2020","1,169.9","1,180.1","1,181.6","1,162.4","","-0.86%"
"11/12/2020","1,180.0","1,201.1","1,201.2","1,180.0","","-1.76%"
"11/11/2020","1,201.1","1,160.2","1,201.1","1,153.8","","3.53%"
"11/10/2020","1,160.2","1,135.7","1,160.2","1,127.1","","2.16%"
"11/09/2020","1,135.7","1,061.9","1,135.7","1,059.9","","6.93%"
"11/06/2020","1,062.1","1,047.3","1,094.0","1,047.3","","1.41%"
"11/05/2020","1,047.4","1,047.8","1,047.8","1,032.3","","-0.04%"
"11/04/2020","1,047.7","1,053.9","1,059.0","1,047.7","","-0.58%"
"11/03/2020","1,053.8","1,019.2","1,053.8","1,019.2","","3.40%"
"11/02/2020","1,019.2","1,003.6","1,019.6","1,003.6","","1.55%"
"10/30/2020","1,003.6","1,021.1","1,022.4","1,003.6","","-1.71%"
"10/29/2020","1,021.1","1,043.6","1,044.0","1,021.1","","-2.16%"
"10/28/2020","1,043.6","1,088.2","1,092.1","1,043.6","","-4.10%"
"10/27/2020","1,088.2","1,114.5","1,114.5","1,088.2","","-2.37%"
"10/26/2020","1,114.5","1,131.0","1,131.0","1,114.5","","-1.61%"
"10/23/2020","1,132.7","1,102.8","1,132.7","1,100.0","","2.71%"
"10/22/2020","1,102.8","1,094.0","1,102.8","1,089.1","","0.85%"
"10/21/2020","1,093.5","1,085.7","1,093.5","1,083.0","","0.75%"
"10/20/2020","1,085.4","1,089.5","1,089.5","1,079.3","","-0.38%"
"10/19/2020","1,089.6","1,074.7","1,089.6","1,071.8","","1.36%"
"10/16/2020","1,074.9","1,072.6","1,076.3","1,070.9","","0.21%"
"10/15/2020","1,072.6","1,070.0","1,075.0","1,070.0","","0.11%"
"10/14/2020","1,071.5","1,071.1","1,071.5","1,065.3","","0.03%"
"10/13/2020","1,071.2","1,087.7","1,088.7","1,071.2","","-1.51%"
"10/12/2020","1,087.6","1,076.8","1,092.7","1,076.8","","0.94%"
"10/09/2020","1,077.5","1,070.6","1,077.5","1,068.1","","0.63%"
"10/08/2020","1,070.8","1,075.6","1,076.5","1,069.1","","-0.43%"
"10/07/2020","1,075.5","1,067.7","1,075.5","1,063.2","","0.79%"
"10/06/2020","1,067.1","1,076.7","1,079.7","1,066.8","","-0.90%"
"10/05/2020","1,076.7","1,083.2","1,083.2","1,076.7","","-0.60%"
"10/02/2020","1,083.2","1,076.6","1,083.2","1,069.1","","0.61%"
"10/01/2020","1,076.6","1,077.8","1,082.7","1,074.7","","-0.24%"
"09/30/2020","1,079.2","1,075.2","1,079.2","1,073.1","","0.42%"
"09/29/2020","1,074.7","1,071.9","1,077.1","1,069.0","","0.23%"
"09/28/2020","1,072.2","1,039.0","1,072.2","1,028.5","","3.25%"
"09/25/2020","1,038.4","1,049.1","1,049.1","1,034.3","","-1.09%"
"09/23/2020","1,049.8","1,042.8","1,058.4","1,002.7","","0.56%"
"09/22/2020","1,043.9","1,049.7","1,051.3","1,043.9","","-0.68%"
"09/21/2020","1,051.1","1,083.0","1,083.0","1,051.1","","-2.99%"
"09/18/2020","1,083.4","1,091.1","1,093.1","1,083.4","","-0.83%"
"09/17/2020","1,092.5","1,100.1","1,100.1","1,086.2","","-0.67%"
"09/16/2020","1,099.8","1,099.7","1,104.0","1,096.6","","-0.12%"
"09/15/2020","1,101.2","1,104.1","1,116.6","1,101.2","","-0.09%"
"09/14/2020","1,102.2","1,101.8","1,102.8","1,097.9","","-0.10%"
"09/11/2020","1,103.3","1,099.8","1,103.3","1,087.9","","0.18%"
"09/10/2020","1,101.2","1,092.7","1,101.8","1,089.4","","0.78%"
"09/09/2020","1,092.7","1,057.2","1,092.7","1,054.4","","3.36%"
"09/08/2020","1,057.1","1,039.4","1,057.1","1,039.4","","1.58%"
"09/07/2020","1,040.7","1,034.0","1,040.7","1,030.0","","0.65%"
"09/04/2020","1,034.0","1,028.1","1,039.5","1,027.6","","0.53%"
"09/03/2020","1,028.5","1,059.5","1,062.7","1,028.5","","-3.04%"
"09/02/2020","1,060.7","1,075.2","1,075.2","1,060.7","","-1.46%"
"09/01/2020","1,076.4","1,053.1","1,076.4","1,053.1","","2.21%"
"08/31/2020","1,053.1","1,073.5","1,079.8","1,053.1","","-1.90%"
"08/28/2020","1,073.5","1,081.3","1,086.4","1,073.5","","-0.85%"
"08/27/2020","1,082.7","1,085.9","1,088.7","1,082.7","","-0.27%"
"08/26/2020","1,085.6","1,093.0","1,094.7","1,085.6","","-0.70%"
"08/25/2020","1,093.3","1,112.9","1,112.9","1,093.3","","-1.79%"
"08/24/2020","1,113.2","1,099.9","1,113.2","1,096.8","","1.22%"
"08/21/2020","1,099.8","1,089.8","1,099.8","1,089.8","","0.91%"
"08/20/2020","1,089.8","1,121.0","1,121.0","1,089.8","","-2.78%"
"08/19/2020","1,121.0","1,128.6","1,128.6","1,119.4","","-0.71%"
"08/18/2020","1,129.0","1,112.4","1,129.5","1,112.4","","1.41%"
"08/17/2020","1,113.3","1,112.1","1,121.8","1,110.2","","0.09%"
"08/14/2020","1,112.3","1,116.1","1,122.5","1,111.0","","-0.48%"
"08/13/2020","1,117.6","1,120.0","1,120.3","1,108.5","","-0.22%"
"08/12/2020","1,120.1","1,130.9","1,130.9","1,120.1","","-1.08%"
"08/11/2020","1,132.3","1,110.5","1,132.3","1,106.3","","1.83%"
"08/07/2020","1,111.9","1,121.1","1,124.6","1,111.9","","-0.84%"
"08/06/2020","1,121.3","1,119.2","1,123.9","1,117.2","","0.19%"
"08/05/2020","1,119.2","1,095.6","1,119.2","1,095.6","","2.18%"
"08/04/2020","1,095.3","1,090.9","1,096.5","1,090.9","","0.41%"
"08/03/2020","1,090.8","1,091.8","1,098.0","1,090.3","","-0.09%"
"07/31/2020","1,091.9","1,099.4","1,102.0","1,090.6","","-0.67%"
"07/30/2020","1,099.3","1,130.9","1,131.1","1,099.3","","-2.80%"
"07/29/2020","1,130.9","1,120.2","1,130.9","1,119.9","","0.96%"
"07/28/2020","1,120.1","1,105.4","1,120.1","1,105.4","","1.33%"
"07/27/2020","1,105.4","1,092.4","1,105.4","1,092.2","","1.19%"
"07/24/2020","1,092.3","1,099.8","1,099.8","1,089.8","","-0.68%"
"07/23/2020","1,099.8","1,102.0","1,115.3","1,099.8","","-0.20%"
"07/22/2020","1,102.0","1,108.0","1,110.2","1,102.0","","-0.52%"
"07/21/2020","1,107.8","1,105.5","1,109.5","1,105.5","","0.17%"
"07/20/2020","1,105.9","1,099.3","1,105.9","1,099.3","","0.60%"
"07/17/2020","1,099.3","1,104.2","1,104.2","1,099.3","","-0.47%"
"07/16/2020","1,104.5","1,096.0","1,104.5","1,085.5","","0.54%"
"07/15/2020","1,098.7","1,095.2","1,111.1","1,095.2","","0.31%"
"07/14/2020","1,095.3","1,115.6","1,115.6","1,095.3","","-1.83%"
"07/13/2020","1,115.7","1,095.8","1,115.7","1,094.0","","1.82%"
"07/10/2020","1,095.8","1,084.0","1,095.8","1,082.7","","1.10%"
"07/09/2020","1,083.9","1,075.3","1,085.9","992.9","","0.77%"
"07/08/2020","1,075.7","1,053.8","1,075.7","1,053.8","","2.05%"
"07/07/2020","1,054.1","1,053.9","1,056.2","1,051.9","","0.03%"
"07/06/2020","1,053.8","1,045.8","1,063.9","1,044.9","","0.77%"
"07/03/2020","1,045.8","1,061.0","1,061.0","1,044.8","","-1.44%"
"07/02/2020","1,061.0","1,042.6","1,061.0","1,040.2","","1.77%"
"07/01/2020","1,042.6","1,055.0","1,060.0","1,042.6","","-1.18%"
"06/30/2020","1,055.0","1,052.6","1,055.0","1,048.5","","0.19%"
"06/29/2020","1,053.0","1,040.2","1,053.0","1,040.2","","1.24%"
"06/26/2020","1,040.1","1,053.3","1,054.2","1,040.1","","-1.25%"
"06/25/2020","1,053.3","1,050.7","1,058.3","1,047.1","","-0.04%"
"06/24/2020","1,053.7","1,063.9","1,065.7","1,053.7","","-0.95%"
"06/23/2020","1,063.8","1,051.9","1,063.8","1,051.9","","1.16%"
"06/22/2020","1,051.6","1,065.5","1,068.8","1,051.6","","-1.24%"
"06/19/2020","1,064.9","1,058.1","1,067.6","1,055.2","","0.90%"
"06/18/2020","1,055.4","1,075.4","1,077.2","1,000.4","","-1.86%"
"06/17/2020","1,075.3","1,047.7","1,075.3","1,046.4","","2.64%"
"06/15/2020","1,047.7","1,075.2","1,075.4","1,047.7","","-2.38%"
"06/12/2020","1,073.2","984.1","1,074.9","983.5","","8.97%"
"06/11/2020","984.9","1,076.3","1,076.3","984.2","","-8.61%"
"06/10/2020","1,077.6","1,096.5","1,101.3","1,077.6","","-1.70%"
"06/09/2020","1,096.3","1,097.2","1,097.7","1,084.3","","-0.14%"
"06/08/2020","1,097.9","1,115.6","1,121.4","1,097.9","","-1.53%"
"06/05/2020","1,114.9","1,074.6","1,114.9","1,071.4","","3.75%"
"06/04/2020","1,074.6","1,085.1","1,085.9","1,063.6","","-0.96%"
"06/03/2020","1,085.0","1,037.8","1,085.0","1,032.6","","4.56%"
"06/02/2020","1,037.8","1,002.6","1,037.8","1,001.9","","3.50%"
"06/01/2020","1,002.7","1,000.9","1,022.8","992.4","","0.03%"
"05/29/2020","1,002.4","1,015.6","1,019.9","1,002.4","","-1.30%"
"05/28/2020","1,015.6","993.6","1,015.6","992.7","","2.21%"
"05/27/2020","993.6","975.0","993.6","967.8","","1.72%"
"05/26/2020","976.8","953.9","980.2","953.9","","2.49%"
"05/25/2020","953.1","956.9","956.9","947.9","","-0.66%"
"05/22/2020","959.4","978.0","978.0","959.4","","-1.91%"
"05/21/2020","978.1","986.3","989.1","978.1","","-0.86%"
"05/20/2020","986.6","981.5","986.6","972.5","","0.52%"
"05/19/2020","981.5","962.9","981.5","960.8","","1.93%"
"05/18/2020","962.9","919.9","962.9","918.6","","4.64%"
"05/15/2020","920.2","893.7","920.2","887.3","","3.03%"
"05/14/2020","893.1","919.1","924.0","893.1","","-3.21%"
"05/13/2020","922.8","939.3","942.5","922.8","","-2.03%"
"05/12/2020","941.9","958.5","958.5","941.9","","-1.70%"
"05/11/2020","958.1","1,006.7","1,006.7","958.1","","-2.17%"
"05/07/2020","979.4","958.6","979.4","958.6","","2.17%"
"05/06/2020","958.5","957.8","961.2","957.8","","0.08%"
"05/05/2020","957.8","950.5","959.9","950.0","","0.71%"
"05/04/2020","951.0","987.8","989.0","951.0","","-3.72%"
"04/30/2020","987.8","1,006.9","1,008.1","987.8","","-1.89%"
"04/29/2020","1,006.9","976.2","1,006.9","972.3","","3.22%"
"04/28/2020","975.5","960.9","975.5","960.9","","1.51%"
"04/24/2020","961.0","953.6","961.2","953.6","","0.78%"
"04/23/2020","953.5","923.0","953.5","923.0","","3.30%"
"04/22/2020","923.1","925.1","930.3","923.1","","-0.20%"
"04/21/2020","924.9","946.5","950.7","924.9","","-2.31%"
"04/20/2020","946.8","966.7","967.1","945.2","","-2.10%"
"04/17/2020","967.0","936.2","967.0","936.2","","3.29%"
"04/16/2020","936.2","952.5","953.8","932.5","","-1.70%"
"04/15/2020","952.4","1,000.4","1,004.4","952.4","","-4.89%"
"04/14/2020","1,001.4","971.0","1,001.4","971.0","","3.11%"
"04/09/2020","971.2","931.2","971.2","930.5","","4.35%"
"04/08/2020","930.7","958.4","958.4","923.6","","-2.84%"
"04/07/2020","957.9","910.1","957.9","910.1","","5.20%"
"04/06/2020","910.5","873.2","916.3","873.2","","4.41%"
"04/03/2020","872.0","891.6","897.5","869.5","","-2.20%"
"04/02/2020","891.7","886.8","892.6","878.5","","0.61%"
"04/01/2020","886.2","900.6","909.2","886.2","","-1.56%"
"03/31/2020","900.3","864.6","900.3","859.4","","4.19%"
"03/30/2020","864.1","866.0","878.9","860.7","","-0.72%"
"03/27/2020","870.4","916.5","917.1","870.4","","-5.01%"
"03/26/2020","916.3","866.9","916.3","866.9","","5.71%"
"03/25/2020","866.8","816.3","866.8","816.3","","6.20%"
"03/24/2020","816.3","739.3","816.3","739.3","","10.41%"
"03/23/2020","739.3","802.5","802.5","739.3","","-7.87%"
"03/20/2020","802.5","763.5","802.5","762.6","","5.14%"
"03/19/2020","763.2","822.0","822.0","763.2","","-7.15%"
"03/18/2020","822.0","906.8","914.5","822.0","","-9.22%"
"03/17/2020","905.5","892.9","913.8","892.9","","1.41%"
"03/16/2020","892.9","980.6","980.6","892.9","","-8.97%"
"03/13/2020","980.9","981.0","987.2","971.3","","0.00%"
"03/12/2020","980.9","1,075.6","1,075.6","980.9","","-8.80%"
"03/11/2020","1,075.6","1,090.2","1,092.2","1,075.6","","-1.34%"
"03/10/2020","1,090.2","1,072.6","1,092.7","1,066.4","","1.65%"
"03/09/2020","1,072.5","1,139.0","1,150.0","1,072.5","","-5.69%"
"03/06/2020","1,137.2","1,179.4","1,184.5","1,123.1","","-3.64%"
"03/05/2020","1,180.1","1,195.4","1,195.7","1,178.5","","-1.01%"
"03/04/2020","1,192.2","1,183.1","1,192.2","1,176.9","","0.78%"
"03/03/2020","1,183.0","1,159.6","1,188.8","1,154.1","","2.11%"
"03/02/2020","1,158.6","1,149.0","1,161.2","1,138.0","","1.02%"
"02/28/2020","1,146.9","1,189.2","1,191.5","1,146.9","","-3.39%"
"02/27/2020","1,187.2","1,237.7","1,241.1","1,187.2","","-4.06%"
"02/26/2020","1,237.5","1,207.5","1,237.5","1,194.3","","2.48%"
"02/25/2020","1,207.6","1,207.4","1,209.5","1,206.4","","0.01%"
"02/24/2020","1,207.5","1,265.4","1,275.9","1,207.5","","-4.57%"
"02/21/2020","1,265.3","1,265.3","1,276.9","1,263.9","","0.02%"
"02/20/2020","1,265.1","1,280.0","1,296.6","1,265.1","","-1.18%"
"02/19/2020","1,280.2","1,276.7","1,283.6","1,276.7","","0.18%"
"02/18/2020","1,277.9","1,290.5","1,293.7","1,277.9","","-0.98%"
"02/17/2020","1,290.5","1,283.3","1,290.5","1,282.5","","0.55%"
"02/14/2020","1,283.5","1,289.1","1,290.1","1,283.5","","-0.39%"
"02/13/2020","1,288.5","1,290.0","1,293.6","1,288.5","","-0.21%"
"02/12/2020","1,291.2","1,260.1","1,291.2","1,258.8","","2.47%"
"02/11/2020","1,260.1","1,258.3","1,267.2","1,257.5","","0.14%"
"02/10/2020","1,258.3","1,267.3","1,268.8","1,258.3","","-0.69%"
"02/07/2020","1,267.1","1,280.1","1,281.4","1,267.1","","-1.02%"
"02/06/2020","1,280.2","1,271.1","1,282.9","1,270.2","","0.72%"
"02/05/2020","1,271.1","1,256.4","1,271.1","1,255.4","","1.16%"
"02/04/2020","1,256.5","1,235.6","1,256.5","1,233.6","","1.77%"
"02/03/2020","1,234.7","1,242.8","1,250.4","1,233.4","","-0.43%"
"01/31/2020","1,240.0","1,259.8","1,260.8","1,240.0","","-1.56%"
"01/30/2020","1,259.6","1,257.9","1,259.6","1,245.9","","0.17%"
"01/29/2020","1,257.5","1,250.4","1,257.5","1,249.1","","0.58%"
"01/28/2020","1,250.3","1,258.5","1,260.0","1,250.3","","-0.64%"
"01/27/2020","1,258.3","1,281.9","1,283.6","1,258.3","","-1.93%"
"01/24/2020","1,283.0","1,276.6","1,283.0","1,272.1","","0.41%"
"01/23/2020","1,277.7","1,299.0","1,306.1","1,277.7","","-1.62%"
"01/22/2020","1,298.7","1,303.4","1,304.4","1,295.2","","-0.19%"
"01/21/2020","1,301.2","1,310.3","1,319.2","1,301.2","","-0.85%"
"01/20/2020","1,312.3","1,315.0","1,316.9","1,301.6","","-0.23%"
"01/17/2020","1,315.3","1,308.6","1,317.7","1,308.4","","0.44%"
"01/16/2020","1,309.5","1,305.0","1,311.8","1,302.6","","0.41%"
"01/15/2020","1,304.2","1,306.3","1,308.7","1,302.5","","-0.16%"
"01/14/2020","1,306.3","1,292.0","1,306.3","1,290.7","","1.10%"
"01/13/2020","1,292.1","1,290.3","1,293.3","1,284.4","","0.17%"
"01/10/2020","1,289.9","1,283.9","1,289.9","1,282.9","","0.47%"
"01/09/2020","1,283.9","1,289.1","1,289.1","1,283.9","","-0.41%"
"01/08/2020","1,289.2","1,289.5","1,292.2","1,287.4","","-0.10%"
"01/07/2020","1,290.5","1,293.2","1,294.5","1,277.6","","-0.14%"
"01/06/2020","1,292.3","1,308.4","1,316.5","1,285.4","","-1.37%"
"01/03/2020","1,310.3","1,316.3","1,321.4","1,305.0","","-0.60%"
"01/02/2020","1,318.2","1,305.7","1,318.2","1,293.5","","0.91%"
"12/31/2019","1,306.3","1,322.7","1,323.5","1,306.3","","-1.28%"
"12/30/2019","1,323.3","1,314.8","1,323.3","1,314.0","","0.60%"
"12/27/2019","1,315.4","1,312.4","1,320.3","1,310.4","","0.27%"
"12/24/2019","1,311.8","1,310.8","1,312.3","1,309.7","","0.11%"
"12/23/2019","1,310.4","1,317.7","1,317.9","1,310.4","","-0.49%"
"12/20/2019","1,316.8","1,331.1","1,332.3","1,316.8","","-1.16%"
"12/19/2019","1,332.2","1,338.6","1,339.2","1,332.2","","-0.52%"
"12/18/2019","1,339.2","1,339.4","1,340.9","1,338.0","","-0.10%"
"12/17/2019","1,340.5","1,334.3","1,351.5","1,333.5","","0.40%"
"12/13/2019","1,335.1","1,298.4","1,335.1","1,293.0","","2.58%"
"12/12/2019","1,301.5","1,298.8","1,307.4","1,296.4","","0.25%"
"12/11/2019","1,298.2","1,296.6","1,301.3","1,295.3","","0.12%"
"12/10/2019","1,296.6","1,297.9","1,298.7","1,281.3","","-0.09%"
"12/09/2019","1,297.8","1,299.5","1,303.2","1,297.8","","-0.19%"
"12/06/2019","1,300.3","1,278.4","1,301.5","1,275.0","","1.73%"
"12/05/2019","1,278.2","1,285.0","1,289.9","1,278.2","","-0.43%"
"12/04/2019","1,283.7","1,268.5","1,283.7","1,267.0","","1.02%"
"12/03/2019","1,270.7","1,274.1","1,275.3","1,269.1","","-0.26%"
"12/02/2019","1,274.0","1,282.8","1,286.5","1,274.0","","-0.69%"
"11/29/2019","1,282.8","1,283.8","1,285.2","1,282.0","","-0.09%"
"11/28/2019","1,283.9","1,295.2","1,296.1","1,283.9","","-0.88%"
"11/27/2019","1,295.3","1,288.8","1,295.3","1,288.0","","0.53%"
"11/26/2019","1,288.5","1,313.3","1,313.7","1,288.5","","-1.83%"
"11/25/2019","1,312.5","1,325.5","1,326.9","1,312.5","","-0.98%"
"11/22/2019","1,325.5","1,320.8","1,325.5","1,319.2","","0.26%"
"11/21/2019","1,322.0","1,349.8","1,350.2","1,322.0","","-2.02%"
"11/20/2019","1,349.3","1,350.7","1,353.5","1,340.7","","-0.09%"
"11/19/2019","1,350.5","1,326.7","1,350.5","1,326.6","","1.80%"
"11/18/2019","1,326.6","1,330.2","1,335.3","1,326.6","","-0.27%"
"11/15/2019","1,330.2","1,330.1","1,331.7","1,329.2","","0.01%"
"11/14/2019","1,330.1","1,334.8","1,337.3","1,330.1","","-0.36%"
"11/13/2019","1,334.9","1,338.2","1,339.0","1,327.5","","-0.25%"
"11/12/2019","1,338.3","1,329.0","1,338.3","1,326.9","","0.68%"
"11/11/2019","1,329.3","1,342.6","1,345.0","1,319.4","","-1.12%"
"11/08/2019","1,344.3","1,358.2","1,359.4","1,341.3","","-1.07%"
"11/07/2019","1,358.9","1,362.0","1,364.8","1,358.9","","-0.22%"
"11/06/2019","1,361.9","1,354.2","1,361.9","1,352.7","","0.49%"
"11/05/2019","1,355.3","1,341.0","1,355.3","1,339.5","","1.06%"
"11/04/2019","1,341.1","1,328.2","1,343.8","1,323.3","","1.17%"
"11/01/2019","1,325.6","1,314.4","1,325.6","1,314.4","","0.84%"
"10/31/2019","1,314.6","1,310.0","1,323.7","1,309.9","","0.37%"
"10/30/2019","1,309.7","1,328.6","1,331.2","1,309.7","","-1.42%"
"10/29/2019","1,328.6","1,324.0","1,328.6","1,307.6","","0.27%"
"10/28/2019","1,325.0","1,308.3","1,325.0","1,306.0","","1.42%"
"10/25/2019","1,306.4","1,302.9","1,306.4","1,302.9","","0.23%"
"10/24/2019","1,303.4","1,313.1","1,323.5","1,303.4","","-0.75%"
"10/23/2019","1,313.2","1,321.8","1,330.8","1,313.2","","-0.73%"
"10/22/2019","1,322.8","1,317.4","1,322.8","1,313.0","","0.45%"
"10/21/2019","1,316.9","1,296.8","1,316.9","1,295.2","","1.56%"
"10/18/2019","1,296.7","1,304.6","1,307.2","1,296.7","","-0.61%"
"10/17/2019","1,304.7","1,308.7","1,312.3","1,304.7","","-0.27%"
"10/16/2019","1,308.2","1,296.1","1,308.2","1,290.8","","0.93%"
"10/15/2019","1,296.1","1,287.8","1,296.1","1,286.9","","0.64%"
"10/14/2019","1,287.9","1,301.1","1,301.1","1,287.9","","-1.02%"
"10/11/2019","1,301.2","1,263.7","1,301.2","1,262.4","","2.99%"
"10/10/2019","1,263.4","1,236.2","1,263.4","1,232.5","","2.22%"
"10/09/2019","1,236.0","1,234.3","1,239.8","1,232.1","","0.12%"
"10/08/2019","1,234.5","1,243.9","1,245.8","1,234.1","","-0.79%"
"10/07/2019","1,244.3","1,233.3","1,244.3","1,228.4","","0.83%"
"10/04/2019","1,234.1","1,221.0","1,234.1","1,219.6","","1.09%"
"10/03/2019","1,220.8","1,231.6","1,232.3","1,220.8","","-0.51%"
"10/02/2019","1,227.1","1,244.8","1,251.1","1,227.1","","-1.27%"
"10/01/2019","1,242.9","1,247.1","1,253.0","1,240.8","","-0.42%"
"09/30/2019","1,248.2","1,258.3","1,262.8","1,248.2","","-0.82%"
"09/27/2019","1,258.5","1,257.4","1,263.8","1,253.2","","-0.02%"
"09/26/2019","1,258.8","1,234.2","1,258.8","1,232.7","","1.44%"
"09/25/2019","1,240.9","1,256.7","1,263.4","1,232.5","","-1.30%"
"09/23/2019","1,257.2","1,269.3","1,273.1","1,252.6","","-0.84%"
"09/20/2019","1,267.9","1,284.4","1,286.7","1,267.9","","-1.15%"
"09/19/2019","1,282.7","1,290.1","1,295.4","1,281.3","","-0.57%"
"09/18/2019","1,290.1","1,285.7","1,296.6","1,285.7","","0.29%"
"09/17/2019","1,286.4","1,313.8","1,315.6","1,286.4","","-2.05%"
"09/16/2019","1,313.3","1,292.3","1,313.3","1,286.5","","1.70%"
"09/13/2019","1,291.3","1,266.6","1,291.3","1,265.8","","1.93%"
"09/12/2019","1,266.9","1,244.3","1,284.4","1,244.3","","1.82%"
"09/11/2019","1,244.3","1,236.7","1,244.3","1,233.8","","0.65%"
"09/10/2019","1,236.3","1,238.7","1,238.7","1,234.2","","-0.18%"
"09/09/2019","1,238.5","1,237.4","1,238.5","1,234.9","","0.09%"
"09/06/2019","1,237.4","1,230.6","1,237.4","1,226.7","","0.57%"
"09/05/2019","1,230.4","1,205.0","1,230.4","1,204.5","","2.09%"
"09/04/2019","1,205.2","1,197.9","1,205.2","1,197.0","","0.60%"
"09/03/2019","1,198.0","1,198.0","1,198.0","1,195.4","","0.06%"
"09/02/2019","1,197.3","1,205.5","1,209.1","1,197.3","","-0.68%"
"08/30/2019","1,205.5","1,179.1","1,205.5","1,175.6","","2.29%"
"08/29/2019","1,178.5","1,180.8","1,186.0","1,178.5","","-0.25%"
"08/28/2019","1,181.4","1,166.3","1,181.4","1,166.3","","1.34%"
"08/27/2019","1,165.8","1,168.2","1,169.2","1,160.5","","-0.23%"
"08/26/2019","1,168.5","1,170.1","1,170.8","1,167.8","","-0.09%"
"08/23/2019","1,169.6","1,177.0","1,181.2","1,169.6","","-0.65%"
"08/22/2019","1,177.2","1,194.8","1,201.8","1,177.2","","-1.49%"
"08/21/2019","1,195.0","1,185.6","1,195.0","1,182.1","","0.83%"
"08/20/2019","1,185.2","1,194.7","1,194.8","1,185.2","","-0.77%"
"08/19/2019","1,194.4","1,183.0","1,194.4","1,179.8","","0.96%"
"08/16/2019","1,183.0","1,183.2","1,184.5","1,181.6","","0.07%"
"08/15/2019","1,182.2","1,173.6","1,182.2","1,168.4","","0.74%"
"08/14/2019","1,173.5","1,209.7","1,211.4","1,173.5","","-3.02%"
"08/13/2019","1,210.0","1,205.7","1,210.0","1,199.2","","0.38%"
"08/12/2019","1,205.4","1,220.3","1,220.3","1,205.4","","-1.25%"
"08/08/2019","1,220.6","1,213.7","1,233.5","1,212.7","","0.57%"
"08/07/2019","1,213.7","1,220.4","1,224.2","1,213.2","","-0.50%"
"08/06/2019","1,219.8","1,215.3","1,223.5","1,214.8","","0.34%"
"08/05/2019","1,215.7","1,242.3","1,243.0","1,215.7","","-2.13%"
"08/02/2019","1,242.2","1,255.8","1,259.3","1,242.2","","-1.08%"
"08/01/2019","1,255.8","1,267.4","1,268.6","1,255.8","","-0.93%"
"07/31/2019","1,267.6","1,277.7","1,279.7","1,267.6","","-0.77%"
"07/30/2019","1,277.5","1,298.9","1,300.3","1,277.5","","-1.66%"
"07/29/2019","1,299.0","1,288.0","1,299.0","1,287.6","","0.83%"
"07/26/2019","1,288.3","1,312.8","1,317.3","1,288.3","","-1.85%"
"07/25/2019","1,312.6","1,324.3","1,326.7","1,311.8","","-0.88%"
"07/24/2019","1,324.3","1,353.5","1,353.7","1,324.3","","-2.16%"
"07/23/2019","1,353.6","1,346.2","1,353.6","1,344.4","","0.59%"
"07/22/2019","1,345.6","1,351.2","1,355.5","1,342.0","","-0.52%"
"07/19/2019","1,352.6","1,338.1","1,352.6","1,337.6","","1.07%"
"07/18/2019","1,338.3","1,330.9","1,340.4","1,330.9","","0.53%"
"07/17/2019","1,331.2","1,347.7","1,351.3","1,331.2","","-1.28%"
"07/16/2019","1,348.4","1,332.4","1,348.4","1,330.6","","1.22%"
"07/15/2019","1,332.1","1,331.3","1,335.2","1,329.5","","0.05%"
"07/12/2019","1,331.5","1,326.2","1,331.5","1,321.2","","0.38%"
"07/11/2019","1,326.5","1,331.0","1,338.6","1,326.5","","-0.33%"
"07/10/2019","1,330.9","1,317.2","1,330.9","1,316.3","","1.04%"
"07/09/2019","1,317.2","1,337.0","1,338.9","1,317.2","","-1.52%"
"07/08/2019","1,337.5","1,332.3","1,337.5","1,332.1","","0.33%"
"07/05/2019","1,333.1","1,345.1","1,346.2","1,333.1","","-0.93%"
"07/04/2019","1,345.6","1,351.4","1,351.6","1,334.7","","-0.43%"
"07/03/2019","1,351.4","1,369.3","1,370.5","1,351.4","","-1.29%"
"07/02/2019","1,369.1","1,384.4","1,385.6","1,363.5","","-1.06%"
"07/01/2019","1,383.8","1,372.4","1,399.8","1,368.1","","0.53%"
"06/28/2019","1,376.5","1,378.1","1,379.6","1,371.5","","0.05%"
"06/27/2019","1,375.8","1,386.2","1,388.8","1,375.8","","-0.65%"
"06/26/2019","1,384.8","1,385.1","1,396.0","1,380.8","","-0.09%"
"06/25/2019","1,386.0","1,391.8","1,398.7","1,386.0","","-0.45%"
"06/24/2019","1,392.2","1,398.2","1,401.1","1,390.3","","-0.52%"
"06/21/2019","1,399.5","1,396.6","1,407.7","1,393.5","","-0.29%"
"06/20/2019","1,403.5","1,399.0","1,403.5","1,391.8","","0.52%"
"06/19/2019","1,396.2","1,385.6","1,396.2","1,383.1","","0.72%"
"06/18/2019","1,386.2","1,375.4","1,388.2","1,373.9","","0.70%"
"06/14/2019","1,376.5","1,381.7","1,385.3","1,374.2","","-0.17%"
"06/13/2019","1,378.8","1,380.7","1,390.5","1,378.5","","-0.19%"
"06/12/2019","1,381.4","1,383.3","1,387.0","1,371.5","","-0.12%"
"06/11/2019","1,383.1","1,374.4","1,383.1","1,370.5","","0.67%"
"06/10/2019","1,373.9","1,356.3","1,373.9","1,353.7","","1.28%"
"06/07/2019","1,356.5","1,329.0","1,356.5","1,328.1","","1.75%"
"06/06/2019","1,333.2","1,320.1","1,341.3","1,320.1","","0.57%"
"06/05/2019","1,325.6","1,316.7","1,329.0","1,311.1","","0.01%"
"06/04/2019","1,325.5","1,343.4","1,346.0","1,317.3","","-1.32%"
"06/03/2019","1,343.2","1,328.2","1,343.3","1,328.2","","1.09%"
"05/31/2019","1,328.7","1,330.8","1,338.4","1,322.3","","-0.17%"
"05/30/2019","1,331.0","1,303.9","1,331.0","1,301.5","","2.16%"
"05/29/2019","1,302.9","1,277.4","1,302.9","1,277.4","","1.02%"
"05/28/2019","1,289.7","1,298.0","1,311.5","1,289.7","","-1.01%"
"05/27/2019","1,302.9","1,302.4","1,303.9","1,297.8","","0.05%"
"05/24/2019","1,302.2","1,294.1","1,303.1","1,289.0","","0.70%"
"05/23/2019","1,293.2","1,321.7","1,322.0","1,293.2","","-2.10%"
"05/22/2019","1,321.0","1,321.8","1,325.0","1,313.7","","-0.04%"
"05/21/2019","1,321.5","1,334.8","1,338.5","1,321.5","","-0.96%"
"05/20/2019","1,334.3","1,339.1","1,343.2","1,333.7","","-0.34%"
"05/17/2019","1,338.9","1,359.0","1,362.4","1,338.9","","-1.52%"
"05/16/2019","1,359.5","1,347.5","1,359.5","1,346.3","","0.91%"
"05/15/2019","1,347.2","1,356.1","1,357.5","1,335.2","","-0.66%"
"05/14/2019","1,356.1","1,353.8","1,362.3","1,350.8","","0.21%"
"05/13/2019","1,353.3","1,361.8","1,375.0","1,353.3","","-0.72%"
"05/10/2019","1,363.1","1,344.5","1,376.0","1,337.1","","1.72%"
"05/09/2019","1,340.1","1,378.4","1,382.5","1,340.1","","-2.81%"
"05/07/2019","1,378.9","1,390.3","1,397.3","1,378.9","","-1.00%"
"05/06/2019","1,392.8","1,395.5","1,398.3","1,383.0","","-0.29%"
"05/03/2019","1,396.9","1,379.1","1,404.7","1,377.6","","1.25%"
"05/02/2019","1,379.6","1,361.1","1,379.6","1,360.3","","1.08%"
"04/30/2019","1,364.8","1,372.5","1,374.3","1,364.8","","-0.49%"
"04/29/2019","1,371.5","1,370.7","1,374.1","1,367.6","","0.04%"
"04/26/2019","1,371.0","1,370.3","1,374.3","1,361.9","","0.03%"
"04/25/2019","1,370.6","1,366.4","1,375.8","1,366.4","","0.01%"
"04/24/2019","1,370.5","1,398.0","1,405.7","1,370.5","","-2.25%"
"04/23/2019","1,402.0","1,409.4","1,410.3","1,396.4","","-0.54%"
"04/18/2019","1,409.6","1,397.9","1,409.6","1,397.2","","0.84%"
"04/17/2019","1,397.9","1,394.9","1,398.2","1,386.2","","0.24%"
"04/16/2019","1,394.5","1,388.5","1,394.5","1,378.5","","0.41%"
"04/15/2019","1,388.8","1,382.0","1,389.0","1,380.6","","0.49%"
"04/12/2019","1,382.0","1,380.1","1,388.1","1,377.7","","0.14%"
"04/11/2019","1,380.1","1,380.5","1,384.1","1,376.6","","-0.02%"
"04/10/2019","1,380.4","1,368.7","1,391.2","1,367.8","","0.86%"
"04/09/2019","1,368.6","1,370.5","1,377.9","1,368.6","","-0.15%"
"04/08/2019","1,370.7","1,368.2","1,370.7","1,362.1","","0.18%"
"04/05/2019","1,368.2","1,362.5","1,368.3","1,361.8","","0.44%"
"04/04/2019","1,362.2","1,374.3","1,375.1","1,362.2","","-0.84%"
"04/03/2019","1,373.7","1,353.8","1,373.7","1,352.6","","1.51%"
"04/02/2019","1,353.3","1,354.6","1,354.6","1,338.3","","-0.08%"
"04/01/2019","1,354.4","1,325.0","1,354.4","1,321.8","","2.29%"
"03/29/2019","1,324.1","1,304.7","1,324.1","1,303.0","","1.46%"
"03/28/2019","1,305.1","1,309.1","1,312.3","1,305.1","","-0.31%"
"03/27/2019","1,309.1","1,299.9","1,310.2","1,298.4","","0.72%"
"03/26/2019","1,299.7","1,287.0","1,299.7","1,285.9","","1.03%"
"03/25/2019","1,286.4","1,299.6","1,302.0","1,284.0","","-1.02%"
"03/22/2019","1,299.6","1,312.9","1,320.9","1,299.6","","-1.04%"
"03/20/2019","1,313.3","1,328.0","1,329.3","1,313.3","","-1.11%"
"03/19/2019","1,328.0","1,340.2","1,345.2","1,328.0","","-0.90%"
"03/18/2019","1,340.1","1,328.5","1,340.1","1,325.8","","0.89%"
"03/15/2019","1,328.3","1,318.2","1,328.3","1,316.8","","0.77%"
"03/14/2019","1,318.2","1,321.6","1,321.6","1,316.0","","-0.29%"
"03/13/2019","1,322.1","1,333.8","1,335.3","1,317.0","","-0.88%"
"03/12/2019","1,333.8","1,325.6","1,333.8","1,322.7","","0.66%"
"03/11/2019","1,325.0","1,339.3","1,341.5","1,325.0","","-1.05%"
"03/08/2019","1,339.1","1,339.9","1,347.3","1,338.7","","-0.07%"
"03/07/2019","1,340.1","1,349.3","1,350.3","1,339.6","","-0.70%"
"03/06/2019","1,349.6","1,344.6","1,349.6","1,342.6","","0.37%"
"03/05/2019","1,344.6","1,348.4","1,350.3","1,344.4","","-0.28%"
"03/04/2019","1,348.4","1,366.5","1,368.9","1,348.4","","-1.31%"
"03/01/2019","1,366.3","1,364.0","1,366.3","1,361.7","","0.18%"
"02/28/2019","1,363.8","1,374.4","1,375.0","1,363.8","","-0.75%"
"02/27/2019","1,374.1","1,374.6","1,378.8","1,374.0","","-0.05%"
"02/26/2019","1,374.8","1,363.7","1,374.8","1,359.2","","0.81%"
"02/25/2019","1,363.8","1,366.2","1,372.1","1,363.8","","-0.18%"
"02/22/2019","1,366.3","1,354.1","1,366.3","1,350.8","","0.83%"
"02/21/2019","1,355.0","1,340.4","1,355.0","1,340.2","","1.01%"
"02/20/2019","1,341.5","1,332.2","1,341.5","1,332.2","","0.69%"
"02/19/2019","1,332.3","1,339.6","1,342.1","1,332.3","","-0.54%"
"02/18/2019","1,339.6","1,325.8","1,339.6","1,323.8","","1.03%"
"02/15/2019","1,325.9","1,316.5","1,325.9","1,313.5","","0.70%"
"02/14/2019","1,316.7","1,332.0","1,335.0","1,316.7","","-1.16%"
"02/13/2019","1,332.2","1,323.4","1,332.2","1,310.3","","0.67%"
"02/12/2019","1,323.3","1,308.1","1,323.3","1,282.3","","1.16%"
"02/11/2019","1,308.1","1,314.5","1,318.6","1,308.1","","-0.49%"
"02/08/2019","1,314.5","1,326.3","1,327.8","1,314.5","","-0.91%"
"02/07/2019","1,326.6","1,346.3","1,346.7","1,326.6","","-1.44%"
"02/06/2019","1,346.0","1,341.8","1,346.3","1,341.2","","0.23%"
"02/05/2019","1,342.9","1,333.3","1,342.9","1,332.8","","0.64%"
"02/04/2019","1,334.3","1,360.2","1,361.6","1,334.3","","-1.90%"
"02/01/2019","1,360.2","1,357.5","1,360.8","1,351.3","","0.20%"
"01/31/2019","1,357.5","1,344.9","1,357.5","1,342.2","","0.94%"
"01/30/2019","1,344.8","1,353.4","1,355.9","1,337.7","","-0.64%"
"01/29/2019","1,353.4","1,343.5","1,353.4","1,342.5","","0.74%"
"01/28/2019","1,343.5","1,360.0","1,365.0","1,343.5","","-1.24%"
"01/25/2019","1,360.3","1,337.5","1,360.3","1,337.0","","1.68%"
"01/24/2019","1,337.8","1,333.9","1,337.8","1,327.9","","0.35%"
"01/23/2019","1,333.2","1,323.8","1,333.2","1,323.8","","0.73%"
"01/22/2019","1,323.5","1,324.3","1,324.3","1,315.9","","-0.01%"
"01/21/2019","1,323.6","1,329.3","1,331.5","1,323.1","","-0.45%"
"01/18/2019","1,329.6","1,323.0","1,335.7","1,322.0","","0.42%"
"01/17/2019","1,324.0","1,341.3","1,342.8","1,324.0","","-1.32%"
"01/16/2019","1,341.7","1,333.7","1,341.7","1,330.5","","0.63%"
"01/15/2019","1,333.3","1,334.9","1,335.8","1,331.6","","-0.07%"
"01/14/2019","1,334.2","1,334.0","1,337.8","1,329.7","","-0.10%"
"01/11/2019","1,335.6","1,325.6","1,335.6","1,324.2","","0.75%"
"01/10/2019","1,325.6","1,314.7","1,325.6","1,312.2","","0.74%"
"01/09/2019","1,315.9","1,292.3","1,315.9","1,291.9","","1.76%"
"01/08/2019","1,293.2","1,295.0","1,296.5","1,293.2","","-0.21%"
"01/07/2019","1,295.9","1,299.6","1,310.2","1,295.9","","-0.29%"
"01/04/2019","1,299.7","1,282.8","1,299.7","1,281.1","","1.32%"
"01/03/2019","1,282.8","1,269.1","1,282.8","1,267.0","","1.14%"
"01/02/2019","1,268.4","1,306.0","1,308.5","1,268.4","","-2.94%"