"Date","Price","Open","High","Low","Vol.","Change %"
"12/31/2025","155,613.03","155,034.72","155,625.89","155,034.70","1.23B","0.37%"
"12/30/2025","155,034.72","154,389.53","155,447.56","154,389.53","4.68B","0.42%"
"12/29/2025","154,389.53","153,539.83","154,389.53","153,268.80","1.47B","0.55%"
"12/24/2025","153,539.83","153,354.14","154,089.66","153,110.44","1.75B","0.12%"
"12/23/2025","153,354.11","152,459.06","153,372.03","152,459.06","677.43M","0.59%"
"12/22/2025","152,459.06","152,045.91","152,576.77","152,045.91","451.48M","0.26%"
"12/19/2025","152,057.38","150,363.05","152,140.77","150,361.84","884.89M","1.13%"
"12/18/2025","150,363.03","149,842.81","150,363.03","149,580.84","839.71M","0.35%"
"12/17/2025","149,842.81","149,467.47","149,932.38","149,454.59","651.18M","0.26%"
"12/16/2025","149,459.11","149,437.88","149,590.75","149,229.97","912.59M","0.01%"
"12/15/2025","149,437.88","149,433.27","149,721.31","149,351.00","553.16M","0.00%"
"12/12/2025","149,433.23","147,950.59","149,436.48","147,521.98","571.68M","1.00%"
"12/11/2025","147,950.59","146,862.02","147,982.77","146,859.98","529.69M","0.74%"
"12/10/2025","146,861.98","146,940.30","147,122.89","146,824.56","747.07M","-0.05%"
"12/09/2025","146,940.27","147,427.95","147,576.69","146,888.50","947.76M","-0.33%"
"12/08/2025","147,427.92","147,050.56","147,541.77","147,050.06","550.84M","0.26%"
"12/05/2025","147,040.06","145,476.16","147,081.95","145,476.16","361.55M","1.08%"
"12/04/2025","145,476.16","145,323.88","145,689.44","145,276.00","349.17M","0.10%"
"12/03/2025","145,323.88","144,928.36","145,323.88","144,894.91","403.78M","0.27%"
"12/02/2025","144,928.36","143,210.33","144,973.44","143,173.36","602.77M","1.20%"
"12/01/2025","143,210.33","143,520.53","143,637.52","143,097.95","558.94M","-0.22%"
"11/28/2025","143,520.52","143,239.23","143,552.41","143,239.23","560.01M","0.20%"
"11/27/2025","143,239.23","143,064.56","143,249.80","142,771.02","323.53M","0.12%"
"11/26/2025","143,068.38","143,992.20","144,149.83","142,882.36","738.34M","-0.48%"
"11/25/2025","143,763.13","143,614.61","143,763.13","143,536.78","556.11M","0.10%"
"11/24/2025","143,614.61","143,722.63","143,722.63","143,453.80","694.75M","-0.12%"
"11/21/2025","143,790.91","144,182.83","144,274.72","143,642.13","656.86M","-0.27%"
"11/20/2025","144,187.03","144,646.02","144,646.02","144,187.03","349.26M","-0.32%"
"11/19/2025","144,646.02","144,969.33","144,972.44","144,559.70","892.46M","-0.23%"
"11/18/2025","144,986.52","145,159.34","145,247.02","144,944.88","367.29M","-0.12%"
"11/17/2025","145,159.77","147,013.59","147,013.59","145,127.19","388.18M","-1.33%"
"11/14/2025","147,115.63","146,980.88","147,202.05","146,703.91","671.43M","0.09%"
"11/13/2025","146,981.17","145,403.83","147,094.70","145,403.83","599.71M","1.08%"
"11/12/2025","145,403.98","141,342.27","146,042.59","141,320.45","806.36M","2.88%"
"11/11/2025","141,327.30","148,781.91","148,798.30","141,020.95","655.96M","-5.04%"
"11/10/2025","148,832.19","149,519.56","149,614.41","148,728.91","364.34M","-0.46%"
"11/07/2025","149,524.81","150,026.55","150,058.09","149,467.27","527.14M","-0.33%"
"11/06/2025","150,026.55","150,573.88","150,641.86","149,559.13","619.62M","-0.52%"
"11/05/2025","150,813.42","152,629.61","152,743.77","150,710.23","517.24M","-1.19%"
"11/04/2025","152,629.58","153,739.11","153,739.11","152,515.02","683.91M","-0.72%"
"11/03/2025","153,739.09","154,126.45","154,339.06","153,656.70","627.49M","-0.25%"
"10/31/2025","154,126.44","153,676.66","154,126.44","153,652.09","525.61M","0.29%"
"10/30/2025","153,676.81","154,260.98","154,294.44","153,644.80","495.85M","-0.38%"
"10/29/2025","154,260.95","155,353.20","155,353.20","154,260.95","452.82M","-0.70%"
"10/28/2025","155,353.20","155,496.16","155,634.61","155,069.03","525.42M","-0.09%"
"10/27/2025","155,496.16","155,645.05","156,024.16","155,336.50","502.99M","-0.10%"
"10/24/2025","155,645.03","154,489.09","155,792.30","154,489.09","1.21B","0.75%"
"10/23/2025","154,489.91","153,736.25","154,613.13","153,736.25","926.91M","0.49%"
"10/22/2025","153,736.25","151,456.91","153,792.81","151,456.91","589.43M","1.50%"
"10/21/2025","151,456.91","149,940.81","152,754.92","149,940.81","551.91M","1.01%"
"10/20/2025","149,940.81","148,977.64","149,947.31","148,966.02","415.04M","0.65%"
"10/17/2025","148,977.78","148,355.05","149,037.63","148,355.05","480.83M","0.42%"
"10/16/2025","148,355.05","147,742.23","148,460.69","147,739.05","432.31M","0.41%"
"10/15/2025","147,742.20","147,710.95","148,042.06","147,631.38","388.93M","0.02%"
"10/14/2025","147,710.95","147,715.50","147,873.80","147,626.77","495.03M","0.00%"
"10/13/2025","147,717.20","146,987.09","147,717.20","146,884.31","624.58M","0.50%"
"10/10/2025","146,988.05","146,204.34","147,107.19","146,098.25","385.51M","0.54%"
"10/09/2025","146,204.31","145,984.94","146,204.31","145,984.94","346.91M","0.33%"
"10/08/2025","145,719.09","145,024.00","145,784.45","144,986.44","525.65M","0.50%"
"10/07/2025","144,995.27","144,822.78","145,072.94","144,466.67","507.28M","0.12%"
"10/06/2025","144,822.75","143,584.05","144,918.45","143,584.05","519.90M","0.86%"
"10/03/2025","143,584.05","142,979.45","143,629.98","142,973.05","544.74M","0.42%"
"10/02/2025","142,979.44","142,713.06","142,997.73","142,653.45","785.33M","0.19%"
"09/30/2025","142,710.45","142,377.56","142,822.72","142,359.63","1.24B","0.23%"
"09/29/2025","142,377.55","142,133.03","142,640.41","142,069.09","383.91M","0.17%"
"09/26/2025","142,133.00","141,157.48","142,276.44","141,140.64","518.63M","0.69%"
"09/25/2025","141,157.48","140,716.09","141,183.20","140,697.88","781.73M","0.31%"
"09/24/2025","140,716.09","140,929.59","141,411.69","140,655.09","442.55M","-0.15%"
"09/23/2025","140,929.59","141,498.22","141,530.98","140,822.36","759.05M","-0.40%"
"09/22/2025","141,498.20","141,845.34","142,027.95","141,498.20","488.51M","-0.24%"
"09/19/2025","141,845.31","142,263.06","142,263.06","141,585.98","431.18M","-0.29%"
"09/18/2025","142,263.13","142,036.25","142,342.63","142,036.25","325.10M","0.16%"
"09/17/2025","142,036.23","141,546.78","142,036.23","141,153.75","1.00B","0.35%"
"09/16/2025","141,546.78","141,659.00","141,853.92","141,501.14","414.98M","-0.08%"
"09/15/2025","141,659.00","140,597.58","141,759.23","140,551.20","555.11M","0.79%"
"09/12/2025","140,545.69","140,665.84","140,885.50","140,277.31","434.70M","-0.08%"
"09/11/2025","140,657.30","140,365.36","140,722.30","140,353.00","378.15M","0.21%"
"09/10/2025","140,365.36","139,796.11","140,430.02","139,796.11","767.68M","0.41%"
"09/09/2025","139,796.11","139,394.75","139,800.27","139,392.81","659.16M","0.29%"
"09/08/2025","139,394.75","138,980.02","139,514.66","138,951.27","947.80M","0.30%"
"09/04/2025","138,980.02","138,157.16","138,987.47","138,157.16","1.82B","0.60%"
"09/03/2025","138,157.14","138,737.64","138,744.69","138,030.70","482.74M","-0.42%"
"09/02/2025","138,737.64","139,722.19","139,753.59","138,701.47","399.81M","-0.70%"
"09/01/2025","139,722.19","140,295.50","140,433.02","139,698.09","407.89M","-0.41%"
"08/29/2025","140,295.47","140,557.23","140,758.72","140,186.75","435.12M","-0.19%"
"08/28/2025","140,557.23","141,248.77","141,394.67","140,555.66","884.96M","-0.49%"
"08/27/2025","141,248.77","141,760.72","141,763.63","141,248.77","682.85M","-0.36%"
"08/26/2025","141,761.36","141,446.03","141,902.38","141,446.03","605.00M","0.23%"
"08/25/2025","141,439.75","141,004.14","141,461.80","140,788.56","589.66M","0.31%"
"08/22/2025","141,004.14","140,332.44","141,007.56","140,052.48","767.73M","0.48%"
"08/21/2025","140,332.44","141,576.88","142,058.81","140,330.80","573.67M","-0.87%"
"08/20/2025","141,566.28","142,613.47","142,813.30","141,566.28","721.68M","-0.73%"
"08/19/2025","142,613.47","144,698.44","144,795.13","142,424.95","1.03B","-1.46%"
"08/18/2025","144,722.47","144,628.20","144,998.56","144,612.80","1.05B","0.07%"
"08/15/2025","144,628.20","145,300.02","145,300.02","144,559.98","1.37B","-0.51%"
"08/14/2025","145,367.03","145,864.80","146,179.16","145,359.52","2.46B","-0.34%"
"08/13/2025","145,864.78","146,055.89","146,272.61","145,780.09","1.34B","-0.13%"
"08/12/2025","146,055.88","145,902.77","146,100.75","145,385.20","1.28B","0.07%"
"08/11/2025","145,948.47","145,754.91","146,389.84","145,695.70","2.12B","0.13%"
"08/08/2025","145,756.52","146,570.70","146,600.02","145,502.95","2.22B","-0.56%"
"08/07/2025","146,570.69","145,853.84","146,597.89","145,279.05","1.98B","0.52%"
"08/06/2025","145,813.86","144,796.38","145,892.94","144,796.38","1.70B","0.70%"
"08/05/2025","144,796.38","144,075.06","145,070.52","144,075.06","1.03B","0.50%"
"08/04/2025","144,071.77","141,263.05","144,129.77","141,122.84","810.47M","1.99%"
"08/01/2025","141,263.05","139,863.52","141,459.30","139,740.14","1.08B","1.00%"
"07/31/2025","139,863.52","139,346.45","139,944.52","137,779.44","1.10B","0.42%"
"07/30/2025","139,278.67","137,918.73","139,343.63","137,901.88","892.02M","0.99%"
"07/29/2025","137,912.88","135,157.81","137,995.31","134,928.88","940.79M","2.03%"
"07/28/2025","135,166.52","134,452.94","135,427.45","134,402.11","795.55M","0.53%"
"07/25/2025","134,452.94","133,299.56","134,487.63","133,299.56","713.71M","0.94%"
"07/24/2025","133,199.97","132,560.31","133,199.98","132,496.70","818.39M","0.48%"
"07/23/2025","132,557.44","132,451.73","132,639.58","132,296.27","681.23M","0.08%"
"07/22/2025","132,451.73","131,818.34","133,164.69","131,796.88","771.63M","0.47%"
"07/21/2025","131,826.77","131,585.20","131,930.31","131,501.66","706.02M","0.18%"
"07/18/2025","131,585.64","130,283.87","131,620.31","130,283.87","2.21B","1.00%"
"07/17/2025","130,283.84","128,961.29","130,375.93","128,961.29","1.19B","1.02%"
"07/16/2025","128,967.08","126,689.54","128,978.19","126,689.54","1.24B","1.80%"
"07/14/2025","126,689.54","126,151.04","127,092.15","126,151.04","1.29B","0.43%"
"07/11/2025","126,149.57","124,612.74","126,151.04","124,612.74","1.39B","1.37%"
"07/10/2025","124,446.80","121,996.43","124,479.01","121,996.43","1.28B","2.01%"
"07/09/2025","121,989.67","121,656.53","122,055.74","121,414.52","888.66M","0.28%"
"07/08/2025","121,653.93","121,295.33","121,704.46","121,295.33","1.01B","0.24%"
"07/07/2025","121,361.87","120,989.66","121,377.50","120,989.11","824.06M","0.31%"
"07/04/2025","120,990.27","120,977.20","121,030.96","120,754.39","923.83M","0.01%"
"07/03/2025","120,977.20","120,339.90","121,082.56","120,339.90","933.39M","0.53%"
"07/02/2025","120,339.90","119,747.57","120,339.90","119,717.05","1.05B","0.50%"
"07/01/2025","119,741.23","119,980.37","120,179.74","119,697.68","526.98M","-0.20%"
"06/30/2025","119,978.57","120,063.83","120,401.31","119,696.55","1.42B","-0.01%"
"06/27/2025","119,995.76","120,772.68","120,932.80","119,918.84","625.37M","-0.65%"
"06/26/2025","120,779.05","121,257.69","121,258.58","119,853.28","892.90M","-0.39%"
"06/25/2025","121,257.69","119,804.83","121,264.18","119,804.83","861.63M","1.22%"
"06/24/2025","119,790.82","118,579.65","119,823.55","118,579.65","756.47M","1.02%"
"06/23/2025","118,579.65","118,138.22","118,704.30","118,138.22","653.65M","0.37%"
"06/20/2025","118,138.22","117,861.13","118,152.38","117,693.66","522.79M","0.24%"
"06/19/2025","117,861.13","116,786.87","117,887.80","116,785.14","893.95M","0.60%"
"06/18/2025","117,156.16","114,909.75","117,257.38","114,909.14","640.08M","1.95%"
"06/17/2025","114,910.16","115,258.77","115,366.24","114,573.48","787.26M","-0.30%"
"06/16/2025","115,258.77","115,468.97","115,468.97","114,250.36","721.75M","-0.15%"
"06/13/2025","115,429.54","114,659.11","115,493.06","114,657.41","933.19M","0.67%"
"06/11/2025","114,659.11","114,017.48","114,784.46","114,017.48","471.07M","-0.14%"
"06/10/2025","114,820.86","114,616.75","115,327.60","114,603.55","646.54M","0.18%"
"06/05/2025","114,616.75","112,781.73","114,616.75","112,780.93","1.28B","1.63%"
"06/04/2025","112,781.73","112,427.97","112,786.24","112,427.97","601.49M","0.32%"
"06/03/2025","112,427.48","112,015.96","112,521.13","111,985.83","622.61M","0.36%"
"06/02/2025","112,026.26","111,742.01","112,048.30","111,650.79","517.81M","0.25%"
"05/30/2025","111,742.01","111,817.08","111,960.41","111,696.56","1.90B","-0.07%"
"05/29/2025","111,818.08","111,915.29","112,237.26","111,651.72","556.43M","-0.08%"
"05/28/2025","111,902.61","111,606.22","112,000.70","111,579.60","512.15M","0.27%"
"05/27/2025","111,606.22","109,884.59","111,612.84","109,884.59","409.57M","1.50%"
"05/26/2025","109,953.00","109,028.62","109,990.05","109,028.62","414.37M","0.85%"
"05/23/2025","109,028.62","109,183.02","109,390.76","109,028.62","637.54M","-0.14%"
"05/22/2025","109,183.93","109,594.06","109,617.36","109,077.26","746.94M","-0.40%"
"05/21/2025","109,619.10","109,730.47","109,877.09","109,595.44","664.14M","-0.10%"
"05/20/2025","109,730.47","109,697.83","109,800.94","109,425.54","496.96M","0.03%"
"05/19/2025","109,697.83","109,710.37","109,898.77","109,540.54","486.01M","-0.01%"
"05/16/2025","109,710.35","109,467.64","109,710.35","109,467.64","431.76M","0.22%"
"05/15/2025","109,467.64","109,059.33","109,481.89","108,929.68","729.87M","0.37%"
"05/14/2025","109,059.33","108,762.61","109,059.33","108,281.55","531.28M","0.27%"
"05/13/2025","108,763.55","108,261.47","108,799.28","108,261.47","498.45M","0.27%"
"05/12/2025","108,467.98","108,747.01","108,750.62","108,467.98","414.35M","-0.24%"
"05/09/2025","108,733.40","109,231.96","109,333.11","108,674.70","459.19M","-0.46%"
"05/08/2025","109,231.96","108,849.83","109,233.59","108,799.59","554.06M","0.21%"
"05/07/2025","109,001.89","108,361.10","109,017.09","108,356.82","587.46M","0.59%"
"05/06/2025","108,361.10","106,698.50","108,377.46","106,658.85","475.46M","1.56%"
"05/05/2025","106,698.50","106,010.61","106,707.59","106,010.61","569.04M","0.62%"
"05/02/2025","106,042.57","105,920.18","106,078.44","105,551.89","573.06M","0.23%"
"04/30/2025","105,800.85","105,931.18","105,931.75","105,178.61","392.99M","-0.12%"
"04/29/2025","105,931.18","106,116.18","106,466.88","105,931.18","733.05M","-0.18%"
"04/28/2025","106,124.14","105,752.61","106,307.35","105,725.64","500.54M","0.35%"
"04/25/2025","105,753.05","106,074.26","106,074.26","104,804.13","428.07M","-0.30%"
"04/24/2025","106,074.26","105,283.67","106,102.95","105,283.67","328.01M","0.73%"
"04/23/2025","105,305.25","104,736.77","105,305.25","104,736.77","744.78M","0.53%"
"04/22/2025","104,744.98","104,235.21","104,788.09","104,229.77","353.04M","0.48%"
"04/17/2025","104,242.40","103,851.88","104,247.53","103,788.56","376.29M","0.38%"
"04/16/2025","103,851.88","104,560.02","104,589.72","103,597.15","351.65M","-0.68%"
"04/15/2025","104,560.02","104,529.62","104,660.92","104,509.25","368.77M","0.03%"
"04/14/2025","104,529.62","104,563.34","104,828.10","104,402.31","428.15M","-0.03%"
"04/11/2025","104,563.34","104,767.03","104,882.85","104,311.19","379.94M","-0.21%"
"04/10/2025","104,788.25","104,382.57","104,821.27","104,382.57","432.55M","0.58%"
"04/09/2025","104,187.00","104,376.73","104,561.17","104,128.89","376.61M","-0.18%"
"04/08/2025","104,376.73","104,216.87","104,379.45","104,067.69","460.56M","0.15%"
"04/07/2025","104,216.87","105,511.89","105,511.89","103,941.64","444.10M","-1.23%"
"04/04/2025","105,511.89","105,525.26","105,547.73","105,423.29","348.11M","-0.01%"
"04/03/2025","105,525.26","105,515.99","105,656.06","105,446.40","397.11M","-0.02%"
"04/02/2025","105,547.16","105,660.64","105,724.81","105,531.10","438.08M","-0.12%"
"03/28/2025","105,670.36","105,435.94","105,708.06","105,245.24","544.06M","0.23%"
"03/27/2025","105,426.12","105,432.86","105,485.51","105,102.40","423.61M","-0.06%"
"03/26/2025","105,485.99","105,592.71","105,814.65","105,459.96","1.29B","-0.10%"
"03/25/2025","105,593.28","105,551.39","105,645.48","105,393.98","349.31M","0.04%"
"03/24/2025","105,551.39","104,962.96","105,614.13","104,962.96","440.50M","0.56%"
"03/21/2025","104,962.96","104,858.77","105,128.06","104,858.77","396.27M","0.10%"
"03/20/2025","104,858.77","104,915.13","104,972.01","104,717.87","310.52M","-0.05%"
"03/19/2025","104,915.13","105,382.53","105,382.53","104,885.52","1.37B","-0.44%"
"03/18/2025","105,375.69","105,799.17","105,858.73","105,015.19","349.98M","-0.40%"
"03/17/2025","105,799.17","105,958.40","105,967.15","105,725.88","477.50M","-0.19%"
"03/14/2025","105,995.32","106,220.94","106,220.94","105,958.26","750.57M","-0.21%"
"03/13/2025","106,220.94","106,090.38","106,288.90","106,022.10","341.66M","0.12%"
"03/12/2025","106,090.38","106,172.45","106,227.96","106,057.78","1.50B","-0.07%"
"03/11/2025","106,167.75","106,621.91","106,621.91","106,154.38","324.37M","-0.43%"
"03/10/2025","106,621.91","106,542.11","106,873.55","106,527.28","364.97M","0.08%"
"03/07/2025","106,538.60","106,790.56","106,960.31","106,248.35","349.18M","-0.23%"
"03/06/2025","106,780.72","106,436.48","106,811.93","106,426.71","375.62M","0.32%"
"03/05/2025","106,436.48","106,904.25","106,904.25","106,381.22","389.55M","-0.44%"
"03/04/2025","106,904.25","107,455.13","107,455.13","106,852.31","395.46M","-0.51%"
"03/03/2025","107,455.13","107,821.39","107,955.09","107,455.13","308.08M","-0.34%"
"02/28/2025","107,821.39","107,780.19","107,823.19","107,557.85","458.26M","0.14%"
"02/27/2025","107,675.46","107,800.92","107,987.26","107,572.23","423.38M","-0.11%"
"02/26/2025","107,798.99","107,781.79","107,876.01","107,736.38","245.51M","0.02%"
"02/25/2025","107,781.78","108,126.97","108,127.65","107,778.32","362.83M","-0.32%"
"02/24/2025","108,126.97","108,497.40","108,605.58","108,089.72","357.75M","-0.34%"
"02/21/2025","108,497.40","108,568.50","108,568.50","108,298.57","315.72M","-0.07%"
"02/20/2025","108,568.50","108,609.51","108,816.87","108,554.73","421.13M","-0.04%"
"02/19/2025","108,609.51","107,670.98","108,718.19","107,613.89","343.70M","0.87%"
"02/18/2025","107,670.98","107,937.74","107,964.37","107,529.66","408.69M","-0.25%"
"02/17/2025","107,937.74","108,217.81","108,235.69","107,911.41","510.90M","-0.11%"
"02/14/2025","108,053.94","109,185.76","109,850.83","108,011.11","478.76M","-1.02%"
"02/13/2025","109,172.03","107,822.52","109,178.00","107,805.81","427.07M","1.25%"
"02/12/2025","107,822.51","106,613.56","107,861.19","106,613.56","461.71M","1.17%"
"02/11/2025","106,574.71","105,891.24","106,726.56","105,873.01","478.33M","0.65%"
"02/10/2025","105,891.33","105,933.03","106,071.16","105,885.94","566.78M","-0.04%"
"02/07/2025","105,933.03","105,432.57","105,933.03","105,404.95","381.97M","0.48%"
"02/06/2025","105,430.15","105,324.89","105,531.59","105,324.89","537.18M","0.10%"
"02/05/2025","105,324.89","104,788.35","105,377.83","104,761.19","1.06B","0.51%"
"02/04/2025","104,788.35","104,628.52","104,788.35","104,542.32","471.69M","0.15%"
"02/03/2025","104,630.30","104,496.12","104,707.47","104,463.49","510.55M","0.13%"
"01/31/2025","104,496.12","104,745.08","104,759.36","104,442.27","1.17B","-0.24%"
"01/30/2025","104,744.43","104,549.96","104,744.43","104,409.32","497.35M","0.19%"
"01/29/2025","104,549.74","103,958.75","104,615.12","103,958.75","417.60M","0.57%"
"01/28/2025","103,958.75","104,418.95","104,483.38","103,741.70","542.22M","-0.44%"
"01/27/2025","104,418.95","103,598.32","104,489.93","103,598.32","518.27M","0.79%"
"01/24/2025","103,598.54","102,788.20","103,631.08","102,788.20","576.41M","0.79%"
"01/23/2025","102,788.20","102,832.71","103,058.88","102,701.71","390.36M","-0.05%"
"01/22/2025","102,836.35","103,137.99","103,157.16","102,833.57","393.78M","-0.29%"
"01/21/2025","103,137.99","102,370.36","103,210.38","102,370.36","439.62M","0.75%"
"01/20/2025","102,370.36","102,353.68","102,375.97","102,145.20","352.15M","0.02%"
"01/17/2025","102,353.68","102,183.06","102,353.68","102,110.20","327.83M","0.17%"
"01/16/2025","102,183.06","102,095.95","102,311.48","100,860.52","467.15M","0.09%"
"01/15/2025","102,095.95","103,622.09","103,787.11","102,095.95","428.03M","-1.47%"
"01/14/2025","103,622.09","105,367.25","105,456.36","103,607.62","508.15M","-1.66%"
"01/13/2025","105,367.25","105,451.06","105,462.60","105,318.10","505.78M","-0.08%"
"01/10/2025","105,451.06","105,525.94","105,556.71","105,309.96","511.25M","-0.08%"
"01/09/2025","105,530.74","104,231.89","105,538.75","104,220.46","489.52M","1.25%"
"01/08/2025","104,230.73","103,398.82","104,241.83","103,299.82","639.46M","0.80%"
"01/07/2025","103,398.82","103,648.24","103,850.77","103,348.84","1.11B","-0.24%"
"01/06/2025","103,648.24","103,586.72","103,816.57","103,586.72","855.86M","0.06%"
"01/03/2025","103,586.33","103,182.24","103,586.33","103,182.01","709.25M","0.39%"
"01/02/2025","103,180.14","102,928.57","103,185.74","102,888.33","829.75M","0.25%"
"12/31/2024","102,926.40","103,149.35","103,191.65","102,781.85","437.75M","-0.22%"
"12/30/2024","103,149.35","102,133.30","103,242.01","102,122.69","641.08M","0.99%"
"12/27/2024","102,133.30","102,188.85","102,406.95","102,033.63","443.72M","-0.05%"
"12/24/2024","102,186.03","101,365.06","102,206.85","101,055.65","397.52M","0.82%"
"12/23/2024","101,356.15","101,114.25","101,488.10","101,042.57","503.18M","0.22%"
"12/20/2024","101,129.09","101,247.53","101,350.47","100,796.84","513.56M","-0.12%"
"12/19/2024","101,248.02","100,482.73","101,290.57","100,482.73","400.44M","0.77%"
"12/18/2024","100,477.46","100,050.94","100,477.46","100,050.94","389.70M","0.43%"
"12/17/2024","100,050.94","99,927.85","100,086.21","99,791.29","477.88M","0.13%"
"12/16/2024","99,922.63","99,389.34","100,086.80","99,389.15","740.89M","0.55%"
"12/13/2024","99,378.28","98,760.59","99,383.94","98,724.45","534.23M","0.63%"
"12/12/2024","98,760.59","98,509.68","98,766.00","98,500.57","489.65M","0.25%"
"12/11/2024","98,509.68","98,206.97","98,509.68","98,186.42","320.10M","0.31%"
"12/10/2024","98,206.97","98,043.02","98,340.10","98,043.02","939.40M","0.10%"
"12/09/2024","98,107.52","98,210.75","98,262.43","98,033.74","436.04M","-0.11%"
"12/06/2024","98,210.75","98,114.11","98,255.46","98,113.07","1.04B","0.10%"
"12/05/2024","98,114.11","98,174.99","98,216.68","98,022.42","723.00M","-0.06%"
"12/04/2024","98,174.99","97,702.56","98,273.64","97,702.56","521.91M","0.48%"
"12/03/2024","97,702.56","97,733.86","98,052.07","97,684.14","399.49M","-0.03%"
"12/02/2024","97,733.86","97,506.87","97,761.65","97,466.79","451.10M","0.23%"
"11/29/2024","97,506.87","97,784.02","97,885.31","97,335.88","515.48M","-0.28%"
"11/28/2024","97,783.81","97,296.57","97,807.65","97,296.57","632.74M","0.50%"
"11/27/2024","97,296.57","97,637.56","97,642.49","97,267.76","822.46M","-0.35%"
"11/26/2024","97,639.88","97,627.95","97,678.14","97,524.91","552.10M","0.01%"
"11/25/2024","97,626.27","97,829.02","97,850.73","97,596.07","671.26M","-0.21%"
"11/22/2024","97,829.02","97,992.55","98,007.43","97,775.08","366.62M","-0.23%"
"11/21/2024","98,050.12","98,227.50","98,249.39","98,036.90","467.67M","-0.18%"
"11/20/2024","98,227.50","97,972.92","98,242.49","97,970.23","370.52M","0.26%"
"11/19/2024","97,972.33","97,745.30","97,975.29","96,404.07","333.95M","0.23%"
"11/18/2024","97,747.27","97,722.28","97,855.16","97,713.48","413.35M","0.02%"
"11/15/2024","97,725.64","97,233.07","97,725.64","97,233.07","295.19M","0.51%"
"11/14/2024","97,233.07","97,418.83","97,419.92","96,857.60","291.53M","-0.25%"
"11/13/2024","97,477.80","97,260.39","97,477.80","97,260.39","247.00M","0.22%"
"11/12/2024","97,260.75","97,351.66","97,378.62","97,215.17","350.38M","-0.12%"
"11/11/2024","97,374.25","97,184.21","97,548.03","97,168.38","297.80M","0.14%"
"11/08/2024","97,236.19","96,924.86","97,377.88","96,924.86","477.94M","0.32%"
"11/07/2024","96,924.86","96,567.24","97,071.35","96,472.49","628.36M","0.09%"
"11/06/2024","96,834.77","97,123.61","97,123.61","96,815.71","418.37M","-0.30%"
"11/05/2024","97,123.61","96,907.73","97,124.57","96,597.70","540.76M","0.22%"
"11/04/2024","96,907.98","97,432.02","97,468.26","96,707.07","1.22B","-0.54%"
"11/01/2024","97,432.02","97,650.66","97,666.35","97,270.88","888.77M","-0.22%"
"10/31/2024","97,651.23","98,013.21","98,144.45","96,995.46","532.87M","-0.38%"
"10/30/2024","98,023.23","98,058.07","98,087.12","97,736.82","538.95M","-0.04%"
"10/29/2024","98,058.07","98,710.53","98,851.11","98,000.86","399.72M","-0.66%"
"10/28/2024","98,708.90","99,448.91","99,583.14","98,695.18","353.18M","-0.74%"
"10/25/2024","99,448.91","99,189.95","99,571.89","99,110.91","460.86M","0.26%"
"10/24/2024","99,189.95","98,921.84","99,217.96","98,528.96","400.91M","0.25%"
"10/23/2024","98,944.42","98,892.58","99,014.85","98,556.21","283.73M","0.05%"
"10/22/2024","98,892.58","98,690.61","98,912.97","98,671.71","591.01M","0.20%"
"10/21/2024","98,694.80","98,071.23","98,932.46","97,765.03","405.02M","0.64%"
"10/18/2024","98,070.47","98,140.05","98,140.05","97,484.10","358.84M","-0.01%"
"10/17/2024","98,081.38","98,291.53","98,321.71","97,644.48","239.31M","-0.21%"
"10/16/2024","98,291.53","98,545.95","98,576.72","98,194.41","257.53M","-0.25%"
"10/15/2024","98,540.93","98,215.13","98,573.12","98,215.13","286.04M","0.33%"
"10/14/2024","98,215.13","97,606.63","98,223.04","97,568.52","304.97M","0.62%"
"10/11/2024","97,606.63","97,477.19","97,654.74","97,434.68","304.39M","0.13%"
"10/10/2024","97,477.19","97,487.14","97,506.01","97,398.07","277.74M","-0.01%"
"10/09/2024","97,487.14","97,584.81","97,687.52","97,464.47","356.12M","-0.10%"
"10/08/2024","97,584.81","97,706.70","97,899.50","97,323.51","719.10M","-0.12%"
"10/07/2024","97,706.70","97,520.54","97,802.95","97,401.99","308.71M","0.19%"
"10/04/2024","97,520.54","97,064.42","97,632.32","96,945.89","320.70M","0.47%"
"10/03/2024","97,064.42","98,232.39","98,277.63","96,684.90","268.39M","-1.19%"
"10/02/2024","98,232.39","98,552.84","98,590.80","98,229.66","425.76M","-0.33%"
"09/30/2024","98,558.79","98,469.60","98,775.64","97,991.05","586.13M","0.10%"
"09/27/2024","98,458.68","98,523.56","98,555.64","98,432.09","797.21M","-0.07%"
"09/26/2024","98,523.56","98,987.42","99,175.85","98,436.83","344.35M","-0.47%"
"09/25/2024","98,987.42","98,568.59","99,101.04","98,566.49","603.30M","0.42%"
"09/24/2024","98,568.59","98,386.60","98,583.12","98,254.56","762.99M","0.18%"
"09/23/2024","98,386.60","98,397.91","98,522.39","98,301.25","410.42M","0.14%"
"09/20/2024","98,247.99","98,003.75","98,247.99","97,698.55","554.22M","0.20%"
"09/19/2024","98,049.04","98,230.92","98,230.92","98,004.69","456.97M","-0.19%"
"09/18/2024","98,230.92","97,582.57","98,238.25","97,582.57","361.30M","0.56%"
"09/17/2024","97,685.64","97,466.20","97,723.20","97,256.27","471.30M","0.24%"
"09/13/2024","97,456.62","97,143.86","97,460.08","97,101.82","412.90M","0.44%"
"09/12/2024","97,025.17","96,715.04","97,108.30","96,715.04","390.50M","0.32%"
"09/11/2024","96,715.04","96,802.80","96,875.78","96,702.26","600.03M","-0.09%"
"09/10/2024","96,802.80","96,205.85","96,802.80","96,151.57","400.54M","0.62%"
"09/09/2024","96,206.18","96,433.53","96,620.02","96,068.36","774.37M","-0.24%"
"09/06/2024","96,433.53","96,210.22","96,460.87","96,210.22","380.65M","0.23%"
"09/05/2024","96,210.20","96,537.48","96,537.48","96,092.31","388.59M","-0.34%"
"09/04/2024","96,537.48","96,830.46","96,836.49","96,525.21","389.22M","-0.35%"
"09/03/2024","96,873.74","96,962.75","97,005.19","96,780.65","473.00M","0.08%"
"09/02/2024","96,793.95","96,579.54","96,970.18","96,579.54","498.11M","0.22%"
"08/30/2024","96,580.01","96,409.53","96,719.61","96,409.50","573.96M","0.18%"
"08/29/2024","96,408.22","96,203.65","96,512.98","96,203.65","966.97M","0.21%"
"08/28/2024","96,203.99","96,510.13","96,746.42","96,137.14","446.61M","-0.32%"
"08/27/2024","96,510.13","96,037.28","96,526.78","96,037.28","443.15M","0.49%"
"08/26/2024","96,037.28","95,973.45","96,719.05","95,973.45","390.47M","0.07%"
"08/23/2024","95,973.45","95,718.05","95,973.45","95,717.31","327.28M","0.27%"
"08/22/2024","95,718.05","95,916.99","95,946.55","94,563.21","393.61M","-0.12%"
"08/21/2024","95,832.29","95,895.92","95,935.04","95,823.35","360.56M","-0.07%"
"08/20/2024","95,895.92","95,779.79","95,904.95","95,764.24","1.01B","0.12%"
"08/19/2024","95,781.68","97,100.31","97,505.39","95,634.97","405.24M","-1.36%"
"08/16/2024","97,100.31","97,100.36","97,158.87","97,066.43","348.95M","0.00%"
"08/15/2024","97,100.36","97,199.60","97,199.60","97,002.58","271.25M","-0.15%"
"08/14/2024","97,248.82","97,390.32","97,477.07","97,220.56","315.30M","-0.14%"
"08/13/2024","97,390.01","97,801.02","98,341.34","96,984.43","599.24M","-0.50%"
"08/12/2024","97,881.75","98,545.47","99,015.62","97,735.21","498.25M","-0.73%"
"08/09/2024","98,605.79","98,116.27","98,631.04","98,116.27","477.44M","0.50%"
"08/08/2024","98,118.30","97,101.80","98,118.30","97,101.80","604.26M","1.03%"
"08/07/2024","97,119.03","96,928.52","97,158.66","96,928.52","636.50M","0.20%"
"08/06/2024","96,928.52","97,582.41","97,742.13","96,843.07","449.18M","-0.67%"
"08/05/2024","97,582.41","97,751.75","97,939.56","97,460.12","323.93M","-0.17%"
"08/02/2024","97,745.73","97,359.91","97,746.55","97,359.91","210.89M","0.40%"
"08/01/2024","97,359.76","97,774.22","97,838.68","97,353.35","565.06M","-0.42%"
"07/31/2024","97,774.22","97,893.88","97,977.92","97,708.77","1.84B","-0.06%"
"07/30/2024","97,830.65","98,131.80","98,242.21","97,793.23","399.24M","-0.31%"
"07/29/2024","98,132.15","98,201.21","98,258.06","98,035.58","378.96M","-0.07%"
"07/26/2024","98,201.49","100,156.96","100,230.73","98,153.48","1.10B","-1.95%"
"07/25/2024","100,156.96","100,365.17","100,367.94","100,108.89","366.25M","-0.21%"
"07/24/2024","100,365.17","100,486.12","100,486.12","100,285.20","497.84M","-0.12%"
"07/23/2024","100,486.12","100,568.60","100,573.97","100,422.23","280.92M","-0.08%"
"07/22/2024","100,568.60","100,539.40","100,586.42","100,506.84","335.68M","0.03%"
"07/19/2024","100,539.40","100,503.21","100,541.76","100,315.93","603.87M","0.04%"
"07/18/2024","100,503.21","100,031.36","100,612.86","99,830.80","392.73M","0.47%"
"07/17/2024","100,032.32","100,075.59","100,277.80","99,955.79","1.10B","-0.04%"
"07/16/2024","100,075.59","99,938.56","100,077.30","99,891.74","368.36M","0.10%"
"07/15/2024","99,971.64","99,671.28","99,981.58","99,671.28","362.39M","0.30%"
"07/12/2024","99,671.28","99,468.90","99,753.65","99,417.91","420.87M","0.20%"
"07/11/2024","99,468.90","99,802.08","99,827.60","99,441.78","296.72M","-0.33%"
"07/10/2024","99,802.08","99,805.95","99,812.23","99,702.41","935.10M","0.00%"
"07/09/2024","99,805.95","100,006.79","100,006.79","99,781.65","304.12M","-0.20%"
"07/08/2024","100,007.11","100,022.03","100,022.23","99,894.52","689.96M","-0.01%"
"07/05/2024","100,022.03","100,063.32","100,102.79","99,877.68","412.64M","-0.04%"
"07/04/2024","100,063.55","100,299.48","100,388.76","99,864.15","863.57M","-0.24%"
"07/03/2024","100,299.48","100,071.30","100,308.97","100,071.30","342.19M","0.23%"
"07/02/2024","100,067.77","100,020.83","100,171.03","100,012.14","365.64M","0.05%"
"07/01/2024","100,020.83","100,057.49","100,094.51","99,972.31","274.67M","-0.04%"
"06/28/2024","100,057.49","99,396.23","100,067.68","99,396.23","509.70M","0.67%"
"06/27/2024","99,396.23","99,385.27","99,839.87","99,290.43","529.37M","0.01%"
"06/26/2024","99,385.44","99,214.77","99,439.15","99,214.76","276.35M","0.17%"
"06/25/2024","99,217.60","99,304.12","99,304.12","99,169.02","361.57M","-0.44%"
"06/24/2024","99,656.38","99,743.05","99,834.00","99,538.70","973.60M","-0.09%"
"06/21/2024","99,743.05","99,944.48","100,045.03","99,633.13","617.22M","-0.10%"
"06/20/2024","99,843.06","99,840.95","100,042.70","99,756.04","1.30B","0.00%"
"06/19/2024","99,842.19","99,925.29","100,119.76","99,778.78","1.38B","-0.08%"
"06/14/2024","99,925.88","99,836.64","99,925.88","99,712.74","318.09M","0.09%"
"06/13/2024","99,832.25","99,630.51","99,835.02","99,621.86","502.59M","0.20%"
"06/11/2024","99,630.51","99,784.64","99,929.39","99,571.82","848.94M","-0.16%"
"06/10/2024","99,793.71","99,221.14","99,793.71","99,221.14","963.51M","0.58%"
"06/07/2024","99,222.33","99,134.85","99,225.47","99,079.60","388.01M","0.09%"
"06/06/2024","99,134.85","99,284.38","99,297.56","99,086.88","309.79M","-0.15%"
"06/05/2024","99,284.38","99,051.02","99,284.38","98,893.55","308.05M","0.24%"
"06/04/2024","99,051.02","99,118.86","99,189.66","98,976.75","347.38M","-0.12%"
"06/03/2024","99,173.87","99,312.95","99,341.29","99,063.08","349.59M","-0.13%"
"05/31/2024","99,300.62","99,276.03","99,385.03","99,273.42","433.99M","0.02%"
"05/30/2024","99,276.03","98,830.73","99,281.72","98,788.44","309.70M","0.46%"
"05/29/2024","98,818.04","98,411.32","98,818.04","98,411.32","518.95M","0.44%"
"05/28/2024","98,383.04","97,863.34","98,383.04","97,857.87","559.61M","0.53%"
"05/27/2024","97,864.65","97,612.51","97,985.61","97,612.51","366.98M","0.26%"
"05/24/2024","97,612.51","97,978.02","98,068.35","97,556.60","769.09M","-0.37%"
"05/23/2024","97,978.26","98,128.00","98,144.45","97,742.84","316.45M","-0.15%"
"05/22/2024","98,129.16","98,285.56","98,374.11","98,082.05","271.71M","-0.16%"
"05/21/2024","98,285.33","98,205.20","98,396.52","98,175.79","222.79M","0.11%"
"05/20/2024","98,177.88","98,125.73","98,178.32","97,723.32","405.66M","0.05%"
"05/17/2024","98,125.73","98,156.71","98,208.81","97,984.19","140.75M","-0.03%"
"05/16/2024","98,156.71","97,343.42","98,156.71","96,961.25","295.45M","0.79%"
"05/15/2024","97,386.62","97,473.98","97,516.36","97,326.67","290.22M","-0.09%"
"05/14/2024","97,473.98","97,711.88","97,711.88","97,447.27","305.69M","-0.24%"
"05/13/2024","97,709.70","98,233.76","98,261.51","97,689.04","439.10M","-0.53%"
"05/10/2024","98,234.00","98,255.72","98,424.94","98,212.78","344.37M","-0.02%"
"05/09/2024","98,255.72","98,223.97","98,428.90","98,223.97","503.79M","0.03%"
"05/08/2024","98,223.97","98,228.50","98,248.87","98,048.96","319.07M","0.00%"
"05/07/2024","98,228.50","98,741.51","98,819.95","98,201.94","425.65M","-0.48%"
"05/06/2024","98,703.68","99,599.34","100,437.71","98,703.68","421.72M","-0.89%"
"05/03/2024","99,587.25","98,740.76","99,595.83","98,740.76","446.55M","0.83%"
"05/02/2024","98,762.78","98,224.53","98,763.02","98,224.53","665.18M","0.55%"
"04/30/2024","98,225.63","97,879.94","98,225.63","97,734.56","552.20M","0.27%"
"04/29/2024","97,962.24","98,152.91","98,311.09","97,836.54","277.24M","-0.22%"
"04/26/2024","98,176.76","98,169.30","98,200.52","97,980.56","265.07M","0.01%"
"04/25/2024","98,169.30","98,121.30","98,183.94","97,929.40","297.18M","0.03%"
"04/24/2024","98,135.42","99,289.56","99,383.80","98,135.42","395.19M","-1.18%"
"04/23/2024","99,311.54","99,588.89","99,758.16","99,293.28","453.65M","-0.40%"
"04/22/2024","99,706.40","99,539.75","99,846.26","99,507.03","306.60M","0.17%"
"04/19/2024","99,539.75","99,845.91","99,934.79","99,539.75","257.85M","-0.31%"
"04/18/2024","99,845.91","99,915.17","100,073.32","99,792.21","285.90M","-0.06%"
"04/17/2024","99,909.54","99,808.34","100,068.76","99,753.51","322.65M","-0.80%"
"04/16/2024","100,717.21","101,777.12","101,777.12","100,708.92","403.88M","-1.04%"
"04/15/2024","101,778.47","102,314.56","102,367.97","101,744.88","326.63M","-0.52%"
"04/12/2024","102,314.56","103,046.99","103,071.30","100,492.45","734.01M","-0.71%"
"04/08/2024","103,047.23","103,437.67","103,548.23","103,047.07","397.84M","-0.38%"
"04/05/2024","103,437.67","103,736.08","103,736.08","103,412.33","1.82B","-0.29%"
"04/04/2024","103,736.08","104,181.32","104,181.32","103,736.08","487.46M","-0.43%"
"04/03/2024","104,181.32","104,518.14","104,539.22","104,181.32","404.96M","-0.32%"
"04/02/2024","104,518.14","104,566.20","104,791.48","104,379.27","545.31M","-0.04%"
"03/28/2024","104,562.06","104,283.64","104,622.72","104,231.58","622.84M","0.27%"
"03/27/2024","104,283.64","103,952.47","104,292.34","103,844.41","499.37M","0.32%"
"03/26/2024","103,952.47","104,211.79","104,247.51","103,933.86","373.92M","-0.18%"
"03/25/2024","104,136.35","104,648.98","104,671.62","104,129.10","270.61M","-0.49%"
"03/22/2024","104,647.37","104,452.18","104,993.21","104,437.80","504.81M","0.25%"
"03/21/2024","104,387.47","104,256.81","104,475.70","103,888.54","336.45M","0.13%"
"03/20/2024","104,256.81","104,553.31","104,553.31","104,212.86","298.18M","-0.28%"
"03/19/2024","104,553.31","104,675.43","104,731.35","104,265.65","306.41M","-0.11%"
"03/18/2024","104,663.34","105,085.25","105,187.74","104,294.09","287.37M","-0.40%"
"03/15/2024","105,085.25","104,056.21","104,059.39","103,845.53","94.43M","0.99%"
"03/14/2024","104,056.21","104,005.87","104,148.35","103,886.07","226.20M","0.05%"
"03/13/2024","104,007.49","103,524.44","104,035.93","103,522.90","326.83M","0.47%"
"03/12/2024","103,524.44","102,044.84","103,524.44","102,044.84","565.12M","1.45%"
"03/11/2024","102,044.84","101,294.91","102,044.84","101,294.91","436.65M","0.70%"
"03/08/2024","101,330.85","100,338.07","101,788.26","100,338.07","357.93M","0.99%"
"03/07/2024","100,335.30","100,014.78","100,545.25","99,593.29","554.24M","0.75%"
"03/06/2024","99,591.64","99,057.15","99,653.22","99,033.51","416.34M","0.40%"
"03/05/2024","99,190.46","98,759.81","99,192.82","98,376.48","397.92M","0.35%"
"03/04/2024","98,847.89","98,751.98","99,290.05","98,503.61","428.99M","0.10%"
"03/01/2024","98,751.98","99,980.30","100,798.70","98,708.14","367.39M","-1.23%"
"02/29/2024","99,980.30","99,266.02","99,987.41","98,939.56","542.85M","0.68%"
"02/28/2024","99,302.57","100,495.20","100,495.20","99,283.18","396.12M","-1.27%"
"02/27/2024","100,582.89","101,995.53","102,026.73","100,582.89","280.31M","-1.39%"
"02/26/2024","101,995.53","102,088.07","102,340.40","101,852.39","294.22M","-0.09%"
"02/23/2024","102,088.30","101,239.10","102,099.55","101,177.81","290.89M","0.84%"
"02/22/2024","101,239.10","101,362.38","101,465.65","101,236.51","252.88M","-0.12%"
"02/21/2024","101,362.38","101,061.94","101,562.34","101,061.94","302.55M","0.30%"
"02/20/2024","101,060.67","102,393.23","102,690.03","101,047.68","256.04M","-1.30%"
"02/19/2024","102,393.23","105,722.78","106,087.84","102,395.21","270.76M","-3.15%"
"02/16/2024","105,722.78","104,856.60","105,740.36","104,856.60","342.42M","1.56%"
"02/15/2024","104,100.00","103,498.28","104,475.14","103,498.28","284.39M","0.58%"
"02/14/2024","103,498.28","101,708.50","104,260.66","101,708.50","426.75M","1.76%"
"02/13/2024","101,707.70","102,042.32","102,062.10","101,585.71","262.91M","-0.33%"
"02/12/2024","102,042.32","101,858.37","102,134.77","101,703.32","242.32M","0.18%"
"02/09/2024","101,858.37","101,257.38","102,011.43","101,192.24","321.78M","0.62%"
"02/08/2024","101,227.67","102,106.31","102,106.31","100,660.97","478.28M","-0.86%"
"02/07/2024","102,106.31","102,108.05","102,369.02","101,937.03","341.31M","0.00%"
"02/06/2024","102,108.05","103,659.81","103,784.49","102,033.20","494.09M","-1.50%"
"02/05/2024","103,659.81","104,421.23","104,964.59","103,648.33","841.44M","-0.73%"
"02/02/2024","104,421.23","102,804.77","104,590.52","102,804.77","943.33M","1.57%"
"02/01/2024","102,802.25","101,032.60","102,818.72","100,573.39","861.00M","1.63%"
"01/31/2024","101,154.46","103,154.72","104,467.07","101,115.56","749.00M","-1.90%"
"01/30/2024","103,110.15","104,699.66","104,706.12","102,885.14","648.95M","-1.49%"
"01/29/2024","104,674.67","102,401.88","105,005.75","100,682.64","689.93M","2.22%"
"01/26/2024","102,401.88","102,150.19","102,446.90","102,080.24","519.39M","0.25%"
"01/25/2024","102,149.93","101,571.11","102,149.93","101,470.48","504.19M","0.57%"
"01/24/2024","101,571.11","98,616.97","101,571.11","98,613.62","488.49M","3.00%"
"01/23/2024","98,616.97","95,768.12","98,947.31","95,732.95","747.51M","2.97%"
"01/22/2024","95,768.12","94,538.12","96,307.46","94,538.12","721.81M","1.30%"
"01/19/2024","94,538.12","91,891.55","94,538.12","91,793.80","844.49M","2.87%"
"01/18/2024","91,896.97","90,063.25","91,901.79","89,974.79","1.14B","2.04%"
"01/17/2024","90,063.25","87,971.10","90,234.77","87,971.10","1.30B","2.38%"
"01/16/2024","87,971.10","84,640.89","88,009.79","84,640.89","1.09B","3.93%"
"01/15/2024","84,640.89","83,029.97","84,640.89","82,949.40","807.50M","1.92%"
"01/12/2024","83,042.96","82,597.08","83,084.99","82,587.83","600.63M","0.54%"
"01/11/2024","82,597.08","82,024.38","82,647.54","81,640.42","877.25M","0.70%"
"01/10/2024","82,024.38","83,204.47","83,234.64","81,413.08","1.64B","-1.40%"
"01/09/2024","83,191.84","80,328.58","83,240.25","80,302.25","1.41B","3.56%"
"01/08/2024","80,328.58","79,664.66","80,328.58","79,562.13","1.19B","0.83%"
"01/05/2024","79,664.66","78,020.54","79,696.01","78,014.39","892.68M","2.11%"
"01/04/2024","78,020.54","77,544.52","78,179.12","77,544.52","984.19M","0.62%"
"01/03/2024","77,537.57","75,990.16","77,548.01","75,990.16","927.56M","2.04%"
"01/02/2024","75,990.88","74,773.98","76,034.56","74,747.64","515.81M","1.63%"
"12/29/2023","74,773.85","74,480.29","74,850.26","74,366.97","368.60M","0.36%"
"12/28/2023","74,502.58","73,768.64","74,502.58","73,734.59","384.58M","0.99%"
"12/27/2023","73,768.64","74,034.23","74,249.15","73,717.60","432.91M","-0.34%"
"12/22/2023","74,023.27","74,288.88","74,430.47","73,993.49","423.20M","-0.36%"
"12/21/2023","74,289.02","73,397.71","74,292.82","73,397.71","760.93M","1.21%"
"12/20/2023","73,397.71","72,470.10","73,402.67","72,470.10","552.22M","1.28%"
"12/19/2023","72,470.10","72,404.91","72,489.21","72,320.32","411.06M","0.09%"
"12/18/2023","72,404.91","72,389.23","72,413.13","72,276.75","324.15M","0.02%"
"12/15/2023","72,389.23","72,458.76","72,671.03","72,368.30","307.15M","-0.09%"
"12/14/2023","72,455.83","72,299.79","72,539.04","72,299.79","446.58M","0.22%"
"12/13/2023","72,299.79","71,907.26","72,300.61","71,907.26","433.18M","0.55%"
"12/12/2023","71,907.26","71,669.91","71,907.26","71,641.05","319.41M","0.33%"
"12/11/2023","71,669.91","71,559.10","71,685.84","71,503.35","375.31M","0.18%"
"12/08/2023","71,541.74","71,458.35","71,546.90","70,741.96","503.66M","0.12%"
"12/07/2023","71,457.92","71,811.51","71,859.23","71,418.82","436.56M","-0.49%"
"12/06/2023","71,808.64","71,250.17","71,866.37","71,242.31","690.01M","0.78%"
"12/05/2023","71,250.17","70,946.83","71,313.85","70,945.55","433.57M","0.43%"
"12/04/2023","70,946.83","71,420.38","71,607.91","70,941.82","358.51M","-0.66%"
"12/01/2023","71,419.87","71,365.27","71,456.61","71,350.81","361.12M","0.08%"
"11/30/2023","71,365.25","71,284.18","71,388.13","71,219.67","540.09M","0.11%"
"11/29/2023","71,283.34","71,041.29","71,360.17","71,005.37","360.60M","0.34%"
"11/28/2023","71,041.05","71,353.82","71,438.19","71,000.10","534.62M","-0.44%"
"11/27/2023","71,353.81","71,241.96","71,566.58","70,810.51","746.64M","0.17%"
"11/24/2023","71,230.49","71,049.18","71,244.95","71,045.31","582.76M","0.25%"
"11/23/2023","71,052.85","71,009.71","71,055.28","70,990.01","563.70M","0.07%"
"11/22/2023","71,003.98","71,067.29","71,089.79","70,968.35","428.44M","-0.09%"
"11/21/2023","71,066.55","71,008.99","71,079.86","71,007.28","491.40M","0.08%"
"11/20/2023","71,008.78","71,112.99","71,122.32","70,959.16","358.45M","-0.15%"
"11/17/2023","71,112.99","71,025.59","71,169.70","71,013.70","441.58M","0.12%"
"11/16/2023","71,025.16","71,014.12","71,080.30","71,011.23","483.80M","0.02%"
"11/15/2023","71,014.34","70,840.72","71,023.15","70,836.50","297.32M","0.19%"
"11/14/2023","70,876.35","70,612.81","70,876.35","70,609.14","327.43M","0.37%"
"11/13/2023","70,612.81","70,846.27","71,136.14","70,612.81","474.39M","-0.34%"
"11/10/2023","70,854.18","70,819.49","70,873.82","70,807.93","556.70M","0.05%"
"11/09/2023","70,819.58","70,775.13","70,888.97","70,645.15","569.19M","0.07%"
"11/08/2023","70,773.38","70,613.60","70,773.38","70,613.60","558.33M","0.23%"
"11/07/2023","70,613.60","70,479.62","70,625.53","70,456.92","449.28M","0.19%"
"11/06/2023","70,479.62","70,196.93","70,519.31","70,196.93","391.01M","0.40%"
"11/03/2023","70,196.93","70,042.28","70,532.21","69,807.45","410.36M","0.22%"
"11/02/2023","70,042.28","70,582.00","70,584.69","70,005.39","525.46M","-0.76%"
"11/01/2023","70,581.76","69,242.66","70,581.76","69,222.13","601.73M","1.94%"
"10/31/2023","69,236.19","68,111.71","69,264.12","68,111.71","483.27M","1.65%"
"10/30/2023","68,111.71","67,136.58","68,111.71","67,134.14","430.39M","1.45%"
"10/27/2023","67,136.58","67,095.50","67,235.67","67,083.31","214.15M","0.08%"
"10/26/2023","67,084.95","67,206.16","67,211.19","67,064.42","267.59M","-0.18%"
"10/25/2023","67,206.16","67,217.77","67,383.60","67,206.16","329.56M","-0.02%"
"10/24/2023","67,217.77","66,876.92","67,217.77","66,876.92","319.90M","0.51%"
"10/23/2023","66,876.92","66,915.41","66,924.82","66,860.14","314.62M","-0.06%"
"10/20/2023","66,915.41","67,098.80","67,098.80","66,909.15","205.88M","-0.27%"
"10/19/2023","67,098.80","67,353.23","67,355.60","67,083.20","298.69M","-0.38%"
"10/18/2023","67,353.23","67,326.12","67,440.22","67,326.12","397.56M","0.04%"
"10/17/2023","67,326.12","67,037.93","67,326.12","67,037.21","377.97M","0.43%"
"10/16/2023","67,037.93","67,200.03","67,303.23","67,022.49","216.07M","-0.24%"
"10/13/2023","67,200.69","67,122.84","67,214.30","67,121.04","224.07M","0.10%"
"10/12/2023","67,133.19","67,100.49","67,152.93","67,100.49","309.32M","0.05%"
"10/11/2023","67,100.49","66,984.32","67,190.54","66,981.09","410.32M","0.17%"
"10/10/2023","66,984.62","67,101.39","67,118.93","66,956.31","257.42M","-0.17%"
"10/09/2023","67,101.57","66,454.57","67,123.22","66,454.57","268.65M","0.97%"
"10/06/2023","66,454.57","66,582.64","67,188.68","66,210.45","374.09M","-0.17%"
"10/05/2023","66,570.19","66,481.99","66,570.19","66,474.70","357.45M","0.13%"
"10/04/2023","66,482.28","66,770.97","66,891.05","66,449.33","657.51M","-0.43%"
"10/03/2023","66,770.97","66,382.14","66,966.66","66,382.14","364.32M","0.59%"
"09/29/2023","66,382.14","66,448.63","66,508.55","65,865.33","292.94M","-0.10%"
"09/28/2023","66,448.63","66,665.16","66,710.95","66,399.02","273.80M","-0.31%"
"09/26/2023","66,652.17","66,882.64","66,937.30","66,218.36","363.94M","-0.34%"
"09/25/2023","66,882.64","67,227.17","67,281.98","66,882.64","408.19M","-0.66%"
"09/22/2023","67,324.59","68,271.58","68,310.80","67,277.43","1.03B","-1.39%"
"09/21/2023","68,271.14","68,336.40","68,377.26","68,215.40","1.12B","-0.09%"
"09/20/2023","68,335.72","68,363.77","68,495.83","68,113.02","566.63M","-0.03%"
"09/19/2023","68,359.22","67,878.20","68,370.90","67,878.20","676.74M","0.71%"
"09/18/2023","67,877.17","67,395.74","67,880.03","67,395.74","515.28M","0.71%"
"09/15/2023","67,395.74","67,335.30","67,398.60","67,199.04","408.87M","0.07%"
"09/14/2023","67,347.73","67,419.50","67,471.13","67,243.92","788.54M","-0.10%"
"09/13/2023","67,414.40","66,780.64","67,423.00","66,780.64","569.63M","0.98%"
"09/12/2023","66,760.20","67,198.77","67,198.77","66,485.44","645.51M","-0.80%"
"09/11/2023","67,296.18","68,143.34","68,162.71","67,284.52","520.13M","-1.24%"
"09/08/2023","68,143.34","68,082.11","68,199.65","68,082.11","483.49M","0.09%"
"09/07/2023","68,082.11","68,286.28","68,316.40","67,969.08","378.09M","-0.30%"
"09/06/2023","68,286.28","68,344.90","68,347.52","67,624.46","378.65M","-0.07%"
"09/05/2023","68,334.68","68,279.50","68,457.06","68,119.51","557.80M","0.08%"
"09/04/2023","68,279.14","67,568.03","68,302.55","67,568.03","744.76M","1.11%"
"09/01/2023","67,527.19","66,548.99","67,527.19","66,120.90","503.75M","1.47%"
"08/31/2023","66,548.99","66,439.53","66,548.99","66,225.71","620.95M","0.16%"
"08/30/2023","66,439.53","66,490.34","66,649.93","66,359.67","637.19M","-0.08%"
"08/29/2023","66,490.34","66,153.23","66,554.65","66,153.23","436.95M","0.51%"
"08/28/2023","66,151.38","65,558.91","66,165.04","65,558.91","311.12M","0.90%"
"08/25/2023","65,558.91","65,401.82","65,585.28","65,401.82","356.02M","0.24%"
"08/24/2023","65,401.82","65,493.10","66,185.04","65,368.54","583.09M","-0.14%"
"08/23/2023","65,492.92","65,488.67","65,567.61","65,416.76","348.32M","0.01%"
"08/22/2023","65,488.67","65,198.74","65,672.68","65,191.01","293.46M","0.44%"
"08/21/2023","65,202.41","64,721.09","65,202.41","64,690.33","231.60M","0.71%"
"08/18/2023","64,743.96","64,469.75","64,784.47","64,450.40","537.58M","0.12%"
"08/17/2023","64,663.78","64,625.28","64,663.78","64,452.84","320.35M","0.06%"
"08/16/2023","64,625.28","64,928.98","65,128.21","64,549.58","291.68M","-0.47%"
"08/15/2023","64,928.98","65,023.80","65,028.46","64,860.22","280.47M","-0.43%"
"08/14/2023","65,210.49","65,325.37","65,358.76","65,183.22","259.04M","-0.18%"
"08/11/2023","65,325.37","65,204.82","65,352.70","65,189.91","489.69M","0.18%"
"08/10/2023","65,205.35","64,167.39","65,205.35","64,154.19","361.20M","1.62%"
"08/09/2023","64,167.39","65,385.45","65,396.93","64,167.39","238.04M","-1.75%"
"08/08/2023","65,309.65","65,336.71","65,393.80","65,212.96","317.81M","-0.04%"
"08/07/2023","65,336.80","65,198.08","65,340.27","65,192.01","334.33M","0.21%"
"08/04/2023","65,198.08","65,263.06","65,309.66","64,910.29","363.14M","-0.10%"
"08/03/2023","65,263.06","64,267.36","65,323.20","64,267.36","445.28M","1.55%"
"08/02/2023","64,267.36","64,193.38","64,301.59","63,773.76","330.77M","0.12%"
"08/01/2023","64,192.20","64,337.30","64,340.24","64,003.17","762.10M","-0.23%"
"07/31/2023","64,337.52","65,056.39","65,075.94","64,296.31","673.42M","-1.10%"
"07/28/2023","65,056.39","65,482.91","65,482.91","64,957.85","459.77M","-0.65%"
"07/27/2023","65,482.91","65,687.16","65,730.63","65,436.85","509.25M","-0.31%"
"07/26/2023","65,687.16","65,992.29","66,009.80","65,549.37","500.40M","-0.46%"
"07/25/2023","65,991.02","65,268.28","66,017.94","65,072.82","553.52M","1.11%"
"07/24/2023","65,268.28","65,012.97","65,268.28","64,892.11","831.50M","0.41%"
"07/21/2023","65,003.39","63,938.12","65,015.76","63,938.12","770.78M","1.68%"
"07/20/2023","63,930.72","63,757.23","63,930.72","63,745.52","1.36B","0.27%"
"07/19/2023","63,757.23","63,766.72","63,835.33","63,580.77","473.49M","-0.01%"
"07/18/2023","63,766.72","62,943.35","63,766.72","62,874.10","868.80M","1.31%"
"07/17/2023","62,943.35","62,569.73","63,272.79","62,439.22","710.02M","0.60%"
"07/14/2023","62,569.73","62,748.94","63,076.58","62,441.33","600.49M","-0.29%"
"07/13/2023","62,748.94","64,046.61","64,095.69","62,729.77","798.47M","-2.03%"
"07/12/2023","64,046.93","65,669.29","65,669.29","63,880.87","1.16B","-2.47%"
"07/11/2023","65,669.29","64,603.69","65,999.97","64,516.55","844.72M","1.65%"
"07/10/2023","64,603.69","63,040.41","64,674.08","63,040.41","1.84B","2.48%"
"07/07/2023","63,040.87","62,023.17","63,040.87","62,023.17","1.23B","1.65%"
"07/06/2023","62,019.88","61,536.76","62,048.05","61,509.00","5.44B","0.81%"
"07/05/2023","61,523.57","60,720.02","61,572.41","60,705.92","846.32M","1.33%"
"07/04/2023","60,715.04","61,949.24","61,949.24","60,713.56","1.11B","-1.99%"
"07/03/2023","61,948.99","60,991.12","61,962.70","60,991.12","1.21B","1.61%"
"06/30/2023","60,968.27","60,109.02","60,968.82","60,109.02","998.08M","1.43%"
"06/27/2023","60,109.41","59,332.61","60,109.41","59,315.04","763.69M","1.30%"
"06/26/2023","59,338.76","59,208.11","59,500.39","59,197.74","552.68M","0.22%"
"06/23/2023","59,206.63","59,211.26","59,252.78","59,164.94","627.87M","-0.26%"
"06/22/2023","59,361.60","59,324.99","59,373.28","59,279.36","615.91M","0.06%"
"06/21/2023","59,323.95","59,110.60","59,399.54","59,097.09","643.03M","0.36%"
"06/20/2023","59,110.02","59,014.85","59,125.75","59,012.15","588.84M","0.16%"
"06/19/2023","59,016.12","59,000.96","59,227.72","58,925.92","892.95M","0.03%"
"06/16/2023","59,000.96","59,195.21","59,233.16","58,897.65","622.42M","-0.33%"
"06/15/2023","59,195.21","59,985.10","60,442.12","59,121.70","1.17B","-1.32%"
"06/14/2023","59,985.10","58,163.76","60,072.73","58,163.76","1.30B","3.13%"
"06/13/2023","58,163.55","55,930.97","58,195.59","55,930.97","1.19B","3.99%"
"06/09/2023","55,930.97","55,956.59","55,998.75","55,867.98","574.63M","-0.05%"
"06/08/2023","55,956.59","56,024.83","56,030.97","55,361.68","531.78M","-0.12%"
"06/07/2023","56,025.56","56,038.85","56,089.52","56,006.80","397.62M","-0.02%"
"06/06/2023","56,038.85","55,806.71","56,038.85","55,768.37","322.49M","0.42%"
"06/05/2023","55,807.09","55,820.50","55,820.50","55,694.52","369.75M","-0.03%"
"06/02/2023","55,822.82","55,808.25","55,828.59","55,570.81","455.76M","0.03%"
"06/01/2023","55,808.25","55,769.91","55,832.68","55,713.60","390.22M","0.07%"
"05/31/2023","55,769.28","55,741.49","55,800.21","55,436.50","661.51M","0.04%"
"05/30/2023","55,745.74","52,973.88","55,745.74","52,973.88","1.08B","5.23%"
"05/26/2023","52,973.88","52,821.60","52,991.18","52,415.13","461.78M","0.29%"
"05/25/2023","52,821.64","52,927.60","52,928.28","52,723.15","377.14M","-0.20%"
"05/24/2023","52,927.60","52,621.19","52,942.62","52,581.88","455.18M","0.58%"
"05/23/2023","52,621.19","52,374.89","52,621.19","52,361.95","350.97M","0.48%"
"05/22/2023","52,369.13","52,187.93","52,369.13","52,145.28","315.68M","0.35%"
"05/19/2023","52,187.93","52,109.45","52,187.93","52,064.86","584.66M","0.15%"
"05/18/2023","52,109.43","52,063.21","52,139.51","52,044.02","334.24M","-0.90%"
"05/17/2023","52,580.86","52,417.09","52,636.93","52,417.09","680.80M","0.31%"
"05/16/2023","52,419.33","52,231.29","52,436.45","52,231.29","576.85M","0.36%"
"05/15/2023","52,231.29","52,214.62","52,250.73","52,212.44","626.39M","0.03%"
"05/12/2023","52,214.62","52,162.14","52,215.66","52,159.75","1.42B","0.10%"
"05/11/2023","52,161.24","52,202.53","52,251.68","52,100.03","477.27M","-0.09%"
"05/10/2023","52,209.31","52,605.41","52,684.07","52,077.15","554.31M","-0.76%"
"05/09/2023","52,606.51","52,576.26","52,658.89","52,551.76","640.95M","0.05%"
"05/08/2023","52,579.52","52,465.33","52,622.37","52,465.33","511.37M","0.22%"
"05/05/2023","52,466.52","52,290.75","52,469.78","52,273.06","482.58M","0.34%"
"05/04/2023","52,290.75","52,207.77","52,308.82","52,207.77","770.12M","0.16%"
"05/03/2023","52,207.77","52,296.48","52,300.31","52,172.84","670.08M","-0.17%"
"05/02/2023","52,299.24","52,406.88","52,426.46","52,088.98","418.40M","-0.20%"
"04/28/2023","52,403.51","52,235.88","52,468.51","52,223.82","472.13M","0.32%"
"04/27/2023","52,235.88","52,097.62","52,308.30","52,084.74","2.33B","0.27%"
"04/26/2023","52,097.62","51,608.39","52,108.38","51,605.13","1.48B","0.81%"
"04/25/2023","51,681.01","51,407.96","51,681.55","51,407.96","541.96M","0.63%"
"04/20/2023","51,355.74","51,237.16","51,363.29","51,019.11","600.77M","0.29%"
"04/19/2023","51,209.01","51,138.92","51,209.01","51,138.92","216.53M","0.15%"
"04/18/2023","51,134.85","51,127.38","51,144.76","51,105.04","1.03B","0.03%"
"04/17/2023","51,120.94","51,709.50","51,710.82","51,095.23","226.59M","-1.51%"
"04/14/2023","51,903.61","51,944.58","51,954.90","51,886.65","260.70M","-0.08%"
"04/13/2023","51,944.58","51,953.41","51,981.35","51,941.27","302.92M","-0.02%"
"04/12/2023","51,953.41","51,952.99","51,960.77","51,935.95","255.16M","0.00%"
"04/11/2023","51,952.99","52,994.13","52,997.10","51,945.98","1.72B","-1.96%"
"04/06/2023","52,994.13","53,018.97","53,031.41","52,991.04","266.95M","-0.05%"
"04/05/2023","53,018.97","54,035.39","54,041.08","53,003.51","197.21M","-1.97%"
"04/04/2023","54,082.96","54,187.48","54,206.00","54,051.37","296.68M","-0.20%"
"04/03/2023","54,190.28","54,232.34","54,236.59","54,186.51","292.56M","-1.22%"
"03/31/2023","54,857.96","54,413.21","54,869.86","54,413.21","557.93M","0.82%"
"03/30/2023","54,413.21","53,603.80","54,413.21","53,603.80","973.58M","1.51%"
"03/29/2023","53,603.80","53,124.63","53,668.06","53,124.16","236.06M","0.20%"
"03/28/2023","53,498.27","53,750.77","53,876.52","53,498.27","202.85M","-0.47%"
"03/27/2023","53,750.77","54,780.44","54,780.44","53,750.77","100.88M","-2.08%"
"03/24/2023","54,892.53","54,924.08","54,944.30","54,314.52","137.56M","-0.06%"
"03/23/2023","54,924.08","54,936.11","54,951.96","54,919.50","117.85M","-0.02%"
"03/22/2023","54,936.11","54,904.68","54,959.44","54,904.68","134.15M","0.06%"
"03/21/2023","54,904.68","54,886.04","54,921.85","54,880.02","127.74M","0.03%"
"03/20/2023","54,888.48","54,915.39","54,997.28","54,856.36","1.17B","-0.09%"
"03/17/2023","54,935.20","54,915.61","54,948.43","54,913.86","156.97M","0.04%"
"03/16/2023","54,915.61","55,490.20","55,490.20","54,844.29","137.28M","-1.04%"
"03/15/2023","55,490.20","55,722.90","55,722.99","55,441.60","181.04M","-0.42%"
"03/14/2023","55,722.90","55,788.37","55,788.37","55,693.39","199.27M","-0.12%"
"03/13/2023","55,788.37","55,794.51","55,926.89","55,788.37","179.03M","-0.01%"
"03/10/2023","55,794.51","55,822.14","55,827.87","55,779.25","275.92M","-0.05%"
"03/09/2023","55,822.14","55,801.14","55,830.28","55,629.24","311.47M","0.04%"
"03/08/2023","55,801.14","55,603.94","55,820.42","55,596.67","152.74M","0.35%"
"03/07/2023","55,603.94","55,605.57","55,623.29","55,522.41","159.46M","0.00%"
"03/06/2023","55,605.57","55,529.21","55,645.51","55,515.15","123.54M","0.14%"
"03/03/2023","55,529.21","55,670.08","55,710.62","55,529.21","184.24M","-0.25%"
"03/02/2023","55,670.24","55,510.10","55,670.24","55,281.94","205.66M","0.29%"
"03/01/2023","55,508.61","55,806.26","55,985.47","55,385.90","232.58M","-0.53%"
"02/28/2023","55,806.26","55,328.42","55,819.41","55,322.01","237.09M","0.86%"
"02/27/2023","55,328.42","54,949.21","55,334.96","54,941.76","149.77M","0.69%"
"02/24/2023","54,949.21","54,811.59","54,955.12","54,787.29","119.09M","0.55%"
"02/23/2023","54,646.38","54,315.53","54,646.38","54,315.42","142.04M","0.61%"
"02/22/2023","54,315.53","54,189.31","54,315.53","54,182.36","129.85M","0.23%"
"02/21/2023","54,189.31","54,224.35","54,224.54","54,182.61","129.11M","-0.06%"
"02/20/2023","54,224.35","53,804.46","54,229.61","53,796.91","154.61M","0.78%"
"02/17/2023","53,804.46","54,520.20","54,553.73","53,804.46","172.90M","-1.32%"
"02/16/2023","54,521.49","54,507.66","54,547.20","54,506.43","125.85M","0.03%"
"02/15/2023","54,507.66","54,496.31","54,513.44","54,475.44","134.43M","0.02%"
"02/14/2023","54,496.31","54,364.67","54,542.10","54,338.99","177.90M","0.24%"
"02/13/2023","54,364.67","54,327.30","54,378.64","54,327.30","140.64M","0.07%"
"02/10/2023","54,327.30","54,359.90","54,383.13","54,301.52","175.66M","-0.06%"
"02/09/2023","54,359.90","54,427.05","54,429.93","54,358.20","225.38M","-0.12%"
"02/08/2023","54,427.05","54,299.57","54,441.81","54,285.38","151.58M","0.23%"
"02/07/2023","54,299.76","54,367.86","54,369.44","54,236.37","200.04M","-0.13%"
"02/06/2023","54,367.74","54,213.09","54,367.74","54,206.40","191.64M","0.29%"
"02/03/2023","54,213.09","53,998.12","54,213.09","53,994.01","267.99M","0.40%"
"02/02/2023","53,998.12","53,499.31","53,998.12","53,483.40","2.87B","0.93%"
"02/01/2023","53,499.68","53,238.67","53,499.68","53,234.31","200.37M","0.49%"
"01/31/2023","53,238.67","53,157.49","53,299.54","53,157.49","250.19M","0.15%"
"01/30/2023","53,157.83","52,649.24","53,167.11","52,639.28","201.36M","0.95%"
"01/27/2023","52,657.88","52,752.96","52,753.28","52,213.70","171.11M","-0.18%"
"01/26/2023","52,752.96","52,599.65","52,752.96","52,599.65","139.68M","0.29%"
"01/25/2023","52,599.65","52,612.55","52,636.48","52,477.59","119.79M","-0.02%"
"01/24/2023","52,612.55","52,657.69","52,691.04","52,533.14","182.39M","-0.09%"
"01/23/2023","52,657.69","52,594.68","52,657.69","52,585.64","143.73M","0.12%"
"01/20/2023","52,594.68","52,626.42","52,642.34","52,586.87","443.75M","-0.06%"
"01/19/2023","52,626.42","52,615.51","52,631.80","52,603.89","129.03M","0.02%"
"01/18/2023","52,615.51","52,701.31","52,718.70","52,558.62","217.95M","-0.16%"
"01/17/2023","52,701.31","52,343.41","52,737.72","52,329.29","228.49M","0.67%"
"01/16/2023","52,348.82","52,512.48","52,519.61","52,348.82","220.65M","-0.31%"
"01/13/2023","52,512.48","52,048.85","52,512.48","52,048.85","216.92M","0.89%"
"01/12/2023","52,048.85","51,729.87","52,495.11","51,696.17","211.69M","0.62%"
"01/11/2023","51,729.87","51,446.60","51,746.32","51,369.76","281.80M","0.55%"
"01/10/2023","51,446.60","51,693.08","51,712.97","51,220.23","345.49M","-0.49%"
"01/09/2023","51,700.36","51,222.34","51,841.05","51,207.13","229.22M","0.93%"
"01/06/2023","51,222.34","50,868.52","51,222.34","50,830.51","195.71M","0.70%"
"01/05/2023","50,868.52","51,657.56","51,785.05","50,842.95","138.72M","-1.53%"
"01/04/2023","51,657.56","51,598.35","51,668.24","51,198.49","265.73M","0.12%"
"01/03/2023","51,595.66","51,251.06","51,595.66","51,241.36","129.17M","0.67%"
"12/30/2022","51,251.06","50,294.60","51,346.08","50,247.57","890.15M","1.89%"
"12/29/2022","50,300.00","49,934.60","50,313.18","49,934.60","297.94M","0.73%"
"12/28/2022","49,934.60","49,706.09","49,934.60","49,695.81","498.73M","0.46%"
"12/23/2022","49,706.09","49,499.43","49,737.10","49,493.53","140.32M","0.42%"
"12/22/2022","49,499.43","49,475.43","49,525.32","49,398.37","132.51M","0.05%"
"12/21/2022","49,475.43","49,416.51","49,492.97","49,416.51","411.15M","0.12%"
"12/20/2022","49,416.18","49,414.96","49,446.36","49,382.43","100.06M","0.00%"
"12/19/2022","49,414.96","49,316.20","49,414.96","49,316.20","76.74M","0.20%"
"12/16/2022","49,316.29","49,233.02","49,340.28","49,222.58","103.66M","0.17%"
"12/15/2022","49,233.02","48,988.04","49,249.96","48,979.10","222.74M","0.50%"
"12/14/2022","48,988.04","48,853.54","49,045.36","48,853.54","88.02M","0.28%"
"12/13/2022","48,853.54","48,899.08","49,101.57","48,820.32","162.87M","-0.09%"
"12/12/2022","48,899.08","48,881.93","48,901.96","48,853.33","236.58M","0.04%"
"12/09/2022","48,881.93","48,365.14","48,881.93","48,365.14","100.82M","1.07%"
"12/08/2022","48,365.14","48,426.49","48,572.14","48,183.06","148.16M","-0.13%"
"12/07/2022","48,426.49","48,366.69","48,426.49","48,348.67","146.21M","0.12%"
"12/06/2022","48,366.69","48,270.23","48,399.33","48,269.48","184.62M","0.20%"
"12/05/2022","48,270.23","48,154.65","48,373.03","48,154.65","185.11M","0.24%"
"12/02/2022","48,154.65","47,656.64","48,198.48","47,656.64","159.81M","1.04%"
"12/01/2022","47,656.64","47,660.04","47,769.38","47,537.87","172.89M","-0.01%"
"11/30/2022","47,660.04","47,322.97","47,662.71","47,318.90","107.02M","0.71%"
"11/29/2022","47,322.97","47,436.45","47,450.71","47,299.16","120.94M","-0.24%"
"11/28/2022","47,436.45","47,554.34","47,576.00","47,389.79","279.28M","-0.25%"
"11/25/2022","47,554.34","46,604.94","47,562.29","46,424.60","98.98M","2.04%"
"11/24/2022","46,604.94","46,232.60","46,604.94","46,186.63","138.60M","0.81%"
"11/23/2022","46,232.37","44,934.73","46,233.18","44,899.66","185.59M","2.90%"
"11/22/2022","44,929.33","44,662.96","44,976.21","44,662.96","126.08M","0.51%"
"11/21/2022","44,701.84","44,492.73","44,701.84","44,492.73","159.56M","0.47%"
"11/18/2022","44,492.73","44,011.22","44,492.73","44,001.70","146.68M","1.09%"
"11/17/2022","44,011.22","44,046.94","44,052.82","43,969.57","97.70M","-0.09%"
"11/16/2022","44,050.44","43,808.25","44,050.44","43,808.25","159.43M","0.55%"
"11/15/2022","43,808.25","43,818.12","43,857.81","43,788.18","103.42M","-0.02%"
"11/14/2022","43,818.12","43,956.76","43,956.76","43,770.82","187.08M","-0.34%"
"11/11/2022","43,968.75","43,943.46","43,994.65","43,924.32","209.71M","0.06%"
"11/10/2022","43,942.82","43,477.48","44,287.55","43,393.20","404.99M","1.07%"
"11/09/2022","43,477.48","43,461.60","44,071.41","43,448.58","133.40M","0.04%"
"11/08/2022","43,461.60","44,269.43","44,293.10","43,439.72","249.91M","-1.82%"
"11/07/2022","44,269.43","44,269.18","44,272.07","44,217.38","103.26M","0.00%"
"11/04/2022","44,269.18","44,236.70","44,275.32","44,171.50","356.73M","0.07%"
"11/03/2022","44,236.70","44,283.02","44,286.16","44,209.17","215.11M","-0.10%"
"11/02/2022","44,283.02","43,745.73","44,283.02","43,626.57","155.41M","1.23%"
"11/01/2022","43,745.73","43,835.94","43,968.82","43,657.95","172.87M","-0.21%"
"10/31/2022","43,839.08","43,910.65","43,912.82","43,650.20","160.91M","-0.17%"
"10/28/2022","43,912.64","44,625.18","44,625.18","43,671.26","122.79M","-1.60%"
"10/27/2022","44,625.18","44,859.78","44,883.39","44,615.15","150.97M","-0.52%"
"10/26/2022","44,859.78","44,788.14","44,887.55","44,767.49","93.51M","0.16%"
"10/25/2022","44,788.14","44,461.63","44,824.37","44,266.04","159.21M","0.73%"
"10/24/2022","44,461.63","44,396.73","44,491.61","44,368.24","72.32M","0.15%"
"10/21/2022","44,396.73","44,332.21","44,403.55","44,332.21","95.08M","0.15%"
"10/20/2022","44,332.21","44,318.15","44,341.65","44,294.21","119.22M","0.03%"
"10/19/2022","44,318.15","45,366.32","45,505.22","44,302.24","165.35M","-2.31%"
"10/18/2022","45,366.32","46,365.95","46,365.95","44,937.92","420.16M","-2.16%"
"10/17/2022","46,365.95","47,569.04","47,588.29","46,343.39","137.88M","-2.53%"
"10/14/2022","47,569.04","47,524.38","47,579.14","47,428.96","124.41M","0.09%"
"10/13/2022","47,524.38","47,531.84","47,550.47","47,486.80","86.54M","-0.02%"
"10/12/2022","47,531.84","47,565.92","47,572.78","47,529.93","155.18M","-0.07%"
"10/11/2022","47,565.92","47,351.43","47,664.66","47,195.25","125.65M","0.45%"
"10/07/2022","47,351.43","47,260.89","47,351.62","47,257.30","137.28M","0.19%"
"10/06/2022","47,260.89","48,836.70","48,890.97","47,238.35","140.66M","-3.23%"
"10/05/2022","48,836.70","48,879.74","48,919.32","48,818.20","135.52M","-0.09%"
"10/04/2022","48,879.74","49,035.07","49,038.76","48,865.47","173.46M","-0.29%"
"09/30/2022","49,024.16","48,967.56","49,024.16","48,945.43","356.73M","0.12%"
"09/29/2022","48,964.83","49,171.70","49,218.17","48,947.91","220.78M","-0.42%"
"09/28/2022","49,171.70","49,161.45","49,258.73","49,119.51","101.57M","0.02%"
"09/27/2022","49,161.45","49,189.32","49,223.31","49,154.50","206.20M","-0.12%"
"09/26/2022","49,218.35","49,053.91","49,226.12","49,053.91","119.28M","0.39%"
"09/23/2022","49,026.62","49,190.34","49,309.63","48,994.15","169.18M","-0.33%"
"09/22/2022","49,190.34","49,421.91","49,424.82","49,164.75","126.74M","-0.47%"
"09/21/2022","49,421.91","49,446.18","49,455.99","49,318.55","51.88M","-0.05%"
"09/20/2022","49,445.31","49,440.21","49,446.01","49,378.93","147.59M","0.01%"
"09/19/2022","49,440.21","49,475.42","49,479.45","49,400.12","67.37M","-0.07%"
"09/16/2022","49,475.42","49,540.48","49,543.81","49,470.28","107.49M","-0.13%"
"09/15/2022","49,540.48","49,578.83","49,579.34","49,534.65","167.60M","-0.07%"
"09/14/2022","49,576.05","49,627.72","49,637.12","49,573.60","197.26M","-0.10%"
"09/13/2022","49,627.72","49,625.71","49,655.34","49,612.40","147.46M","0.00%"
"09/12/2022","49,626.05","49,695.12","49,703.85","49,626.05","86.59M","-0.14%"
"09/09/2022","49,695.12","49,652.25","49,697.61","49,652.25","319.09M","0.09%"
"09/08/2022","49,652.25","49,599.73","49,658.07","49,577.38","161.88M","0.03%"
"09/07/2022","49,635.76","49,644.92","49,654.72","49,616.03","128.94M","-0.02%"
"09/06/2022","49,644.92","49,991.41","49,994.14","49,639.64","138.94M","-0.69%"
"09/05/2022","49,991.41","50,045.83","50,084.83","49,988.28","200.92M","-0.11%"
"09/02/2022","50,045.83","49,889.80","50,056.30","49,889.80","240.02M","0.31%"
"09/01/2022","49,889.88","49,836.51","49,934.20","49,836.51","229.12M","0.11%"
"08/31/2022","49,836.51","49,642.69","49,836.51","49,642.69","367.34M","0.39%"
"08/30/2022","49,642.69","49,676.75","49,682.93","49,625.32","125.95M","-0.07%"
"08/29/2022","49,676.75","49,682.15","49,686.95","49,624.28","232.94M","-0.01%"
"08/26/2022","49,682.15","49,661.87","49,728.46","49,628.73","193.51M","0.04%"
"08/25/2022","49,661.87","48,675.24","49,662.09","48,670.87","226.47M","2.03%"
"08/24/2022","48,675.33","48,554.76","48,681.00","48,554.76","167.57M","0.22%"
"08/23/2022","48,567.14","49,344.67","49,344.67","48,511.58","204.15M","-1.58%"
"08/22/2022","49,346.40","49,370.62","49,381.15","49,334.23","122.73M","-0.05%"
"08/19/2022","49,370.62","49,395.43","49,432.87","49,367.26","132.20M","-0.35%"
"08/18/2022","49,546.38","49,691.17","49,694.34","49,487.74","146.99M","-0.29%"
"08/17/2022","49,691.17","49,709.46","49,712.96","49,681.24","128.79M","-0.04%"
"08/16/2022","49,709.46","49,629.43","49,737.86","49,629.43","204.16M","0.10%"
"08/15/2022","49,657.33","49,664.07","49,724.70","49,373.13","210.83M","-0.01%"
"08/12/2022","49,664.07","50,017.51","50,017.51","49,371.37","272.07M","-0.70%"
"08/11/2022","50,014.60","50,075.47","50,256.83","50,009.12","133.59M","-0.12%"
"08/10/2022","50,075.47","49,350.71","50,127.02","49,337.73","279.22M","1.47%"
"08/09/2022","49,350.71","50,489.73","50,489.73","49,342.60","140.58M","-2.26%"
"08/08/2022","50,489.73","50,722.33","50,740.18","50,489.07","207.20M","-0.46%"
"08/05/2022","50,722.33","50,582.30","50,722.33","50,556.70","148.81M","0.28%"
"08/04/2022","50,582.30","50,594.97","50,720.86","50,372.55","130.44M","-0.03%"
"08/03/2022","50,594.97","50,626.04","50,647.19","50,242.94","121.16M","-0.06%"
"08/02/2022","50,626.04","49,950.32","50,626.04","49,950.32","129.16M","1.35%"
"08/01/2022","49,950.32","50,370.25","50,372.43","49,886.94","176.05M","-0.83%"
"07/29/2022","50,370.25","49,702.07","50,370.25","49,687.77","243.29M","1.42%"
"07/28/2022","49,667.14","50,182.73","50,182.73","49,603.12","206.21M","-1.04%"
"07/27/2022","50,188.55","50,442.37","50,447.87","50,163.40","192.41M","-0.50%"
"07/26/2022","50,442.37","51,400.53","51,405.60","50,409.90","156.17M","-1.86%"
"07/25/2022","51,400.53","51,979.92","51,979.92","51,327.74","98.75M","-1.11%"
"07/22/2022","51,979.92","52,122.00","52,129.19","51,979.92","205.06M","-0.27%"
"07/21/2022","52,122.00","52,186.52","52,204.52","52,098.87","151.94M","-0.12%"
"07/20/2022","52,186.52","52,308.88","52,310.53","52,142.18","238.27M","-0.23%"
"07/19/2022","52,308.88","52,319.94","52,333.28","52,250.79","205.60M","-0.02%"
"07/18/2022","52,319.94","52,215.12","52,510.17","52,215.12","116.28M","0.20%"
"07/15/2022","52,215.12","51,339.01","52,542.93","51,330.29","190.10M","1.71%"
"07/14/2022","51,338.27","51,390.25","51,390.25","51,304.74","115.25M","-0.44%"
"07/13/2022","51,567.69","51,557.41","51,584.83","51,507.55","198.79M","0.02%"
"07/08/2022","51,557.41","51,563.73","51,581.17","51,546.84","115.13M","-0.01%"
"07/07/2022","51,563.73","51,556.54","51,570.71","51,530.40","143.28M","0.01%"
"07/06/2022","51,556.54","51,586.50","51,612.97","51,553.86","135.26M","-0.06%"
"07/05/2022","51,586.50","51,795.23","51,807.97","51,571.37","234.48M","-0.40%"
"07/04/2022","51,791.45","51,829.67","51,871.89","51,713.99","194.08M","-0.07%"
"07/01/2022","51,829.67","51,817.59","51,829.67","51,769.02","127.03M","0.02%"
"06/30/2022","51,817.59","51,802.48","51,991.27","51,759.56","223.10M","0.03%"
"06/29/2022","51,802.48","51,803.98","51,810.45","51,789.90","416.47M","0.00%"
"06/28/2022","51,803.98","51,962.85","51,975.06","51,779.76","314.60M","-0.31%"
"06/27/2022","51,962.85","51,705.61","51,986.94","51,703.49","266.51M","0.50%"
"06/24/2022","51,705.61","51,618.73","51,708.52","51,618.73","156.09M","0.17%"
"06/23/2022","51,618.73","51,377.21","51,740.21","51,375.06","223.25M","0.47%"
"06/22/2022","51,377.21","51,093.23","51,377.21","50,628.40","229.26M","0.56%"
"06/21/2022","51,091.75","50,755.98","51,213.17","50,532.29","166.96M","0.66%"
"06/20/2022","50,756.74","51,778.08","51,804.21","50,750.60","196.26M","-1.97%"
"06/17/2022","51,778.08","52,411.09","52,451.43","51,755.18","241.19M","-1.21%"
"06/16/2022","52,411.09","52,775.40","52,783.52","52,374.04","211.61M","-0.69%"
"06/15/2022","52,775.40","53,113.64","53,113.64","52,773.20","188.09M","-0.64%"
"06/14/2022","53,114.65","53,201.38","53,202.13","53,097.77","299.81M","-0.16%"
"06/10/2022","53,201.38","53,170.73","53,201.38","53,136.98","273.24M","0.06%"
"06/09/2022","53,170.73","53,183.99","53,206.08","53,166.01","318.42M","-0.04%"
"06/08/2022","53,193.98","53,270.88","53,270.88","53,190.75","248.94M","-0.14%"
"06/07/2022","53,270.88","53,086.46","53,276.66","53,046.72","234.62M","0.35%"
"06/06/2022","53,086.86","52,908.24","53,090.16","52,889.13","755.62M","0.34%"
"06/03/2022","52,908.24","52,815.78","52,925.86","52,803.19","280.87M","0.13%"
"06/02/2022","52,840.14","52,974.15","52,989.45","52,831.61","274.42M","-0.25%"
"06/01/2022","52,974.15","52,990.28","53,045.12","52,952.24","295.34M","-1.24%"
"05/31/2022","53,637.14","53,772.14","53,787.30","53,608.72","318.27M","-0.25%"
"05/30/2022","53,772.35","54,085.30","54,085.30","53,735.83","227.55M","-0.58%"
"05/27/2022","54,085.30","53,151.32","54,290.84","53,151.32","208.08M","1.76%"
"05/26/2022","53,151.32","52,591.41","53,161.43","52,587.01","266.18M","1.06%"
"05/25/2022","52,591.41","51,949.64","52,594.84","51,574.46","382.45M","1.24%"
"05/24/2022","51,949.64","52,911.51","52,911.51","51,940.57","720.12M","-1.82%"
"05/23/2022","52,911.51","52,979.96","53,009.50","52,909.10","263.24M","-0.13%"
"05/20/2022","52,979.96","53,275.49","53,774.61","52,951.38","436.56M","-0.55%"
"05/19/2022","53,275.49","52,721.34","53,281.31","52,717.88","274.41M","1.05%"
"05/18/2022","52,721.34","52,756.62","52,793.13","52,721.34","611.83M","-0.07%"
"05/17/2022","52,756.62","52,944.44","52,950.34","52,756.62","552.47M","-0.36%"
"05/16/2022","52,944.65","53,098.46","53,098.46","52,896.88","374.18M","-0.29%"
"05/13/2022","53,100.21","52,917.76","53,100.21","52,898.90","303.48M","0.34%"
"05/12/2022","52,917.76","52,844.84","53,069.29","52,843.48","426.02M","0.15%"
"05/11/2022","52,838.45","51,805.41","53,064.58","51,805.41","417.26M","1.99%"
"05/10/2022","51,805.41","51,902.48","51,902.48","51,562.68","331.35M","-0.19%"
"05/09/2022","51,903.44","50,935.79","51,956.75","50,922.91","337.43M","1.90%"
"05/06/2022","50,937.01","50,838.10","50,993.59","50,838.10","466.28M","0.20%"
"05/05/2022","50,835.95","50,126.41","50,835.95","50,113.49","462.40M","1.42%"
"05/04/2022","50,126.41","49,640.30","50,132.88","49,636.44","669.27M","0.98%"
"04/29/2022","49,638.94","48,840.49","49,638.94","48,840.43","319.35M","1.64%"
"04/28/2022","48,837.76","48,571.75","48,853.68","48,571.75","759.65M","0.55%"
"04/27/2022","48,571.75","48,568.57","48,620.21","48,551.58","246.70M","0.01%"
"04/26/2022","48,568.57","48,543.36","48,662.06","48,540.73","464.73M","0.02%"
"04/25/2022","48,558.91","48,459.65","48,562.20","48,089.55","328.38M","0.20%"
"04/22/2022","48,459.65","48,236.08","48,459.65","48,229.10","342.14M","0.49%"
"04/21/2022","48,223.86","48,138.71","48,223.86","48,132.09","244.69M","0.18%"
"04/20/2022","48,138.71","47,545.86","48,138.71","47,503.00","349.48M","1.25%"
"04/19/2022","47,545.86","47,510.38","47,551.72","47,459.18","365.45M","-0.03%"
"04/14/2022","47,558.45","47,367.31","47,600.37","47,367.31","385.18M","0.40%"
"04/13/2022","47,367.31","47,205.03","47,388.15","47,188.10","391.89M","0.34%"
"04/12/2022","47,205.03","46,872.25","47,231.66","46,872.25","245.42M","0.72%"
"04/11/2022","46,867.95","46,631.46","46,871.63","46,624.78","224.63M","0.51%"
"04/08/2022","46,631.46","46,543.51","46,631.46","46,542.14","154.10M","0.19%"
"04/07/2022","46,543.51","46,771.62","46,806.53","46,524.68","244.02M","-0.48%"
"04/06/2022","46,766.16","46,775.76","46,785.41","46,751.63","261.59M","-0.02%"
"04/05/2022","46,777.37","46,687.85","46,792.30","46,675.80","257.40M","0.19%"
"04/04/2022","46,687.85","46,844.13","46,844.13","46,654.45","219.50M","-0.33%"
"04/01/2022","46,842.86","46,963.75","46,973.78","46,780.08","257.29M","-0.26%"
"03/31/2022","46,965.48","46,904.48","46,983.32","46,832.26","256.02M","0.13%"
"03/30/2022","46,904.48","46,843.09","46,916.17","46,824.71","201.15M","0.13%"
"03/29/2022","46,843.09","46,893.86","46,905.13","46,831.85","214.32M","-0.12%"
"03/28/2022","46,898.23","46,958.95","46,966.36","46,754.39","359.89M","-0.14%"
"03/25/2022","46,964.23","46,958.68","46,993.74","46,957.13","177.09M","0.01%"
"03/24/2022","46,961.62","47,016.50","47,017.08","46,931.38","214.70M","-0.43%"
"03/23/2022","47,163.94","47,156.56","47,167.97","47,132.62","267.48M","0.02%"
"03/22/2022","47,156.56","47,251.93","47,251.93","47,125.55","303.46M","-0.20%"
"03/21/2022","47,251.93","47,282.67","47,282.67","47,196.55","213.56M","-0.07%"
"03/18/2022","47,282.67","47,353.22","47,353.22","47,221.34","599.49M","-0.15%"
"03/17/2022","47,353.22","47,364.46","47,398.80","47,338.91","239.73M","-0.02%"
"03/16/2022","47,364.46","47,340.86","47,373.96","47,338.48","145.83M","0.05%"
"03/15/2022","47,340.86","47,428.67","47,431.39","47,334.64","183.26M","-0.19%"
"03/14/2022","47,428.67","47,437.48","47,466.61","47,358.72","1.28B","-0.02%"
"03/11/2022","47,437.48","47,363.98","47,437.48","47,234.26","1.15B","0.16%"
"03/10/2022","47,363.98","47,287.09","47,383.77","47,180.59","261.56M","0.16%"
"03/09/2022","47,287.09","47,154.35","47,292.91","47,129.66","336.30M","0.28%"
"03/08/2022","47,154.35","47,262.61","47,283.62","47,122.34","754.93M","-0.23%"
"03/07/2022","47,262.61","47,268.61","47,309.80","47,223.94","291.88M","-0.01%"
"03/04/2022","47,268.61","47,296.07","47,298.15","47,253.88","179.28M","-0.06%"
"03/03/2022","47,296.07","47,360.79","47,404.02","47,202.60","243.42M","-0.14%"
"03/02/2022","47,360.79","47,482.73","47,486.15","47,313.53","279.95M","-0.26%"
"03/01/2022","47,482.73","47,394.53","47,613.70","47,358.48","370.44M","0.19%"
"02/28/2022","47,394.53","47,328.42","47,394.53","47,328.42","300.62M","0.14%"
"02/25/2022","47,328.42","47,272.04","47,378.54","47,264.97","253.29M","0.12%"
"02/24/2022","47,272.04","47,207.27","47,295.28","47,207.27","340.66M","0.14%"
"02/23/2022","47,207.27","47,246.90","47,265.69","47,207.27","230.65M","-0.08%"
"02/22/2022","47,246.90","47,233.91","47,282.44","47,233.91","421.78M","0.03%"
"02/21/2022","47,233.91","47,140.48","47,243.74","47,139.80","421.36M","0.20%"
"02/18/2022","47,140.48","47,102.64","47,142.51","47,091.67","344.69M","0.08%"
"02/17/2022","47,102.64","47,109.25","47,128.46","47,074.78","357.74M","-0.01%"
"02/16/2022","47,109.25","47,064.82","47,199.41","47,051.36","318.25M","0.09%"
"02/15/2022","47,064.82","47,063.28","47,107.99","47,046.93","274.20M","0.00%"
"02/14/2022","47,066.77","47,202.30","47,232.47","47,011.74","338.02M","-0.29%"
"02/11/2022","47,202.30","47,286.34","47,301.44","47,129.45","311.49M","-0.18%"
"02/10/2022","47,286.34","47,157.23","47,286.34","47,154.06","198.08M","0.27%"
"02/09/2022","47,157.23","47,057.24","47,157.23","47,057.24","297.00M","0.21%"
"02/08/2022","47,057.24","47,203.39","47,203.39","47,037.24","238.22M","-0.31%"
"02/07/2022","47,203.39","47,279.92","47,324.09","47,198.42","285.47M","-0.16%"
"02/04/2022","47,279.92","47,329.80","47,329.80","47,263.54","225.69M","-0.11%"
"02/03/2022","47,329.80","46,930.66","47,335.63","46,860.85","346.70M","0.85%"
"02/02/2022","46,930.66","47,113.95","47,131.29","46,901.44","434.94M","-0.38%"
"02/01/2022","47,111.21","46,630.13","47,126.27","46,626.42","341.50M","1.04%"
"01/31/2022","46,624.67","46,206.65","46,628.34","46,183.34","435.79M","0.91%"
"01/28/2022","46,205.05","46,009.23","46,207.24","46,009.23","313.44M","0.43%"
"01/27/2022","46,009.23","46,529.99","46,769.16","46,000.72","279.44M","-1.12%"
"01/26/2022","46,529.99","45,939.51","46,905.63","45,939.51","328.98M","1.29%"
"01/25/2022","45,939.51","45,928.27","45,939.66","45,898.24","247.68M","0.02%"
"01/24/2022","45,928.27","45,957.35","45,966.26","45,921.75","278.44M","-0.06%"
"01/21/2022","45,957.35","45,890.52","45,957.35","45,875.04","281.59M","0.15%"
"01/20/2022","45,890.52","45,430.14","45,890.52","45,395.57","355.91M","1.01%"
"01/19/2022","45,430.14","44,655.89","45,430.40","44,352.61","252.94M","1.73%"
"01/18/2022","44,655.89","44,402.39","44,663.47","44,401.63","235.23M","0.58%"
"01/17/2022","44,399.66","44,454.67","44,768.94","44,390.49","214.31M","-0.12%"
"01/14/2022","44,454.67","44,604.74","44,614.64","44,334.33","405.73M","-0.34%"
"01/13/2022","44,604.74","44,608.82","44,621.66","44,582.61","321.75M","-0.01%"
"01/12/2022","44,608.82","43,859.30","44,609.24","43,858.36","266.31M","1.71%"
"01/11/2022","43,859.30","43,897.13","44,083.08","43,855.54","294.54M","-0.09%"
"01/10/2022","43,897.13","43,854.42","44,345.64","43,854.42","310.90M","0.10%"
"01/07/2022","43,854.42","43,605.21","43,857.60","43,605.21","395.15M","0.57%"
"01/06/2022","43,607.94","43,476.75","43,607.94","43,145.77","174.61M","0.30%"
"01/05/2022","43,476.75","43,026.23","43,476.75","42,479.57","1.24B","1.05%"
"01/04/2022","43,026.23","42,716.44","43,052.31","42,651.87","216.65M","0.73%"
"12/31/2021","42,716.44","41,822.29","42,725.80","41,768.16","455.21M","2.16%"
"12/30/2021","41,813.27","41,807.10","41,815.32","41,753.53","359.96M","0.01%"
"12/29/2021","41,807.10","42,262.85","42,295.21","41,745.37","180.15M","-1.08%"
"12/24/2021","42,262.85","42,230.48","42,269.66","42,217.46","111.84M","0.08%"
"12/23/2021","42,230.48","42,244.22","42,263.82","42,207.99","211.08M","-0.03%"
"12/22/2021","42,244.22","42,388.57","42,390.74","42,240.71","224.02M","-0.34%"
"12/21/2021","42,388.57","42,391.31","42,408.73","42,377.62","275.93M","-0.01%"
"12/20/2021","42,394.71","42,353.31","42,464.09","42,351.93","142.07M","0.10%"
"12/17/2021","42,353.31","42,270.23","42,404.62","42,270.23","341.68M","0.20%"
"12/16/2021","42,270.23","42,357.36","42,386.83","42,262.85","249.43M","-0.21%"
"12/15/2021","42,357.36","42,317.52","42,374.92","42,294.66","226.18M","0.09%"
"12/14/2021","42,317.52","42,411.12","42,411.12","42,301.42","270.09M","-0.22%"
"12/13/2021","42,411.12","41,882.97","42,582.94","41,816.06","229.62M","1.26%"
"12/10/2021","41,882.97","41,685.22","41,882.97","41,684.07","444.93M","0.47%"
"12/09/2021","41,685.22","42,435.16","42,446.44","41,527.21","473.37M","-1.77%"
"12/08/2021","42,435.16","42,018.14","42,445.32","42,000.96","649.76M","0.99%"
"12/07/2021","42,018.92","42,008.60","42,041.37","41,927.22","639.43M","0.02%"
"12/06/2021","42,008.60","42,164.51","42,192.71","41,980.53","422.18M","-0.38%"
"12/03/2021","42,167.91","42,248.76","42,263.97","42,137.26","180.70M","-0.19%"
"12/02/2021","42,247.98","42,463.16","42,465.57","42,241.65","324.01M","-0.51%"
"12/01/2021","42,463.16","43,248.05","43,248.30","42,463.16","335.47M","-1.81%"
"11/30/2021","43,248.05","43,270.94","43,275.21","43,200.59","224.91M","-0.05%"
"11/29/2021","43,270.94","43,303.76","43,319.46","43,248.91","213.12M","-0.09%"
"11/26/2021","43,308.29","43,108.77","43,334.93","43,069.97","305.32M","0.46%"
"11/25/2021","43,108.77","43,250.34","43,250.34","43,094.14","266.11M","-0.32%"
"11/24/2021","43,245.02","43,265.36","43,302.59","43,233.98","243.17M","-0.02%"
"11/23/2021","43,255.14","43,260.13","43,285.89","43,234.57","217.97M","-0.03%"
"11/22/2021","43,266.27","43,199.27","43,290.20","43,199.27","433.59M","0.16%"
"11/19/2021","43,199.27","43,285.97","43,288.25","43,150.47","199.52M","-0.20%"
"11/18/2021","43,285.97","43,355.54","43,362.77","43,285.03","209.64M","-0.15%"
"11/17/2021","43,349.90","43,444.20","43,495.91","43,346.72","264.79M","-0.24%"
"11/16/2021","43,455.82","43,230.34","43,469.31","43,175.64","423.82M","0.52%"
"11/15/2021","43,230.34","43,253.01","43,298.86","43,176.42","293.43M","-0.05%"
"11/12/2021","43,253.01","43,549.28","43,616.34","43,247.79","314.85M","-0.82%"
"11/11/2021","43,609.06","43,707.30","43,709.28","43,589.26","161.30M","-0.22%"
"11/10/2021","43,707.30","43,730.55","44,068.70","43,685.97","270.68M","-0.05%"
"11/09/2021","43,730.55","43,246.87","43,895.46","43,245.14","280.70M","1.12%"
"11/08/2021","43,246.87","42,013.72","43,246.87","41,976.30","443.60M","2.93%"
"11/05/2021","42,014.50","41,943.83","42,014.50","41,943.83","277.04M","0.17%"
"11/04/2021","41,943.83","41,975.45","41,985.99","41,930.73","160.88M","-0.08%"
"11/03/2021","41,975.45","42,013.39","42,042.45","41,964.97","292.94M","-0.09%"
"11/02/2021","42,013.39","41,977.10","42,151.04","41,969.42","318.91M","0.09%"
"11/01/2021","41,976.79","42,038.60","42,047.50","41,976.79","377.93M","-0.15%"
"10/29/2021","42,038.60","41,961.14","42,054.18","41,950.82","334.74M","0.18%"
"10/28/2021","41,961.14","41,779.27","41,975.68","41,778.54","558.89M","0.41%"
"10/27/2021","41,790.26","41,814.94","41,814.94","41,766.41","284.60M","-0.06%"
"10/26/2021","41,814.94","41,814.74","41,856.59","41,744.38","348.33M","0.00%"
"10/25/2021","41,814.74","41,763.26","41,868.43","41,738.33","674.50M","0.12%"
"10/22/2021","41,763.26","41,704.11","41,770.57","41,691.69","510.18M","0.14%"
"10/21/2021","41,704.11","41,249.71","41,744.32","41,230.41","216.18M","1.10%"
"10/20/2021","41,249.71","41,144.67","41,278.17","41,083.89","499.51M","0.26%"
"10/18/2021","41,144.67","41,438.15","41,438.93","41,125.06","338.72M","-0.71%"
"10/15/2021","41,438.15","41,129.98","41,438.15","41,023.53","728.96M","0.75%"
"10/14/2021","41,129.98","41,051.19","41,144.99","41,041.35","908.05M","0.19%"
"10/13/2021","41,051.19","40,896.96","41,072.67","40,896.96","446.17M","0.38%"
"10/12/2021","40,897.19","40,714.00","40,914.83","40,714.00","563.88M","0.45%"
"10/11/2021","40,714.22","40,868.36","40,877.68","40,596.68","191.25M","-0.38%"
"10/08/2021","40,868.36","40,829.15","40,884.80","40,808.72","331.04M","0.10%"
"10/07/2021","40,829.15","40,820.31","40,842.93","40,764.21","339.29M","0.16%"
"10/06/2021","40,765.20","40,716.66","40,883.39","40,716.66","400.64M","0.12%"
"10/05/2021","40,716.66","40,243.05","40,722.95","40,241.49","432.99M","1.18%"
"10/04/2021","40,243.05","40,221.17","40,266.46","40,221.17","202.35M","0.05%"
"09/30/2021","40,221.17","39,590.91","40,221.17","39,073.90","282.81M","1.59%"
"09/29/2021","39,592.29","38,858.99","39,592.29","38,854.32","474.37M","1.89%"
"09/28/2021","38,858.99","38,864.33","38,864.56","38,841.84","526.30M","-0.01%"
"09/27/2021","38,864.33","38,962.28","38,965.30","38,511.97","139.42M","-0.25%"
"09/24/2021","38,962.28","38,874.69","38,962.28","38,832.05","633.52M","0.23%"
"09/23/2021","38,874.13","38,852.69","38,889.58","38,848.18","125.80M","0.06%"
"09/22/2021","38,852.69","38,873.85","38,874.92","38,846.86","155.38M","-0.05%"
"09/21/2021","38,873.85","38,906.42","38,906.82","38,849.57","184.44M","-0.08%"
"09/20/2021","38,906.42","38,943.87","38,961.46","38,900.92","181.95M","-0.10%"
"09/17/2021","38,943.87","38,911.31","38,943.87","38,873.71","155.10M","0.08%"
"09/16/2021","38,911.31","38,968.34","38,968.34","38,908.10","130.18M","-0.15%"
"09/15/2021","38,968.34","38,920.50","38,968.34","38,858.01","141.37M","0.12%"
"09/14/2021","38,920.50","38,915.62","38,936.99","38,897.68","228.48M","0.01%"
"09/13/2021","38,915.62","38,921.78","38,943.24","38,911.36","201.10M","-0.02%"
"09/10/2021","38,921.78","39,201.33","39,201.33","38,887.11","154.56M","-0.71%"
"09/09/2021","39,201.33","39,204.52","39,216.34","39,177.84","350.50M","-0.01%"
"09/08/2021","39,204.52","39,251.29","39,258.21","39,195.82","354.05M","-0.12%"
"09/07/2021","39,251.29","39,252.89","39,273.75","39,241.54","355.94M","0.00%"
"09/06/2021","39,252.98","39,261.01","39,290.84","39,237.81","210.95M","-0.02%"
"09/03/2021","39,261.01","39,252.19","39,261.01","39,220.04","180.29M","0.02%"
"09/02/2021","39,252.19","39,184.18","39,252.19","39,158.88","262.14M","0.17%"
"09/01/2021","39,184.22","39,220.18","39,233.36","39,170.92","169.30M","-0.09%"
"08/31/2021","39,219.61","39,326.67","39,334.88","39,204.49","425.66M","-0.27%"
"08/30/2021","39,326.67","39,485.65","39,534.81","39,294.21","301.01M","-0.40%"
"08/27/2021","39,485.65","39,477.41","39,511.75","39,462.40","232.85M","0.02%"
"08/26/2021","39,477.18","39,449.82","39,482.35","39,449.82","186.32M","0.07%"
"08/25/2021","39,450.00","39,460.90","39,481.65","39,438.30","197.40M","-0.03%"
"08/24/2021","39,460.68","39,434.69","39,466.71","39,429.68","196.81M","0.07%"
"08/23/2021","39,434.69","39,483.15","39,494.93","39,424.95","210.93M","-0.12%"
"08/20/2021","39,483.08","39,666.88","39,678.04","39,472.65","280.57M","-0.47%"
"08/19/2021","39,670.29","39,539.65","39,670.29","39,462.39","201.84M","0.32%"
"08/18/2021","39,545.67","39,550.36","39,550.38","39,538.29","132.08M","-0.01%"
"08/17/2021","39,550.36","39,505.40","39,550.36","39,257.85","110.77M","0.11%"
"08/16/2021","39,508.41","39,522.34","39,524.53","39,474.46","141.24M","-0.06%"
"08/13/2021","39,533.97","39,490.06","39,534.46","39,489.70","188.74M","0.11%"
"08/12/2021","39,490.06","39,448.46","39,582.30","39,356.59","570.20M","0.11%"
"08/11/2021","39,448.46","39,176.62","39,451.50","39,176.62","181.40M","0.69%"
"08/10/2021","39,176.62","38,565.04","39,198.50","38,544.57","224.56M","1.58%"
"08/09/2021","38,567.26","38,810.75","38,837.34","38,551.25","194.95M","-0.63%"
"08/06/2021","38,811.11","38,803.85","38,894.87","38,803.85","167.68M","0.02%"
"08/05/2021","38,801.51","38,927.83","38,950.74","38,797.27","139.78M","-0.32%"
"08/04/2021","38,927.83","38,917.99","38,931.12","38,894.15","206.26M","0.03%"
"08/03/2021","38,917.99","38,604.72","38,927.75","38,604.72","231.42M","0.81%"
"08/02/2021","38,604.72","38,547.08","38,658.71","38,532.78","244.28M","0.15%"
"07/30/2021","38,547.08","38,484.82","38,560.99","38,484.59","387.13M","0.16%"
"07/29/2021","38,484.82","38,791.03","38,791.03","38,356.43","259.97M","-0.79%"
"07/28/2021","38,791.03","38,813.36","38,829.61","38,788.73","237.45M","-0.03%"
"07/27/2021","38,802.15","38,849.08","38,882.79","38,794.38","243.07M","-0.12%"
"07/26/2021","38,849.08","38,667.90","38,852.10","38,662.82","246.50M","0.47%"
"07/23/2021","38,667.90","38,585.52","38,667.90","38,578.85","230.25M","0.21%"
"07/22/2021","38,585.52","37,952.65","38,597.88","37,933.38","203.11M","1.67%"
"07/19/2021","37,952.65","37,947.18","37,953.35","37,912.50","462.79M","0.01%"
"07/16/2021","37,947.18","37,868.05","37,954.67","37,868.05","266.75M","0.21%"
"07/15/2021","37,866.90","37,872.55","37,889.44","37,855.92","159.99M","-0.01%"
"07/14/2021","37,872.55","37,857.24","37,872.55","37,805.95","197.23M","0.04%"
"07/13/2021","37,857.24","37,857.89","37,881.58","37,846.94","197.27M","0.00%"
"07/12/2021","37,857.89","37,994.19","37,994.27","37,852.03","187.24M","-0.36%"
"07/09/2021","37,994.19","38,468.50","38,472.14","37,980.21","241.84M","-1.23%"
"07/08/2021","38,467.64","38,501.31","38,501.31","38,425.98","220.16M","-0.03%"
"07/07/2021","38,478.26","38,421.60","38,497.97","38,403.30","280.26M","0.17%"
"07/06/2021","38,413.33","38,220.01","38,416.78","38,220.01","274.47M","0.49%"
"07/05/2021","38,224.74","38,212.01","38,243.00","38,189.99","270.28M","0.01%"
"07/02/2021","38,219.88","37,898.56","38,219.88","37,890.50","194.57M","0.85%"
"07/01/2021","37,898.59","37,907.43","37,911.82","37,892.20","205.45M","-0.02%"
"06/30/2021","37,907.28","37,640.75","37,907.42","37,640.75","213.70M","0.78%"
"06/29/2021","37,612.72","37,585.25","37,612.72","37,555.30","215.99M","-0.12%"
"06/28/2021","37,656.68","37,658.26","37,671.53","37,634.80","157.73M","0.01%"
"06/25/2021","37,653.12","37,954.35","38,036.47","37,639.93","191.23M","-0.76%"
"06/24/2021","37,941.85","37,804.46","37,965.04","37,800.89","149.40M","0.36%"
"06/23/2021","37,804.46","37,847.07","37,851.38","37,804.46","208.36M","-0.11%"
"06/22/2021","37,847.07","38,545.30","38,545.30","37,831.20","218.27M","-2.15%"
"06/21/2021","38,678.48","38,648.91","38,678.48","38,623.99","209.21M","0.10%"
"06/18/2021","38,641.33","38,615.11","38,648.91","38,607.39","220.61M","0.07%"
"06/17/2021","38,614.45","38,570.72","38,624.53","38,570.72","157.74M","0.15%"
"06/16/2021","38,557.11","38,507.29","38,557.23","38,455.41","296.46M","0.15%"
"06/15/2021","38,501.03","39,156.28","39,168.59","38,491.86","284.62M","-1.68%"
"06/11/2021","39,157.29","39,210.10","39,262.71","39,130.07","289.07M","-0.13%"
"06/10/2021","39,210.10","39,170.95","39,210.10","39,159.50","158.36M","0.10%"
"06/09/2021","39,170.95","38,881.70","39,177.51","38,881.70","181.49M","0.74%"
"06/08/2021","38,881.70","38,686.40","38,881.70","38,661.48","218.51M","0.50%"
"06/07/2021","38,688.98","38,726.10","38,726.10","38,669.01","210.65M","-0.10%"
"06/04/2021","38,726.10","38,548.24","38,726.10","38,529.70","199.06M","0.45%"
"06/03/2021","38,551.06","38,482.52","38,551.06","38,438.16","249.69M","0.18%"
"06/02/2021","38,482.52","38,414.37","38,488.30","38,370.69","156.91M","0.18%"
"06/01/2021","38,414.37","38,437.88","38,457.39","38,395.37","274.85M","-0.06%"
"05/31/2021","38,437.88","38,256.24","38,441.83","38,256.24","201.86M","0.47%"
"05/28/2021","38,256.99","38,044.58","38,257.10","37,563.79","228.66M","0.53%"
"05/27/2021","38,056.21","38,233.68","38,300.48","38,056.21","214.17M","-0.46%"
"05/26/2021","38,233.68","38,256.76","38,271.94","38,226.89","203.09M","-0.06%"
"05/25/2021","38,256.76","38,287.58","38,288.39","38,246.33","250.20M","-0.22%"
"05/24/2021","38,341.66","38,324.07","38,382.35","38,324.07","141.09M","0.05%"
"05/21/2021","38,324.07","38,328.13","38,331.63","38,282.64","174.27M","-0.01%"
"05/20/2021","38,328.13","38,445.09","38,453.56","38,284.56","156.99M","-0.31%"
"05/19/2021","38,446.09","39,022.52","39,105.55","38,416.50","153.64M","-1.48%"
"05/18/2021","39,023.28","39,306.47","39,308.06","38,850.57","204.65M","-0.72%"
"05/17/2021","39,307.19","39,483.51","39,483.51","39,303.31","357.45M","-0.47%"
"05/14/2021","39,494.70","39,382.96","39,494.70","39,377.01","219.55M","0.28%"
"05/11/2021","39,382.96","39,312.86","39,436.28","39,280.91","295.87M","0.18%"
"05/10/2021","39,312.74","39,198.75","39,409.17","39,198.75","324.19M","0.29%"
"05/07/2021","39,198.75","39,114.73","39,199.15","39,109.37","238.93M","0.21%"
"05/06/2021","39,114.73","39,433.81","39,450.68","39,037.63","402.51M","-0.87%"
"05/05/2021","39,456.64","39,801.78","39,805.18","39,456.64","349.56M","-0.87%"
"05/04/2021","39,801.78","39,834.42","39,875.66","39,783.59","426.51M","-0.10%"
"04/30/2021","39,840.28","39,450.91","39,840.28","39,356.83","328.34M","0.96%"
"04/29/2021","39,460.65","38,781.48","39,468.34","38,738.06","270.68M","0.39%"
"04/28/2021","39,306.65","39,305.48","39,338.82","39,268.19","259.51M","0.00%"
"04/27/2021","39,308.23","39,318.52","39,327.41","39,272.01","252.57M","-0.03%"
"04/26/2021","39,319.75","39,301.82","39,332.42","39,256.36","329.74M","0.05%"
"04/23/2021","39,301.82","39,131.80","39,303.64","39,125.90","286.97M","0.43%"
"04/22/2021","39,131.80","39,128.34","39,151.08","39,099.93","228.11M","0.01%"
"04/21/2021","39,128.34","39,015.58","39,138.66","38,975.68","239.25M","0.29%"
"04/20/2021","39,015.58","38,848.02","39,026.75","38,841.84","339.01M","0.41%"
"04/19/2021","38,854.73","38,816.45","38,857.73","38,806.28","508.63M","0.12%"
"04/16/2021","38,808.01","38,571.98","38,808.01","38,540.66","262.46M","0.61%"
"04/15/2021","38,571.89","38,646.59","38,647.14","38,570.87","319.43M","-0.17%"
"04/14/2021","38,636.15","38,601.83","38,636.15","38,578.27","278.04M","0.09%"
"04/13/2021","38,601.83","38,715.37","38,751.16","38,586.28","208.72M","-0.29%"
"04/12/2021","38,712.55","38,866.39","38,874.45","38,712.55","194.02M","-0.40%"
"04/09/2021","38,866.39","38,799.83","38,895.88","38,715.16","160.65M","-0.03%"
"04/08/2021","38,876.25","38,774.03","38,889.35","38,749.95","145.32M","0.26%"
"04/07/2021","38,774.03","38,766.61","38,785.59","38,596.16","356.46M","0.02%"
"04/06/2021","38,766.61","38,917.02","38,928.89","38,740.85","224.59M","-0.42%"
"04/01/2021","38,930.68","39,053.44","39,053.44","38,881.17","239.42M","-0.29%"
"03/31/2021","39,045.13","39,267.11","39,271.46","39,014.82","347.17M","-0.57%"
"03/30/2021","39,267.11","39,498.99","39,572.26","39,247.36","336.13M","-0.57%"
"03/29/2021","39,493.37","39,216.20","39,523.05","39,205.53","522.14M","0.71%"
"03/26/2021","39,216.70","39,291.89","39,292.69","39,156.01","250.91M","-0.19%"
"03/25/2021","39,293.14","39,085.78","39,293.14","39,085.78","228.69M","0.53%"
"03/24/2021","39,085.78","38,707.78","39,110.55","38,695.24","361.84M","0.98%"
"03/23/2021","38,704.97","38,722.87","38,952.06","38,696.85","410.38M","-0.05%"
"03/22/2021","38,722.87","38,392.58","38,722.87","38,379.19","277.24M","0.89%"
"03/19/2021","38,382.39","38,923.84","39,053.85","38,309.63","290.62M","-1.37%"
"03/18/2021","38,914.84","38,706.13","38,930.82","38,706.13","1.47B","0.54%"
"03/17/2021","38,706.13","38,720.81","38,720.81","38,643.06","177.40M","-0.04%"
"03/16/2021","38,720.81","38,541.25","38,846.27","38,531.86","220.86M","0.41%"
"03/15/2021","38,561.84","38,646.39","38,653.42","38,528.55","161.08M","-0.22%"
"03/12/2021","38,648.48","38,697.17","38,704.44","38,486.13","292.88M","-0.15%"
"03/11/2021","38,707.87","38,931.25","38,937.07","38,666.54","168.88M","-0.57%"
"03/10/2021","38,931.25","38,686.85","38,966.38","38,677.30","368.21M","0.63%"
"03/09/2021","38,686.85","39,396.57","39,396.57","38,683.85","471.84M","-1.80%"
"03/08/2021","39,396.57","39,331.61","39,412.27","39,319.17","297.26M","0.17%"
"03/05/2021","39,331.61","39,364.67","39,373.19","39,227.15","587.74M","-0.08%"
"03/04/2021","39,364.67","39,525.06","39,566.70","39,327.13","493.07M","-0.40%"
"03/03/2021","39,522.06","39,697.62","39,722.41","39,459.18","244.34M","-0.44%"
"03/02/2021","39,697.62","39,931.63","39,939.18","39,668.22","222.57M","-0.59%"
"03/01/2021","39,931.63","39,799.89","39,984.05","39,799.89","543.99M","0.33%"
"02/26/2021","39,799.89","40,095.49","40,095.49","39,792.23","507.12M","-0.74%"
"02/25/2021","40,095.49","40,221.30","40,221.41","40,088.05","326.04M","-0.31%"
"02/24/2021","40,221.30","40,149.18","40,304.02","40,149.18","469.56M","0.14%"
"02/23/2021","40,164.86","40,154.09","40,229.25","40,132.11","337.95M","0.03%"
"02/22/2021","40,154.09","40,186.70","40,235.62","40,146.46","289.34M","-0.08%"
"02/19/2021","40,186.70","40,212.19","40,235.53","40,128.24","307.79M","-0.06%"
"02/18/2021","40,212.19","40,465.32","40,473.43","40,196.50","426.27M","-0.63%"
"02/17/2021","40,465.32","40,494.35","40,581.13","40,237.64","244.20M","-0.07%"
"02/16/2021","40,494.35","40,571.67","40,641.60","40,494.35","356.43M","-0.19%"
"02/15/2021","40,573.31","40,439.85","40,573.31","40,361.30","206.24M","0.33%"
"02/12/2021","40,439.85","41,014.30","41,024.81","39,918.38","395.42M","-1.40%"
"02/11/2021","41,014.30","40,697.56","41,016.74","40,326.21","1.27B","0.78%"
"02/10/2021","40,696.01","41,510.16","41,510.16","40,659.98","366.81M","-1.96%"
"02/09/2021","41,510.16","41,564.31","41,573.18","41,510.16","305.91M","-0.14%"
"02/08/2021","41,566.86","41,709.09","41,737.05","41,536.70","340.49M","-0.34%"
"02/05/2021","41,709.09","41,785.80","41,785.80","41,522.14","482.32M","-0.18%"
"02/04/2021","41,785.80","42,000.01","42,033.76","41,758.03","629.53M","-0.51%"
"02/03/2021","42,000.01","42,043.79","42,043.79","41,953.90","504.94M","-0.10%"
"02/02/2021","42,043.79","42,357.90","42,374.14","42,023.46","563.22M","-0.74%"
"02/01/2021","42,357.90","42,412.66","42,472.56","42,338.85","586.93M","-0.13%"
"01/29/2021","42,412.66","42,170.25","42,444.22","42,126.97","669.87M","0.58%"
"01/28/2021","42,169.41","41,928.57","42,192.82","41,924.82","555.52M","0.57%"
"01/27/2021","41,930.73","41,584.94","41,936.48","41,584.94","543.74M","0.83%"
"01/26/2021","41,584.94","41,088.96","41,589.56","41,087.40","468.03M","1.21%"
"01/25/2021","41,088.96","41,001.99","41,092.23","40,973.85","332.68M","0.21%"
"01/22/2021","41,001.99","41,100.62","41,100.62","40,997.06","591.46M","-0.24%"
"01/21/2021","41,099.15","41,147.72","41,157.70","40,997.39","1.12B","-0.12%"
"01/20/2021","41,147.72","41,051.63","41,147.72","41,050.20","649.65M","0.23%"
"01/19/2021","41,051.63","41,080.94","41,109.33","41,034.75","912.86M","-0.07%"
"01/18/2021","41,082.38","41,176.14","41,234.99","40,830.65","1.01B","-0.23%"
"01/15/2021","41,176.14","40,963.14","41,202.65","40,963.14","666.73M","0.52%"
"01/14/2021","40,963.14","40,345.72","40,963.14","40,345.72","809.36M","1.54%"
"01/13/2021","40,341.05","40,295.95","40,553.56","40,295.95","468.33M","0.11%"
"01/12/2021","40,295.95","40,150.78","40,295.95","39,724.26","1.17B","0.36%"
"01/11/2021","40,150.78","40,120.22","40,150.78","40,095.09","335.64M","0.07%"
"01/08/2021","40,123.71","40,590.85","40,657.30","40,004.27","333.31M","-1.15%"
"01/07/2021","40,590.85","40,465.15","40,620.02","40,310.36","229.88M","0.34%"
"01/06/2021","40,452.07","40,396.14","40,465.15","40,388.30","249.53M","0.14%"
"01/05/2021","40,396.14","41,148.02","41,149.86","40,142.94","465.68M","-1.83%"
"01/04/2021","41,147.39","40,287.71","41,154.33","40,284.00","211.88M","2.18%"
"12/31/2020","40,270.72","39,515.31","40,279.29","39,507.24","710.56M","1.92%"
"12/30/2020","39,512.31","39,110.17","39,601.97","39,107.50","372.93M","1.03%"
"12/29/2020","39,110.17","38,800.01","39,134.37","38,775.26","722.57M","0.80%"
"12/24/2020","38,800.01","38,803.74","38,873.10","38,798.18","389.66M","-0.01%"
"12/23/2020","38,803.74","37,893.61","38,809.25","37,893.19","467.13M","2.40%"
"12/22/2020","37,893.61","37,443.40","37,952.36","37,443.40","442.22M","1.20%"
"12/21/2020","37,443.40","36,798.74","37,494.76","36,798.74","427.06M","1.74%"
"12/18/2020","36,804.75","36,239.62","36,808.29","36,239.62","426.33M","1.56%"
"12/17/2020","36,239.62","35,493.15","36,239.62","35,493.15","343.64M","2.10%"
"12/16/2020","35,493.15","35,225.22","35,554.11","35,225.22","648.99M","0.76%"
"12/15/2020","35,225.22","34,843.44","35,227.32","34,834.78","264.23M","1.10%"
"12/14/2020","34,843.44","34,250.74","34,877.29","34,206.48","208.07M","1.73%"
"12/11/2020","34,250.74","34,576.49","34,666.79","34,145.13","796.07M","-0.94%"
"12/10/2020","34,577.26","35,021.26","35,021.26","34,501.85","553.95M","-1.27%"
"12/09/2020","35,021.26","35,033.74","35,039.80","35,001.14","283.09M","-0.04%"
"12/08/2020","35,033.74","35,064.36","35,081.67","35,020.79","307.72M","-0.09%"
"12/07/2020","35,064.36","35,137.99","35,140.81","35,064.36","324.31M","-0.21%"
"12/04/2020","35,137.99","34,968.94","35,140.80","34,455.93","292.86M","0.48%"
"12/03/2020","34,968.94","35,056.82","35,195.09","34,952.99","289.39M","-0.25%"
"12/02/2020","35,056.82","35,147.62","35,172.68","35,031.65","368.96M","-0.26%"
"12/01/2020","35,147.62","35,048.15","35,204.16","35,048.15","308.08M","0.30%"
"11/30/2020","35,042.14","34,885.51","35,184.93","34,765.94","415.53M","0.45%"
"11/27/2020","34,885.51","34,803.00","34,885.51","34,748.26","190.27M","0.24%"
"11/26/2020","34,803.00","34,769.00","34,882.52","34,768.73","257.54M","0.10%"
"11/25/2020","34,769.00","34,340.56","34,820.77","34,340.56","434.92M","1.25%"
"11/24/2020","34,340.56","34,119.74","34,343.56","34,095.69","365.41M","0.64%"
"11/23/2020","34,121.78","34,136.82","34,250.45","33,582.38","567.57M","-0.04%"
"11/20/2020","34,136.82","34,643.65","34,665.08","34,064.25","344.80M","-1.46%"
"11/19/2020","34,643.65","34,818.01","34,869.53","34,633.36","364.92M","-0.50%"
"11/18/2020","34,818.01","34,242.83","34,832.04","34,226.75","661.13M","1.68%"
"11/17/2020","34,242.83","34,769.66","34,769.66","34,126.23","840.88M","-1.59%"
"11/16/2020","34,795.82","35,041.40","35,245.62","34,685.94","668.53M","-0.69%"
"11/13/2020","35,037.46","35,344.01","35,814.18","34,552.60","1.24B","-0.86%"
"11/12/2020","35,342.46","33,291.27","35,342.46","33,291.27","1.19B","6.23%"
"11/11/2020","33,268.36","32,648.02","33,268.36","32,585.04","858.16M","1.90%"
"11/10/2020","32,647.10","32,243.05","32,647.10","32,226.71","578.78M","1.25%"
"11/09/2020","32,243.05","31,016.17","32,243.05","31,016.17","636.01M","3.96%"
"11/06/2020","31,016.17","30,738.92","31,016.17","30,509.12","497.95M","0.90%"
"11/05/2020","30,738.92","30,741.88","30,772.77","30,722.48","430.12M","-0.01%"
"11/04/2020","30,741.88","30,733.47","30,761.50","30,724.21","286.45M","0.03%"
"11/03/2020","30,733.47","30,479.39","30,735.46","30,408.13","336.04M","0.83%"
"11/02/2020","30,479.39","30,527.69","30,554.27","30,364.15","376.11M","-0.17%"
"10/30/2020","30,530.69","29,439.35","30,530.69","29,439.35","807.80M","3.71%"
"10/28/2020","29,437.60","28,980.29","29,444.12","28,971.44","375.25M","1.58%"
"10/27/2020","28,980.29","28,777.96","28,980.29","28,775.59","385.57M","0.70%"
"10/26/2020","28,777.96","28,697.06","28,777.96","28,685.54","340.80M","0.28%"
"10/23/2020","28,697.06","28,563.87","28,706.33","28,559.72","282.56M","0.47%"
"10/22/2020","28,563.87","28,449.49","28,567.14","28,413.11","311.32M","0.40%"
"10/21/2020","28,449.49","28,645.21","28,645.21","28,250.71","326.56M","-0.75%"
"10/20/2020","28,665.82","28,658.31","28,720.49","28,567.07","297.29M","0.02%"
"10/19/2020","28,659.07","28,650.44","28,680.68","28,588.24","287.30M","0.00%"
"10/16/2020","28,659.45","28,344.04","28,680.87","28,313.57","489.09M","1.11%"
"10/15/2020","28,344.04","28,354.14","28,364.47","28,333.06","330.66M","0.00%"
"10/14/2020","28,344.33","28,344.04","28,381.27","28,332.51","218.42M","0.00%"
"10/13/2020","28,344.04","28,337.49","28,351.51","28,299.61","535.83M","0.02%"
"10/12/2020","28,337.49","28,415.31","28,440.82","28,170.72","369.06M","-0.27%"
"10/09/2020","28,415.31","28,546.22","28,721.73","28,371.70","384.04M","-0.46%"
"10/08/2020","28,546.22","28,634.35","28,664.83","28,398.74","568.74M","-0.31%"
"10/07/2020","28,634.35","28,945.41","29,171.29","28,484.87","832.88M","-0.95%"
"10/06/2020","28,909.37","27,561.51","28,909.37","27,561.51","749.47M","4.92%"
"10/05/2020","27,554.56","26,985.77","27,563.91","26,985.77","603.89M","2.11%"
"10/02/2020","26,985.77","26,831.76","26,985.77","26,830.59","459.79M","0.55%"
"09/30/2020","26,837.42","26,612.12","26,862.21","26,612.12","322.76M","0.85%"
"09/29/2020","26,611.96","26,507.84","26,611.96","26,427.58","413.10M","0.39%"
"09/28/2020","26,507.84","26,319.34","26,512.05","26,319.34","336.73M","0.72%"
"09/25/2020","26,319.47","25,987.14","26,327.17","25,987.14","335.74M","1.28%"
"09/24/2020","25,987.14","25,783.02","26,021.75","25,783.02","359.27M","0.79%"
"09/23/2020","25,783.02","25,654.90","25,785.41","25,631.12","414.16M","0.50%"
"09/22/2020","25,654.90","25,574.35","25,655.18","25,525.93","262.05M","0.31%"
"09/21/2020","25,574.35","25,572.57","25,592.86","25,564.36","196.11M","0.01%"
"09/18/2020","25,572.57","25,532.74","25,572.57","25,505.27","193.49M","0.15%"
"09/17/2020","25,533.35","25,550.31","25,551.56","25,507.84","231.19M","-0.10%"
"09/16/2020","25,558.81","25,598.53","25,606.02","25,535.41","211.45M","-0.15%"
"09/15/2020","25,597.96","25,605.59","25,618.65","25,573.96","245.14M","-0.03%"
"09/14/2020","25,605.59","25,591.95","25,616.99","25,577.33","256.97M","0.05%"
"09/11/2020","25,591.95","25,520.97","25,592.22","25,514.22","212.57M","0.28%"
"09/10/2020","25,520.97","25,424.91","25,540.91","25,403.33","234.15M","0.38%"
"09/09/2020","25,424.91","25,493.88","25,496.73","25,414.42","269.62M","-0.28%"
"09/08/2020","25,497.32","25,585.67","25,596.21","25,490.01","251.96M","-0.33%"
"09/07/2020","25,582.23","25,605.64","25,631.16","25,573.24","253.96M","-0.09%"
"09/04/2020","25,605.64","25,534.87","25,618.48","25,529.56","418.16M","0.37%"
"09/03/2020","25,511.02","25,460.00","25,511.02","25,460.00","229.41M","0.20%"
"09/02/2020","25,460.00","25,404.12","25,461.66","25,388.82","178.29M","0.18%"
"09/01/2020","25,413.76","25,327.13","25,417.61","25,327.13","","0.34%"
"08/31/2020","25,327.13","25,303.68","25,334.11","25,289.10","127.28M","0.07%"
"08/28/2020","25,309.37","25,304.25","25,312.81","25,289.35","137.05M","0.05%"
"08/27/2020","25,297.55","25,330.10","25,330.10","25,291.33","249.13M","-0.13%"
"08/26/2020","25,330.10","25,295.01","25,332.51","25,283.31","180.55M","0.15%"
"08/25/2020","25,291.78","25,228.38","25,291.78","25,201.79","251.34M","0.25%"
"08/24/2020","25,229.12","25,221.87","25,232.68","25,159.82","251.19M","0.03%"
"08/21/2020","25,221.87","25,203.36","25,273.33","25,203.36","158.60M","0.07%"
"08/20/2020","25,204.58","25,174.60","25,204.58","25,172.10","179.55M","0.13%"
"08/19/2020","25,171.32","25,136.49","25,180.40","25,131.56","180.01M","0.14%"
"08/18/2020","25,136.49","25,139.57","25,151.36","25,123.28","271.00M","-0.03%"
"08/17/2020","25,143.68","25,199.84","25,234.49","25,143.68","161.23M","-0.22%"
"08/14/2020","25,199.84","25,236.97","25,236.97","25,168.43","482.42M","-0.15%"
"08/13/2020","25,236.97","25,141.48","25,239.91","25,067.72","258.05M","0.38%"
"08/12/2020","25,141.48","24,883.70","25,147.52","24,852.43","204.42M","1.04%"
"08/11/2020","24,883.70","25,027.61","25,067.18","24,825.09","205.97M","-0.58%"
"08/10/2020","25,027.61","25,041.89","25,046.29","24,952.17","175.23M","-0.06%"
"08/07/2020","25,041.89","24,944.45","25,047.70","24,944.45","166.94M","0.45%"
"08/06/2020","24,930.34","24,882.04","24,931.91","24,820.50","173.72M","0.19%"
"08/05/2020","24,882.04","24,841.94","24,910.02","24,841.94","303.28M","0.16%"
"08/04/2020","24,841.94","24,766.12","24,868.82","24,764.26","154.47M","0.31%"
"08/03/2020","24,766.12","24,710.93","24,776.08","24,690.75","186.47M","0.29%"
"07/29/2020","24,693.73","24,650.16","24,713.57","24,646.84","101.53M","0.18%"
"07/28/2020","24,650.16","24,799.05","24,800.81","24,646.53","150.37M","-0.54%"
"07/27/2020","24,783.61","24,427.73","24,788.17","24,427.73","170.00M","1.46%"
"07/24/2020","24,427.73","24,512.27","24,536.82","24,409.99","174.19M","-0.34%"
"07/23/2020","24,512.27","24,173.53","24,615.65","24,170.97","164.07M","1.40%"
"07/22/2020","24,173.53","24,174.45","24,192.52","24,166.96","266.06M","0.00%"
"07/21/2020","24,174.45","24,269.58","24,303.76","24,130.23","304.19M","-0.41%"
"07/20/2020","24,273.42","24,287.66","24,301.11","24,273.42","305.10M","-0.06%"
"07/17/2020","24,287.66","24,323.50","24,336.59","24,256.64","160.47M","-0.17%"
"07/16/2020","24,330.06","24,129.84","24,330.51","24,112.40","207.40M","0.82%"
"07/15/2020","24,132.30","24,114.59","24,210.22","24,071.13","208.21M","0.06%"
"07/14/2020","24,117.40","24,200.60","24,207.00","24,095.41","208.20M","-0.34%"
"07/13/2020","24,200.60","24,306.36","24,306.36","24,162.70","231.23M","-0.44%"
"07/10/2020","24,306.36","24,276.56","24,315.39","24,251.26","131.63M","0.12%"
"07/09/2020","24,276.56","24,278.07","24,336.45","24,276.56","192.03M","-0.01%"
"07/08/2020","24,278.07","24,097.48","24,278.07","24,097.48","232.61M","0.75%"
"07/07/2020","24,098.08","24,026.05","24,152.67","24,026.05","155.53M","-0.05%"
"07/06/2020","24,109.65","24,336.12","24,352.20","23,961.14","189.67M","-0.93%"
"07/03/2020","24,336.12","24,374.38","24,416.05","24,332.36","144.30M","-0.16%"
"07/02/2020","24,374.40","24,594.99","24,612.25","24,357.75","180.10M","-0.90%"
"07/01/2020","24,594.99","24,479.16","24,723.26","24,479.16","198.01M","0.47%"
"06/30/2020","24,479.16","24,858.82","24,859.88","24,448.23","280.67M","-1.53%"
"06/29/2020","24,858.82","24,828.96","24,858.82","24,740.06","158.45M","0.12%"
"06/26/2020","24,828.96","24,625.17","24,829.17","24,551.35","127.19M","0.83%"
"06/25/2020","24,625.17","24,654.99","24,662.27","24,619.84","130.28M","-0.12%"
"06/24/2020","24,654.99","24,750.06","24,771.97","24,636.63","189.23M","-0.39%"
"06/23/2020","24,751.32","24,753.92","24,756.88","24,649.39","167.90M","-0.11%"
"06/22/2020","24,779.26","24,826.75","24,877.30","24,651.30","124.66M","-0.19%"
"06/19/2020","24,826.75","24,933.41","25,123.72","24,819.12","174.67M","-0.43%"
"06/18/2020","24,933.41","24,972.89","25,054.28","24,913.26","171.16M","-0.16%"
"06/17/2020","24,972.94","24,930.88","24,973.59","24,816.45","265.95M","0.17%"
"06/16/2020","24,930.88","24,954.89","25,046.42","24,930.65","200.37M","-0.10%"
"06/15/2020","24,956.04","25,182.67","25,196.62","24,757.68","237.63M","-0.90%"
"06/11/2020","25,182.67","25,215.04","25,302.85","25,182.67","337.13M","-0.13%"
"06/10/2020","25,215.04","25,335.15","25,351.29","25,130.61","266.65M","-0.47%"
"06/09/2020","25,335.15","25,249.96","25,368.78","25,249.96","268.74M","0.34%"
"06/08/2020","25,250.20","25,016.30","25,412.54","25,016.30","230.49M","0.93%"
"06/05/2020","25,016.30","25,312.05","25,325.87","24,875.56","214.50M","-1.17%"
"06/04/2020","25,312.05","25,407.96","25,434.62","25,312.05","270.18M","-0.38%"
"06/03/2020","25,407.96","25,383.43","25,445.47","25,308.50","353.26M","0.10%"
"06/02/2020","25,383.43","25,316.24","25,458.53","25,316.24","377.86M","0.25%"
"06/01/2020","25,321.29","25,267.82","25,396.10","25,180.37","253.13M","0.21%"
"05/29/2020","25,267.82","25,166.01","25,393.03","25,164.06","325.59M","0.40%"
"05/28/2020","25,166.01","25,229.02","25,463.11","25,131.33","348.21M","-0.22%"
"05/27/2020","25,221.29","25,204.75","25,469.93","25,054.11","581.59M","0.07%"
"05/22/2020","25,204.75","24,758.39","25,205.18","24,742.12","259.57M","1.80%"
"05/21/2020","24,758.39","24,452.23","24,769.40","24,426.56","350.66M","1.25%"
"05/20/2020","24,452.23","24,202.87","24,467.28","24,185.62","436.77M","1.03%"
"05/19/2020","24,202.87","23,943.29","24,205.89","23,943.29","339.75M","0.80%"
"05/18/2020","24,010.19","23,874.77","24,010.19","23,871.33","330.98M","0.58%"
"05/15/2020","23,871.33","23,872.44","23,931.49","23,840.80","221.44M","-0.09%"
"05/14/2020","23,892.92","23,709.44","23,892.92","23,709.20","182.74M","0.77%"
"05/13/2020","23,709.44","23,695.90","23,759.84","23,695.90","159.19M","0.06%"
"05/12/2020","23,695.90","23,950.83","23,982.29","23,542.33","155.65M","-1.06%"
"05/11/2020","23,950.83","24,045.40","24,058.15","23,949.18","204.72M","-0.39%"
"05/08/2020","24,045.40","24,361.14","24,403.77","24,030.65","208.56M","-1.27%"
"05/07/2020","24,354.25","24,143.37","24,369.45","24,039.70","431.57M","0.87%"
"05/06/2020","24,143.37","23,815.34","24,154.65","23,807.14","426.63M","1.40%"
"05/05/2020","23,809.31","23,089.86","23,809.39","23,075.49","343.95M","3.12%"
"05/04/2020","23,089.86","23,021.01","23,121.74","22,940.24","249.83M","0.30%"
"04/30/2020","23,021.01","22,868.40","23,045.44","22,636.59","359.46M","0.67%"
"04/29/2020","22,868.40","22,727.87","22,884.49","22,727.87","277.29M","0.62%"
"04/28/2020","22,727.87","22,616.28","22,761.25","22,616.28","266.62M","0.49%"
"04/27/2020","22,616.28","22,599.38","22,649.20","22,584.64","106.06M","0.07%"
"04/24/2020","22,599.38","22,470.79","22,672.22","22,458.37","211.53M","0.57%"
"04/23/2020","22,470.79","22,780.30","22,805.14","22,407.60","201.48M","-1.36%"
"04/22/2020","22,780.30","22,629.92","22,799.78","22,629.92","185.21M","0.66%"
"04/21/2020","22,629.92","22,920.41","22,920.41","22,612.97","248.16M","-1.27%"
"04/20/2020","22,920.56","22,921.59","23,143.34","22,920.13","343.24M","0.00%"
"04/17/2020","22,921.59","22,554.84","22,927.88","22,524.23","231.60M","1.63%"
"04/16/2020","22,554.84","22,539.94","22,634.28","22,380.94","379.11M","0.07%"
"04/15/2020","22,539.94","21,879.95","22,543.48","21,873.47","326.39M","3.02%"
"04/14/2020","21,879.95","21,384.03","21,883.39","21,239.02","264.74M","2.32%"
"04/09/2020","21,384.03","21,073.26","21,385.85","20,985.63","314.85M","1.47%"
"04/08/2020","21,073.26","20,925.19","21,150.01","20,925.19","346.41M","0.71%"
"04/07/2020","20,925.19","20,683.16","20,925.19","20,667.55","342.57M","1.24%"
"04/06/2020","20,669.38","21,094.62","21,208.95","20,651.59","336.42M","-2.02%"
"04/03/2020","21,094.62","21,166.38","21,197.32","20,769.37","235.29M","-0.13%"
"04/02/2020","21,121.20","21,100.54","21,170.00","20,790.71","255.53M","0.10%"
"04/01/2020","21,100.54","21,309.50","21,317.98","20,779.13","154.35M","-0.94%"
"03/31/2020","21,300.47","21,330.79","21,340.64","21,270.26","422.00M","-0.14%"
"03/30/2020","21,330.79","21,828.65","21,828.65","21,330.79","466.87M","-2.43%"
"03/27/2020","21,861.78","21,842.18","21,885.05","21,803.89","251.41M","0.48%"
"03/26/2020","21,757.47","21,729.48","21,903.00","21,696.88","172.16M","0.13%"
"03/25/2020","21,729.48","21,743.47","21,814.74","21,663.32","233.07M","-0.05%"
"03/24/2020","21,741.16","21,703.80","21,770.42","21,703.80","330.10M","0.19%"
"03/23/2020","21,700.98","22,198.43","22,208.81","21,694.16","464.36M","-2.24%"
"03/20/2020","22,198.43","22,072.56","22,211.67","22,035.11","379.48M","0.36%"
"03/19/2020","22,118.90","22,785.19","22,785.19","22,118.90","525.85M","-2.94%"
"03/18/2020","22,789.64","22,549.09","22,804.70","22,118.37","671.52M","1.09%"
"03/17/2020","22,543.07","22,705.19","23,008.59","22,497.73","675.82M","-0.71%"
"03/16/2020","22,705.19","22,745.39","22,797.39","22,618.36","551.48M","-0.13%"
"03/13/2020","22,734.07","22,729.01","22,813.47","22,550.08","732.62M","0.17%"
"03/12/2020","22,695.88","23,500.46","23,500.46","22,694.32","1.06B","-3.72%"
"03/11/2020","23,572.75","24,278.53","24,321.51","23,260.07","1.39B","-3.35%"
"03/10/2020","24,388.66","25,412.57","25,412.57","24,381.88","594.47M","-4.91%"
"03/09/2020","25,647.54","26,141.24","26,141.24","25,648.45","185.49M","-2.41%"
"03/06/2020","26,279.61","26,426.20","26,455.26","26,273.58","361.08M","-0.55%"
"03/05/2020","26,426.20","26,418.82","26,626.07","26,408.25","431.90M","0.04%"
"03/04/2020","26,415.54","26,283.35","26,438.78","26,256.24","307.66M","0.61%"
"03/03/2020","26,255.11","25,816.57","26,344.55","25,816.57","387.42M","1.70%"
"03/02/2020","25,816.57","26,143.02","26,170.58","25,816.57","325.26M","-1.53%"
"02/28/2020","26,216.46","26,808.24","26,808.24","26,216.46","416.28M","-2.21%"
"02/27/2020","26,808.24","26,974.38","26,977.40","26,796.43","231.52M","-0.62%"
"02/26/2020","26,974.38","27,033.10","27,033.90","26,870.39","228.36M","-0.22%"
"02/25/2020","27,033.10","27,041.03","27,105.46","27,031.71","241.71M","-0.03%"
"02/24/2020","27,041.03","27,388.62","27,515.79","27,000.85","428.96M","-1.27%"
"02/21/2020","27,388.62","27,568.91","27,614.65","27,236.53","421.22M","-0.65%"
"02/20/2020","27,568.91","27,523.26","27,622.42","27,292.61","484.99M","0.17%"
"02/19/2020","27,523.08","27,547.56","27,556.13","27,512.72","290.13M","-0.09%"
"02/18/2020","27,547.56","27,570.94","27,570.94","27,527.51","168.07M","-0.08%"
"02/17/2020","27,570.94","27,756.56","27,818.09","27,507.99","134.61M","-0.67%"
"02/14/2020","27,755.87","27,864.84","27,879.31","27,675.52","132.51M","-0.39%"
"02/13/2020","27,864.84","27,881.45","27,916.64","27,686.34","150.72M","-0.05%"
"02/12/2020","27,878.43","27,871.90","27,919.10","27,866.46","152.34M","0.02%"
"02/11/2020","27,871.90","27,769.07","27,936.16","27,637.33","276.27M","0.36%"
"02/10/2020","27,773.20","28,067.09","28,119.19","27,772.16","200.16M","-1.05%"
"02/07/2020","28,067.09","28,140.41","28,195.75","28,054.73","303.93M","-0.26%"
"02/06/2020","28,140.41","28,093.76","28,385.36","27,949.15","317.19M","0.17%"
"02/05/2020","28,093.76","28,432.27","28,506.63","28,032.23","350.21M","-1.19%"
"02/04/2020","28,432.27","28,533.40","28,540.30","28,415.12","254.85M","-0.35%"
"02/03/2020","28,533.40","28,843.53","28,843.53","28,389.60","246.51M","-1.08%"
"01/31/2020","28,843.53","29,035.55","29,096.29","28,817.45","348.56M","-0.65%"
"01/30/2020","29,030.93","29,110.90","29,222.83","28,898.74","274.43M","-0.27%"
"01/29/2020","29,110.90","29,378.63","29,381.95","29,054.23","242.76M","-0.91%"
"01/28/2020","29,378.63","29,525.56","29,529.60","29,347.09","250.93M","-0.59%"
"01/27/2020","29,552.99","29,628.84","29,648.35","29,552.99","444.01M","-0.26%"
"01/24/2020","29,628.84","29,628.84","29,628.84","29,628.84","","0.13%"
"01/23/2020","29,591.29","29,591.29","29,591.29","29,591.29","","0.45%"
"01/22/2020","29,458.21","29,461.20","29,488.93","29,244.41","315.67M","-0.02%"
"01/21/2020","29,462.76","29,713.61","29,723.75","29,360.13","272.84M","-0.83%"
"01/20/2020","29,710.56","29,618.52","29,713.84","29,545.93","266.95M","0.31%"
"01/17/2020","29,618.52","29,352.13","29,623.55","29,331.35","324.97M","0.91%"
"01/16/2020","29,352.13","29,062.50","29,497.97","29,062.50","387.16M","1.00%"
"01/15/2020","29,062.50","29,030.41","29,094.14","28,855.22","360.08M","-0.75%"
"01/14/2020","29,283.15","29,633.58","29,812.97","29,037.12","666.78M","-1.18%"
"01/13/2020","29,633.58","29,415.39","29,909.06","29,415.39","348.24M","0.74%"
"01/10/2020","29,415.39","29,393.88","29,585.13","28,858.83","280.86M","0.07%"
"01/09/2020","29,395.57","28,562.48","29,484.10","28,539.16","693.19M","2.92%"
"01/08/2020","28,562.48","27,579.57","28,562.48","27,579.57","741.82M","3.54%"
"01/07/2020","27,586.93","27,339.68","27,699.59","27,295.49","446.33M","0.90%"
"01/06/2020","27,339.68","26,968.79","27,339.68","26,968.68","520.39M","1.38%"
"01/03/2020","26,968.79","26,867.79","26,978.46","26,867.79","608.86M","0.38%"
"01/02/2020","26,867.79","26,845.79","26,867.79","26,657.32","263.20M","0.10%"
"12/31/2019","26,842.07","26,609.34","27,357.84","26,608.56","257.01M","0.87%"
"12/30/2019","26,609.34","26,416.48","26,609.34","26,240.29","382.81M","0.73%"
"12/27/2019","26,416.48","26,090.88","26,419.73","26,050.44","222.48M","1.24%"
"12/24/2019","26,092.82","26,115.80","26,124.73","26,018.13","324.38M","-0.09%"
"12/23/2019","26,115.80","26,526.35","26,526.35","26,102.21","188.79M","-1.55%"
"12/20/2019","26,526.35","26,584.45","26,584.45","26,408.32","341.61M","-0.22%"
"12/19/2019","26,584.45","26,665.73","26,684.74","26,536.01","304.21M","-0.30%"
"12/18/2019","26,665.73","26,660.44","26,691.44","26,646.64","232.68M","0.02%"
"12/17/2019","26,660.44","26,695.18","27,006.97","26,643.10","331.91M","-0.13%"
"12/16/2019","26,695.18","26,536.21","26,695.18","26,521.38","170.52M","0.60%"
"12/13/2019","26,536.21","26,569.80","26,627.68","26,503.92","155.34M","-0.13%"
"12/12/2019","26,569.80","26,434.00","26,579.09","26,434.00","319.69M","0.51%"
"12/11/2019","26,434.00","26,384.21","26,445.80","26,332.35","180.06M","0.19%"
"12/10/2019","26,384.21","26,705.70","26,716.38","26,383.36","196.29M","-1.11%"
"12/09/2019","26,681.31","26,855.52","26,855.52","26,582.25","192.67M","-0.65%"
"12/06/2019","26,855.52","26,913.70","26,926.72","26,746.03","197.03M","-0.22%"
"12/05/2019","26,913.70","26,941.56","26,948.42","26,889.48","206.73M","-0.09%"
"12/04/2019","26,938.58","26,944.32","26,956.43","26,918.12","112.88M","-0.02%"
"12/03/2019","26,944.32","27,000.35","27,030.98","26,833.39","189.01M","-0.17%"
"12/02/2019","26,990.59","26,999.69","27,025.20","26,931.13","246.49M","-0.04%"
"11/29/2019","27,002.15","26,824.50","27,028.05","26,823.81","227.16M","0.66%"
"11/28/2019","26,824.50","26,790.10","26,863.97","26,790.10","303.77M","0.13%"
"11/27/2019","26,790.10","26,883.33","26,893.32","26,782.84","189.86M","-0.35%"
"11/26/2019","26,883.33","27,035.78","27,096.53","26,883.33","209.97M","-0.56%"
"11/25/2019","27,035.78","26,991.42","27,109.29","26,980.27","230.65M","0.16%"
"11/22/2019","26,991.42","26,872.09","27,039.80","26,849.26","207.26M","0.44%"
"11/21/2019","26,872.09","26,776.15","26,872.09","26,721.99","239.22M","0.36%"
"11/20/2019","26,776.15","26,750.49","27,035.28","26,750.49","267.31M","0.14%"
"11/19/2019","26,739.44","26,691.09","26,861.14","26,659.90","394.35M","0.18%"
"11/18/2019","26,691.09","26,851.68","26,851.68","26,666.40","307.88M","-0.60%"
"11/15/2019","26,851.68","26,883.67","26,984.06","26,724.43","469.99M","0.03%"
"11/14/2019","26,843.11","26,339.11","26,843.11","26,339.11","624.84M","1.84%"
"11/13/2019","26,357.61","26,456.39","26,456.39","26,338.25","610.56M","-0.37%"
"11/12/2019","26,456.39","26,314.49","26,512.60","26,314.49","378.35M","0.54%"
"11/08/2019","26,314.49","26,188.24","26,333.84","26,143.12","432.47M","0.48%"
"11/07/2019","26,188.24","26,223.66","26,242.53","26,172.35","726.19M","-0.14%"
"11/06/2019","26,223.66","26,364.81","26,367.19","26,223.66","232.09M","-0.58%"
"11/05/2019","26,375.35","26,401.06","26,447.96","26,299.86","304.28M","-0.10%"
"11/04/2019","26,401.06","26,293.30","26,433.95","26,293.30","368.18M","0.41%"
"11/01/2019","26,293.30","26,355.35","26,378.00","26,217.91","252.37M","-0.24%"
"10/31/2019","26,355.35","26,310.77","26,363.10","26,227.60","347.80M","0.17%"
"10/30/2019","26,310.77","26,236.04","26,385.37","26,199.51","156.85M","0.25%"
"10/29/2019","26,244.39","26,384.45","26,388.40","26,244.39","267.90M","-0.53%"
"10/28/2019","26,384.45","26,348.73","26,394.37","26,348.73","485.89M","0.14%"
"10/25/2019","26,348.73","26,357.24","26,360.20","26,113.88","250.54M","-0.03%"
"10/24/2019","26,357.24","26,397.94","26,410.84","26,350.07","177.04M","-0.15%"
"10/23/2019","26,397.94","26,365.83","26,410.91","26,294.57","168.43M","0.12%"
"10/22/2019","26,365.83","26,390.08","26,409.34","26,353.55","519.76M","-0.09%"
"10/21/2019","26,390.08","26,448.62","26,449.53","26,382.21","135.80M","-0.22%"
"10/18/2019","26,448.62","26,456.29","26,464.61","26,374.84","310.56M","-0.03%"
"10/17/2019","26,456.29","26,472.20","26,472.20","26,429.94","144.08M","-0.06%"
"10/16/2019","26,472.20","26,513.65","26,574.38","26,470.68","138.47M","-0.16%"
"10/15/2019","26,513.65","26,557.44","26,567.67","26,510.14","174.41M","-0.16%"
"10/14/2019","26,557.44","26,533.78","26,607.06","26,506.56","129.08M","0.09%"
"10/11/2019","26,533.78","26,583.75","26,702.39","26,533.14","117.38M","-0.19%"
"10/10/2019","26,583.75","26,598.94","26,599.87","26,578.03","363.25M","-0.06%"
"10/09/2019","26,598.94","26,817.30","26,817.30","26,489.42","243.01M","-0.79%"
"10/08/2019","26,809.92","26,866.41","26,896.09","26,809.30","185.94M","-0.21%"
"10/07/2019","26,866.41","26,987.45","27,004.48","26,835.58","151.71M","-0.45%"
"10/04/2019","26,987.45","27,085.69","27,089.38","26,974.83","138.88M","-0.36%"
"10/03/2019","27,085.69","27,314.87","27,480.30","26,575.54","151.19M","-0.84%"
"10/02/2019","27,314.87","27,630.56","27,645.40","27,261.25","175.55M","-1.14%"
"09/30/2019","27,630.56","27,675.04","27,693.29","27,113.91","194.80M","-0.16%"
"09/27/2019","27,675.04","27,579.85","27,675.04","27,368.84","187.08M","0.35%"
"09/26/2019","27,579.85","27,283.05","27,579.85","27,281.38","183.46M","1.09%"
"09/25/2019","27,283.05","27,360.45","27,371.59","27,267.16","462.31M","-0.25%"
"09/24/2019","27,352.24","27,635.68","27,635.68","27,352.24","154.03M","-1.08%"
"09/23/2019","27,650.28","27,698.69","27,704.62","27,650.82","109.56M","-0.17%"
"09/20/2019","27,698.69","27,667.31","27,715.27","27,576.27","177.41M","0.19%"
"09/19/2019","27,646.15","27,681.61","27,698.44","27,577.69","245.43M","-0.13%"
"09/18/2019","27,681.61","27,407.04","27,700.07","27,386.36","378.80M","1.00%"
"09/17/2019","27,407.04","27,574.32","27,646.96","27,371.89","196.91M","-0.61%"
"09/16/2019","27,574.32","27,779.00","27,984.08","27,538.33","268.35M","-0.74%"
"09/13/2019","27,779.00","27,426.64","27,779.73","27,426.64","165.24M","1.28%"
"09/12/2019","27,426.64","27,153.53","27,439.54","27,142.88","115.30M","1.01%"
"09/11/2019","27,153.53","27,047.58","27,157.66","27,009.52","211.52M","0.39%"
"09/10/2019","27,047.58","27,089.84","27,148.69","26,977.36","364.22M","-0.16%"
"09/09/2019","27,089.84","27,146.57","27,231.76","27,086.61","290.49M","-0.21%"
"09/06/2019","27,146.57","27,252.09","27,582.15","26,895.56","311.26M","-0.39%"
"09/05/2019","27,252.09","27,319.64","27,319.64","27,273.14","133.34M","-0.25%"
"09/04/2019","27,319.64","27,590.44","27,606.85","27,283.67","250.45M","-0.97%"
"09/03/2019","27,586.79","27,565.09","27,606.28","27,481.18","294.40M","0.08%"
"09/02/2019","27,565.14","27,540.42","27,677.37","27,463.76","111.50M","0.14%"
"08/30/2019","27,525.81","27,425.57","27,602.39","27,326.40","124.74M","0.37%"
"08/29/2019","27,425.57","27,607.02","27,643.50","27,423.36","116.07M","-0.66%"
"08/28/2019","27,607.02","27,602.77","27,626.37","27,546.34","130.37M","0.02%"
"08/27/2019","27,602.77","27,691.85","27,691.85","27,475.64","183.65M","-0.32%"
"08/26/2019","27,691.85","27,800.17","27,851.37","27,601.78","158.27M","-0.39%"
"08/23/2019","27,800.17","27,629.66","27,849.25","27,624.27","339.62M","0.62%"
"08/22/2019","27,629.66","27,352.94","27,650.89","27,352.94","272.60M","1.01%"
"08/21/2019","27,352.94","27,058.03","27,352.94","27,043.28","363.97M","1.09%"
"08/20/2019","27,058.62","27,128.77","27,217.88","26,938.05","209.62M","-0.22%"
"08/19/2019","27,117.22","26,928.80","27,172.42","26,928.35","250.74M","0.71%"
"08/16/2019","26,925.29","27,058.88","27,203.58","26,789.38","258.29M","-0.47%"
"08/15/2019","27,052.93","27,083.11","27,120.09","26,895.43","233.09M","-0.11%"
"08/14/2019","27,083.11","27,303.13","27,307.60","27,083.11","235.12M","-0.82%"
"08/09/2019","27,306.81","27,424.92","27,434.59","27,306.81","220.80M","-0.43%"
"08/08/2019","27,424.92","27,412.13","27,450.92","27,308.64","279.63M","0.05%"
"08/07/2019","27,412.13","27,527.40","27,534.56","27,404.26","128.92M","-0.42%"
"08/06/2019","27,527.40","27,669.38","27,706.47","27,521.00","170.72M","-0.51%"
"08/05/2019","27,669.38","27,630.46","27,674.85","27,584.11","280.69M","0.14%"
"08/02/2019","27,630.46","27,748.46","27,792.77","27,623.58","161.65M","-0.43%"
"08/01/2019","27,748.46","27,718.26","27,748.46","27,615.46","97.36M","0.11%"
"07/31/2019","27,718.26","27,816.89","27,902.51","27,679.02","251.92M","-0.37%"
"07/30/2019","27,820.57","27,950.36","28,028.27","27,814.13","155.18M","-0.46%"
"07/29/2019","27,950.36","27,918.59","27,976.14","27,912.70","92.79M","0.11%"
"07/26/2019","27,918.59","27,990.61","28,031.67","27,900.57","130.85M","-0.26%"
"07/25/2019","27,990.61","28,088.74","28,103.69","27,985.62","359.11M","-0.35%"
"07/24/2019","28,088.74","28,144.87","28,292.44","28,070.65","157.77M","-0.20%"
"07/23/2019","28,144.87","27,808.69","28,144.87","27,791.98","135.18M","1.21%"
"07/22/2019","27,808.69","27,919.50","28,070.43","27,808.69","285.76M","-0.40%"
"07/19/2019","27,919.50","27,864.49","27,948.24","27,803.57","273.90M","0.20%"
"07/18/2019","27,864.49","28,046.02","28,067.62","27,864.49","175.36M","-0.64%"
"07/17/2019","28,042.80","28,197.66","28,251.78","28,042.68","243.70M","-0.56%"
"07/16/2019","28,200.88","28,340.98","28,566.41","28,138.50","216.68M","-0.49%"
"07/15/2019","28,341.03","28,566.79","28,577.41","28,337.52","175.17M","-0.79%"
"07/12/2019","28,566.79","28,712.90","28,759.29","28,563.31","100.37M","-0.51%"
"07/11/2019","28,712.90","29,256.60","29,281.36","28,637.58","188.43M","-1.86%"
"07/10/2019","29,256.60","29,318.02","29,318.02","29,010.33","188.74M","-0.21%"
"07/09/2019","29,318.85","29,287.87","29,318.85","28,943.48","294.40M","0.11%"
"07/08/2019","29,287.87","29,270.95","29,312.93","29,216.70","216.29M","0.06%"
"07/05/2019","29,270.95","29,300.09","29,318.09","29,235.28","298.40M","-0.10%"
"07/04/2019","29,300.09","29,375.25","29,466.94","29,300.09","180.40M","-0.26%"
"07/03/2019","29,375.25","29,395.14","29,458.03","29,300.70","237.71M","-0.07%"
"07/02/2019","29,395.14","29,614.61","29,616.93","29,395.14","200.68M","-0.74%"
"07/01/2019","29,614.61","29,966.87","29,966.88","29,593.82","107.43M","-1.18%"
"06/28/2019","29,966.87","29,749.35","29,978.81","29,650.45","248.36M","0.73%"
"06/27/2019","29,749.35","29,609.00","29,756.79","29,224.23","301.06M","0.47%"
"06/26/2019","29,609.00","29,668.68","29,697.43","29,588.54","394.02M","-0.20%"
"06/25/2019","29,668.68","29,809.20","29,814.38","29,655.53","253.37M","-0.47%"
"06/24/2019","29,809.20","29,851.29","29,890.01","29,694.91","573.53M","-0.14%"
"06/21/2019","29,851.29","29,803.69","29,890.61","29,747.39","189.94M","0.29%"
"06/20/2019","29,765.31","29,774.81","29,897.18","29,695.62","275.47M","-0.02%"
"06/19/2019","29,772.72","29,818.80","29,891.86","29,772.72","263.43M","-0.15%"
"06/18/2019","29,818.80","29,936.33","29,936.33","29,797.11","2.06B","-0.39%"
"06/17/2019","29,936.33","30,046.70","30,087.86","29,933.25","2.06B","-0.37%"
"06/14/2019","30,046.70","30,029.23","30,086.61","29,994.53","145.28M","0.06%"
"06/13/2019","30,029.15","30,099.83","30,150.05","30,022.92","242.56M","-0.23%"
"06/11/2019","30,099.83","30,322.19","30,322.19","30,055.56","233.43M","-0.73%"
"06/10/2019","30,322.19","30,432.13","30,459.43","30,306.76","247.28M","-0.36%"
"06/07/2019","30,432.13","30,529.90","30,982.78","30,380.98","280.00M","-0.31%"
"06/06/2019","30,527.07","30,928.29","30,948.16","30,136.14","217.19M","-1.30%"
"06/03/2019","30,928.29","31,069.37","31,100.03","30,867.74","","-0.45%"
"05/31/2019","31,069.37","31,254.19","31,257.75","30,992.94","","-0.59%"
"05/30/2019","31,254.19","31,307.00","31,420.68","31,078.83","","-0.17%"
"05/28/2019","31,307.00","30,194.71","31,307.00","30,149.07","","3.68%"
"05/27/2019","30,194.71","30,881.29","30,885.33","30,188.62","","-2.22%"
"05/24/2019","30,881.29","31,754.79","31,809.29","30,825.17","","-1.89%"
"05/23/2019","31,477.51","31,145.15","31,917.13","30,902.23","","1.07%"
"05/22/2019","31,145.15","30,218.14","31,194.69","30,218.14","","3.07%"
"05/21/2019","30,218.14","29,373.40","30,270.34","29,361.88","","2.88%"
"05/20/2019","29,373.40","28,871.93","29,438.95","28,871.93","","1.74%"
"05/17/2019","28,871.93","28,438.19","28,918.54","28,438.19","","1.53%"
"05/16/2019","28,438.19","28,286.08","28,452.00","28,019.97","","0.54%"
"05/15/2019","28,286.08","28,422.76","28,433.39","28,282.30","","-0.48%"
"05/14/2019","28,422.76","28,484.44","28,535.31","28,398.98","","-0.22%"
"05/13/2019","28,484.44","28,847.98","28,876.87","28,542.51","","-1.26%"
"05/10/2019","28,847.81","28,896.25","28,896.25","28,718.68","","-0.17%"
"05/09/2019","28,896.25","28,966.41","29,015.77","28,881.83","","-0.24%"
"05/08/2019","28,966.41","29,096.41","29,115.30","28,946.91","","-0.45%"
"05/07/2019","29,096.41","29,196.87","29,208.63","29,091.60","","-0.34%"
"05/06/2019","29,196.87","29,212.00","29,212.00","29,120.86","","-0.05%"
"05/03/2019","29,212.00","29,171.73","29,222.73","29,143.73","","0.14%"
"05/02/2019","29,171.73","29,159.74","29,195.70","29,104.10","","0.04%"
"04/30/2019","29,159.74","29,521.06","29,654.53","29,154.78","","-1.22%"
"04/29/2019","29,521.06","29,740.41","29,813.37","29,476.29","","-0.74%"
"04/26/2019","29,740.41","29,919.19","30,041.37","29,740.41","","-0.60%"
"04/25/2019","29,919.77","29,898.31","29,986.11","29,862.84","","0.07%"
"04/24/2019","29,898.31","30,080.73","30,113.65","29,854.02","","-0.59%"
"04/23/2019","30,076.00","30,086.31","30,131.93","30,006.33","","-0.03%"
"04/18/2019","30,086.31","29,999.25","30,132.98","29,980.89","","0.39%"
"04/17/2019","29,970.86","29,793.56","30,033.22","29,728.55","","0.76%"
"04/16/2019","29,746.24","29,495.91","29,746.24","29,495.91","","0.85%"
"04/15/2019","29,495.91","29,560.47","29,630.86","29,484.93","","-0.22%"
"04/12/2019","29,560.47","29,347.62","29,566.55","29,312.86","","0.73%"
"04/11/2019","29,347.62","29,180.88","29,347.62","29,172.35","","0.53%"
"04/10/2019","29,193.42","29,158.57","29,213.93","29,124.02","","0.15%"
"04/09/2019","29,149.46","29,159.92","29,160.11","28,989.49","","-0.04%"
"04/08/2019","29,162.24","29,616.38","29,620.93","28,780.02","","-1.53%"
"04/05/2019","29,616.38","29,553.12","29,628.40","29,536.48","","0.21%"
"04/04/2019","29,553.12","29,626.14","29,662.09","29,548.65","","-0.39%"
"04/03/2019","29,668.73","30,226.77","30,243.71","29,665.78","","-1.85%"
"04/02/2019","30,226.77","30,527.88","30,712.37","30,212.62","","-0.99%"
"04/01/2019","30,527.50","31,041.42","31,041.42","30,527.50","","-1.66%"
"03/29/2019","31,041.42","30,833.50","31,106.74","30,786.33","","0.67%"
"03/28/2019","30,833.50","30,829.45","30,896.86","30,770.60","","0.01%"
"03/27/2019","30,829.45","31,038.86","31,066.07","30,811.14","","-0.67%"
"03/26/2019","31,038.86","31,042.32","31,094.87","31,007.76","","-0.01%"
"03/25/2019","31,042.32","31,139.35","31,139.35","30,996.82","","-0.31%"
"03/22/2019","31,139.35","30,885.31","31,156.19","30,885.31","","0.82%"
"03/21/2019","30,885.31","31,066.10","31,077.89","30,856.23","","-0.50%"
"03/20/2019","31,040.84","31,082.32","31,104.90","31,015.27","","-0.13%"
"03/19/2019","31,082.32","31,125.39","31,133.59","30,965.22","","-0.14%"
"03/18/2019","31,125.39","31,142.72","31,156.47","31,103.67","","-0.06%"
"03/15/2019","31,142.72","31,175.88","31,265.21","31,102.10","","-0.22%"
"03/14/2019","31,210.79","31,369.91","31,390.78","31,210.79","","-0.48%"
"03/13/2019","31,360.28","31,313.36","31,360.28","31,057.66","","0.15%"
"03/12/2019","31,313.36","31,636.66","31,645.24","31,267.99","","-1.02%"
"03/11/2019","31,636.66","31,718.23","31,792.81","31,636.66","","-0.90%"
"03/08/2019","31,924.51","32,010.06","32,043.49","31,876.24","","-0.27%"
"03/07/2019","32,010.06","32,121.74","32,159.87","32,041.74","","-0.35%"
"03/06/2019","32,121.74","32,173.66","32,173.66","32,062.03","","-0.16%"
"03/05/2019","32,173.66","32,129.94","32,252.89","32,126.42","","0.14%"
"03/04/2019","32,129.94","31,827.24","32,129.94","31,827.24","","0.95%"
"03/01/2019","31,827.24","31,718.70","31,935.28","31,708.89","","0.34%"
"02/28/2019","31,718.70","32,247.54","32,953.54","31,718.70","","-1.63%"
"02/27/2019","32,244.24","32,473.82","32,524.10","32,185.06","","-0.71%"
"02/26/2019","32,473.82","32,700.12","32,745.92","32,441.42","","-0.69%"
"02/25/2019","32,700.12","32,516.05","32,713.13","32,516.05","","0.57%"
"02/22/2019","32,515.52","32,568.66","32,617.13","32,473.74","","-0.16%"
"02/21/2019","32,568.66","32,646.16","32,734.37","32,568.66","","-0.14%"
"02/20/2019","32,614.06","32,410.13","32,617.94","32,392.46","","0.64%"
"02/19/2019","32,406.18","32,190.07","32,416.04","32,157.29","","0.67%"
"02/18/2019","32,190.07","32,715.20","32,738.95","31,824.22","","-1.61%"
"02/15/2019","32,715.20","32,457.63","32,958.96","32,457.63","","0.81%"
"02/14/2019","32,453.69","32,413.92","32,496.18","32,367.49","","0.12%"
"02/13/2019","32,413.92","32,463.38","32,635.13","32,267.37","","-0.15%"
"02/12/2019","32,462.31","31,783.00","32,462.69","31,783.00","","2.14%"
"02/11/2019","31,781.87","31,529.92","31,891.23","31,515.44","","0.80%"
"02/08/2019","31,529.92","31,457.17","31,845.63","31,457.17","","0.31%"
"02/07/2019","31,433.49","30,817.22","31,433.49","30,817.22","","1.98%"
"02/06/2019","30,821.80","30,773.57","30,825.20","30,728.01","","0.16%"
"02/05/2019","30,773.57","30,745.05","30,773.57","30,521.42","","0.09%"
"02/04/2019","30,745.05","30,636.36","30,754.09","30,636.36","","0.35%"
"02/01/2019","30,636.36","30,557.20","30,740.63","30,557.20","","0.26%"
"01/31/2019","30,557.20","31,142.58","31,142.58","30,557.20","","-1.89%"
"01/30/2019","31,145.34","31,178.71","31,202.30","31,143.37","","-0.11%"
"01/29/2019","31,178.71","31,334.61","31,334.61","31,178.71","","-0.53%"
"01/28/2019","31,344.24","31,422.75","31,457.07","31,241.99","","-0.26%"
"01/25/2019","31,426.63","30,989.60","31,428.64","30,981.90","","1.41%"
"01/24/2019","30,989.60","30,886.32","30,989.60","30,866.96","","0.36%"
"01/23/2019","30,878.56","30,736.88","30,880.67","30,736.88","","0.46%"
"01/22/2019","30,736.88","30,732.72","30,811.19","30,485.34","","0.01%"
"01/21/2019","30,732.72","31,005.17","31,041.06","30,720.76","","-0.88%"
"01/18/2019","31,005.17","30,566.38","31,005.17","30,526.18","","1.38%"
"01/17/2019","30,583.21","30,460.68","30,597.02","30,297.38","","0.40%"
"01/16/2019","30,460.68","30,138.06","30,541.04","30,001.87","","1.65%"
"01/15/2019","29,964.79","29,964.79","30,172.40","29,964.79","","0.00%"
"01/14/2019","29,964.79","29,830.70","29,985.66","29,689.73","","0.45%"
"01/11/2019","29,830.70","29,522.31","30,438.21","29,518.35","","1.06%"
"01/10/2019","29,517.73","29,336.80","29,612.33","29,329.62","","0.62%"
"01/09/2019","29,336.80","30,036.15","30,084.28","29,336.80","","-2.33%"
"01/08/2019","30,036.15","30,397.63","30,488.52","29,999.95","","-1.20%"
"01/07/2019","30,400.28","30,638.90","30,709.65","30,260.03","","-0.78%"
"01/04/2019","30,638.90","30,770.70","30,770.70","30,577.18","","-0.43%"
"01/03/2019","30,771.32","31,070.06","31,078.43","30,749.66","","-0.96%"
"01/02/2019","31,070.06","31,429.34","31,434.04","31,065.25","","-1.15%"