"Date","Price","Open","High","Low","Vol.","Change %"
"12/30/2025","1,687.77","1,676.24","1,690.75","1,676.24","47.09M","0.69%"
"12/29/2025","1,676.17","1,666.90","1,678.90","1,666.41","51.79M","0.58%"
"12/23/2025","1,666.51","1,662.43","1,668.43","1,659.35","45.79M","0.25%"
"12/22/2025","1,662.43","1,661.18","1,668.18","1,657.58","47.39M","0.14%"
"12/19/2025","1,660.14","1,649.83","1,663.39","1,648.17","109.02M","0.63%"
"12/18/2025","1,649.68","1,649.54","1,653.10","1,647.15","47.45M","0.01%"
"12/17/2025","1,649.54","1,636.52","1,653.55","1,636.52","57.65M","0.83%"
"12/16/2025","1,635.99","1,647.03","1,647.03","1,635.99","72.22M","-0.67%"
"12/15/2025","1,647.08","1,642.69","1,650.38","1,640.59","47.67M","0.26%"
"12/12/2025","1,642.81","1,641.13","1,647.00","1,639.20","46.69M","0.10%"
"12/11/2025","1,641.11","1,629.06","1,643.67","1,629.02","50.31M","0.78%"
"12/10/2025","1,628.34","1,638.13","1,641.47","1,628.34","50.45M","-0.60%"
"12/09/2025","1,638.15","1,640.24","1,645.68","1,638.15","52.53M","-0.13%"
"12/08/2025","1,640.22","1,632.90","1,640.84","1,629.32","51.50M","0.48%"
"12/05/2025","1,632.45","1,625.29","1,636.00","1,625.29","45.38M","0.44%"
"12/04/2025","1,625.29","1,615.97","1,626.97","1,613.07","50.75M","0.57%"
"12/03/2025","1,616.00","1,605.32","1,621.49","1,605.32","60.12M","0.67%"
"12/02/2025","1,605.30","1,605.94","1,610.35","1,601.93","59.64M","-0.04%"
"12/01/2025","1,605.87","1,609.67","1,609.82","1,599.53","45.98M","-0.24%"
"11/28/2025","1,609.67","1,608.34","1,613.45","1,606.41","63.67M","0.08%"
"11/27/2025","1,608.34","1,596.50","1,609.55","1,596.35","50.33M","0.72%"
"11/26/2025","1,596.82","1,585.53","1,598.55","1,585.53","51.37M","0.71%"
"11/25/2025","1,585.53","1,581.96","1,592.74","1,581.96","57.92M","0.23%"
"11/24/2025","1,581.82","1,583.62","1,590.20","1,577.02","85.96M","-0.12%"
"11/21/2025","1,583.67","1,601.57","1,601.57","1,569.21","55.25M","-1.13%"
"11/20/2025","1,601.78","1,583.76","1,604.08","1,583.76","41.56M","1.13%"
"11/19/2025","1,583.83","1,586.72","1,598.38","1,579.59","46.35M","-0.12%"
"11/18/2025","1,585.79","1,619.25","1,619.25","1,585.34","43.19M","-2.06%"
"11/17/2025","1,619.15","1,615.61","1,626.02","1,615.50","34.91M","0.27%"
"11/14/2025","1,614.79","1,624.02","1,624.02","1,603.75","45.92M","-0.54%"
"11/13/2025","1,623.58","1,625.61","1,625.74","1,617.22","41.88M","0.07%"
"11/12/2025","1,622.41","1,617.47","1,628.03","1,616.94","55.30M","0.34%"
"11/11/2025","1,616.91","1,607.11","1,616.91","1,607.05","43.66M","0.61%"
"11/10/2025","1,607.11","1,599.47","1,613.41","1,599.44","44.80M","0.49%"
"11/07/2025","1,599.21","1,603.62","1,610.97","1,592.32","50.43M","-0.28%"
"11/06/2025","1,603.62","1,610.34","1,613.16","1,600.27","58.01M","-0.38%"
"11/05/2025","1,609.67","1,606.84","1,612.21","1,604.33","48.19M","0.17%"
"11/04/2025","1,606.91","1,619.18","1,619.18","1,599.91","41.91M","-0.76%"
"11/03/2025","1,619.26","1,611.82","1,621.88","1,611.82","50.15M","0.46%"
"10/31/2025","1,611.80","1,607.62","1,612.50","1,603.05","53.67M","0.26%"
"10/30/2025","1,607.59","1,640.06","1,641.36","1,607.38","59.24M","-1.96%"
"10/29/2025","1,639.80","1,639.64","1,645.90","1,629.57","53.62M","0.10%"
"10/28/2025","1,638.19","1,646.82","1,646.92","1,633.99","39.07M","-0.52%"
"10/27/2025","1,646.78","1,644.70","1,647.37","1,637.84","39.96M","0.24%"
"10/24/2025","1,642.83","1,652.59","1,653.20","1,635.44","46.98M","-0.59%"
"10/23/2025","1,652.59","1,627.76","1,653.09","1,627.76","64.99M","1.53%"
"10/22/2025","1,627.71","1,632.16","1,636.65","1,623.45","72.39M","-0.27%"
"10/21/2025","1,632.15","1,628.59","1,635.94","1,624.11","47.47M","0.23%"
"10/20/2025","1,628.46","1,623.36","1,633.94","1,623.16","39.00M","0.33%"
"10/17/2025","1,623.18","1,643.82","1,643.82","1,606.13","62.09M","-1.26%"
"10/16/2025","1,643.87","1,645.64","1,645.64","1,636.67","43.98M","0.04%"
"10/15/2025","1,643.17","1,632.14","1,643.74","1,632.01","42.45M","0.68%"
"10/14/2025","1,632.14","1,638.47","1,638.47","1,627.33","52.43M","-0.40%"
"10/13/2025","1,638.62","1,650.83","1,650.83","1,633.99","50.75M","-0.74%"
"10/10/2025","1,650.86","1,653.09","1,657.82","1,647.29","60.12M","-0.14%"
"10/09/2025","1,653.12","1,652.51","1,665.57","1,651.10","48.14M","0.05%"
"10/08/2025","1,652.36","1,649.34","1,655.91","1,646.06","44.89M","0.17%"
"10/07/2025","1,649.49","1,668.04","1,668.39","1,649.49","43.63M","-1.11%"
"10/06/2025","1,668.04","1,659.31","1,670.25","1,658.35","42.79M","0.53%"
"10/03/2025","1,659.31","1,650.55","1,663.94","1,650.55","37.96M","0.54%"
"10/02/2025","1,650.48","1,658.42","1,660.71","1,650.48","35.55M","-0.44%"
"10/01/2025","1,657.71","1,644.53","1,658.87","1,644.52","45.79M","0.80%"
"09/30/2025","1,644.57","1,657.63","1,657.63","1,643.28","53.22M","-0.79%"
"09/29/2025","1,657.67","1,662.42","1,669.30","1,656.52","42.10M","-0.29%"
"09/26/2025","1,662.43","1,656.77","1,666.42","1,650.74","47.49M","0.39%"
"09/25/2025","1,655.92","1,662.53","1,669.02","1,655.92","47.60M","-0.40%"
"09/24/2025","1,662.61","1,656.85","1,664.22","1,651.15","54.08M","0.40%"
"09/23/2025","1,655.91","1,641.54","1,658.84","1,641.54","51.73M","0.88%"
"09/22/2025","1,641.51","1,645.74","1,648.29","1,639.74","55.98M","-0.25%"
"09/19/2025","1,645.65","1,651.29","1,658.31","1,645.49","163.34M","-0.34%"
"09/18/2025","1,651.25","1,650.59","1,659.54","1,646.68","46.05M","0.04%"
"09/17/2025","1,650.53","1,657.42","1,658.24","1,647.30","43.85M","-0.40%"
"09/16/2025","1,657.19","1,664.20","1,665.32","1,653.27","48.14M","-0.42%"
"09/15/2025","1,664.18","1,654.62","1,666.24","1,653.95","46.24M","0.58%"
"09/12/2025","1,654.62","1,652.87","1,656.99","1,646.63","48.20M","0.10%"
"09/11/2025","1,652.98","1,653.47","1,660.63","1,649.36","75.18M","-0.01%"
"09/10/2025","1,653.18","1,640.93","1,653.18","1,639.70","53.68M","0.74%"
"09/09/2025","1,641.09","1,632.84","1,641.09","1,631.58","40.96M","0.52%"
"09/08/2025","1,632.64","1,625.91","1,636.81","1,625.55","38.78M","0.42%"
"09/05/2025","1,625.88","1,629.82","1,635.27","1,625.88","51.34M","-0.24%"
"09/04/2025","1,629.72","1,619.16","1,632.36","1,615.55","50.27M","0.66%"
"09/03/2025","1,619.00","1,633.06","1,635.16","1,617.68","50.87M","-0.84%"
"09/02/2025","1,632.74","1,647.13","1,649.95","1,626.49","49.90M","-0.87%"
"09/01/2025","1,647.12","1,647.10","1,649.70","1,643.68","33.56M","0.04%"
"08/29/2025","1,646.47","1,636.73","1,652.14","1,636.73","48.77M","0.63%"
"08/28/2025","1,636.18","1,646.27","1,649.93","1,635.19","48.53M","-0.60%"
"08/27/2025","1,646.08","1,659.73","1,659.73","1,645.25","53.64M","-0.81%"
"08/26/2025","1,659.54","1,662.56","1,662.60","1,653.03","73.03M","-0.14%"
"08/25/2025","1,661.86","1,664.20","1,664.37","1,655.71","44.75M","-0.15%"
"08/22/2025","1,664.42","1,657.49","1,665.73","1,657.49","51.64M","0.43%"
"08/21/2025","1,657.37","1,645.42","1,658.65","1,645.20","56.31M","0.76%"
"08/20/2025","1,644.90","1,635.65","1,645.56","1,629.87","38.59M","0.57%"
"08/19/2025","1,635.64","1,632.68","1,639.42","1,630.33","48.96M","0.18%"
"08/18/2025","1,632.69","1,638.35","1,638.43","1,628.18","43.70M","-0.09%"
"08/15/2025","1,634.23","1,630.91","1,640.50","1,629.58","62.07M","0.20%"
"08/14/2025","1,630.90","1,626.56","1,635.29","1,626.56","82.21M","0.27%"
"08/13/2025","1,626.56","1,623.66","1,630.06","1,620.69","54.34M","0.18%"
"08/12/2025","1,623.67","1,612.61","1,623.68","1,612.57","48.88M","0.73%"
"08/11/2025","1,611.97","1,622.65","1,622.65","1,610.19","37.43M","-0.66%"
"08/08/2025","1,622.72","1,621.70","1,633.19","1,620.36","43.05M","0.06%"
"08/07/2025","1,621.70","1,624.49","1,625.40","1,612.85","48.52M","-0.18%"
"08/06/2025","1,624.55","1,623.24","1,630.81","1,622.01","48.42M","0.08%"
"08/05/2025","1,623.18","1,616.50","1,628.85","1,616.50","49.17M","0.41%"
"08/04/2025","1,616.50","1,605.45","1,620.46","1,605.45","39.73M","0.69%"
"08/01/2025","1,605.43","1,625.41","1,625.41","1,602.03","45.84M","-1.22%"
"07/31/2025","1,625.25","1,621.28","1,627.15","1,618.99","50.79M","0.23%"
"07/30/2025","1,621.45","1,633.48","1,638.69","1,616.29","46.73M","-0.74%"
"07/29/2025","1,633.47","1,625.07","1,634.15","1,625.07","61.83M","0.52%"
"07/28/2025","1,625.05","1,614.89","1,627.59","1,614.88","46.24M","0.65%"
"07/25/2025","1,614.53","1,624.77","1,627.31","1,613.02","38.81M","-0.64%"
"07/24/2025","1,624.96","1,614.35","1,632.60","1,614.35","50.94M","0.67%"
"07/23/2025","1,614.08","1,612.41","1,620.89","1,610.40","49.85M","0.10%"
"07/22/2025","1,612.43","1,610.67","1,617.25","1,609.53","52.05M","0.26%"
"07/21/2025","1,608.18","1,616.99","1,617.53","1,608.18","42.25M","-0.54%"
"07/18/2025","1,616.92","1,612.33","1,621.14","1,612.12","59.09M","0.40%"
"07/17/2025","1,610.40","1,609.62","1,613.50","1,605.40","46.08M","0.05%"
"07/16/2025","1,609.63","1,624.65","1,624.65","1,609.63","54.48M","-0.93%"
"07/15/2025","1,624.67","1,628.87","1,631.54","1,620.88","62.13M","-0.25%"
"07/14/2025","1,628.78","1,627.13","1,637.64","1,618.28","62.91M","0.10%"
"07/11/2025","1,627.14","1,632.50","1,633.82","1,618.14","92.75M","-0.32%"
"07/10/2025","1,632.43","1,621.90","1,634.15","1,621.90","53.48M","0.67%"
"07/09/2025","1,621.64","1,633.80","1,636.93","1,621.64","56.86M","-0.74%"
"07/08/2025","1,633.80","1,633.48","1,635.03","1,625.94","52.85M","0.02%"
"07/07/2025","1,633.51","1,631.99","1,635.05","1,628.41","58.09M","0.10%"
"07/04/2025","1,631.88","1,629.26","1,633.25","1,622.39","46.52M","0.16%"
"07/03/2025","1,629.27","1,619.38","1,632.99","1,619.35","52.53M","0.61%"
"07/02/2025","1,619.37","1,608.30","1,621.56","1,604.14","52.99M","0.69%"
"07/01/2025","1,608.30","1,621.36","1,621.53","1,608.21","51.81M","-0.80%"
"06/30/2025","1,621.29","1,607.84","1,621.32","1,607.79","58.98M","0.84%"
"06/27/2025","1,607.73","1,597.53","1,612.16","1,597.28","58.99M","0.64%"
"06/26/2025","1,597.57","1,600.65","1,605.68","1,593.58","55.56M","-0.19%"
"06/25/2025","1,600.55","1,605.68","1,608.27","1,594.47","65.41M","-0.32%"
"06/24/2025","1,605.68","1,633.15","1,634.58","1,598.72","95.12M","-1.68%"
"06/23/2025","1,633.13","1,644.09","1,650.73","1,633.13","81.76M","-0.65%"
"06/20/2025","1,643.85","1,645.45","1,649.64","1,635.08","138.17M","-0.08%"
"06/19/2025","1,645.14","1,639.02","1,645.14","1,634.06","55.03M","0.46%"
"06/18/2025","1,637.65","1,636.72","1,640.35","1,633.89","74.57M","0.05%"
"06/17/2025","1,636.76","1,632.99","1,640.21","1,626.49","60.70M","0.20%"
"06/16/2025","1,633.46","1,627.37","1,641.91","1,627.36","72.34M","0.37%"
"06/13/2025","1,627.37","1,616.12","1,631.90","1,616.08","90.42M","0.69%"
"06/12/2025","1,616.14","1,610.93","1,618.14","1,604.49","65.17M","0.33%"
"06/11/2025","1,610.88","1,600.66","1,613.27","1,598.48","65.83M","0.62%"
"06/10/2025","1,600.91","1,584.61","1,602.38","1,584.40","61.04M","1.03%"
"06/06/2025","1,584.61","1,582.93","1,590.84","1,582.93","54.74M","0.10%"
"06/05/2025","1,583.01","1,579.47","1,591.27","1,576.57","55.95M","0.23%"
"06/04/2025","1,579.39","1,569.60","1,582.12","1,568.58","137.57M","0.63%"
"06/03/2025","1,569.53","1,570.36","1,576.07","1,565.39","57.38M","-0.01%"
"06/02/2025","1,569.64","1,561.54","1,573.50","1,556.73","83.85M","0.51%"
"05/30/2025","1,561.61","1,565.54","1,574.02","1,560.65","122.13M","-0.21%"
"05/28/2025","1,564.95","1,575.32","1,582.19","1,564.53","52.16M","-0.61%"
"05/27/2025","1,574.52","1,565.08","1,577.69","1,563.39","63.57M","0.62%"
"05/26/2025","1,564.87","1,549.72","1,567.72","1,549.72","52.74M","0.98%"
"05/23/2025","1,549.67","1,547.88","1,561.56","1,530.44","65.29M","0.19%"
"05/22/2025","1,546.79","1,572.28","1,572.34","1,541.36","83.90M","-1.42%"
"05/21/2025","1,569.15","1,562.15","1,569.36","1,561.37","58.82M","0.49%"
"05/20/2025","1,561.46","1,558.71","1,565.86","1,553.23","62.10M","0.18%"
"05/19/2025","1,558.73","1,565.59","1,565.59","1,547.20","51.05M","-0.44%"
"05/16/2025","1,565.56","1,548.02","1,566.51","1,548.02","62.92M","1.19%"
"05/15/2025","1,547.17","1,538.43","1,547.17","1,525.18","61.05M","0.79%"
"05/14/2025","1,535.09","1,527.03","1,538.17","1,527.03","59.13M","0.63%"
"05/13/2025","1,525.55","1,520.47","1,527.88","1,516.38","57.01M","0.34%"
"05/12/2025","1,520.32","1,509.73","1,525.39","1,509.73","101.47M","0.99%"
"05/09/2025","1,505.35","1,514.38","1,518.25","1,505.11","65.24M","-0.58%"
"05/08/2025","1,514.12","1,515.02","1,527.25","1,511.20","75.31M","0.08%"
"05/07/2025","1,512.95","1,509.40","1,512.95","1,502.27","67.93M","0.26%"
"05/06/2025","1,508.97","1,515.14","1,518.01","1,502.59","61.96M","-0.39%"
"05/05/2025","1,514.89","1,510.86","1,515.21","1,500.64","70.94M","0.31%"
"05/02/2025","1,510.15","1,488.61","1,510.15","1,488.34","79.92M","1.55%"
"04/30/2025","1,487.07","1,484.64","1,488.46","1,475.58","78.02M","1.00%"
"04/29/2025","1,472.35","1,469.31","1,472.35","1,458.03","72.32M","0.33%"
"04/28/2025","1,467.54","1,456.67","1,468.12","1,456.67","59.18M","0.76%"
"04/25/2025","1,456.43","1,456.86","1,466.47","1,450.95","80.83M","0.29%"
"04/24/2025","1,452.23","1,454.00","1,458.88","1,447.96","133.55M","-0.12%"
"04/23/2025","1,453.91","1,438.29","1,461.77","1,438.29","73.25M","1.15%"
"04/22/2025","1,437.37","1,447.62","1,448.25","1,429.85","60.20M","-0.70%"
"04/16/2025","1,447.47","1,446.62","1,447.47","1,430.31","37.71M","0.05%"
"04/15/2025","1,446.78","1,434.80","1,452.14","1,434.80","52.49M","0.84%"
"04/14/2025","1,434.74","1,408.53","1,437.86","1,408.53","56.09M","1.92%"
"04/11/2025","1,407.76","1,401.83","1,416.48","1,388.58","66.99M","0.45%"
"04/10/2025","1,401.51","1,364.67","1,437.58","1,364.67","95.79M","2.84%"
"04/09/2025","1,362.84","1,401.27","1,401.27","1,343.30","97.25M","-2.76%"
"04/08/2025","1,401.52","1,390.56","1,406.95","1,369.90","86.90M","0.82%"
"04/07/2025","1,390.09","1,394.39","1,406.98","1,314.60","139.28M","-0.43%"
"04/04/2025","1,396.13","1,470.39","1,470.39","1,395.87","124.40M","-5.01%"
"04/03/2025","1,469.70","1,496.86","1,496.86","1,463.30","80.65M","-2.04%"
"04/02/2025","1,500.30","1,517.78","1,523.93","1,498.27","48.95M","-1.17%"
"04/01/2025","1,518.11","1,516.73","1,527.23","1,516.73","56.60M","0.10%"
"03/31/2025","1,516.52","1,514.05","1,518.80","1,497.82","60.40M","0.17%"
"03/28/2025","1,513.98","1,534.26","1,534.44","1,511.04","57.96M","-1.32%"
"03/27/2025","1,534.30","1,542.48","1,542.48","1,520.19","62.38M","-0.54%"
"03/26/2025","1,542.58","1,536.47","1,543.72","1,533.19","57.90M","0.51%"
"03/25/2025","1,534.72","1,530.81","1,544.48","1,530.81","49.57M","0.26%"
"03/24/2025","1,530.81","1,534.72","1,541.97","1,526.71","43.00M","-0.23%"
"03/21/2025","1,534.35","1,540.94","1,543.47","1,528.67","132.74M","-0.33%"
"03/20/2025","1,539.50","1,544.31","1,551.24","1,528.29","63.17M","-0.29%"
"03/19/2025","1,544.01","1,532.84","1,544.68","1,530.59","56.51M","0.73%"
"03/18/2025","1,532.87","1,523.91","1,539.35","1,523.91","65.47M","0.59%"
"03/17/2025","1,523.81","1,504.66","1,523.81","1,504.66","60.77M","1.28%"
"03/14/2025","1,504.51","1,493.49","1,505.12","1,491.16","66.20M","0.75%"
"03/13/2025","1,493.27","1,471.30","1,493.91","1,471.01","87.22M","1.50%"
"03/12/2025","1,471.21","1,475.69","1,483.47","1,471.12","93.64M","-0.30%"
"03/11/2025","1,475.69","1,485.89","1,490.79","1,471.36","62.45M","-0.71%"
"03/10/2025","1,486.21","1,490.92","1,494.09","1,481.28","61.58M","-0.32%"
"03/07/2025","1,490.91","1,476.45","1,490.96","1,471.93","67.22M","1.00%"
"03/06/2025","1,476.13","1,473.13","1,486.36","1,468.35","93.11M","0.23%"
"03/05/2025","1,472.75","1,462.40","1,487.50","1,462.40","69.22M","0.71%"
"03/04/2025","1,462.30","1,507.48","1,507.48","1,462.30","85.39M","-2.99%"
"03/03/2025","1,507.41","1,494.13","1,514.19","1,494.13","59.01M","1.19%"
"02/28/2025","1,489.65","1,492.66","1,492.68","1,482.10","136.95M","-0.22%"
"02/27/2025","1,492.91","1,501.61","1,501.61","1,486.27","61.13M","-0.58%"
"02/26/2025","1,501.64","1,493.59","1,502.47","1,493.59","62.61M","0.54%"
"02/25/2025","1,493.55","1,497.96","1,505.09","1,492.87","54.12M","-0.31%"
"02/24/2025","1,498.18","1,500.75","1,508.33","1,495.54","50.12M","-0.14%"
"02/21/2025","1,500.24","1,494.07","1,506.61","1,493.40","57.76M","0.46%"
"02/20/2025","1,493.34","1,497.82","1,497.82","1,489.64","49.07M","-0.30%"
"02/19/2025","1,497.79","1,491.26","1,503.43","1,491.02","52.87M","0.45%"
"02/18/2025","1,491.05","1,491.39","1,496.65","1,485.18","48.56M","-0.02%"
"02/17/2025","1,491.36","1,490.90","1,496.27","1,482.92","50.66M","0.21%"
"02/14/2025","1,488.20","1,482.39","1,492.49","1,477.14","65.74M","0.40%"
"02/13/2025","1,482.34","1,484.83","1,485.64","1,468.97","70.69M","0.08%"
"02/12/2025","1,481.21","1,505.33","1,505.75","1,479.00","72.73M","-1.58%"
"02/11/2025","1,505.01","1,487.27","1,505.24","1,487.27","68.59M","1.18%"
"02/10/2025","1,487.44","1,485.01","1,495.57","1,485.01","48.25M","0.16%"
"02/07/2025","1,485.10","1,499.23","1,499.23","1,481.66","49.67M","-0.94%"
"02/06/2025","1,499.25","1,501.85","1,515.91","1,498.65","67.25M","-0.19%"
"02/05/2025","1,502.11","1,510.11","1,518.39","1,499.92","65.42M","-0.53%"
"02/04/2025","1,510.13","1,498.93","1,511.02","1,493.54","55.64M","0.75%"
"02/03/2025","1,498.83","1,515.03","1,515.03","1,486.94","78.28M","-1.10%"
"01/31/2025","1,515.46","1,522.32","1,522.56","1,512.02","60.92M","-0.44%"
"01/30/2025","1,522.22","1,510.49","1,522.22","1,510.48","52.11M","0.78%"
"01/29/2025","1,510.49","1,498.58","1,510.52","1,498.58","51.26M","0.83%"
"01/28/2025","1,498.11","1,491.68","1,505.56","1,488.09","57.51M","0.43%"
"01/27/2025","1,491.68","1,488.96","1,491.68","1,480.85","50.50M","0.17%"
"01/24/2025","1,489.14","1,502.58","1,509.86","1,488.95","67.67M","-0.92%"
"01/23/2025","1,503.03","1,489.35","1,503.03","1,488.05","58.06M","0.92%"
"01/22/2025","1,489.35","1,485.35","1,498.09","1,485.35","51.85M","0.27%"
"01/21/2025","1,485.35","1,491.15","1,491.24","1,479.02","50.53M","-0.39%"
"01/20/2025","1,491.21","1,493.49","1,495.79","1,491.21","42.09M","-0.16%"
"01/17/2025","1,493.65","1,486.03","1,495.72","1,486.03","66.02M","0.51%"
"01/16/2025","1,486.03","1,490.97","1,501.03","1,484.43","55.90M","-0.33%"
"01/15/2025","1,491.02","1,477.45","1,491.86","1,476.88","65.76M","0.92%"
"01/14/2025","1,477.47","1,478.99","1,487.44","1,475.92","78.43M","-0.11%"
"01/13/2025","1,479.15","1,479.70","1,483.28","1,467.22","96.55M","-0.04%"
"01/10/2025","1,479.81","1,472.85","1,484.92","1,472.08","69.20M","0.47%"
"01/09/2025","1,472.83","1,465.97","1,476.18","1,465.32","84.36M","0.43%"
"01/08/2025","1,466.56","1,470.47","1,476.87","1,462.56","60.28M","-0.20%"
"01/07/2025","1,469.54","1,461.21","1,469.73","1,454.92","62.12M","0.57%"
"01/06/2025","1,461.23","1,462.40","1,467.40","1,453.85","73.37M","-0.09%"
"01/03/2025","1,462.48","1,458.21","1,465.76","1,451.08","52.88M","0.30%"
"01/02/2025","1,458.15","1,425.03","1,460.62","1,425.03","62.37M","2.32%"
"12/30/2024","1,425.05","1,425.13","1,426.67","1,420.12","46.14M","0.00%"
"12/27/2024","1,425.10","1,408.11","1,426.53","1,407.99","54.93M","1.21%"
"12/23/2024","1,408.00","1,400.54","1,410.80","1,400.30","53.32M","0.53%"
"12/20/2024","1,400.54","1,406.10","1,407.17","1,393.33","102.07M","-0.39%"
"12/19/2024","1,406.06","1,412.72","1,412.72","1,400.99","66.64M","-0.58%"
"12/18/2024","1,414.24","1,417.56","1,425.71","1,413.66","60.68M","-0.23%"
"12/17/2024","1,417.55","1,429.93","1,429.93","1,416.51","66.87M","-0.86%"
"12/16/2024","1,429.90","1,445.85","1,446.06","1,428.06","54.39M","-1.10%"
"12/13/2024","1,445.87","1,448.60","1,450.49","1,442.11","50.97M","-0.18%"
"12/12/2024","1,448.52","1,448.03","1,457.42","1,445.15","55.33M","0.06%"
"12/11/2024","1,447.70","1,447.38","1,456.14","1,441.23","56.13M","0.04%"
"12/10/2024","1,447.17","1,455.14","1,455.14","1,444.47","49.50M","-0.53%"
"12/09/2024","1,454.92","1,449.74","1,459.10","1,449.69","56.75M","0.37%"
"12/06/2024","1,449.58","1,472.28","1,473.37","1,448.86","55.67M","-1.53%"
"12/05/2024","1,472.08","1,473.80","1,476.53","1,467.62","62.37M","-0.06%"
"12/04/2024","1,472.91","1,469.42","1,481.23","1,469.42","60.27M","0.24%"
"12/03/2024","1,469.43","1,454.83","1,472.02","1,454.43","62.88M","1.01%"
"12/02/2024","1,454.77","1,454.22","1,458.00","1,452.33","63.26M","0.04%"
"11/29/2024","1,454.21","1,456.93","1,458.12","1,452.39","56.04M","-0.19%"
"11/28/2024","1,456.97","1,457.63","1,461.14","1,453.44","43.79M","0.00%"
"11/27/2024","1,457.03","1,452.05","1,458.79","1,448.58","61.68M","0.34%"
"11/26/2024","1,452.05","1,471.76","1,471.86","1,452.05","62.82M","-1.34%"
"11/25/2024","1,471.70","1,468.66","1,480.46","1,468.55","140.72M","0.21%"
"11/22/2024","1,468.66","1,464.83","1,471.16","1,462.45","51.41M","0.26%"
"11/21/2024","1,464.83","1,452.43","1,465.91","1,450.59","67.28M","0.87%"
"11/20/2024","1,452.15","1,443.22","1,458.56","1,443.22","68.62M","0.64%"
"11/19/2024","1,442.97","1,441.83","1,444.71","1,433.08","52.60M","0.08%"
"11/18/2024","1,441.81","1,448.07","1,448.09","1,431.94","50.70M","-0.22%"
"11/15/2024","1,445.01","1,426.85","1,445.57","1,419.32","90.26M","1.31%"
"11/14/2024","1,426.26","1,402.83","1,428.31","1,402.69","61.52M","1.70%"
"11/13/2024","1,402.42","1,411.15","1,412.84","1,402.42","51.55M","-0.62%"
"11/12/2024","1,411.19","1,419.69","1,419.74","1,408.59","55.95M","-0.59%"
"11/11/2024","1,419.61","1,416.51","1,428.18","1,416.51","58.13M","0.23%"
"11/08/2024","1,416.42","1,421.79","1,427.24","1,413.72","92.94M","-0.34%"
"11/07/2024","1,421.23","1,414.48","1,428.27","1,414.48","61.20M","0.48%"
"11/06/2024","1,414.43","1,432.78","1,438.68","1,412.58","76.35M","-1.27%"
"11/05/2024","1,432.66","1,425.51","1,433.52","1,419.19","48.64M","0.42%"
"11/04/2024","1,426.69","1,434.87","1,438.17","1,426.69","42.87M","-0.45%"
"11/01/2024","1,433.20","1,431.56","1,439.72","1,429.28","54.73M","0.13%"
"10/31/2024","1,431.41","1,449.78","1,449.78","1,427.94","88.35M","-1.25%"
"10/30/2024","1,449.57","1,449.88","1,455.09","1,447.01","80.83M","0.01%"
"10/29/2024","1,449.39","1,451.08","1,460.88","1,448.57","58.33M","-0.03%"
"10/28/2024","1,449.88","1,462.13","1,462.13","1,440.17","61.99M","-0.78%"
"10/25/2024","1,461.21","1,446.48","1,461.28","1,446.48","82.05M","1.02%"
"10/24/2024","1,446.48","1,439.86","1,453.24","1,439.09","64.22M","0.45%"
"10/23/2024","1,439.93","1,444.11","1,447.82","1,434.90","55.48M","-0.28%"
"10/22/2024","1,444.02","1,438.55","1,448.34","1,438.55","64.49M","0.38%"
"10/21/2024","1,438.55","1,433.68","1,445.86","1,433.68","44.30M","0.34%"
"10/18/2024","1,433.62","1,444.03","1,449.17","1,432.86","49.36M","-0.71%"
"10/17/2024","1,443.94","1,441.88","1,448.75","1,437.20","53.20M","0.15%"
"10/16/2024","1,441.83","1,438.27","1,444.38","1,435.76","59.37M","0.25%"
"10/15/2024","1,438.27","1,450.46","1,451.28","1,433.45","67.63M","-0.82%"
"10/14/2024","1,450.21","1,449.38","1,451.75","1,445.22","49.24M","0.06%"
"10/11/2024","1,449.34","1,443.72","1,450.75","1,439.15","58.00M","0.40%"
"10/10/2024","1,443.63","1,431.59","1,444.23","1,431.59","55.02M","0.84%"
"10/09/2024","1,431.66","1,424.05","1,431.66","1,423.25","47.97M","0.53%"
"10/08/2024","1,424.05","1,442.42","1,442.42","1,424.05","58.00M","-1.28%"
"10/07/2024","1,442.48","1,449.55","1,451.94","1,436.53","63.10M","-0.48%"
"10/04/2024","1,449.45","1,436.17","1,450.80","1,435.45","80.39M","0.93%"
"10/03/2024","1,436.15","1,437.72","1,439.28","1,427.60","50.19M","-0.11%"
"10/02/2024","1,437.67","1,424.71","1,442.12","1,424.05","73.47M","0.91%"
"10/01/2024","1,424.67","1,416.31","1,430.43","1,413.38","70.69M","0.59%"
"09/30/2024","1,416.30","1,407.09","1,417.85","1,405.87","71.48M","0.67%"
"09/27/2024","1,406.93","1,394.01","1,408.33","1,394.01","77.80M","0.94%"
"09/26/2024","1,393.83","1,404.67","1,406.74","1,392.47","80.37M","-0.75%"
"09/25/2024","1,404.42","1,413.20","1,413.66","1,401.83","59.53M","-0.56%"
"09/24/2024","1,412.36","1,412.37","1,422.86","1,411.45","72.45M","0.00%"
"09/23/2024","1,412.29","1,407.43","1,414.40","1,401.70","60.36M","0.35%"
"09/20/2024","1,407.43","1,411.03","1,416.50","1,403.63","187.49M","-0.25%"
"09/19/2024","1,411.02","1,400.57","1,423.32","1,400.57","99.26M","0.76%"
"09/18/2024","1,400.41","1,404.75","1,405.30","1,398.42","80.60M","-0.31%"
"09/17/2024","1,404.80","1,411.24","1,416.28","1,402.93","83.80M","-0.43%"
"09/16/2024","1,410.90","1,407.35","1,411.93","1,399.89","63.10M","0.25%"
"09/13/2024","1,407.41","1,394.80","1,407.41","1,394.80","72.88M","0.90%"
"09/12/2024","1,394.80","1,381.84","1,402.33","1,381.84","92.38M","0.97%"
"09/11/2024","1,381.37","1,379.21","1,392.43","1,379.21","65.58M","0.15%"
"09/10/2024","1,379.27","1,392.89","1,403.29","1,379.27","74.36M","-0.96%"
"09/09/2024","1,392.67","1,386.26","1,394.34","1,382.57","55.90M","0.49%"
"09/06/2024","1,385.94","1,393.62","1,393.62","1,380.82","70.62M","-0.56%"
"09/05/2024","1,393.79","1,397.15","1,397.31","1,390.08","294.37M","-0.24%"
"09/04/2024","1,397.16","1,397.37","1,401.98","1,381.31","60.80M","-0.02%"
"09/03/2024","1,397.48","1,428.94","1,431.72","1,397.48","63.57M","-2.20%"
"09/02/2024","1,428.96","1,440.33","1,440.89","1,427.99","45.38M","-0.73%"
"08/30/2024","1,439.44","1,432.57","1,445.29","1,431.94","90.74M","0.48%"
"08/29/2024","1,432.52","1,431.42","1,434.16","1,423.05","50.56M","0.09%"
"08/28/2024","1,431.22","1,438.37","1,439.49","1,429.20","62.55M","-0.49%"
"08/27/2024","1,438.26","1,443.62","1,446.17","1,437.49","49.50M","-0.37%"
"08/26/2024","1,443.61","1,434.54","1,446.74","1,433.52","50.62M","0.64%"
"08/23/2024","1,434.48","1,424.87","1,434.99","1,424.04","51.20M","0.67%"
"08/22/2024","1,424.87","1,426.05","1,429.29","1,417.61","52.36M","-0.08%"
"08/21/2024","1,425.94","1,428.86","1,432.08","1,424.87","69.27M","-0.19%"
"08/20/2024","1,428.69","1,448.66","1,448.66","1,427.32","51.20M","-1.37%"
"08/19/2024","1,448.60","1,443.31","1,448.73","1,435.79","51.17M","0.40%"
"08/16/2024","1,442.82","1,441.56","1,448.49","1,437.46","57.93M","0.31%"
"08/15/2024","1,438.37","1,437.29","1,444.43","1,432.46","71.58M","0.08%"
"08/14/2024","1,437.29","1,427.65","1,437.29","1,427.65","49.60M","0.68%"
"08/13/2024","1,427.65","1,427.52","1,433.67","1,425.25","45.28M","0.01%"
"08/12/2024","1,427.52","1,412.91","1,430.22","1,412.91","43.43M","1.03%"
"08/09/2024","1,412.91","1,402.52","1,418.76","1,402.52","54.10M","0.74%"
"08/08/2024","1,402.52","1,400.91","1,404.81","1,390.23","70.69M","0.10%"
"08/07/2024","1,401.05","1,374.23","1,402.57","1,374.23","49.54M","1.95%"
"08/06/2024","1,374.22","1,362.08","1,392.48","1,362.08","68.08M","0.93%"
"08/05/2024","1,361.58","1,408.80","1,408.80","1,347.42","98.08M","-3.36%"
"08/02/2024","1,408.88","1,451.42","1,451.42","1,408.87","67.52M","-2.94%"
"08/01/2024","1,451.57","1,459.30","1,467.37","1,449.91","42.50M","-0.53%"
"07/31/2024","1,459.29","1,443.98","1,463.91","1,443.97","54.41M","1.06%"
"07/30/2024","1,443.96","1,445.27","1,445.75","1,440.32","44.22M","-0.09%"
"07/29/2024","1,445.27","1,434.71","1,450.14","1,434.71","41.80M","0.78%"
"07/26/2024","1,434.12","1,429.18","1,444.37","1,429.11","46.56M","0.36%"
"07/25/2024","1,429.04","1,440.52","1,440.52","1,419.95","51.98M","-0.78%"
"07/24/2024","1,440.21","1,446.84","1,448.33","1,439.36","42.17M","-0.46%"
"07/23/2024","1,446.85","1,452.89","1,454.94","1,444.96","51.47M","-0.39%"
"07/22/2024","1,452.54","1,442.98","1,454.06","1,440.26","48.01M","0.66%"
"07/19/2024","1,443.02","1,443.72","1,446.53","1,439.02","50.35M","-0.05%"
"07/18/2024","1,443.71","1,431.70","1,446.14","1,430.99","50.09M","0.84%"
"07/17/2024","1,431.74","1,426.90","1,431.83","1,421.57","49.44M","0.45%"
"07/16/2024","1,425.29","1,427.39","1,429.30","1,420.75","50.78M","-0.15%"
"07/15/2024","1,427.41","1,434.42","1,436.43","1,422.87","50.77M","-0.49%"
"07/12/2024","1,434.43","1,415.87","1,435.69","1,415.87","85.19M","1.35%"
"07/11/2024","1,415.32","1,406.03","1,415.33","1,404.96","63.55M","0.66%"
"07/10/2024","1,406.03","1,401.29","1,409.12","1,400.79","55.18M","0.34%"
"07/09/2024","1,401.33","1,409.24","1,411.43","1,400.72","52.06M","-0.57%"
"07/08/2024","1,409.30","1,418.96","1,419.39","1,406.58","55.91M","-0.68%"
"07/05/2024","1,418.89","1,425.82","1,433.73","1,418.63","59.50M","-0.49%"
"07/04/2024","1,425.84","1,428.24","1,429.35","1,425.56","100.04M","-0.17%"
"07/03/2024","1,428.23","1,427.65","1,434.87","1,425.58","55.19M","0.04%"
"07/02/2024","1,427.64","1,428.33","1,432.51","1,424.39","50.39M","-0.05%"
"07/01/2024","1,428.29","1,422.37","1,434.25","1,420.96","","0.42%"
"06/28/2024","1,422.35","1,415.87","1,425.55","1,414.91","62.58M","0.46%"
"06/27/2024","1,415.84","1,409.29","1,417.75","1,409.19","60.03M","0.47%"
"06/26/2024","1,409.24","1,410.46","1,422.41","1,406.93","53.80M","-0.09%"
"06/25/2024","1,410.46","1,417.04","1,421.26","1,407.03","49.69M","-0.47%"
"06/24/2024","1,417.06","1,407.01","1,418.09","1,399.48","56.02M","0.72%"
"06/21/2024","1,406.98","1,409.34","1,409.76","1,401.75","116.83M","-0.17%"
"06/20/2024","1,409.34","1,404.64","1,409.94","1,401.07","80.97M","0.36%"
"06/19/2024","1,404.23","1,403.15","1,408.69","1,401.68","173.98M","0.08%"
"06/18/2024","1,403.06","1,393.52","1,405.62","1,393.52","53.43M","0.68%"
"06/17/2024","1,393.52","1,391.57","1,399.19","1,386.43","62.01M","0.14%"
"06/14/2024","1,391.56","1,400.14","1,406.61","1,390.43","68.34M","-0.61%"
"06/13/2024","1,400.14","1,414.81","1,414.81","1,399.32","66.21M","-1.00%"
"06/12/2024","1,414.25","1,407.23","1,417.82","1,407.14","59.97M","0.50%"
"06/11/2024","1,407.23","1,419.55","1,424.15","1,402.85","77.51M","-0.85%"
"06/10/2024","1,419.29","1,423.28","1,423.74","1,413.35","51.09M","-0.28%"
"06/07/2024","1,423.28","1,419.39","1,423.28","1,413.29","58.94M","0.46%"
"06/06/2024","1,416.83","1,413.84","1,420.48","1,413.84","84.30M","0.25%"
"06/05/2024","1,413.36","1,415.10","1,421.78","1,412.65","58.06M","-0.12%"
"06/04/2024","1,415.10","1,442.32","1,442.32","1,408.13","87.20M","-1.89%"
"06/03/2024","1,442.35","1,440.55","1,456.63","1,440.55","86.44M","0.13%"
"05/31/2024","1,440.53","1,428.28","1,442.59","1,428.28","150.54M","0.87%"
"05/30/2024","1,428.10","1,423.65","1,435.99","1,415.39","80.37M","0.31%"
"05/29/2024","1,423.64","1,435.04","1,439.82","1,422.10","97.84M","-0.71%"
"05/28/2024","1,433.82","1,434.47","1,437.48","1,431.53","95.37M","-0.03%"
"05/27/2024","1,434.20","1,423.53","1,434.60","1,421.06","53.74M","0.75%"
"05/24/2024","1,423.46","1,425.14","1,425.93","1,415.25","58.77M","-0.11%"
"05/23/2024","1,424.98","1,418.45","1,428.62","1,415.25","82.75M","0.47%"
"05/22/2024","1,418.31","1,426.11","1,426.93","1,416.43","60.60M","-0.44%"
"05/21/2024","1,424.56","1,416.48","1,428.25","1,416.33","79.73M","0.57%"
"05/16/2024","1,416.42","1,410.03","1,419.11","1,407.69","86.60M","0.52%"
"05/15/2024","1,409.06","1,420.22","1,425.52","1,408.54","67.36M","-0.56%"
"05/14/2024","1,417.00","1,416.32","1,418.74","1,412.27","76.09M","0.04%"
"05/13/2024","1,416.45","1,418.70","1,418.70","1,408.61","65.18M","-0.16%"
"05/10/2024","1,418.73","1,398.27","1,420.97","1,398.27","82.74M","1.46%"
"05/08/2024","1,398.27","1,399.86","1,400.34","1,392.37","94.66M","0.30%"
"05/07/2024","1,394.15","1,390.24","1,396.91","1,388.33","70.27M","0.29%"
"05/06/2024","1,390.11","1,371.90","1,390.47","1,371.86","66.24M","1.37%"
"05/03/2024","1,371.30","1,364.55","1,379.14","1,363.59","61.93M","0.50%"
"05/02/2024","1,364.50","1,372.19","1,372.19","1,353.66","72.67M","-0.49%"
"04/30/2024","1,371.21","1,379.18","1,382.26","1,369.88","83.47M","0.24%"
"04/29/2024","1,367.92","1,369.07","1,370.24","1,359.78","82.28M","0.15%"
"04/26/2024","1,365.93","1,359.49","1,367.57","1,357.20","106.39M","0.52%"
"04/25/2024","1,358.86","1,353.46","1,364.54","1,350.76","113.22M","0.41%"
"04/24/2024","1,353.28","1,340.08","1,353.34","1,340.08","89.46M","1.01%"
"04/23/2024","1,339.80","1,340.25","1,342.40","1,334.21","69.29M","-0.03%"
"04/22/2024","1,340.25","1,341.21","1,344.62","1,337.67","63.26M","-0.07%"
"04/19/2024","1,341.22","1,345.27","1,346.13","1,327.39","74.04M","-0.10%"
"04/18/2024","1,342.62","1,348.04","1,348.19","1,335.08","69.80M","-0.38%"
"04/17/2024","1,347.78","1,343.16","1,354.29","1,343.14","75.10M","0.34%"
"04/16/2024","1,343.16","1,361.89","1,361.90","1,342.75","70.42M","-1.38%"
"04/15/2024","1,361.91","1,376.17","1,378.72","1,358.69","69.04M","-1.04%"
"04/12/2024","1,376.17","1,356.03","1,377.83","1,356.03","81.93M","1.54%"
"04/11/2024","1,355.28","1,357.06","1,366.89","1,355.26","94.07M","-0.13%"
"04/10/2024","1,357.06","1,352.68","1,363.14","1,346.46","100.18M","0.33%"
"04/09/2024","1,352.65","1,350.90","1,359.40","1,350.19","103.16M","0.13%"
"04/08/2024","1,350.90","1,351.80","1,358.12","1,350.79","85.11M","-0.04%"
"04/05/2024","1,351.50","1,350.99","1,355.16","1,345.69","68.23M","0.14%"
"04/04/2024","1,349.62","1,349.28","1,351.98","1,347.50","83.55M","0.03%"
"04/03/2024","1,349.28","1,342.56","1,349.35","1,339.75","87.04M","0.48%"
"04/02/2024","1,342.78","1,328.19","1,352.21","1,328.19","104.66M","1.10%"
"03/27/2024","1,328.15","1,322.41","1,329.14","1,321.18","42.34M","0.44%"
"03/26/2024","1,322.36","1,323.07","1,326.25","1,318.60","55.88M","-0.05%"
"03/25/2024","1,323.06","1,319.40","1,324.47","1,316.35","70.40M","0.28%"
"03/22/2024","1,319.33","1,310.49","1,323.22","1,308.71","70.08M","0.67%"
"03/21/2024","1,310.55","1,305.15","1,317.07","1,305.15","72.50M","0.52%"
"03/20/2024","1,303.74","1,302.94","1,308.12","1,298.25","100.20M","0.06%"
"03/19/2024","1,302.94","1,300.81","1,310.62","1,300.13","77.29M","0.19%"
"03/18/2024","1,300.45","1,293.09","1,305.39","1,293.09","74.61M","0.57%"
"03/15/2024","1,293.09","1,290.81","1,300.27","1,290.79","425.85M","0.17%"
"03/14/2024","1,290.84","1,291.69","1,295.37","1,289.14","82.52M","-0.05%"
"03/13/2024","1,291.47","1,279.21","1,291.47","1,278.08","92.02M","0.96%"
"03/12/2024","1,279.21","1,267.79","1,280.64","1,267.62","93.42M","0.92%"
"03/11/2024","1,267.61","1,279.48","1,280.27","1,265.31","64.42M","-0.91%"
"03/08/2024","1,279.23","1,274.51","1,283.37","1,274.51","93.77M","0.37%"
"03/07/2024","1,274.52","1,274.08","1,276.85","1,269.07","96.31M","0.04%"
"03/06/2024","1,274.04","1,275.26","1,282.99","1,272.76","74.97M","-0.10%"
"03/05/2024","1,275.27","1,269.51","1,278.23","1,264.38","68.89M","0.50%"
"03/04/2024","1,268.96","1,275.32","1,280.26","1,268.27","67.94M","-0.48%"
"03/01/2024","1,275.14","1,266.56","1,281.08","1,266.56","74.53M","0.71%"
"02/29/2024","1,266.11","1,263.82","1,268.83","1,258.89","119.87M","0.18%"
"02/28/2024","1,263.82","1,260.08","1,266.21","1,257.32","101.11M","0.30%"
"02/27/2024","1,260.06","1,262.25","1,264.20","1,255.64","70.08M","-0.18%"
"02/26/2024","1,262.31","1,260.83","1,263.63","1,256.51","69.69M","0.12%"
"02/23/2024","1,260.80","1,264.33","1,267.94","1,254.97","67.58M","-0.22%"
"02/22/2024","1,263.58","1,260.25","1,269.88","1,260.25","71.02M","0.28%"
"02/21/2024","1,260.00","1,264.05","1,264.05","1,254.37","84.72M","-0.22%"
"02/20/2024","1,262.81","1,267.23","1,267.29","1,256.03","87.85M","-0.35%"
"02/19/2024","1,267.23","1,264.34","1,268.67","1,262.06","64.70M","0.25%"
"02/16/2024","1,264.02","1,252.41","1,267.15","1,252.41","112.45M","0.94%"
"02/15/2024","1,252.24","1,250.58","1,256.38","1,242.91","126.57M","0.15%"
"02/14/2024","1,250.40","1,242.60","1,253.44","1,230.67","82.86M","0.82%"
"02/13/2024","1,240.19","1,252.43","1,252.62","1,239.17","79.88M","-0.85%"
"02/12/2024","1,250.87","1,240.55","1,252.91","1,240.55","69.21M","0.84%"
"02/09/2024","1,240.49","1,236.71","1,245.19","1,235.55","75.45M","0.32%"
"02/08/2024","1,236.59","1,247.19","1,248.58","1,235.61","94.49M","-0.85%"
"02/07/2024","1,247.17","1,273.40","1,273.40","1,247.17","99.56M","-2.05%"
"02/06/2024","1,273.21","1,264.11","1,274.35","1,264.11","86.17M","0.72%"
"02/05/2024","1,264.09","1,271.75","1,276.45","1,263.74","73.51M","-0.60%"
"02/02/2024","1,271.69","1,279.28","1,280.44","1,268.74","91.54M","-0.59%"
"02/01/2024","1,279.30","1,278.32","1,282.21","1,273.38","62.33M","0.08%"
"01/31/2024","1,278.32","1,282.63","1,285.25","1,277.00","71.95M","-0.35%"
"01/30/2024","1,282.75","1,289.58","1,290.42","1,282.27","68.06M","-0.53%"
"01/29/2024","1,289.58","1,293.38","1,300.77","1,288.25","70.42M","-0.30%"
"01/26/2024","1,293.52","1,285.11","1,294.53","1,283.28","65.27M","0.65%"
"01/25/2024","1,285.16","1,285.95","1,293.57","1,280.10","81.60M","-0.06%"
"01/24/2024","1,285.95","1,284.63","1,289.30","1,282.51","85.35M","0.12%"
"01/23/2024","1,284.39","1,278.26","1,285.99","1,274.36","82.09M","0.48%"
"01/22/2024","1,278.24","1,278.04","1,280.96","1,271.98","69.15M","0.02%"
"01/19/2024","1,278.01","1,276.40","1,289.53","1,276.40","112.15M","0.13%"
"01/18/2024","1,276.39","1,271.19","1,279.10","1,270.98","87.66M","0.41%"
"01/17/2024","1,271.16","1,284.24","1,284.24","1,264.69","72.76M","-1.03%"
"01/16/2024","1,284.38","1,286.13","1,290.05","1,274.33","76.61M","-0.14%"
"01/15/2024","1,286.13","1,298.75","1,301.48","1,284.20","72.13M","-0.97%"
"01/12/2024","1,298.75","1,289.59","1,305.10","1,289.38","82.10M","0.70%"
"01/11/2024","1,289.74","1,297.30","1,302.27","1,289.74","88.66M","-0.57%"
"01/10/2024","1,297.17","1,302.93","1,304.60","1,294.23","70.26M","-0.44%"
"01/09/2024","1,302.91","1,303.99","1,314.54","1,300.54","98.53M","-0.08%"
"01/08/2024","1,303.96","1,317.80","1,317.83","1,300.88","70.10M","-1.05%"
"01/05/2024","1,317.77","1,323.16","1,323.16","1,312.66","67.03M","-0.41%"
"01/04/2024","1,323.13","1,307.18","1,327.82","1,307.18","79.85M","1.22%"
"01/03/2024","1,307.12","1,307.06","1,307.35","1,298.84","66.63M","0.00%"
"01/02/2024","1,307.06","1,306.68","1,316.71","1,303.28","62.94M","0.03%"
"12/29/2023","1,306.61","1,304.35","1,308.78","1,302.63","50.67M","0.17%"
"12/28/2023","1,304.40","1,307.10","1,307.93","1,300.48","59.37M","-0.21%"
"12/27/2023","1,307.10","1,294.97","1,310.42","1,294.97","64.42M","0.90%"
"12/22/2023","1,295.42","1,292.56","1,298.41","1,291.95","69.66M","0.22%"
"12/21/2023","1,292.59","1,296.85","1,296.90","1,287.20","75.75M","-0.34%"
"12/20/2023","1,297.01","1,299.62","1,309.26","1,296.51","70.24M","-0.20%"
"12/19/2023","1,299.63","1,309.05","1,309.47","1,298.27","68.20M","-0.72%"
"12/18/2023","1,309.03","1,296.50","1,312.53","1,296.50","90.38M","0.97%"
"12/15/2023","1,296.42","1,303.96","1,314.35","1,296.33","162.02M","-0.58%"
"12/14/2023","1,303.97","1,289.84","1,314.08","1,289.84","103.24M","1.12%"
"12/13/2023","1,289.59","1,291.72","1,293.30","1,277.89","108.25M","-0.14%"
"12/12/2023","1,291.39","1,299.20","1,303.56","1,286.51","89.23M","-0.60%"
"12/11/2023","1,299.18","1,294.35","1,299.18","1,291.86","63.29M","0.37%"
"12/08/2023","1,294.33","1,287.64","1,294.96","1,283.50","79.13M","0.52%"
"12/07/2023","1,287.64","1,291.22","1,292.34","1,284.56","69.82M","-0.28%"
"12/06/2023","1,291.25","1,292.15","1,298.82","1,288.91","78.90M","-0.07%"
"12/05/2023","1,292.16","1,290.30","1,298.69","1,288.29","66.48M","0.15%"
"12/04/2023","1,290.24","1,304.34","1,304.34","1,287.73","70.79M","-1.08%"
"12/01/2023","1,304.37","1,303.90","1,307.11","1,297.91","68.18M","0.04%"
"11/30/2023","1,303.88","1,292.37","1,307.84","1,290.63","148.11M","0.83%"
"11/29/2023","1,293.15","1,293.42","1,300.84","1,288.70","66.93M","-0.52%"
"11/28/2023","1,299.85","1,311.16","1,311.16","1,299.16","77.67M","-0.87%"
"11/27/2023","1,311.21","1,315.05","1,315.88","1,308.76","55.54M","-0.30%"
"11/24/2023","1,315.22","1,306.32","1,315.43","1,304.36","50.74M","0.68%"
"11/23/2023","1,306.34","1,286.71","1,306.35","1,286.59","53.66M","1.56%"
"11/22/2023","1,286.30","1,288.95","1,297.30","1,282.95","85.41M","-0.19%"
"11/21/2023","1,288.74","1,306.35","1,306.93","1,287.58","76.31M","-1.35%"
"11/20/2023","1,306.38","1,296.43","1,306.52","1,296.41","69.48M","0.78%"
"11/17/2023","1,296.28","1,283.87","1,297.21","1,281.50","87.36M","1.05%"
"11/16/2023","1,282.80","1,306.46","1,306.85","1,282.80","83.54M","-1.81%"
"11/15/2023","1,306.40","1,303.08","1,308.01","1,301.45","103.29M","0.25%"
"11/14/2023","1,303.08","1,296.61","1,303.17","1,290.27","76.13M","0.70%"
"11/13/2023","1,293.99","1,282.98","1,294.20","1,282.98","57.64M","0.85%"
"11/10/2023","1,283.07","1,288.34","1,288.34","1,283.07","75.11M","-0.43%"
"11/09/2023","1,288.59","1,274.03","1,289.17","1,266.18","97.80M","1.17%"
"11/08/2023","1,273.74","1,264.45","1,278.35","1,259.76","86.50M","0.73%"
"11/07/2023","1,264.53","1,291.46","1,291.46","1,263.04","83.66M","-2.07%"
"11/06/2023","1,291.24","1,284.98","1,293.65","1,284.87","91.51M","0.49%"
"11/03/2023","1,284.91","1,292.14","1,298.46","1,282.49","111.58M","-0.53%"
"11/02/2023","1,291.81","1,281.33","1,292.61","1,280.59","127.54M","0.83%"
"11/01/2023","1,281.17","1,282.45","1,282.90","1,271.11","96.50M","0.01%"
"10/31/2023","1,281.02","1,268.54","1,281.64","1,268.54","82.74M","0.99%"
"10/30/2023","1,268.48","1,264.12","1,280.08","1,264.01","83.97M","0.37%"
"10/27/2023","1,263.81","1,252.47","1,276.06","1,252.47","102.68M","0.91%"
"10/26/2023","1,252.38","1,259.12","1,261.91","1,249.69","115.95M","-0.54%"
"10/25/2023","1,259.14","1,264.86","1,269.11","1,258.22","140.97M","-0.45%"
"10/24/2023","1,264.85","1,254.78","1,265.37","1,253.06","77.10M","0.81%"
"10/23/2023","1,254.72","1,272.02","1,272.02","1,251.85","76.11M","-1.37%"
"10/20/2023","1,272.14","1,291.22","1,292.69","1,272.14","109.12M","-1.48%"
"10/19/2023","1,291.25","1,314.34","1,314.50","1,289.83","77.69M","-1.60%"
"10/18/2023","1,312.26","1,309.77","1,314.68","1,305.74","77.23M","0.19%"
"10/17/2023","1,309.81","1,312.02","1,312.89","1,303.86","76.35M","-0.17%"
"10/16/2023","1,312.00","1,310.93","1,318.39","1,309.19","73.97M","0.09%"
"10/13/2023","1,310.84","1,308.55","1,315.56","1,306.04","83.95M","0.17%"
"10/12/2023","1,308.55","1,293.17","1,312.78","1,292.67","85.33M","1.19%"
"10/11/2023","1,293.20","1,295.77","1,302.41","1,291.69","83.52M","-0.20%"
"10/10/2023","1,295.77","1,280.28","1,295.87","1,277.94","100.44M","1.22%"
"10/09/2023","1,280.13","1,251.33","1,280.13","1,251.21","99.79M","2.31%"
"10/06/2023","1,251.27","1,253.32","1,258.57","1,246.72","82.74M","-0.14%"
"10/05/2023","1,253.05","1,247.69","1,254.05","1,242.05","99.09M","0.43%"
"10/04/2023","1,247.68","1,263.08","1,265.04","1,247.27","107.24M","-1.22%"
"10/03/2023","1,263.05","1,280.99","1,281.18","1,263.04","103.92M","-1.42%"
"10/02/2023","1,281.21","1,290.88","1,301.74","1,281.15","91.41M","-0.76%"
"09/29/2023","1,290.99","1,289.10","1,303.65","1,289.10","90.50M","0.15%"
"09/28/2023","1,289.10","1,294.08","1,299.50","1,287.35","96.88M","-0.38%"
"09/27/2023","1,294.01","1,278.97","1,295.02","1,278.97","82.31M","1.18%"
"09/26/2023","1,278.97","1,283.64","1,285.68","1,274.27","99.06M","-0.36%"
"09/25/2023","1,283.59","1,299.70","1,300.00","1,280.70","88.48M","-1.24%"
"09/22/2023","1,299.66","1,296.02","1,300.23","1,289.63","255.98M","0.28%"
"09/21/2023","1,296.00","1,306.10","1,306.10","1,288.27","86.56M","-0.78%"
"09/20/2023","1,306.18","1,302.02","1,308.36","1,295.42","94.63M","0.37%"
"09/19/2023","1,301.38","1,300.00","1,304.87","1,296.53","105.52M","0.10%"
"09/18/2023","1,300.03","1,301.14","1,303.41","1,295.93","155.86M","-0.07%"
"09/15/2023","1,300.98","1,297.19","1,308.29","1,297.19","180.45M","0.29%"
"09/14/2023","1,297.20","1,274.27","1,298.90","1,274.27","83.40M","1.86%"
"09/13/2023","1,273.47","1,275.76","1,281.87","1,272.90","64.08M","-0.18%"
"09/12/2023","1,275.79","1,274.04","1,278.25","1,271.31","71.12M","0.14%"
"09/11/2023","1,273.99","1,266.31","1,275.62","1,266.31","63.37M","0.60%"
"09/08/2023","1,266.34","1,262.31","1,269.26","1,262.31","60.80M","0.33%"
"09/07/2023","1,262.20","1,269.97","1,269.97","1,260.63","69.77M","-0.60%"
"09/06/2023","1,269.78","1,272.61","1,276.97","1,267.17","72.18M","-0.23%"
"09/05/2023","1,272.72","1,266.77","1,279.68","1,261.23","67.03M","0.47%"
"09/04/2023","1,266.79","1,265.83","1,274.36","1,265.54","70.76M","0.08%"
"09/01/2023","1,265.81","1,256.73","1,268.91","1,256.29","69.59M","0.81%"
"08/31/2023","1,255.60","1,252.62","1,258.64","1,251.89","86.48M","0.28%"
"08/30/2023","1,252.12","1,247.31","1,254.98","1,247.31","60.50M","0.39%"
"08/29/2023","1,247.21","1,246.90","1,250.40","1,244.72","70.07M","0.03%"
"08/28/2023","1,246.85","1,232.08","1,246.90","1,232.08","68.50M","1.21%"
"08/25/2023","1,231.94","1,228.36","1,236.70","1,226.61","75.25M","0.29%"
"08/24/2023","1,228.37","1,229.59","1,235.49","1,226.25","96.51M","-0.06%"
"08/23/2023","1,229.09","1,236.99","1,239.22","1,224.46","91.03M","-0.64%"
"08/22/2023","1,236.99","1,242.36","1,243.28","1,235.98","72.32M","-0.42%"
"08/21/2023","1,242.16","1,237.40","1,251.71","1,237.34","76.36M","0.38%"
"08/18/2023","1,237.48","1,254.24","1,254.24","1,231.18","97.03M","-1.39%"
"08/17/2023","1,254.93","1,257.00","1,257.00","1,248.24","92.23M","-0.17%"
"08/16/2023","1,257.11","1,252.64","1,257.29","1,248.49","70.54M","0.35%"
"08/15/2023","1,252.67","1,257.26","1,265.88","1,251.57","76.38M","-0.37%"
"08/14/2023","1,257.26","1,263.39","1,263.43","1,253.33","66.16M","-0.29%"
"08/11/2023","1,260.92","1,255.33","1,260.92","1,248.54","70.98M","0.43%"
"08/10/2023","1,255.55","1,256.25","1,256.86","1,250.01","73.89M","-0.04%"
"08/09/2023","1,256.06","1,226.30","1,256.70","1,226.30","79.19M","2.43%"
"08/08/2023","1,226.28","1,233.95","1,233.95","1,219.90","80.06M","-0.63%"
"08/07/2023","1,234.03","1,242.66","1,245.62","1,231.97","64.47M","-0.70%"
"08/04/2023","1,242.70","1,232.87","1,244.67","1,232.22","73.13M","0.83%"
"08/03/2023","1,232.50","1,231.51","1,235.12","1,219.40","57.19M","0.08%"
"08/02/2023","1,231.51","1,245.56","1,245.56","1,228.40","58.66M","-1.12%"
"08/01/2023","1,245.50","1,244.91","1,247.59","1,240.43","55.49M","0.05%"
"07/31/2023","1,244.93","1,234.58","1,249.57","1,234.05","64.72M","0.84%"
"07/28/2023","1,234.57","1,239.76","1,239.76","1,229.00","58.42M","-0.42%"
"07/27/2023","1,239.81","1,230.92","1,242.18","1,230.92","51.00M","0.71%"
"07/26/2023","1,231.07","1,242.73","1,242.73","1,224.27","63.01M","-0.94%"
"07/25/2023","1,242.70","1,237.20","1,243.13","1,235.40","67.58M","0.45%"
"07/24/2023","1,237.18","1,230.82","1,237.55","1,223.59","56.65M","0.52%"
"07/21/2023","1,230.79","1,223.28","1,230.99","1,223.28","79.81M","0.61%"
"07/20/2023","1,223.29","1,209.82","1,225.06","1,209.64","108.11M","1.11%"
"07/19/2023","1,209.86","1,201.75","1,210.65","1,197.41","61.17M","0.66%"
"07/18/2023","1,201.88","1,187.70","1,204.11","1,185.94","60.82M","1.31%"
"07/17/2023","1,186.39","1,200.85","1,200.85","1,183.63","59.92M","-1.22%"
"07/14/2023","1,201.04","1,213.62","1,214.73","1,200.93","68.61M","-1.03%"
"07/13/2023","1,213.54","1,216.33","1,220.12","1,210.83","88.23M","-0.22%"
"07/12/2023","1,216.21","1,205.68","1,219.03","1,202.45","85.65M","0.87%"
"07/11/2023","1,205.68","1,201.67","1,206.10","1,196.29","107.92M","0.33%"
"07/10/2023","1,201.66","1,199.00","1,203.02","1,190.08","78.68M","0.23%"
"07/07/2023","1,198.96","1,198.38","1,201.31","1,190.84","61.39M","0.05%"
"07/06/2023","1,198.34","1,216.90","1,217.05","1,198.00","79.90M","-1.53%"
"07/05/2023","1,216.96","1,227.36","1,227.39","1,215.90","56.12M","-0.85%"
"07/04/2023","1,227.34","1,225.23","1,229.54","1,223.44","41.71M","0.18%"
"07/03/2023","1,225.17","1,214.20","1,228.57","1,214.20","70.89M","0.91%"
"06/30/2023","1,214.12","1,210.14","1,218.43","1,210.14","82.47M","0.33%"
"06/29/2023","1,210.13","1,198.67","1,210.91","1,198.60","64.98M","0.96%"
"06/28/2023","1,198.67","1,186.22","1,200.15","1,186.22","71.07M","1.06%"
"06/27/2023","1,186.15","1,195.71","1,200.65","1,181.76","74.87M","-0.80%"
"06/26/2023","1,195.70","1,193.99","1,198.62","1,180.09","62.15M","0.14%"
"06/23/2023","1,193.99","1,208.13","1,208.29","1,191.36","85.62M","-1.17%"
"06/22/2023","1,208.10","1,227.36","1,227.36","1,204.54","64.67M","-1.59%"
"06/21/2023","1,227.58","1,234.47","1,234.47","1,222.93","77.54M","-0.53%"
"06/20/2023","1,234.07","1,231.93","1,235.65","1,227.44","65.70M","0.17%"
"06/19/2023","1,231.97","1,245.96","1,245.96","1,229.74","58.05M","-1.13%"
"06/16/2023","1,246.02","1,235.37","1,248.21","1,235.36","121.85M","0.86%"
"06/15/2023","1,235.36","1,239.03","1,245.56","1,234.59","67.82M","-0.22%"
"06/14/2023","1,238.09","1,245.08","1,246.52","1,236.66","78.93M","-0.56%"
"06/13/2023","1,245.08","1,232.40","1,245.08","1,227.63","75.52M","1.57%"
"06/12/2023","1,225.87","1,231.73","1,231.79","1,223.88","97.67M","-0.46%"
"06/09/2023","1,231.56","1,228.86","1,232.42","1,224.76","61.02M","0.31%"
"06/08/2023","1,227.77","1,227.51","1,232.26","1,225.24","54.28M","0.01%"
"06/07/2023","1,227.60","1,213.66","1,229.58","1,213.66","58.98M","1.14%"
"06/06/2023","1,213.72","1,227.46","1,227.46","1,208.52","58.31M","-1.11%"
"06/05/2023","1,227.29","1,226.41","1,239.95","1,226.41","63.45M","0.08%"
"06/02/2023","1,226.27","1,202.33","1,226.37","1,202.33","74.09M","2.02%"
"06/01/2023","1,202.00","1,198.61","1,207.35","1,197.67","70.94M","0.29%"
"05/31/2023","1,198.54","1,209.81","1,209.81","1,195.83","129.44M","-0.93%"
"05/30/2023","1,209.81","1,215.67","1,222.59","1,208.18","64.73M","-0.47%"
"05/26/2023","1,215.57","1,219.86","1,223.07","1,212.32","56.05M","-0.29%"
"05/25/2023","1,219.16","1,221.98","1,232.57","1,216.07","71.13M","-0.17%"
"05/24/2023","1,221.23","1,228.02","1,228.05","1,215.76","67.70M","-0.50%"
"05/23/2023","1,227.39","1,220.69","1,228.64","1,218.33","70.94M","0.55%"
"05/22/2023","1,220.66","1,225.25","1,225.25","1,218.03","62.36M","-0.39%"
"05/19/2023","1,225.40","1,211.59","1,226.34","1,211.59","77.81M","1.19%"
"05/16/2023","1,210.96","1,216.79","1,219.93","1,208.01","67.04M","-0.47%"
"05/15/2023","1,216.65","1,213.28","1,219.03","1,205.55","73.91M","0.29%"
"05/12/2023","1,213.11","1,201.81","1,213.59","1,197.06","69.48M","0.97%"
"05/11/2023","1,201.49","1,214.79","1,215.46","1,198.69","73.81M","-0.21%"
"05/10/2023","1,204.02","1,202.38","1,211.70","1,199.75","75.78M","0.14%"
"05/09/2023","1,202.34","1,213.07","1,214.93","1,196.27","86.15M","-0.89%"
"05/08/2023","1,213.09","1,204.54","1,216.88","1,204.54","55.43M","0.71%"
"05/05/2023","1,204.54","1,189.72","1,205.23","1,189.72","66.63M","1.25%"
"05/04/2023","1,189.72","1,203.49","1,207.63","1,189.55","71.03M","-1.14%"
"05/03/2023","1,203.48","1,210.02","1,213.17","1,194.92","73.90M","-0.41%"
"05/02/2023","1,208.41","1,228.56","1,229.18","1,207.92","82.85M","-1.47%"
"04/28/2023","1,226.44","1,213.64","1,226.52","1,203.98","108.16M","1.09%"
"04/27/2023","1,213.16","1,205.20","1,217.46","1,200.74","110.46M","0.69%"
"04/26/2023","1,204.81","1,212.80","1,214.93","1,202.88","80.33M","0.02%"
"04/25/2023","1,204.62","1,220.01","1,220.01","1,203.66","61.26M","-1.24%"
"04/24/2023","1,219.80","1,210.32","1,221.17","1,201.83","58.67M","0.79%"
"04/21/2023","1,210.24","1,214.92","1,215.11","1,206.63","73.90M","-0.36%"
"04/20/2023","1,214.60","1,220.85","1,220.86","1,211.09","68.77M","-0.50%"
"04/19/2023","1,220.72","1,228.48","1,228.48","1,220.06","70.97M","-0.60%"
"04/18/2023","1,228.08","1,227.26","1,234.13","1,225.19","64.73M","0.07%"
"04/17/2023","1,227.25","1,224.76","1,234.42","1,224.76","67.36M","0.22%"
"04/14/2023","1,224.58","1,219.98","1,226.39","1,213.62","102.05M","0.69%"
"04/13/2023","1,216.15","1,215.68","1,219.24","1,209.24","73.34M","0.04%"
"04/12/2023","1,215.64","1,209.88","1,222.20","1,209.81","65.69M","0.48%"
"04/11/2023","1,209.83","1,195.17","1,209.83","1,195.17","70.98M","1.22%"
"04/05/2023","1,195.23","1,201.50","1,201.81","1,187.32","37.35M","-0.51%"
"04/04/2023","1,201.41","1,208.60","1,213.76","1,201.41","64.58M","-0.59%"
"04/03/2023","1,208.60","1,194.29","1,216.15","1,194.29","84.93M","1.26%"
"03/31/2023","1,193.57","1,184.61","1,194.79","1,181.87","75.49M","0.75%"
"03/30/2023","1,184.66","1,168.61","1,190.18","1,167.69","79.62M","1.38%"
"03/29/2023","1,168.59","1,159.75","1,168.72","1,159.75","67.74M","0.77%"
"03/28/2023","1,159.63","1,158.76","1,170.45","1,154.34","81.56M","0.07%"
"03/27/2023","1,158.81","1,142.12","1,163.15","1,142.12","84.51M","1.48%"
"03/24/2023","1,141.95","1,177.68","1,177.68","1,138.62","118.80M","-2.93%"
"03/23/2023","1,176.41","1,178.65","1,178.96","1,169.10","74.41M","-0.15%"
"03/22/2023","1,178.18","1,176.65","1,180.95","1,170.54","70.80M","0.14%"
"03/21/2023","1,176.50","1,165.39","1,186.02","1,165.39","98.15M","0.96%"
"03/20/2023","1,165.34","1,151.91","1,166.70","1,123.13","111.89M","1.07%"
"03/17/2023","1,153.00","1,160.02","1,192.96","1,149.58","150.69M","-0.60%"
"03/16/2023","1,160.00","1,160.60","1,177.10","1,147.40","89.85M","-0.02%"
"03/15/2023","1,160.25","1,206.01","1,206.01","1,155.48","105.48M","-3.74%"
"03/14/2023","1,205.33","1,188.97","1,209.78","1,177.58","90.77M","1.38%"
"03/13/2023","1,188.94","1,220.54","1,223.53","1,177.93","91.53M","-2.59%"
"03/10/2023","1,220.58","1,233.56","1,233.56","1,214.09","79.56M","-1.05%"
"03/09/2023","1,233.56","1,243.64","1,244.10","1,230.46","57.55M","-0.81%"
"03/08/2023","1,243.59","1,245.31","1,246.25","1,235.30","59.76M","-0.14%"
"03/07/2023","1,245.34","1,255.50","1,260.55","1,243.08","77.27M","-0.80%"
"03/06/2023","1,255.39","1,255.92","1,261.51","1,251.40","61.69M","-0.04%"
"03/03/2023","1,255.92","1,251.11","1,258.50","1,246.45","57.40M","0.44%"
"03/02/2023","1,250.40","1,242.58","1,252.64","1,239.57","61.90M","0.63%"
"03/01/2023","1,242.54","1,241.10","1,248.24","1,237.93","74.56M","0.13%"
"02/28/2023","1,240.92","1,237.21","1,243.15","1,233.71","91.56M","0.30%"
"02/27/2023","1,237.19","1,226.91","1,242.18","1,226.91","55.57M","0.86%"
"02/24/2023","1,226.65","1,236.52","1,238.80","1,224.81","60.34M","-0.73%"
"02/23/2023","1,235.65","1,219.94","1,236.63","1,219.83","64.95M","1.30%"
"02/22/2023","1,219.74","1,227.18","1,227.18","1,213.53","67.54M","-0.59%"
"02/21/2023","1,227.02","1,234.61","1,234.89","1,219.98","52.46M","-0.62%"
"02/20/2023","1,234.68","1,229.70","1,237.92","1,226.69","53.13M","0.42%"
"02/17/2023","1,229.49","1,240.40","1,240.40","1,226.59","80.70M","-0.88%"
"02/16/2023","1,240.40","1,234.92","1,244.43","1,234.56","93.78M","0.45%"
"02/15/2023","1,234.80","1,238.01","1,240.17","1,232.31","72.86M","-0.16%"
"02/14/2023","1,236.83","1,234.43","1,238.48","1,228.78","76.87M","0.01%"
"02/13/2023","1,236.70","1,238.30","1,241.75","1,232.67","81.55M","-0.13%"
"02/10/2023","1,238.25","1,236.66","1,239.96","1,229.27","87.30M","0.13%"
"02/09/2023","1,236.66","1,239.78","1,247.49","1,235.58","85.86M","-0.25%"
"02/08/2023","1,239.75","1,209.69","1,244.61","1,209.69","107.49M","2.50%"
"02/07/2023","1,209.57","1,202.82","1,215.12","1,202.82","84.91M","0.57%"
"02/06/2023","1,202.75","1,211.30","1,211.30","1,198.11","65.42M","-0.71%"
"02/03/2023","1,211.35","1,199.45","1,212.12","1,194.01","79.13M","1.00%"
"02/02/2023","1,199.32","1,206.84","1,212.71","1,197.47","100.54M","-0.62%"
"02/01/2023","1,206.83","1,195.53","1,209.43","1,195.23","118.68M","0.95%"
"01/31/2023","1,195.44","1,195.03","1,197.25","1,188.58","70.40M","0.03%"
"01/30/2023","1,195.09","1,199.06","1,199.30","1,191.48","57.82M","-0.34%"
"01/27/2023","1,199.16","1,182.64","1,199.16","1,182.44","54.26M","1.40%"
"01/26/2023","1,182.66","1,180.79","1,193.63","1,180.79","56.35M","0.18%"
"01/25/2023","1,180.51","1,191.89","1,193.01","1,179.85","87.34M","-0.95%"
"01/24/2023","1,191.89","1,198.71","1,206.19","1,189.59","55.37M","-0.57%"
"01/23/2023","1,198.70","1,189.36","1,199.73","1,188.39","47.75M","0.79%"
"01/20/2023","1,189.32","1,182.68","1,193.43","1,182.68","64.36M","0.56%"
"01/19/2023","1,182.66","1,199.97","1,199.97","1,179.42","58.97M","-1.45%"
"01/18/2023","1,200.01","1,196.16","1,203.45","1,188.25","72.05M","0.32%"
"01/17/2023","1,196.14","1,186.62","1,199.25","1,181.53","71.27M","0.80%"
"01/16/2023","1,186.62","1,192.51","1,196.10","1,181.29","58.91M","-0.49%"
"01/13/2023","1,192.51","1,194.42","1,199.99","1,189.74","65.88M","-0.16%"
"01/12/2023","1,194.40","1,182.98","1,197.29","1,182.98","90.63M","0.97%"
"01/11/2023","1,182.96","1,184.81","1,188.99","1,179.53","74.54M","-0.15%"
"01/10/2023","1,184.78","1,192.44","1,192.98","1,181.04","77.77M","-0.78%"
"01/09/2023","1,194.15","1,187.46","1,203.76","1,187.46","69.40M","0.70%"
"01/06/2023","1,185.82","1,173.78","1,189.50","1,171.19","68.50M","1.03%"
"01/05/2023","1,173.78","1,165.24","1,176.13","1,165.05","67.05M","0.73%"
"01/04/2023","1,165.22","1,182.96","1,183.28","1,163.04","81.65M","-1.50%"
"01/03/2023","1,182.96","1,197.10","1,207.31","1,182.47","61.29M","-1.18%"
"01/02/2023","1,197.10","1,189.05","1,201.69","1,189.05","36.85M","0.68%"
"12/30/2022","1,189.00","1,197.69","1,197.69","1,187.66","41.73M","-0.73%"
"12/29/2022","1,197.77","1,190.80","1,198.20","1,183.91","41.26M","0.59%"
"12/28/2022","1,190.80","1,197.99","1,203.00","1,190.03","42.88M","-0.76%"
"12/27/2022","1,199.95","1,199.88","1,211.23","1,197.79","38.12M","0.02%"
"12/23/2022","1,199.71","1,196.50","1,200.52","1,193.30","55.44M","0.27%"
"12/22/2022","1,196.50","1,200.18","1,215.10","1,195.74","58.78M","-0.30%"
"12/21/2022","1,200.15","1,185.45","1,204.24","1,184.88","71.64M","1.23%"
"12/20/2022","1,185.59","1,187.02","1,188.61","1,172.07","73.87M","-0.10%"
"12/19/2022","1,186.80","1,180.98","1,192.70","1,180.98","63.02M","0.51%"
"12/16/2022","1,180.79","1,195.21","1,195.59","1,176.24","105.09M","-1.22%"
"12/15/2022","1,195.32","1,202.74","1,206.46","1,191.18","66.26M","-0.63%"
"12/14/2022","1,202.88","1,216.73","1,216.76","1,202.88","63.25M","-1.16%"
"12/13/2022","1,217.03","1,196.11","1,224.16","1,196.11","76.42M","1.75%"
"12/12/2022","1,196.14","1,196.48","1,197.61","1,188.07","60.21M","-0.03%"
"12/09/2022","1,196.53","1,190.04","1,198.27","1,180.98","57.06M","0.55%"
"12/08/2022","1,190.02","1,182.71","1,193.32","1,182.71","48.43M","0.61%"
"12/07/2022","1,182.84","1,202.30","1,202.30","1,179.47","58.72M","-1.62%"
"12/06/2022","1,202.32","1,212.76","1,212.76","1,195.17","48.69M","-0.86%"
"12/05/2022","1,212.76","1,209.98","1,219.51","1,206.27","56.10M","0.22%"
"12/02/2022","1,210.04","1,222.60","1,222.60","1,203.23","58.22M","-1.02%"
"12/01/2022","1,222.56","1,220.76","1,229.07","1,219.81","93.09M","0.15%"
"11/30/2022","1,220.76","1,217.55","1,223.49","1,214.58","140.54M","0.28%"
"11/29/2022","1,217.37","1,201.09","1,217.97","1,201.09","79.51M","1.37%"
"11/28/2022","1,200.96","1,215.40","1,215.40","1,193.20","52.75M","-1.20%"
"11/25/2022","1,215.51","1,214.89","1,219.38","1,211.01","52.50M","0.09%"
"11/24/2022","1,214.37","1,201.27","1,214.57","1,198.45","63.06M","1.09%"
"11/23/2022","1,201.23","1,193.50","1,207.48","1,190.63","64.72M","0.67%"
"11/22/2022","1,193.23","1,169.28","1,194.71","1,169.28","60.52M","2.06%"
"11/21/2022","1,169.09","1,176.66","1,182.97","1,167.83","57.78M","-0.63%"
"11/18/2022","1,176.51","1,181.82","1,190.23","1,171.99","69.17M","-0.40%"
"11/17/2022","1,181.22","1,194.31","1,195.50","1,174.27","77.00M","-1.12%"
"11/16/2022","1,194.57","1,200.86","1,211.37","1,192.58","94.97M","-0.52%"
"11/15/2022","1,200.83","1,194.85","1,205.64","1,189.35","68.51M","0.09%"
"11/14/2022","1,199.72","1,196.26","1,200.74","1,188.77","57.36M","0.29%"
"11/11/2022","1,196.21","1,191.78","1,201.39","1,190.93","91.62M","0.52%"
"11/10/2022","1,190.01","1,189.90","1,193.67","1,167.13","102.23M","0.01%"
"11/09/2022","1,189.94","1,197.20","1,202.17","1,187.36","68.99M","-0.60%"
"11/08/2022","1,197.13","1,203.06","1,203.25","1,193.74","71.42M","-0.47%"
"11/07/2022","1,202.74","1,199.29","1,206.07","1,193.76","60.75M","0.29%"
"11/04/2022","1,199.27","1,188.44","1,205.25","1,188.44","81.61M","0.91%"
"11/03/2022","1,188.42","1,185.53","1,188.77","1,171.97","123.94M","0.25%"
"11/02/2022","1,185.42","1,190.93","1,200.93","1,180.14","95.58M","-0.44%"
"11/01/2022","1,190.61","1,175.41","1,195.31","1,175.41","92.10M","1.29%"
"10/31/2022","1,175.45","1,165.69","1,177.78","1,160.89","75.29M","0.94%"
"10/28/2022","1,164.49","1,165.04","1,175.72","1,149.21","76.14M","-0.05%"
"10/27/2022","1,165.06","1,152.13","1,165.81","1,148.05","94.66M","1.11%"
"10/26/2022","1,152.22","1,139.52","1,153.25","1,128.83","103.11M","1.12%"
"10/25/2022","1,139.47","1,134.67","1,140.26","1,119.61","86.25M","0.45%"
"10/24/2022","1,134.40","1,131.56","1,139.29","1,119.41","80.20M","0.25%"
"10/21/2022","1,131.55","1,141.47","1,141.72","1,123.41","94.35M","-0.86%"
"10/20/2022","1,141.40","1,133.59","1,141.53","1,125.23","139.86M","0.69%"
"10/19/2022","1,133.61","1,135.80","1,138.27","1,125.56","71.36M","-0.19%"
"10/18/2022","1,135.78","1,125.53","1,139.31","1,125.53","88.27M","0.92%"
"10/17/2022","1,125.46","1,113.27","1,126.99","1,111.30","74.61M","1.10%"
"10/14/2022","1,113.20","1,121.68","1,142.36","1,113.20","75.44M","-0.75%"
"10/13/2022","1,121.56","1,107.23","1,127.20","1,105.29","113.89M","1.29%"
"10/12/2022","1,107.24","1,117.53","1,124.77","1,103.24","72.29M","-0.91%"
"10/11/2022","1,117.46","1,134.90","1,134.90","1,107.48","89.06M","-1.54%"
"10/10/2022","1,134.89","1,136.43","1,138.97","1,117.95","65.93M","-0.14%"
"10/07/2022","1,136.43","1,134.03","1,140.59","1,128.70","73.21M","0.21%"
"10/06/2022","1,134.04","1,137.48","1,144.41","1,129.42","85.84M","-0.13%"
"10/05/2022","1,135.54","1,144.40","1,147.33","1,130.13","69.99M","-0.76%"
"10/04/2022","1,144.27","1,130.80","1,149.78","1,130.76","83.91M","1.20%"
"10/03/2022","1,130.71","1,102.82","1,133.55","1,102.80","84.16M","2.53%"
"09/30/2022","1,102.79","1,079.60","1,106.98","1,079.60","96.06M","2.14%"
"09/29/2022","1,079.64","1,097.04","1,103.24","1,077.77","98.26M","-1.58%"
"09/28/2022","1,096.96","1,128.08","1,128.08","1,081.45","125.99M","-2.76%"
"09/27/2022","1,128.07","1,117.28","1,129.54","1,115.25","75.18M","0.97%"
"09/26/2022","1,117.28","1,111.96","1,118.46","1,094.86","77.56M","0.46%"
"09/23/2022","1,112.20","1,159.04","1,159.57","1,112.20","140.79M","-4.04%"
"09/22/2022","1,159.05","1,163.74","1,166.76","1,149.59","65.16M","-0.36%"
"09/21/2022","1,163.23","1,155.72","1,181.54","1,155.72","76.20M","0.65%"
"09/20/2022","1,155.73","1,166.66","1,175.84","1,152.96","76.10M","-0.94%"
"09/19/2022","1,166.66","1,175.07","1,175.09","1,133.75","90.13M","-0.72%"
"09/16/2022","1,175.15","1,204.41","1,204.41","1,172.23","167.08M","-2.43%"
"09/15/2022","1,204.39","1,209.97","1,218.14","1,200.23","59.62M","-0.44%"
"09/14/2022","1,209.77","1,217.39","1,217.39","1,201.81","94.99M","-0.63%"
"09/13/2022","1,217.47","1,219.42","1,228.85","1,205.43","79.42M","-0.17%"
"09/12/2022","1,219.60","1,207.62","1,220.06","1,205.42","63.40M","0.99%"
"09/09/2022","1,207.61","1,186.16","1,213.99","1,186.16","84.93M","1.83%"
"09/08/2022","1,185.91","1,179.32","1,194.35","1,176.37","63.53M","0.56%"
"09/07/2022","1,179.27","1,207.00","1,207.00","1,175.43","80.12M","-2.29%"
"09/06/2022","1,206.85","1,248.02","1,248.02","1,205.88","72.97M","-3.27%"
"09/05/2022","1,247.70","1,237.73","1,252.05","1,237.49","59.79M","0.81%"
"09/02/2022","1,237.67","1,235.32","1,239.21","1,224.23","63.11M","0.25%"
"09/01/2022","1,234.61","1,248.70","1,248.70","1,225.51","80.38M","-1.13%"
"08/31/2022","1,248.67","1,244.62","1,248.92","1,230.60","88.85M","0.32%"
"08/30/2022","1,244.63","1,261.13","1,269.70","1,244.28","67.32M","-1.23%"
"08/29/2022","1,260.07","1,275.58","1,275.58","1,245.00","85.20M","-1.26%"
"08/26/2022","1,276.10","1,281.34","1,288.51","1,273.78","92.47M","-0.41%"
"08/25/2022","1,281.33","1,280.24","1,290.10","1,276.00","94.96M","0.09%"
"08/24/2022","1,280.19","1,274.75","1,282.72","1,270.40","65.56M","0.17%"
"08/23/2022","1,278.08","1,262.58","1,278.40","1,261.56","69.69M","1.23%"
"08/22/2022","1,262.57","1,269.04","1,271.94","1,255.66","86.04M","-0.51%"
"08/19/2022","1,269.04","1,265.63","1,273.26","1,260.81","89.32M","0.26%"
"08/18/2022","1,265.69","1,257.02","1,267.61","1,251.95","109.74M","0.69%"
"08/17/2022","1,257.03","1,266.24","1,266.29","1,249.61","89.09M","-0.72%"
"08/16/2022","1,266.18","1,250.93","1,267.29","1,250.93","74.35M","1.27%"
"08/15/2022","1,250.34","1,266.13","1,270.27","1,243.72","75.42M","-0.90%"
"08/12/2022","1,261.75","1,266.54","1,270.25","1,261.30","100.64M","-0.38%"
"08/11/2022","1,266.59","1,250.10","1,267.95","1,250.10","94.29M","1.45%"
"08/10/2022","1,248.47","1,254.62","1,255.06","1,240.07","78.28M","-0.52%"
"08/09/2022","1,255.04","1,243.77","1,255.60","1,238.87","89.28M","0.90%"
"08/08/2022","1,243.80","1,245.20","1,253.21","1,233.51","68.02M","-0.11%"
"08/05/2022","1,245.18","1,241.20","1,246.12","1,227.91","77.29M","0.32%"
"08/04/2022","1,241.18","1,247.51","1,254.67","1,236.91","70.59M","-0.50%"
"08/03/2022","1,247.43","1,248.47","1,257.26","1,243.92","71.83M","-0.08%"
"08/02/2022","1,248.45","1,241.34","1,253.17","1,236.65","61.47M","0.56%"
"08/01/2022","1,241.55","1,253.18","1,263.61","1,238.86","70.76M","-0.93%"
"07/29/2022","1,253.18","1,224.67","1,253.19","1,224.60","77.23M","2.34%"
"07/28/2022","1,224.52","1,217.28","1,236.74","1,217.13","71.01M","0.61%"
"07/27/2022","1,217.13","1,210.13","1,222.66","1,210.10","44.55M","0.58%"
"07/26/2022","1,210.13","1,202.36","1,218.74","1,202.36","53.84M","0.65%"
"07/25/2022","1,202.36","1,204.00","1,204.00","1,190.81","48.64M","-0.14%"
"07/22/2022","1,204.00","1,185.17","1,207.91","1,185.17","61.29M","1.59%"
"07/21/2022","1,185.12","1,206.49","1,206.49","1,182.75","64.20M","-1.77%"
"07/20/2022","1,206.45","1,196.73","1,209.25","1,196.73","66.56M","0.81%"
"07/19/2022","1,196.75","1,193.85","1,196.75","1,184.82","81.30M","0.24%"
"07/18/2022","1,193.88","1,160.00","1,194.95","1,159.93","85.72M","2.92%"
"07/15/2022","1,159.96","1,151.75","1,162.87","1,144.92","71.27M","0.76%"
"07/14/2022","1,151.23","1,178.80","1,190.73","1,149.54","70.09M","-2.33%"
"07/13/2022","1,178.74","1,192.10","1,201.41","1,176.13","60.64M","-1.12%"
"07/12/2022","1,192.06","1,193.44","1,199.39","1,188.47","58.58M","-0.11%"
"07/11/2022","1,193.39","1,186.48","1,203.74","1,175.26","62.67M","0.59%"
"07/08/2022","1,186.44","1,195.28","1,203.33","1,182.37","63.53M","-0.74%"
"07/07/2022","1,195.33","1,159.71","1,200.70","1,159.71","73.54M","3.09%"
"07/06/2022","1,159.55","1,168.55","1,182.63","1,159.55","97.56M","-0.77%"
"07/05/2022","1,168.55","1,195.19","1,198.62","1,164.25","79.31M","-2.23%"
"07/04/2022","1,195.17","1,163.57","1,196.41","1,163.57","61.51M","2.72%"
"07/01/2022","1,163.57","1,170.27","1,179.18","1,162.01","73.00M","-0.57%"
"06/30/2022","1,170.28","1,196.91","1,196.98","1,168.52","100.66M","-2.27%"
"06/29/2022","1,197.48","1,207.58","1,211.08","1,196.20","77.77M","-0.84%"
"06/28/2022","1,207.57","1,182.10","1,208.10","1,182.10","77.46M","2.15%"
"06/27/2022","1,182.10","1,161.23","1,185.16","1,161.23","77.58M","1.80%"
"06/24/2022","1,161.22","1,154.50","1,162.24","1,150.15","84.21M","0.60%"
"06/23/2022","1,154.27","1,163.78","1,172.12","1,144.98","83.56M","-0.80%"
"06/22/2022","1,163.57","1,198.58","1,198.71","1,159.96","94.92M","-2.94%"
"06/21/2022","1,198.82","1,214.77","1,223.90","1,198.82","69.82M","-1.29%"
"06/20/2022","1,214.53","1,195.94","1,214.79","1,185.81","60.21M","1.56%"
"06/17/2022","1,195.93","1,191.85","1,216.75","1,182.07","127.46M","0.34%"
"06/16/2022","1,191.84","1,223.54","1,229.10","1,189.91","87.15M","-2.58%"
"06/15/2022","1,223.43","1,215.72","1,225.69","1,194.38","90.53M","0.64%"
"06/14/2022","1,215.66","1,194.15","1,219.45","1,189.12","88.57M","1.81%"
"06/13/2022","1,194.04","1,232.66","1,232.66","1,192.54","99.26M","-3.13%"
"06/10/2022","1,232.67","1,260.99","1,260.99","1,230.82","99.11M","-2.25%"
"06/09/2022","1,261.00","1,269.49","1,271.98","1,255.54","82.59M","-0.60%"
"06/08/2022","1,268.63","1,270.71","1,277.28","1,264.10","94.47M","-0.16%"
"06/07/2022","1,270.71","1,266.59","1,270.71","1,257.04","83.61M","0.33%"
"06/03/2022","1,266.59","1,266.26","1,274.05","1,260.36","55.37M","0.03%"
"06/02/2022","1,266.18","1,269.19","1,269.19","1,260.55","86.27M","-0.24%"
"06/01/2022","1,269.24","1,287.41","1,288.89","1,267.93","79.18M","-1.41%"
"05/31/2022","1,287.39","1,275.36","1,290.95","1,274.50","162.17M","0.92%"
"05/30/2022","1,275.64","1,276.66","1,290.17","1,271.40","87.72M","-0.07%"
"05/27/2022","1,276.54","1,261.89","1,281.27","1,261.67","99.03M","1.17%"
"05/25/2022","1,261.77","1,244.33","1,262.04","1,244.33","93.52M","1.42%"
"05/24/2022","1,244.12","1,247.91","1,251.83","1,240.53","70.04M","-0.23%"
"05/23/2022","1,246.98","1,238.19","1,248.43","1,234.17","67.57M","0.72%"
"05/20/2022","1,238.12","1,223.83","1,241.42","1,223.83","87.87M","1.22%"
"05/19/2022","1,223.25","1,238.48","1,238.48","1,212.40","101.78M","-1.24%"
"05/18/2022","1,238.55","1,219.58","1,244.39","1,219.58","112.28M","1.57%"
"05/16/2022","1,219.44","1,215.02","1,221.26","1,209.72","83.75M","0.39%"
"05/13/2022","1,214.73","1,186.91","1,216.17","1,186.91","135.79M","2.36%"
"05/12/2022","1,186.72","1,197.72","1,197.72","1,169.49","103.65M","-0.55%"
"05/11/2022","1,193.27","1,185.65","1,194.40","1,176.94","109.76M","1.25%"
"05/10/2022","1,178.51","1,177.45","1,182.48","1,156.90","107.22M","0.09%"
"05/09/2022","1,177.41","1,213.84","1,213.96","1,177.28","91.98M","-3.00%"
"05/06/2022","1,213.84","1,234.01","1,234.01","1,206.04","103.69M","-1.67%"
"05/05/2022","1,234.41","1,240.75","1,259.63","1,234.38","75.10M","-0.49%"
"05/04/2022","1,240.45","1,232.05","1,250.15","1,223.21","96.99M","0.69%"
"05/03/2022","1,231.90","1,218.98","1,231.90","1,210.03","70.00M","1.11%"
"05/02/2022","1,218.36","1,240.33","1,240.33","1,179.97","101.77M","-1.73%"
"04/29/2022","1,239.82","1,235.68","1,251.16","1,231.94","83.74M","0.43%"
"04/28/2022","1,234.47","1,240.24","1,251.58","1,231.47","93.95M","-0.40%"
"04/27/2022","1,239.41","1,233.50","1,244.30","1,229.47","91.63M","1.04%"
"04/26/2022","1,226.68","1,226.23","1,238.17","1,217.52","77.04M","0.05%"
"04/25/2022","1,226.11","1,263.96","1,263.96","1,218.32","85.22M","-2.99%"
"04/22/2022","1,263.88","1,285.34","1,285.34","1,262.26","74.06M","-1.66%"
"04/21/2022","1,285.21","1,282.39","1,287.43","1,276.97","71.74M","0.34%"
"04/20/2022","1,280.83","1,279.07","1,284.06","1,272.31","85.34M","0.14%"
"04/19/2022","1,279.07","1,283.17","1,291.21","1,271.22","81.66M","-0.32%"
"04/13/2022","1,283.13","1,265.98","1,284.83","1,265.93","57.03M","1.43%"
"04/12/2022","1,265.10","1,263.58","1,272.89","1,256.43","69.58M","0.12%"
"04/11/2022","1,263.63","1,276.63","1,279.74","1,262.64","71.72M","-1.02%"
"04/08/2022","1,276.62","1,255.01","1,280.29","1,255.01","103.51M","1.75%"
"04/07/2022","1,254.66","1,260.63","1,261.15","1,249.52","74.38M","-0.37%"
"04/06/2022","1,259.26","1,265.89","1,268.27","1,250.86","95.25M","-0.53%"
"04/05/2022","1,266.00","1,264.56","1,270.59","1,260.86","79.96M","0.11%"
"04/04/2022","1,264.57","1,269.81","1,274.11","1,264.29","68.78M","-0.42%"
"04/01/2022","1,269.84","1,261.32","1,272.32","1,254.89","77.94M","0.67%"
"03/31/2022","1,261.35","1,273.79","1,273.79","1,259.44","81.53M","-0.98%"
"03/30/2022","1,273.82","1,246.41","1,274.37","1,246.41","78.18M","2.19%"
"03/29/2022","1,246.57","1,261.70","1,273.76","1,237.79","99.03M","-1.20%"
"03/28/2022","1,261.72","1,261.79","1,266.41","1,256.71","75.42M","0.02%"
"03/25/2022","1,261.53","1,257.96","1,264.83","1,251.23","78.77M","0.37%"
"03/24/2022","1,256.87","1,261.64","1,265.33","1,253.59","144.26M","-0.36%"
"03/23/2022","1,261.45","1,263.46","1,271.29","1,255.97","101.13M","-0.16%"
"03/22/2022","1,263.43","1,258.69","1,268.60","1,254.37","67.85M","0.38%"
"03/21/2022","1,258.60","1,228.71","1,258.76","1,228.63","90.24M","2.45%"
"03/18/2022","1,228.54","1,226.59","1,233.78","1,225.53","123.96M","0.16%"
"03/17/2022","1,226.58","1,216.70","1,231.36","1,216.70","84.95M","1.07%"
"03/16/2022","1,213.54","1,180.49","1,214.35","1,180.49","98.16M","2.83%"
"03/15/2022","1,180.15","1,199.01","1,199.39","1,170.47","110.37M","-1.57%"
"03/14/2022","1,199.03","1,194.38","1,200.85","1,188.31","96.90M","0.40%"
"03/11/2022","1,194.29","1,193.66","1,215.06","1,192.46","114.56M","0.06%"
"03/10/2022","1,193.62","1,192.03","1,204.91","1,187.55","110.93M","0.16%"
"03/09/2022","1,191.74","1,184.01","1,198.75","1,183.26","146.97M","0.70%"
"03/08/2022","1,183.51","1,180.80","1,198.11","1,173.42","136.62M","0.20%"
"03/07/2022","1,181.14","1,190.87","1,197.70","1,174.81","136.52M","-0.78%"
"03/04/2022","1,190.40","1,213.25","1,213.25","1,182.33","97.23M","-1.88%"
"03/03/2022","1,213.17","1,228.64","1,244.49","1,208.99","104.48M","-1.26%"
"03/02/2022","1,228.67","1,223.34","1,246.07","1,221.15","117.75M","0.48%"
"03/01/2022","1,222.77","1,202.33","1,227.22","1,200.79","123.02M","1.71%"
"02/28/2022","1,202.17","1,185.92","1,202.17","1,181.36","123.37M","1.37%"
"02/25/2022","1,185.91","1,174.74","1,188.35","1,171.63","103.40M","0.99%"
"02/24/2022","1,174.34","1,188.24","1,188.24","1,159.05","133.50M","-1.18%"
"02/23/2022","1,188.36","1,179.87","1,190.45","1,176.72","65.41M","0.72%"
"02/22/2022","1,179.84","1,183.35","1,191.82","1,166.40","83.67M","-0.30%"
"02/21/2022","1,183.35","1,188.97","1,190.16","1,170.93","85.38M","-0.47%"
"02/18/2022","1,188.94","1,193.70","1,194.90","1,180.83","82.54M","-0.40%"
"02/17/2022","1,193.66","1,201.54","1,206.13","1,193.14","94.76M","-0.62%"
"02/16/2022","1,201.05","1,191.11","1,203.19","1,191.11","73.07M","0.83%"
"02/15/2022","1,191.11","1,198.74","1,202.21","1,187.07","72.65M","-0.63%"
"02/14/2022","1,198.69","1,213.67","1,218.48","1,195.58","98.06M","-1.23%"
"02/11/2022","1,213.67","1,207.50","1,216.91","1,193.00","66.64M","0.60%"
"02/10/2022","1,206.47","1,203.64","1,211.14","1,198.33","87.26M","0.24%"
"02/09/2022","1,203.64","1,190.50","1,211.16","1,190.44","79.68M","1.10%"
"02/08/2022","1,190.53","1,204.22","1,205.62","1,185.51","68.00M","-1.14%"
"02/07/2022","1,204.20","1,193.13","1,204.55","1,187.44","63.77M","0.98%"
"02/04/2022","1,192.49","1,185.90","1,196.23","1,177.91","87.38M","0.56%"
"02/03/2022","1,185.90","1,197.36","1,198.20","1,182.81","64.77M","-0.96%"
"02/02/2022","1,197.39","1,190.90","1,203.08","1,190.90","96.81M","0.55%"
"02/01/2022","1,190.83","1,175.03","1,190.83","1,175.03","68.44M","1.36%"
"01/31/2022","1,174.86","1,170.39","1,183.43","1,169.83","71.80M","0.41%"
"01/28/2022","1,170.08","1,182.89","1,183.65","1,158.34","78.85M","-1.08%"
"01/27/2022","1,182.89","1,184.14","1,189.28","1,165.64","92.62M","-0.11%"
"01/26/2022","1,184.23","1,152.21","1,188.24","1,152.21","90.84M","2.82%"
"01/25/2022","1,151.77","1,142.04","1,164.22","1,142.04","91.37M","0.86%"
"01/24/2022","1,142.00","1,182.80","1,188.41","1,141.22","107.93M","-3.45%"
"01/21/2022","1,182.75","1,205.03","1,205.03","1,182.73","70.42M","-1.85%"
"01/20/2022","1,205.03","1,205.42","1,210.87","1,197.61","80.63M","-0.03%"
"01/19/2022","1,205.41","1,215.37","1,215.37","1,201.59","86.74M","-0.82%"
"01/18/2022","1,215.43","1,217.63","1,220.77","1,207.22","74.03M","-0.18%"
"01/17/2022","1,217.63","1,218.95","1,224.73","1,215.62","49.68M","-0.11%"
"01/14/2022","1,218.95","1,215.54","1,223.91","1,213.25","65.44M","0.28%"
"01/13/2022","1,215.53","1,216.07","1,219.73","1,214.61","59.16M","-0.04%"
"01/12/2022","1,216.04","1,196.98","1,216.98","1,196.98","69.75M","1.59%"
"01/11/2022","1,196.98","1,190.75","1,200.23","1,190.75","66.14M","0.58%"
"01/10/2022","1,190.13","1,207.91","1,212.59","1,190.13","84.02M","-1.47%"
"01/07/2022","1,207.93","1,205.14","1,214.42","1,202.70","86.84M","0.29%"
"01/06/2022","1,204.44","1,221.14","1,221.14","1,201.35","94.25M","-1.37%"
"01/05/2022","1,221.20","1,213.53","1,221.24","1,211.61","72.66M","0.63%"
"01/04/2022","1,213.54","1,211.33","1,219.09","1,211.33","85.90M","0.18%"
"01/03/2022","1,211.32","1,201.47","1,212.33","1,198.84","61.75M","0.82%"
"12/30/2021","1,201.43","1,199.32","1,202.05","1,193.62","47.80M","0.17%"
"12/29/2021","1,199.34","1,204.91","1,205.22","1,195.01","39.16M","-0.45%"
"12/28/2021","1,204.76","1,200.32","1,206.34","1,200.32","45.58M","0.37%"
"12/27/2021","1,200.30","1,195.42","1,200.30","1,190.93","42.63M","0.41%"
"12/23/2021","1,195.42","1,186.10","1,195.93","1,186.10","68.16M","0.80%"
"12/22/2021","1,185.88","1,185.32","1,189.74","1,177.72","57.56M","0.05%"
"12/21/2021","1,185.26","1,160.81","1,185.48","1,160.81","65.66M","2.11%"
"12/20/2021","1,160.73","1,168.25","1,168.25","1,148.73","63.31M","-0.66%"
"12/17/2021","1,168.46","1,177.56","1,177.56","1,166.64","93.77M","-0.78%"
"12/16/2021","1,177.61","1,154.89","1,179.70","1,154.89","75.64M","2.08%"
"12/15/2021","1,153.61","1,159.86","1,166.07","1,153.61","58.60M","-0.54%"
"12/14/2021","1,159.86","1,175.53","1,179.82","1,155.74","75.58M","-1.34%"
"12/13/2021","1,175.56","1,184.88","1,197.32","1,175.50","73.91M","-0.79%"
"12/10/2021","1,184.89","1,187.99","1,191.04","1,183.03","58.49M","-0.29%"
"12/09/2021","1,188.32","1,197.96","1,201.99","1,184.43","78.17M","-0.80%"
"12/08/2021","1,197.92","1,200.00","1,209.69","1,197.09","88.06M","-0.13%"
"12/07/2021","1,199.44","1,170.33","1,199.91","1,170.33","76.95M","2.50%"
"12/06/2021","1,170.18","1,174.76","1,179.09","1,166.18","80.14M","-0.39%"
"12/03/2021","1,174.74","1,178.35","1,189.19","1,172.13","75.43M","-0.30%"
"12/02/2021","1,178.29","1,189.71","1,189.71","1,167.40","67.84M","-0.96%"
"12/01/2021","1,189.68","1,181.46","1,193.66","1,181.46","73.29M","0.71%"
"11/30/2021","1,181.27","1,188.29","1,188.29","1,166.87","145.43M","-0.59%"
"11/29/2021","1,188.29","1,174.89","1,192.57","1,174.89","82.55M","1.14%"
"11/26/2021","1,174.93","1,211.97","1,212.01","1,170.13","113.09M","-3.20%"
"11/25/2021","1,213.72","1,211.79","1,214.99","1,209.07","59.95M","0.14%"
"11/24/2021","1,212.08","1,218.14","1,218.80","1,202.77","75.78M","-0.47%"
"11/23/2021","1,217.85","1,225.79","1,225.79","1,200.21","71.15M","-0.66%"
"11/22/2021","1,225.92","1,222.80","1,229.17","1,220.27","74.69M","0.26%"
"11/19/2021","1,222.80","1,220.52","1,233.50","1,213.74","113.53M","0.23%"
"11/18/2021","1,220.04","1,235.59","1,235.59","1,220.04","100.20M","-1.26%"
"11/17/2021","1,235.61","1,237.01","1,237.35","1,226.41","69.30M","-0.11%"
"11/16/2021","1,236.99","1,233.23","1,243.00","1,231.33","69.55M","0.30%"
"11/15/2021","1,233.24","1,233.56","1,234.00","1,228.31","64.45M","-0.02%"
"11/12/2021","1,233.43","1,234.97","1,238.06","1,227.94","71.78M","-0.11%"
"11/11/2021","1,234.83","1,233.51","1,234.91","1,218.62","105.79M","0.21%"
"11/10/2021","1,232.26","1,227.29","1,232.65","1,222.84","73.70M","0.43%"
"11/09/2021","1,227.03","1,237.45","1,239.88","1,226.08","80.91M","-0.84%"
"11/08/2021","1,237.38","1,232.68","1,238.15","1,230.13","66.26M","0.40%"
"11/05/2021","1,232.48","1,224.83","1,232.48","1,218.54","84.44M","0.64%"
"11/04/2021","1,224.69","1,216.37","1,228.00","1,216.37","110.12M","0.69%"
"11/03/2021","1,216.25","1,207.11","1,216.99","1,204.78","98.09M","0.76%"
"11/02/2021","1,207.07","1,211.09","1,211.09","1,198.15","100.43M","-0.31%"
"11/01/2021","1,210.83","1,192.63","1,210.83","1,192.54","136.43M","1.51%"
"10/29/2021","1,192.78","1,202.07","1,211.09","1,192.38","183.68M","-0.77%"
"10/28/2021","1,202.09","1,217.82","1,218.13","1,193.40","97.25M","-0.81%"
"10/27/2021","1,211.87","1,215.67","1,215.67","1,199.08","93.19M","-0.32%"
"10/26/2021","1,215.74","1,215.17","1,217.79","1,209.04","83.56M","0.05%"
"10/25/2021","1,215.10","1,217.86","1,218.93","1,212.72","65.47M","-0.21%"
"10/22/2021","1,217.71","1,213.99","1,218.49","1,205.96","78.15M","0.31%"
"10/21/2021","1,213.92","1,217.46","1,221.51","1,206.70","103.69M","-0.29%"
"10/20/2021","1,217.47","1,207.10","1,217.47","1,206.10","88.90M","0.86%"
"10/19/2021","1,207.09","1,204.70","1,213.94","1,202.40","75.29M","0.24%"
"10/18/2021","1,204.17","1,197.92","1,210.38","1,195.98","65.34M","0.55%"
"10/15/2021","1,197.57","1,200.04","1,204.28","1,192.90","83.93M","-0.20%"
"10/14/2021","1,200.02","1,184.25","1,200.38","1,184.25","84.68M","1.33%"
"10/13/2021","1,184.29","1,175.49","1,184.94","1,167.83","80.35M","0.75%"
"10/12/2021","1,175.47","1,173.01","1,177.09","1,160.80","60.54M","0.21%"
"10/11/2021","1,173.03","1,167.36","1,174.93","1,166.67","73.41M","0.49%"
"10/08/2021","1,167.35","1,161.17","1,167.78","1,160.88","89.38M","0.53%"
"10/07/2021","1,161.17","1,156.65","1,166.66","1,150.02","74.83M","0.55%"
"10/06/2021","1,154.81","1,174.54","1,175.32","1,150.45","91.42M","-1.64%"
"10/05/2021","1,174.12","1,167.76","1,174.56","1,156.39","84.97M","0.51%"
"10/04/2021","1,168.12","1,164.72","1,173.36","1,161.59","78.72M","0.32%"
"10/01/2021","1,164.43","1,163.35","1,169.04","1,143.03","83.68M","0.10%"
"09/30/2021","1,163.32","1,153.97","1,172.46","1,153.97","83.15M","0.81%"
"09/29/2021","1,154.00","1,151.15","1,156.89","1,147.63","70.39M","0.25%"
"09/28/2021","1,151.14","1,159.14","1,161.17","1,151.10","88.26M","-0.69%"
"09/27/2021","1,159.14","1,155.02","1,162.90","1,154.04","88.85M","0.36%"
"09/24/2021","1,155.00","1,157.46","1,157.63","1,148.42","81.82M","-0.23%"
"09/23/2021","1,157.64","1,141.53","1,158.94","1,141.53","87.43M","1.41%"
"09/22/2021","1,141.51","1,120.46","1,142.18","1,120.46","75.85M","1.88%"
"09/21/2021","1,120.47","1,114.37","1,131.90","1,114.37","88.95M","0.55%"
"09/20/2021","1,114.32","1,141.19","1,141.19","1,104.50","131.35M","-2.35%"
"09/17/2021","1,141.17","1,149.66","1,155.82","1,140.96","166.49M","-0.74%"
"09/16/2021","1,149.67","1,149.63","1,158.96","1,148.05","79.17M","-0.07%"
"09/15/2021","1,150.49","1,146.97","1,157.12","1,146.85","102.33M","0.30%"
"09/14/2021","1,147.02","1,149.85","1,153.94","1,145.76","67.82M","-0.25%"
"09/13/2021","1,149.84","1,152.03","1,158.37","1,149.84","59.43M","-0.19%"
"09/10/2021","1,152.02","1,153.08","1,158.28","1,151.22","50.62M","-0.09%"
"09/09/2021","1,153.07","1,162.68","1,162.68","1,150.34","76.55M","-0.81%"
"09/08/2021","1,162.44","1,166.11","1,166.39","1,154.26","67.42M","-0.31%"
"09/07/2021","1,166.08","1,174.99","1,176.65","1,164.99","67.30M","-0.76%"
"09/06/2021","1,175.03","1,161.87","1,175.03","1,161.63","65.17M","1.13%"
"09/03/2021","1,161.86","1,169.03","1,170.89","1,159.43","72.25M","-0.59%"
"09/02/2021","1,168.75","1,150.94","1,168.75","1,150.16","179.60M","1.55%"
"09/01/2021","1,150.94","1,142.07","1,154.62","1,141.98","82.07M","0.80%"
"08/31/2021","1,141.86","1,159.00","1,164.17","1,141.86","106.86M","-1.48%"
"08/30/2021","1,158.97","1,164.59","1,168.68","1,157.81","49.66M","-0.48%"
"08/27/2021","1,164.58","1,157.86","1,164.59","1,155.29","86.33M","0.58%"
"08/26/2021","1,157.87","1,155.86","1,158.74","1,147.19","47.66M","0.18%"
"08/25/2021","1,155.74","1,150.64","1,157.18","1,149.87","52.68M","0.44%"
"08/24/2021","1,150.63","1,149.02","1,153.60","1,146.49","54.95M","0.14%"
"08/23/2021","1,149.01","1,133.37","1,149.01","1,133.37","64.06M","1.40%"
"08/20/2021","1,133.18","1,132.46","1,135.86","1,124.18","93.50M","0.05%"
"08/19/2021","1,132.56","1,153.16","1,153.16","1,123.82","93.35M","-1.80%"
"08/18/2021","1,153.35","1,151.69","1,154.44","1,149.23","62.85M","0.14%"
"08/17/2021","1,151.73","1,149.92","1,152.81","1,143.31","60.28M","0.16%"
"08/16/2021","1,149.91","1,158.45","1,158.45","1,146.86","53.94M","-0.78%"
"08/13/2021","1,159.00","1,158.43","1,160.23","1,155.92","50.37M","0.05%"
"08/12/2021","1,158.42","1,154.53","1,160.49","1,153.95","56.70M","0.34%"
"08/11/2021","1,154.53","1,155.41","1,158.21","1,152.54","62.58M","0.02%"
"08/10/2021","1,154.31","1,147.46","1,155.23","1,147.46","75.33M","0.60%"
"08/09/2021","1,147.45","1,145.54","1,147.80","1,141.94","60.93M","0.17%"
"08/06/2021","1,145.55","1,148.32","1,150.89","1,143.70","62.98M","-0.24%"
"08/05/2021","1,148.33","1,149.05","1,150.65","1,145.34","71.67M","-0.06%"
"08/04/2021","1,149.05","1,141.89","1,150.33","1,141.89","75.70M","0.63%"
"08/03/2021","1,141.88","1,142.78","1,145.50","1,138.05","50.42M","-0.08%"
"08/02/2021","1,142.78","1,134.26","1,144.22","1,134.26","58.92M","0.75%"
"07/30/2021","1,134.28","1,138.37","1,138.37","1,125.86","80.91M","-0.36%"
"07/29/2021","1,138.38","1,133.08","1,141.60","1,133.08","59.54M","0.58%"
"07/28/2021","1,131.84","1,133.40","1,133.78","1,124.64","60.04M","-0.13%"
"07/27/2021","1,133.37","1,137.52","1,137.63","1,127.67","55.17M","-0.37%"
"07/26/2021","1,137.58","1,131.88","1,138.06","1,124.28","60.70M","0.50%"
"07/23/2021","1,131.88","1,132.59","1,136.85","1,128.88","54.32M","-0.05%"
"07/22/2021","1,132.45","1,132.27","1,136.45","1,129.69","54.05M","0.05%"
"07/21/2021","1,131.88","1,119.53","1,133.29","1,119.39","63.21M","1.11%"
"07/20/2021","1,119.50","1,104.56","1,124.46","1,103.59","67.51M","1.40%"
"07/19/2021","1,104.02","1,131.02","1,131.02","1,102.52","99.92M","-2.39%"
"07/16/2021","1,131.03","1,144.45","1,148.20","1,131.03","85.70M","-1.17%"
"07/15/2021","1,144.44","1,153.12","1,153.12","1,139.17","80.97M","-0.75%"
"07/14/2021","1,153.11","1,145.70","1,154.27","1,144.05","60.62M","0.65%"
"07/13/2021","1,145.71","1,145.06","1,147.76","1,138.86","51.86M","0.06%"
"07/12/2021","1,145.07","1,133.95","1,145.21","1,133.71","62.11M","0.98%"
"07/09/2021","1,133.96","1,121.17","1,136.55","1,121.17","77.07M","1.16%"
"07/08/2021","1,120.96","1,140.65","1,140.83","1,120.25","98.72M","-1.73%"
"07/07/2021","1,140.65","1,142.38","1,148.43","1,140.15","72.55M","-0.15%"
"07/06/2021","1,142.38","1,143.09","1,146.77","1,139.15","80.93M","-0.06%"
"07/05/2021","1,143.09","1,137.15","1,143.67","1,135.56","93.76M","0.53%"
"07/02/2021","1,137.06","1,131.52","1,139.27","1,129.42","114.78M","0.49%"
"07/01/2021","1,131.51","1,120.96","1,133.45","1,120.81","81.12M","0.94%"
"06/30/2021","1,120.96","1,130.09","1,133.41","1,119.60","87.57M","-0.81%"
"06/29/2021","1,130.09","1,129.34","1,136.30","1,128.86","81.05M","0.07%"
"06/28/2021","1,129.33","1,140.10","1,141.44","1,129.13","81.00M","-0.94%"
"06/25/2021","1,140.03","1,132.24","1,140.03","1,132.24","77.31M","0.67%"
"06/24/2021","1,132.47","1,133.13","1,135.97","1,130.07","71.87M","-0.06%"
"06/23/2021","1,133.14","1,124.33","1,135.62","1,124.33","104.34M","0.78%"
"06/22/2021","1,124.33","1,116.72","1,124.35","1,115.83","89.07M","0.69%"
"06/21/2021","1,116.61","1,106.73","1,116.61","1,090.69","86.69M","0.89%"
"06/18/2021","1,106.74","1,120.63","1,123.22","1,104.86","119.15M","-1.24%"
"06/17/2021","1,120.65","1,128.45","1,128.45","1,119.97","80.10M","-0.70%"
"06/16/2021","1,128.60","1,128.23","1,130.98","1,125.61","65.58M","0.05%"
"06/15/2021","1,128.03","1,137.91","1,140.84","1,125.64","87.08M","-0.87%"
"06/14/2021","1,137.91","1,128.66","1,139.48","1,128.66","85.25M","0.82%"
"06/11/2021","1,128.64","1,127.09","1,130.67","1,124.90","79.89M","0.16%"
"06/10/2021","1,126.89","1,128.55","1,129.68","1,121.99","81.09M","-0.15%"
"06/09/2021","1,128.53","1,129.57","1,132.49","1,126.24","87.99M","-0.04%"
"06/08/2021","1,129.01","1,131.28","1,134.21","1,126.81","77.88M","-0.20%"
"06/07/2021","1,131.25","1,133.24","1,134.86","1,127.13","74.75M","-0.20%"
"06/04/2021","1,133.48","1,124.61","1,133.48","1,124.61","79.27M","0.79%"
"06/03/2021","1,124.54","1,124.05","1,132.92","1,116.53","85.84M","0.04%"
"06/02/2021","1,124.04","1,123.01","1,131.99","1,122.71","90.53M","0.10%"
"06/01/2021","1,122.89","1,106.59","1,124.44","1,106.59","133.37M","1.47%"
"05/31/2021","1,106.60","1,112.91","1,116.32","1,106.50","81.30M","-0.56%"
"05/28/2021","1,112.86","1,101.52","1,115.35","1,099.63","116.87M","1.27%"
"05/27/2021","1,098.87","1,090.09","1,099.32","1,088.53","223.36M","0.84%"
"05/26/2021","1,089.67","1,091.04","1,094.41","1,085.28","116.08M","-0.12%"
"05/25/2021","1,090.97","1,097.06","1,102.23","1,090.32","104.84M","-0.55%"
"05/21/2021","1,096.96","1,077.44","1,096.98","1,077.44","94.68M","1.83%"
"05/20/2021","1,077.22","1,060.48","1,077.55","1,060.48","84.16M","1.58%"
"05/19/2021","1,060.43","1,078.95","1,078.99","1,057.56","83.85M","-1.71%"
"05/18/2021","1,078.85","1,069.82","1,085.05","1,069.82","95.39M","0.84%"
"05/14/2021","1,069.82","1,065.83","1,070.21","1,053.40","97.00M","0.38%"
"05/12/2021","1,065.76","1,070.89","1,074.01","1,057.44","127.53M","-0.47%"
"05/11/2021","1,070.84","1,088.71","1,088.73","1,063.64","114.46M","-1.64%"
"05/10/2021","1,088.73","1,092.39","1,097.99","1,084.81","10.56M","-0.34%"
"05/07/2021","1,092.39","1,078.11","1,092.43","1,074.75","101.81M","1.73%"
"05/06/2021","1,073.85","1,082.84","1,089.42","1,068.21","137.25M","-0.76%"
"05/05/2021","1,082.12","1,077.69","1,087.41","1,077.58","98.84M","0.47%"
"05/04/2021","1,077.01","1,083.83","1,089.73","1,074.47","136.59M","-0.75%"
"05/03/2021","1,085.14","1,076.65","1,085.59","1,071.45","59.13M","0.81%"
"04/30/2021","1,076.45","1,090.84","1,091.56","1,075.15","86.70M","-1.30%"
"04/29/2021","1,090.68","1,092.52","1,102.77","1,090.12","79.15M","-0.15%"
"04/28/2021","1,092.33","1,084.61","1,093.50","1,082.92","74.54M","0.76%"
"04/27/2021","1,084.14","1,085.02","1,088.25","1,080.47","141.77M","-0.08%"
"04/26/2021","1,085.00","1,073.50","1,085.00","1,070.35","72.52M","1.09%"
"04/23/2021","1,073.31","1,069.14","1,073.60","1,065.85","87.62M","0.39%"
"04/22/2021","1,069.13","1,056.31","1,070.35","1,056.23","85.20M","1.25%"
"04/21/2021","1,055.94","1,062.31","1,064.06","1,049.20","85.06M","-0.57%"
"04/20/2021","1,061.97","1,077.71","1,082.25","1,060.41","78.44M","-1.46%"
"04/19/2021","1,077.71","1,085.44","1,089.54","1,076.25","61.93M","-0.71%"
"04/16/2021","1,085.41","1,073.57","1,085.41","1,072.28","111.46M","1.25%"
"04/15/2021","1,072.04","1,065.92","1,075.88","1,065.92","67.77M","0.60%"
"04/14/2021","1,065.69","1,064.38","1,068.05","1,062.76","76.65M","0.12%"
"04/13/2021","1,064.38","1,056.74","1,066.20","1,053.89","83.75M","0.72%"
"04/12/2021","1,056.74","1,062.19","1,062.19","1,054.03","83.72M","-0.58%"
"04/09/2021","1,062.90","1,064.63","1,067.72","1,060.89","93.42M","-0.05%"
"04/08/2021","1,063.45","1,066.13","1,071.61","1,062.41","75.30M","-0.25%"
"04/07/2021","1,066.12","1,071.68","1,071.75","1,064.30","82.98M","-0.52%"
"04/06/2021","1,071.73","1,058.86","1,074.56","1,058.86","122.56M","1.22%"
"03/31/2021","1,058.86","1,056.15","1,063.55","1,056.06","51.82M","0.26%"
"03/30/2021","1,056.10","1,056.98","1,062.90","1,055.38","81.48M","-0.07%"
"03/29/2021","1,056.89","1,050.71","1,060.71","1,046.79","73.11M","0.59%"
"03/26/2021","1,050.70","1,032.59","1,052.07","1,032.59","89.90M","1.78%"
"03/25/2021","1,032.33","1,044.27","1,044.80","1,026.16","98.90M","-1.04%"
"03/24/2021","1,043.23","1,041.50","1,045.00","1,034.10","84.24M","0.17%"
"03/23/2021","1,041.51","1,053.82","1,053.87","1,037.07","94.98M","-1.17%"
"03/22/2021","1,053.87","1,050.40","1,057.00","1,045.99","89.43M","0.32%"
"03/19/2021","1,050.54","1,057.50","1,060.78","1,049.78","169.67M","-0.69%"
"03/18/2021","1,057.80","1,058.01","1,061.95","1,056.26","94.74M","-0.01%"
"03/17/2021","1,057.94","1,061.34","1,065.10","1,052.83","126.53M","-0.32%"
"03/16/2021","1,061.36","1,064.91","1,067.05","1,060.63","89.71M","-0.33%"
"03/15/2021","1,064.91","1,062.41","1,069.84","1,062.41","96.60M","0.24%"
"03/12/2021","1,062.37","1,065.03","1,065.03","1,057.00","93.92M","-0.18%"
"03/11/2021","1,064.29","1,063.99","1,069.66","1,060.00","115.93M","0.04%"
"03/10/2021","1,063.89","1,057.66","1,064.86","1,055.07","148.13M","0.59%"
"03/09/2021","1,057.67","1,050.22","1,060.64","1,050.19","143.41M","0.71%"
"03/08/2021","1,050.22","1,042.09","1,050.44","1,041.05","130.64M","0.78%"
"03/05/2021","1,042.08","1,028.88","1,045.17","1,028.69","130.59M","1.28%"
"03/04/2021","1,028.89","1,030.97","1,032.82","1,026.02","111.76M","-0.18%"
"03/03/2021","1,030.79","1,032.56","1,038.52","1,026.83","105.85M","-0.17%"
"03/02/2021","1,032.56","1,028.30","1,033.05","1,023.59","85.12M","0.41%"
"03/01/2021","1,028.34","1,007.09","1,028.60","1,007.09","108.73M","2.11%"
"02/26/2021","1,007.07","1,027.24","1,027.24","1,005.15","131.38M","-1.96%"
"02/25/2021","1,027.16","1,013.64","1,027.66","1,013.64","123.09M","1.33%"
"02/24/2021","1,013.63","1,012.97","1,015.55","1,004.07","110.61M","0.61%"
"02/23/2021","1,007.47","1,003.30","1,013.23","987.24","163.98M","0.42%"
"02/22/2021","1,003.30","993.72","1,004.18","989.10","123.53M","0.97%"
"02/19/2021","993.62","981.16","994.26","979.17","117.43M","1.27%"
"02/18/2021","981.17","995.70","998.91","981.12","181.06M","-1.47%"
"02/17/2021","995.78","999.66","1,002.02","994.55","163.41M","-0.39%"
"02/16/2021","999.65","995.74","999.92","993.76","134.07M","0.41%"
"02/15/2021","995.59","991.83","1,000.23","990.73","114.91M","0.38%"
"02/12/2021","991.78","995.66","999.00","988.52","109.27M","-0.39%"
"02/11/2021","995.65","992.05","996.35","986.84","94.46M","0.44%"
"02/10/2021","991.27","993.49","997.00","989.43","128.57M","-0.13%"
"02/09/2021","992.53","1,000.44","1,002.28","992.53","114.22M","-0.80%"
"02/08/2021","1,000.49","996.56","1,004.22","996.56","102.21M","0.40%"
"02/05/2021","996.54","997.72","1,003.16","995.79","93.62M","-0.12%"
"02/04/2021","997.70","992.83","1,001.69","991.76","89.24M","0.49%"
"02/03/2021","992.83","984.62","994.62","984.62","98.88M","0.84%"
"02/02/2021","984.56","971.91","985.94","971.91","333.66M","1.31%"
"02/01/2021","971.83","966.95","974.74","965.02","253.15M","0.51%"
"01/29/2021","966.90","963.91","967.80","951.86","661.48M","0.12%"
"01/28/2021","965.73","962.79","968.83","943.42","381.00M","0.33%"
"01/27/2021","962.56","977.02","981.74","958.96","349.83M","-1.48%"
"01/26/2021","977.01","983.92","986.96","972.07","364.44M","-0.71%"
"01/25/2021","983.99","993.92","997.92","972.57","465.29M","-1.03%"
"01/22/2021","994.21","1,001.54","1,001.54","991.61","277.10M","-0.73%"
"01/21/2021","1,001.54","1,002.72","1,008.85","999.44","234.25M","-0.11%"
"01/20/2021","1,002.69","1,004.69","1,009.93","1,002.01","241.39M","-0.20%"
"01/19/2021","1,004.69","994.02","1,004.69","993.90","378.63M","1.10%"
"01/18/2021","993.80","987.95","993.80","979.22","319.72M","0.60%"
"01/15/2021","987.92","998.64","998.64","987.71","358.06M","-1.09%"
"01/14/2021","998.77","990.41","999.24","990.41","698.06M","0.85%"
"01/13/2021","990.40","998.53","1,008.32","990.30","1.36B","-0.82%"
"01/12/2021","998.56","991.01","1,000.20","991.01","625.29M","0.77%"
"01/11/2021","990.91","1,001.16","1,001.16","986.88","339.00M","-1.02%"
"01/08/2021","1,001.16","991.23","1,005.78","991.23","576.40M","1.00%"
"01/07/2021","991.22","975.90","991.47","975.90","651.69M","1.57%"
"01/06/2021","975.86","964.14","977.32","964.14","861.03M","1.22%"
"01/05/2021","964.13","965.97","968.92","962.26","733.76M","-0.19%"
"01/04/2021","965.95","973.94","983.72","965.95","394.79M","-0.82%"
"12/30/2020","973.97","970.29","974.76","968.51","260.15M","0.38%"
"12/29/2020","970.30","966.67","975.90","966.67","515.84M","0.38%"
"12/28/2020","966.67","953.69","966.67","953.69","439.94M","1.37%"
"12/23/2020","953.65","938.85","953.68","938.85","232.87M","1.58%"
"12/22/2020","938.83","928.25","939.02","928.25","256.80M","1.14%"
"12/21/2020","928.23","950.47","950.47","922.13","521.69M","-2.34%"
"12/18/2020","950.50","942.19","951.52","940.30","408.50M","0.88%"
"12/17/2020","942.20","939.89","947.95","939.89","868.13M","0.25%"
"12/16/2020","939.89","936.77","942.63","936.77","888.84M","0.34%"
"12/15/2020","936.66","936.64","939.53","931.36","809.42M","0.00%"
"12/14/2020","936.64","937.58","945.54","933.95","744.25M","-0.10%"
"12/11/2020","937.58","942.59","943.23","933.45","1.54B","-0.53%"
"12/10/2020","942.58","942.49","945.38","935.35","2.17B","-0.04%"
"12/09/2020","942.93","933.44","942.93","933.44","1.12B","1.01%"
"12/08/2020","933.51","933.00","936.94","931.67","1.00B","0.06%"
"12/07/2020","932.99","936.00","938.97","930.92","","-0.26%"
"12/04/2020","935.41","927.16","935.44","926.33","574.87M","0.90%"
"12/03/2020","927.09","928.14","933.38","924.47","802.51M","-0.11%"
"12/02/2020","928.10","934.91","935.16","924.28","1.06B","-0.73%"
"12/01/2020","934.91","930.39","940.86","926.64","830.81M","0.49%"
"11/30/2020","930.39","946.29","946.29","930.39","830.06M","-1.68%"
"11/27/2020","946.30","935.81","946.35","933.06","397.34M","1.12%"
"11/26/2020","935.81","933.88","937.06","932.50","544.65M","0.22%"
"11/25/2020","933.78","935.30","939.24","927.73","791.00M","-0.14%"
"11/24/2020","935.09","917.29","935.55","917.29","1.05B","1.94%"
"11/23/2020","917.27","908.53","921.13","908.53","680.24M","0.97%"
"11/20/2020","908.44","902.94","913.20","902.68","489.19M","0.61%"
"11/19/2020","902.94","912.15","912.33","900.82","626.61M","-1.01%"
"11/18/2020","912.15","908.25","913.27","905.86","520.38M","0.43%"
"11/17/2020","908.25","908.96","912.88","906.21","900.83M","-0.08%"
"11/16/2020","908.96","892.18","912.23","892.07","798.27M","1.90%"
"11/13/2020","892.01","889.92","894.18","884.23","767.80M","0.23%"
"11/12/2020","889.95","889.43","891.53","883.76","550.75M","0.06%"
"11/11/2020","889.43","878.94","890.85","878.94","772.15M","1.19%"
"11/10/2020","878.93","883.16","883.20","871.93","722.98M","-0.48%"
"11/09/2020","883.14","845.82","883.72","845.82","724.74M","4.42%"
"11/06/2020","845.72","845.04","847.57","839.14","216.49M","0.08%"
"11/05/2020","845.03","841.59","846.26","838.25","423.84M","0.41%"
"11/04/2020","841.57","829.35","841.73","820.26","624.50M","1.47%"
"11/03/2020","829.36","823.58","834.37","823.46","241.25M","0.71%"
"11/02/2020","823.55","811.97","823.82","810.30","267.38M","1.44%"
"10/30/2020","811.85","810.03","812.00","803.11","384.71M","0.22%"
"10/29/2020","810.04","799.67","811.49","796.24","236.89M","1.30%"
"10/28/2020","799.68","825.98","825.98","799.68","293.79M","-3.19%"
"10/27/2020","826.00","832.34","836.22","823.34","303.00M","-0.77%"
"10/26/2020","832.41","858.85","858.85","832.38","301.42M","-3.08%"
"10/23/2020","858.90","848.50","861.92","848.50","305.79M","1.23%"
"10/22/2020","848.50","857.35","857.65","845.65","266.76M","-1.06%"
"10/21/2020","857.55","868.58","874.62","854.75","512.69M","-1.25%"
"10/20/2020","868.42","873.46","878.48","868.42","402.21M","-0.58%"
"10/19/2020","873.50","872.54","877.08","871.68","436.07M","0.11%"
"10/16/2020","872.52","863.06","877.99","863.06","413.06M","1.11%"
"10/15/2020","862.96","877.63","878.53","861.79","568.20M","-1.67%"
"10/14/2020","877.63","875.38","879.53","872.92","1.54B","0.26%"
"10/13/2020","875.37","878.05","880.47","874.43","859.99M","-0.31%"
"10/12/2020","878.13","876.28","882.26","876.28","696.47M","0.21%"
"10/09/2020","876.28","879.25","882.68","875.52","423.92M","-0.33%"
"10/08/2020","879.20","872.53","880.00","872.53","207.91M","0.81%"
"10/07/2020","872.10","877.63","878.84","871.71","383.75M","-0.63%"
"10/06/2020","877.61","867.94","879.09","867.94","339.74M","1.11%"
"10/05/2020","867.94","852.97","867.94","852.97","137.28M","1.76%"
"10/02/2020","852.97","852.07","853.44","844.15","147.28M","0.03%"
"10/01/2020","852.73","856.09","858.81","852.61","158.01M","-0.39%"
"09/30/2020","856.09","850.34","856.60","843.44","159.27M","0.68%"
"09/29/2020","850.34","851.58","852.59","846.28","182.86M","-0.14%"
"09/28/2020","851.55","838.14","851.58","838.08","317.21M","1.60%"
"09/25/2020","838.14","838.89","846.67","836.17","215.87M","-0.09%"
"09/24/2020","838.88","846.58","846.58","832.94","232.52M","-0.94%"
"09/23/2020","846.80","844.93","854.08","844.80","190.40M","0.20%"
"09/22/2020","845.09","834.68","848.94","834.58","170.85M","1.25%"
"09/21/2020","834.69","866.20","866.39","834.69","318.20M","-3.63%"
"09/18/2020","866.16","865.89","866.69","860.62","221.37M","0.03%"
"09/17/2020","865.89","865.63","865.91","858.20","128.20M","0.03%"
"09/16/2020","865.63","862.82","868.38","862.47","173.34M","0.33%"
"09/15/2020","862.78","854.62","864.79","854.27","171.51M","0.95%"
"09/14/2020","854.62","857.45","864.43","854.60","246.69M","-0.33%"
"09/11/2020","857.45","854.21","858.54","850.60","141.24M","0.38%"
"09/10/2020","854.19","857.99","860.60","852.83","138.15M","-0.39%"
"09/09/2020","857.53","842.57","857.96","840.14","211.54M","1.77%"
"09/08/2020","842.58","854.85","857.71","839.56","252.62M","-1.44%"
"09/07/2020","854.85","845.67","854.88","844.99","252.56M","1.09%"
"09/04/2020","845.67","852.04","854.18","837.65","196.62M","-0.76%"
"09/03/2020","852.11","854.91","860.16","851.63","175.64M","-0.32%"
"09/02/2020","854.88","859.55","863.96","852.87","194.47M","-0.55%"
"09/01/2020","859.59","859.27","863.09","854.65","189.69M","0.04%"
"08/31/2020","859.26","862.93","870.40","857.95","196.08M","-0.43%"
"08/28/2020","862.93","867.14","868.45","858.76","199.23M","-0.49%"
"08/27/2020","867.14","870.12","871.90","865.45","188.95M","-0.34%"
"08/26/2020","870.12","872.81","872.81","865.03","233.22M","-0.31%"
"08/25/2020","872.79","875.99","882.35","872.19","185.09M","-0.36%"
"08/24/2020","875.98","860.67","876.02","860.08","184.31M","1.78%"
"08/21/2020","860.70","861.99","866.80","855.37","206.69M","-0.15%"
"08/20/2020","862.00","868.28","868.28","861.25","225.84M","-0.72%"
"08/19/2020","868.28","866.68","869.90","864.16","302.55M","0.18%"
"08/18/2020","866.69","871.93","873.73","865.37","251.77M","-0.60%"
"08/17/2020","871.93","871.83","874.86","868.80","210.52M","0.00%"
"08/14/2020","871.91","878.04","878.04","863.50","384.64M","-0.70%"
"08/13/2020","878.04","875.79","880.19","872.39","473.37M","0.24%"
"08/12/2020","875.94","870.64","875.97","867.96","525.53M","0.61%"
"08/11/2020","870.64","856.19","875.30","856.19","","1.69%"
"08/10/2020","856.19","854.65","859.95","850.28","","0.18%"
"08/07/2020","854.63","854.86","856.38","848.90","","-0.03%"
"08/06/2020","854.88","854.94","856.90","848.90","","-0.01%"
"08/05/2020","854.94","847.75","855.68","847.51","","0.85%"
"08/04/2020","847.75","842.45","847.77","839.74","","0.66%"
"08/03/2020","842.19","826.24","842.25","825.48","","1.93%"
"07/31/2020","826.23","819.75","833.72","819.71","","0.79%"
"07/30/2020","819.75","841.73","841.75","819.74","","-2.61%"
"07/29/2020","841.72","839.25","841.96","833.96","","0.31%"
"07/28/2020","839.08","839.97","842.70","836.82","","-0.11%"
"07/27/2020","839.97","839.97","845.05","834.00","","0.00%"
"07/24/2020","839.97","843.43","843.45","829.82","","-0.42%"
"07/23/2020","843.55","849.85","852.86","843.13","","-0.74%"
"07/22/2020","849.85","856.24","860.51","843.21","","-0.74%"
"07/21/2020","856.21","847.92","866.25","847.90","","0.98%"
"07/20/2020","847.91","843.63","849.43","840.44","","0.51%"
"07/17/2020","843.63","836.26","844.24","836.26","","0.90%"
"07/16/2020","836.14","840.82","840.82","832.37","","-0.56%"
"07/15/2020","840.82","823.65","840.82","823.65","","2.08%"
"07/14/2020","823.65","820.99","823.82","816.11","","0.32%"
"07/13/2020","821.00","801.59","822.43","801.59","","2.42%"
"07/10/2020","801.59","800.99","802.97","791.61","","0.08%"
"07/09/2020","800.96","811.02","812.64","800.77","","-1.24%"
"07/08/2020","811.01","808.92","811.25","803.48","","0.26%"
"07/07/2020","808.92","809.87","811.32","802.37","","-0.13%"
"07/06/2020","810.00","801.75","812.59","801.75","","1.04%"
"07/03/2020","801.68","807.28","809.18","800.74","","-0.69%"
"07/02/2020","807.28","802.78","809.58","799.27","","0.56%"
"07/01/2020","802.77","795.19","803.41","793.36","","0.95%"
"06/30/2020","795.22","800.06","802.62","792.85","","-0.60%"
"06/29/2020","800.06","794.70","800.51","790.11","","0.67%"
"06/26/2020","794.72","801.12","806.28","794.63","","-0.81%"
"06/25/2020","801.21","804.14","804.14","789.48","","-0.37%"
"06/24/2020","804.15","813.42","815.01","803.74","","-1.14%"
"06/23/2020","813.42","805.99","820.32","805.99","","0.92%"
"06/22/2020","805.97","815.14","815.16","804.90","","-1.12%"
"06/19/2020","815.14","813.37","822.53","813.34","","0.21%"
"06/18/2020","813.40","819.28","821.53","812.38","","-0.74%"
"06/17/2020","819.44","824.54","829.06","818.61","","-0.61%"
"06/16/2020","824.45","803.30","825.61","803.30","","2.68%"
"06/15/2020","802.90","819.29","819.29","790.38","","-2.12%"
"06/12/2020","820.32","813.72","824.63","797.55","","0.81%"
"06/11/2020","813.72","839.64","839.64","812.17","","-3.09%"
"06/10/2020","839.68","839.09","848.14","834.83","","0.07%"
"06/09/2020","839.09","856.84","860.04","837.77","","-2.07%"
"06/08/2020","856.83","849.69","861.37","849.41","","0.84%"
"06/05/2020","849.66","833.34","851.58","833.34","","1.96%"
"06/04/2020","833.31","830.42","834.09","822.05","","0.35%"
"06/03/2020","830.43","815.08","830.43","815.08","","1.88%"
"06/02/2020","815.08","796.96","815.33","796.96","","2.30%"
"05/29/2020","796.77","806.19","806.31","793.08","","-1.17%"
"05/28/2020","806.19","806.37","810.13","802.96","","0.00%"
"05/27/2020","806.20","804.84","812.73","802.05","","0.17%"
"05/26/2020","804.86","793.55","805.26","793.03","","1.48%"
"05/25/2020","793.12","776.77","793.12","776.77","","2.12%"
"05/22/2020","776.65","789.32","789.32","770.74","","-1.61%"
"05/20/2020","789.33","780.39","789.34","775.05","","1.15%"
"05/19/2020","780.37","771.67","784.56","771.01","","1.14%"
"05/18/2020","771.58","753.59","771.58","753.59","","2.38%"
"05/15/2020","753.61","737.43","755.32","737.43","","2.22%"
"05/14/2020","737.25","757.69","757.69","736.34","","-2.76%"
"05/13/2020","758.14","770.10","770.15","754.80","","-1.54%"
"05/12/2020","770.02","764.06","773.34","761.37","","0.78%"
"05/11/2020","764.08","769.69","777.01","761.34","","-0.72%"
"05/08/2020","769.62","756.60","769.62","756.60","","1.72%"
"05/07/2020","756.59","747.56","757.04","746.35","","1.21%"
"05/06/2020","747.58","757.86","758.10","747.46","","-1.35%"
"05/05/2020","757.81","751.27","763.02","751.27","","0.87%"
"05/04/2020","751.27","775.05","775.05","750.07","","-3.08%"
"04/30/2020","775.11","772.17","780.16","765.46","","0.38%"
"04/29/2020","772.15","757.57","773.58","757.57","","1.93%"
"04/28/2020","757.53","743.21","760.12","742.20","","1.90%"
"04/27/2020","743.42","738.16","746.60","738.16","","0.72%"
"04/24/2020","738.13","750.16","750.17","735.66","","-1.60%"
"04/23/2020","750.14","738.11","750.14","736.12","","1.63%"
"04/22/2020","738.12","726.67","740.32","716.04","","1.57%"
"04/21/2020","726.70","740.89","740.89","721.29","","-1.92%"
"04/20/2020","740.90","748.50","751.68","729.01","","-1.01%"
"04/17/2020","748.45","727.73","749.19","727.73","","2.85%"
"04/16/2020","727.68","737.45","743.08","726.94","","-1.33%"
"04/15/2020","737.47","755.37","755.55","733.86","","-2.37%"
"04/14/2020","755.40","734.38","755.40","734.38","","2.86%"
"04/08/2020","734.38","744.33","744.35","729.73","","-1.34%"
"04/07/2020","744.39","730.78","750.15","730.78","","2.18%"
"04/06/2020","728.51","712.26","728.72","710.97","","2.29%"
"04/03/2020","712.21","713.24","718.33","705.31","","-0.11%"
"04/02/2020","713.01","719.67","731.89","705.05","","-0.91%"
"04/01/2020","719.58","702.94","719.58","688.17","","1.76%"
"03/31/2020","707.13","687.11","709.02","687.11","","2.94%"
"03/30/2020","686.93","666.85","686.93","647.62","","3.01%"
"03/27/2020","666.86","692.04","692.04","662.26","","-3.64%"
"03/26/2020","692.04","682.39","692.04","665.90","","1.40%"
"03/25/2020","682.47","671.60","692.76","659.19","","1.62%"
"03/24/2020","671.59","637.94","672.48","637.94","","5.61%"
"03/23/2020","635.93","667.05","667.52","635.93","","-4.91%"
"03/20/2020","668.77","668.46","704.07","662.39","","0.22%"
"03/19/2020","667.32","637.74","667.33","637.73","","4.64%"
"03/18/2020","637.75","645.05","645.08","624.39","","-1.13%"
"03/17/2020","645.07","639.32","662.93","630.63","","0.94%"
"03/16/2020","639.05","675.05","675.05","605.28","","-5.34%"
"03/13/2020","675.08","650.71","698.39","650.71","","3.76%"
"03/12/2020","650.60","711.09","711.09","640.59","","-8.77%"
"03/11/2020","713.12","739.63","750.01","713.12","","-3.59%"
"03/10/2020","739.68","736.09","770.81","736.09","","0.49%"
"03/09/2020","736.08","801.26","801.26","701.48","","-8.14%"
"03/06/2020","801.34","838.43","838.43","801.34","","-4.43%"
"03/05/2020","838.47","858.58","866.28","835.17","","-2.34%"
"03/04/2020","858.59","859.15","868.37","849.91","","-0.07%"
"03/03/2020","859.17","833.92","867.90","833.92","","3.04%"
"03/02/2020","833.83","830.26","861.13","825.54","","0.43%"
"02/28/2020","830.26","840.67","844.62","814.75","","-1.53%"
"02/27/2020","843.19","886.45","886.45","843.19","","-4.88%"
"02/26/2020","886.48","894.94","894.94","863.75","","-0.95%"
"02/25/2020","894.98","898.52","909.54","888.99","","-0.38%"
"02/24/2020","898.40","936.45","936.45","896.15","","-4.09%"
"02/21/2020","936.70","942.89","942.89","932.48","","-0.66%"
"02/20/2020","942.89","934.93","943.50","934.92","","0.85%"
"02/19/2020","934.93","926.65","934.94","926.46","","0.89%"
"02/18/2020","926.68","927.98","927.98","921.04","","-0.14%"
"02/17/2020","927.98","929.24","933.93","925.84","","-0.14%"
"02/14/2020","929.24","926.25","931.98","926.03","","0.32%"
"02/13/2020","926.25","930.76","930.76","917.97","","-0.49%"
"02/12/2020","930.77","925.74","933.44","923.98","","0.55%"
"02/11/2020","925.66","913.20","925.94","913.10","","1.47%"
"02/10/2020","912.25","920.82","922.87","908.06","","-0.93%"
"02/07/2020","920.82","936.34","938.45","919.28","","-1.65%"
"02/06/2020","936.26","930.72","943.47","930.72","","0.57%"
"02/05/2020","930.92","917.35","931.73","915.75","","1.48%"
"02/04/2020","917.33","914.00","923.08","914.00","","0.37%"
"02/03/2020","913.99","913.83","916.21","907.70","","0.02%"
"01/31/2020","913.81","915.85","924.35","913.64","","-0.22%"
"01/30/2020","915.87","925.31","925.31","914.30","","-1.02%"
"01/29/2020","925.32","925.70","932.13","923.35","","-0.04%"
"01/28/2020","925.70","921.30","925.70","914.33","","0.48%"
"01/27/2020","921.31","939.95","939.95","915.93","","-1.99%"
"01/24/2020","939.99","930.33","942.27","930.33","","1.04%"
"01/23/2020","930.29","943.92","943.96","927.11","","-1.44%"
"01/22/2020","943.90","941.68","948.07","941.52","","0.24%"
"01/21/2020","941.68","946.22","946.22","936.02","","-0.48%"
"01/20/2020","946.21","946.63","949.01","943.58","","-0.04%"
"01/17/2020","946.63","936.60","947.88","936.60","","1.07%"
"01/16/2020","936.59","936.99","938.84","933.03","","-0.04%"
"01/15/2020","937.01","938.58","941.20","935.96","","-0.17%"
"01/14/2020","938.61","940.63","946.19","937.52","","-0.21%"
"01/13/2020","940.63","939.38","944.18","938.17","","0.13%"
"01/10/2020","939.38","938.57","941.58","935.85","","0.12%"
"01/09/2020","938.29","938.49","941.25","935.32","","-0.02%"
"01/08/2020","938.49","937.28","939.95","935.42","","0.12%"
"01/07/2020","937.40","940.07","946.64","937.01","","-0.28%"
"01/06/2020","940.06","942.70","945.30","934.56","","-0.28%"
"01/03/2020","942.68","941.39","944.56","937.75","","0.15%"
"01/02/2020","941.27","931.45","943.98","931.31","","1.05%"
"12/30/2019","931.45","933.90","935.62","931.39","","-0.26%"
"12/27/2019","933.89","935.20","940.64","932.16","","-0.14%"
"12/23/2019","935.20","928.25","935.20","928.25","","0.75%"
"12/20/2019","928.21","922.57","930.03","922.57","","0.61%"
"12/19/2019","922.56","916.52","922.56","914.66","","0.66%"
"12/18/2019","916.51","914.04","916.82","910.44","","0.27%"
"12/17/2019","914.03","916.14","917.51","913.62","","-0.23%"
"12/16/2019","916.15","911.39","916.78","911.36","","0.52%"
"12/13/2019","911.39","905.20","913.67","905.20","","0.69%"
"12/12/2019","905.15","900.23","907.12","899.73","","0.55%"
"12/11/2019","900.22","904.22","904.22","897.77","","-0.43%"
"12/10/2019","904.12","907.95","907.96","899.16","","-0.43%"
"12/09/2019","908.00","906.52","908.47","901.56","","0.17%"
"12/06/2019","906.47","897.65","906.76","896.78","","0.98%"
"12/05/2019","897.65","898.66","901.96","896.88","","-0.11%"
"12/04/2019","898.64","884.21","898.64","884.11","","1.63%"
"12/03/2019","884.21","890.82","894.38","882.47","","-0.74%"
"12/02/2019","890.81","902.45","906.01","890.79","","-1.29%"
"11/29/2019","902.45","908.34","908.35","900.60","","-0.65%"
"11/28/2019","908.36","912.12","912.26","908.11","","-0.43%"
"11/27/2019","912.28","910.97","913.13","908.70","","0.14%"
"11/26/2019","910.97","915.11","916.31","909.78","","-0.39%"
"11/25/2019","914.52","909.79","915.56","909.78","","0.52%"
"11/22/2019","909.80","900.14","909.93","900.14","","1.08%"
"11/21/2019","900.08","900.81","900.85","895.86","","-0.08%"
"11/20/2019","900.83","903.47","903.50","893.63","","-0.29%"
"11/19/2019","903.49","902.67","907.55","901.93","","0.09%"
"11/18/2019","902.64","903.58","907.97","899.51","","-0.10%"
"11/15/2019","903.58","907.85","908.49","898.85","","-0.47%"
"11/14/2019","907.82","909.02","911.78","906.79","","-0.13%"
"11/13/2019","909.03","915.86","915.86","904.90","","-0.71%"
"11/12/2019","915.50","917.83","920.05","912.52","","-0.25%"
"11/11/2019","917.82","916.00","917.82","910.59","","0.20%"
"11/08/2019","916.02","918.14","918.41","912.45","","-0.23%"
"11/07/2019","918.13","910.41","918.13","908.36","","0.85%"
"11/06/2019","910.41","908.32","910.41","904.56","","0.23%"
"11/05/2019","908.30","908.17","911.25","906.19","","0.02%"
"11/04/2019","908.11","903.64","909.11","902.86","","0.49%"
"11/01/2019","903.64","897.98","904.47","896.70","","0.62%"
"10/31/2019","898.05","906.45","906.87","896.54","","-0.93%"
"10/30/2019","906.50","907.67","912.85","905.11","","-0.13%"
"10/29/2019","907.67","911.51","911.55","901.69","","-0.41%"
"10/28/2019","911.43","902.56","912.84","902.49","","0.98%"
"10/25/2019","902.56","906.58","907.19","899.05","","-0.44%"
"10/24/2019","906.56","891.67","907.49","891.67","","1.64%"
"10/23/2019","891.89","898.92","901.28","888.28","","-0.78%"
"10/22/2019","898.91","899.44","901.39","896.19","","-0.06%"
"10/21/2019","899.45","893.13","901.06","892.56","","0.71%"
"10/18/2019","893.12","893.64","896.32","890.84","","-0.06%"
"10/17/2019","893.65","887.29","896.22","882.09","","0.71%"
"10/16/2019","887.31","879.84","888.13","875.18","","0.80%"
"10/15/2019","880.25","875.05","882.02","874.89","","0.60%"
"10/14/2019","874.99","886.01","886.01","873.33","","-1.25%"
"10/11/2019","886.03","878.75","887.99","878.75","","0.83%"
"10/10/2019","878.73","871.51","879.08","868.11","","0.83%"
"10/09/2019","871.51","872.80","875.16","867.70","","-0.15%"
"10/08/2019","872.78","883.90","886.43","870.85","","-1.25%"
"10/07/2019","883.85","869.21","883.85","869.21","","1.70%"
"10/04/2019","869.10","856.09","869.62","856.08","","1.52%"
"10/03/2019","856.05","867.68","867.68","854.72","","-1.34%"
"10/02/2019","867.66","886.93","886.93","867.02","","-2.18%"
"10/01/2019","886.97","886.60","891.46","885.54","","0.04%"
"09/30/2019","886.60","884.26","888.56","881.57","","0.26%"
"09/27/2019","884.26","880.70","888.43","880.70","","0.40%"
"09/26/2019","880.70","880.16","887.71","879.23","","0.06%"
"09/25/2019","880.16","890.83","890.85","876.86","","-1.20%"
"09/24/2019","890.84","897.64","900.05","889.65","","-0.78%"
"09/23/2019","897.85","904.91","905.25","895.31","","-0.78%"
"09/20/2019","904.91","898.90","904.99","898.77","","0.71%"
"09/19/2019","898.51","899.50","901.63","895.40","","-0.11%"
"09/18/2019","899.49","890.41","899.49","887.58","","1.02%"
"09/17/2019","890.41","899.56","901.29","888.28","","-1.02%"
"09/16/2019","899.55","888.30","900.18","888.29","","1.26%"
"09/13/2019","888.32","882.63","888.44","882.62","","0.64%"
"09/12/2019","882.63","884.85","885.67","874.62","","-0.25%"
"09/11/2019","884.85","871.76","884.86","871.76","","1.51%"
"09/10/2019","871.71","867.46","871.71","865.28","","0.49%"
"09/09/2019","867.46","868.21","873.45","866.49","","-0.09%"
"09/06/2019","868.21","876.31","876.56","865.52","","-0.92%"
"09/05/2019","876.31","858.72","877.85","858.71","","2.07%"
"09/04/2019","858.51","850.60","861.23","850.59","","0.93%"
"09/03/2019","850.61","859.52","860.21","850.17","","-1.00%"
"09/02/2019","859.24","861.15","862.87","859.05","","-0.24%"
"08/30/2019","861.29","852.65","862.55","852.62","","1.01%"
"08/29/2019","852.65","840.11","853.72","840.11","","1.50%"
"08/28/2019","840.08","841.18","844.47","837.53","","-0.13%"
"08/27/2019","841.18","833.66","841.19","833.10","","0.89%"
"08/26/2019","833.73","840.31","840.31","829.13","","-0.78%"
"08/23/2019","840.32","845.08","850.13","832.86","","-0.56%"
"08/22/2019","845.04","844.63","847.50","839.98","","0.05%"
"08/21/2019","844.63","839.75","847.76","835.39","","0.58%"
"08/20/2019","839.74","840.69","845.86","837.74","","-0.12%"
"08/19/2019","840.76","827.08","840.76","827.08","","1.65%"
"08/16/2019","827.08","817.97","827.08","817.94","","1.12%"
"08/15/2019","817.93","822.95","827.31","806.24","","-0.58%"
"08/14/2019","822.67","842.80","843.32","820.77","","-2.39%"
"08/13/2019","842.78","834.67","843.11","829.63","","0.93%"
"08/12/2019","834.98","837.82","843.09","833.82","","-0.34%"
"08/09/2019","837.82","842.66","846.80","837.63","","-0.57%"
"08/08/2019","842.64","830.36","843.69","830.36","","1.48%"
"08/07/2019","830.34","837.54","842.47","827.08","","-0.85%"
"08/06/2019","837.49","833.53","842.70","832.12","","0.39%"
"08/05/2019","834.21","853.56","853.56","832.40","","-2.27%"
"08/02/2019","853.58","863.25","863.25","848.54","","-1.12%"
"08/01/2019","863.26","859.04","864.95","854.82","","0.48%"
"07/31/2019","859.14","852.40","860.89","852.40","","0.79%"
"07/30/2019","852.40","865.08","865.68","851.98","","-1.47%"
"07/29/2019","865.08","867.40","869.26","864.23","","-0.27%"
"07/26/2019","867.40","863.81","870.45","862.14","","0.42%"
"07/25/2019","863.80","871.66","876.24","862.09","","-0.93%"
"07/24/2019","871.88","874.74","877.28","869.57","","-0.33%"
"07/23/2019","874.74","865.27","875.32","865.00","","1.09%"
"07/22/2019","865.27","863.21","867.82","863.12","","0.24%"
"07/19/2019","863.22","861.97","863.65","859.34","","0.15%"
"07/18/2019","861.89","867.84","867.84","859.59","","-0.69%"
"07/17/2019","867.84","874.16","874.34","867.26","","-0.72%"
"07/16/2019","874.11","880.49","880.69","871.38","","-0.73%"
"07/15/2019","880.50","881.85","884.89","877.55","","-0.14%"
"07/12/2019","881.77","883.50","885.64","878.78","","-0.20%"
"07/11/2019","883.50","883.10","885.31","879.43","","0.05%"
"07/10/2019","883.08","882.99","884.81","881.36","","-0.01%"
"07/09/2019","883.18","890.51","890.55","881.35","","-0.90%"
"07/08/2019","891.17","885.70","892.97","885.70","","0.62%"
"07/05/2019","885.70","888.56","889.76","883.99","","-0.32%"
"07/04/2019","888.56","879.99","889.10","879.99","","0.97%"
"07/03/2019","879.99","877.48","880.04","872.87","","0.29%"
"07/02/2019","877.45","878.93","880.28","875.16","","-0.17%"
"07/01/2019","878.93","864.67","879.57","864.58","","1.65%"
"06/28/2019","864.63","864.20","866.69","862.96","","0.05%"
"06/27/2019","864.20","860.75","866.57","860.69","","0.40%"
"06/26/2019","860.73","861.61","866.68","860.65","","-0.10%"
"06/25/2019","861.59","869.50","869.54","861.01","","-0.91%"
"06/24/2019","869.52","871.81","879.21","868.99","","-0.26%"
"06/21/2019","871.75","870.51","875.68","869.32","","0.14%"
"06/20/2019","870.51","865.58","873.48","865.58","","0.58%"
"06/19/2019","865.52","866.53","869.70","862.23","","-0.13%"
"06/18/2019","866.63","856.46","868.05","854.54","","1.19%"
"06/17/2019","856.46","861.19","863.24","856.25","","-0.55%"
"06/14/2019","861.17","859.19","863.02","853.91","","0.23%"
"06/13/2019","859.19","859.92","861.59","854.98","","-0.08%"
"06/12/2019","859.85","874.80","874.80","858.84","","-1.72%"
"06/11/2019","874.89","868.79","876.30","867.83","","0.70%"
"06/07/2019","868.84","862.28","870.61","862.28","","0.76%"
"06/06/2019","862.28","861.09","867.98","860.23","","0.14%"
"06/05/2019","861.09","859.76","865.96","859.15","","0.16%"
"06/04/2019","859.75","863.15","863.15","855.01","","-0.39%"
"06/03/2019","863.15","852.01","863.15","842.59","","1.30%"
"05/31/2019","852.09","852.99","853.00","838.44","","-0.12%"
"05/29/2019","853.12","872.86","872.86","850.52","","-2.26%"
"05/28/2019","872.86","876.47","880.27","868.23","","-0.41%"
"05/27/2019","876.47","875.96","878.78","872.26","","0.06%"
"05/24/2019","875.95","869.11","877.70","869.11","","0.79%"
"05/23/2019","869.11","888.75","888.77","869.09","","-2.21%"
"05/22/2019","888.74","889.71","890.52","885.15","","-0.11%"
"05/21/2019","889.76","885.09","891.35","885.09","","0.53%"
"05/20/2019","885.09","882.45","891.52","879.27","","0.29%"
"05/16/2019","882.49","866.59","882.49","866.57","","1.84%"
"05/15/2019","866.55","864.72","869.33","859.48","","0.25%"
"05/14/2019","864.40","860.93","864.74","857.73","","0.39%"
"05/13/2019","861.00","870.98","873.39","860.19","","-1.15%"
"05/10/2019","870.98","859.18","871.66","859.18","","1.38%"
"05/09/2019","859.15","871.78","871.78","859.09","","-1.45%"
"05/08/2019","871.79","870.21","876.17","867.25","","0.18%"
"05/07/2019","870.21","873.51","880.56","866.67","","-0.38%"
"05/06/2019","873.51","880.76","880.76","866.45","","-0.82%"
"05/03/2019","880.77","876.44","885.00","873.28","","0.49%"
"05/02/2019","876.46","880.83","880.85","872.60","","-0.51%"
"04/30/2019","880.91","883.84","883.84","879.35","","-0.33%"
"04/29/2019","883.84","883.52","886.54","881.23","","0.04%"
"04/26/2019","883.52","885.72","887.41","881.54","","-0.24%"
"04/25/2019","885.65","892.41","892.94","885.43","","-0.75%"
"04/24/2019","892.30","894.30","895.75","891.99","","-0.22%"
"04/23/2019","894.29","890.50","897.00","890.14","","0.44%"
"04/17/2019","890.35","889.13","892.64","884.24","","0.13%"
"04/16/2019","889.19","890.03","894.09","887.63","","-0.09%"
"04/15/2019","890.03","885.29","890.07","885.29","","0.54%"
"04/12/2019","885.29","884.14","889.89","881.96","","0.13%"
"04/11/2019","884.13","885.16","888.17","883.19","","-0.09%"
"04/10/2019","884.94","881.31","887.22","880.73","","0.41%"
"04/09/2019","881.30","890.24","890.29","879.62","","-1.00%"
"04/08/2019","890.24","884.80","890.25","883.14","","0.62%"
"04/05/2019","884.79","879.86","885.77","879.23","","0.56%"
"04/04/2019","879.86","884.91","885.19","878.13","","-0.57%"
"04/03/2019","884.91","879.14","884.91","878.80","","0.66%"
"04/02/2019","879.14","873.13","879.78","873.13","","0.70%"
"04/01/2019","873.06","863.12","873.45","863.12","","1.15%"
"03/29/2019","863.11","867.15","873.03","863.11","","-0.44%"
"03/28/2019","866.93","867.21","872.61","866.17","","-0.03%"
"03/27/2019","867.21","867.65","872.41","863.47","","-0.06%"
"03/26/2019","867.77","865.48","871.27","865.04","","0.27%"
"03/25/2019","865.40","873.76","873.76","864.03","","-0.96%"
"03/22/2019","873.83","888.69","889.65","873.78","","-1.67%"
"03/21/2019","888.69","886.34","889.15","883.47","","0.27%"
"03/20/2019","886.34","889.22","889.89","884.19","","-0.41%"
"03/19/2019","890.03","885.71","893.65","885.67","","0.49%"
"03/18/2019","885.68","880.39","885.73","879.48","","0.60%"
"03/15/2019","880.40","881.60","882.28","877.62","","-0.14%"
"03/14/2019","881.60","874.02","884.19","874.02","","0.87%"
"03/13/2019","874.00","866.52","874.03","864.68","","0.87%"
"03/12/2019","866.50","863.87","868.56","863.87","","0.31%"
"03/11/2019","863.84","863.72","867.92","859.23","","0.02%"
"03/08/2019","863.70","866.44","866.67","860.07","","-0.48%"
"03/07/2019","867.83","873.95","875.21","866.76","","-0.68%"
"03/06/2019","873.79","870.72","875.60","870.01","","0.37%"
"03/05/2019","870.60","869.98","872.66","867.53","","0.07%"
"03/04/2019","869.97","866.59","872.08","865.46","","0.39%"
"03/01/2019","866.56","865.36","870.93","865.36","","0.15%"
"02/28/2019","865.28","870.72","871.25","865.16","","-0.62%"
"02/27/2019","870.71","874.46","876.15","870.67","","-0.43%"
"02/26/2019","874.43","875.00","876.47","868.59","","-0.07%"
"02/25/2019","875.01","872.01","881.29","872.01","","0.35%"
"02/22/2019","872.00","867.43","875.42","866.48","","0.53%"
"02/21/2019","867.44","862.39","871.43","862.29","","0.59%"
"02/20/2019","862.38","864.67","864.67","858.24","","-0.27%"
"02/19/2019","864.73","866.22","867.57","862.46","","-0.18%"
"02/18/2019","866.25","865.52","870.13","862.48","","0.09%"
"02/15/2019","865.50","852.57","866.21","852.00","","1.50%"
"02/14/2019","852.67","859.13","863.25","850.54","","-0.75%"
"02/13/2019","859.13","847.53","859.13","847.08","","1.37%"
"02/12/2019","847.53","836.53","847.86","836.53","","1.35%"
"02/11/2019","836.27","831.20","841.70","831.19","","0.61%"
"02/08/2019","831.17","846.87","847.10","831.17","","-1.85%"
"02/07/2019","846.87","849.14","851.27","844.02","","-0.27%"
"02/06/2019","849.13","853.61","853.61","846.31","","-0.53%"
"02/05/2019","853.64","839.00","853.65","839.00","","1.74%"
"02/04/2019","839.02","837.32","845.07","837.32","","0.20%"
"02/01/2019","837.32","835.29","838.24","834.56","","0.24%"
"01/31/2019","835.31","834.70","846.09","834.49","","0.07%"
"01/30/2019","834.73","835.36","838.18","831.06","","-0.02%"
"01/29/2019","834.86","828.11","835.16","826.33","","0.82%"
"01/28/2019","828.11","837.00","837.34","826.26","","-1.06%"
"01/25/2019","836.96","839.31","845.66","835.64","","-0.29%"
"01/24/2019","839.36","842.66","843.32","834.17","","-0.38%"
"01/23/2019","842.52","846.94","847.09","841.91","","-0.52%"
"01/22/2019","846.94","854.99","854.99","846.56","","-0.94%"
"01/21/2019","854.98","853.74","855.79","851.76","","0.13%"
"01/18/2019","853.84","839.70","853.94","838.53","","1.70%"
"01/17/2019","839.58","840.21","841.37","836.68","","-0.07%"
"01/16/2019","840.21","838.55","844.71","836.06","","0.20%"
"01/15/2019","838.51","836.72","845.96","834.25","","0.21%"
"01/14/2019","836.72","841.36","841.40","831.54","","-0.56%"
"01/11/2019","841.40","841.79","848.85","839.77","","-0.03%"
"01/10/2019","841.66","844.09","845.68","834.21","","-0.35%"
"01/09/2019","844.58","836.47","845.66","836.47","","0.98%"
"01/08/2019","836.40","829.52","838.41","828.17","","0.78%"
"01/07/2019","829.93","829.72","840.28","827.28","","0.03%"
"01/04/2019","829.67","810.42","829.67","809.84","","2.60%"
"01/03/2019","808.68","803.42","815.19","799.43","","0.65%"
"01/02/2019","803.42","799.48","803.90","786.54","","0.50%"