"Date","Price","Open","High","Low","Vol.","Change %"
"03/23/2025","4,393.15","4,411.59","4,415.54","4,390.36","","-0.40%"
"03/20/2025","4,410.73","4,385.96","4,412.88","4,380.96","","0.35%"
"03/06/2025","4,395.51","4,410.83","4,414.33","4,390.31","","-0.35%"
"03/05/2025","4,410.83","4,411.42","4,417.36","4,404.54","","-0.01%"
"03/04/2025","4,411.42","4,421.63","4,426.70","4,405.02","","-0.31%"
"03/03/2025","4,425.02","4,437.69","4,442.26","4,422.71","","-0.36%"
"03/02/2025","4,441.00","4,435.86","4,450.36","4,435.10","","0.12%"
"02/27/2025","4,435.86","4,421.08","4,446.72","4,420.71","","0.46%"
"02/26/2025","4,415.73","4,413.71","4,429.06","4,412.21","","0.12%"
"02/25/2025","4,410.40","4,433.51","4,443.44","4,410.40","","-0.40%"
"02/24/2025","4,428.17","4,454.81","4,466.39","4,428.17","","-0.60%"
"02/23/2025","4,454.81","4,443.87","4,454.81","4,430.38","","0.25%"
"02/20/2025","4,443.87","4,455.00","4,465.25","4,439.04","","-0.20%"
"02/19/2025","4,452.67","4,468.58","4,469.08","4,450.09","","-0.36%"
"02/18/2025","4,468.58","4,465.49","4,468.80","4,456.25","","0.07%"
"02/17/2025","4,465.49","4,479.03","4,485.68","4,460.00","","-0.30%"
"02/16/2025","4,479.03","4,476.11","4,496.81","4,471.63","","0.02%"
"02/13/2025","4,478.28","4,486.35","4,488.46","4,464.02","","-0.18%"
"02/12/2025","4,486.35","4,519.10","4,519.10","4,475.21","","-0.80%"
"02/11/2025","4,522.49","4,533.08","4,533.08","4,512.39","","-0.23%"
"02/10/2025","4,533.08","4,550.64","4,550.64","4,531.79","","-0.39%"
"02/09/2025","4,550.64","4,564.30","4,568.38","4,549.97","","-0.30%"
"02/06/2025","4,564.30","4,573.33","4,576.11","4,552.38","","-0.20%"
"02/05/2025","4,573.33","4,586.91","4,589.27","4,572.90","","-0.30%"
"02/04/2025","4,586.91","4,553.39","4,601.73","4,553.09","","0.74%"
"02/03/2025","4,553.39","4,555.87","4,561.21","4,535.88","","-0.05%"
"02/02/2025","4,555.87","4,543.44","4,557.27","4,538.56","","0.28%"
"01/29/2025","4,543.21","4,565.88","4,568.83","4,542.06","","-0.50%"
"01/28/2025","4,565.88","4,561.06","4,568.36","4,540.07","","0.11%"
"01/27/2025","4,561.06","4,553.31","4,566.11","4,552.08","","0.17%"
"01/26/2025","4,553.31","4,603.61","4,603.61","4,553.31","","-1.10%"
"01/23/2025","4,603.84","4,618.72","4,623.20","4,583.24","","-0.32%"
"01/22/2025","4,618.72","4,612.04","4,619.63","4,609.08","","0.13%"
"01/21/2025","4,612.71","4,616.88","4,617.33","4,604.22","","-0.09%"
"01/20/2025","4,616.88","4,615.32","4,626.29","4,615.32","","0.03%"
"01/19/2025","4,615.37","4,621.70","4,624.88","4,615.37","","-0.14%"
"01/16/2025","4,621.70","4,602.55","4,621.70","4,602.17","","0.36%"
"01/15/2025","4,604.92","4,611.09","4,622.95","4,597.30","","-0.13%"
"01/14/2025","4,611.09","4,597.45","4,628.19","4,597.45","","0.30%"
"01/13/2025","4,597.45","4,596.98","4,600.01","4,585.52","","-0.01%"
"01/09/2025","4,597.89","4,597.02","4,604.64","4,588.89","","0.02%"
"01/08/2025","4,597.02","4,600.52","4,606.19","4,594.03","","-0.08%"
"01/07/2025","4,600.52","4,576.68","4,601.06","4,571.18","","0.45%"
"01/06/2025","4,580.00","4,569.70","4,592.53","4,566.31","","0.23%"
"01/05/2025","4,569.70","4,573.30","4,579.89","4,566.13","","-0.08%"
"01/02/2025","4,573.30","4,579.96","4,587.77","4,570.65","","-0.15%"
"01/01/2025","4,579.96","4,577.41","4,588.68","4,575.96","","0.07%"
"12/31/2024","4,576.60","4,545.60","4,576.60","4,540.79","","0.70%"
"12/30/2024","4,544.96","4,516.00","4,560.51","4,515.16","","0.64%"
"12/29/2024","4,516.00","4,468.19","4,516.00","4,468.19","","1.07%"
"12/26/2024","4,468.19","4,479.30","4,499.18","4,464.18","","-0.26%"
"12/25/2024","4,479.95","4,485.54","4,492.78","4,479.44","","-0.12%"
"12/24/2024","4,485.54","4,492.84","4,507.33","4,484.84","","-0.16%"
"12/23/2024","4,492.84","4,488.40","4,497.44","4,477.52","","0.10%"
"12/22/2024","4,488.40","4,508.73","4,511.82","4,483.48","","-0.45%"
"12/19/2024","4,508.73","4,467.19","4,510.98","4,467.19","","0.86%"
"12/18/2024","4,470.39","4,536.57","4,536.85","4,470.39","","-1.39%"
"12/17/2024","4,533.38","4,520.45","4,537.34","4,516.70","","0.27%"
"12/16/2024","4,521.10","4,514.66","4,525.05","4,496.80","","0.14%"
"12/15/2024","4,514.66","4,545.92","4,546.18","4,511.84","","-0.69%"
"12/12/2024","4,545.92","4,517.21","4,545.92","4,511.03","","0.64%"
"12/11/2024","4,517.21","4,532.86","4,543.09","4,507.60","","-0.35%"
"12/10/2024","4,532.86","4,554.66","4,556.95","4,532.39","2.03M","-0.45%"
"12/09/2024","4,553.15","4,548.18","4,557.66","4,534.65","10.44M","0.11%"
"12/08/2024","4,548.18","4,571.51","4,571.51","4,548.18","5.18M","-0.51%"
"12/05/2024","4,571.51","4,557.40","4,571.51","4,557.16","18.17M","-0.13%"
"12/04/2024","4,577.64","4,573.49","4,587.64","4,573.46","8.07M","0.09%"
"12/03/2024","4,573.49","4,569.94","4,583.20","4,568.05","9.70M","0.08%"
"12/02/2024","4,569.60","4,578.38","4,578.38","4,567.75","6.97M","-0.19%"
"12/01/2024","4,578.38","4,563.05","4,581.92","4,563.05","6.43M","0.34%"
"11/28/2024","4,563.05","4,533.11","4,566.24","4,528.33","14.44M","0.72%"
"11/27/2024","4,530.44","4,553.05","4,554.95","4,530.44","11.51M","-0.49%"
"11/26/2024","4,552.77","4,519.60","4,563.88","4,519.60","12.04M","0.75%"
"11/25/2024","4,518.95","4,560.39","4,568.79","4,510.96","25.08M","-0.91%"
"11/24/2024","4,560.39","4,608.96","4,608.96","4,556.68","8.86M","-1.05%"
"11/19/2024","4,608.84","4,615.11","4,629.45","4,608.61","6.26M","-0.20%"
"11/18/2024","4,618.30","4,629.90","4,634.62","4,604.16","4.80M","-0.16%"
"11/17/2024","4,625.88","4,643.51","4,648.08","4,622.57","9.57M","-0.38%"
"11/14/2024","4,643.51","4,654.75","4,663.22","4,634.96","6.45M","-0.24%"
"11/13/2024","4,654.75","4,672.02","4,672.02","4,625.58","11.04M","-0.37%"
"11/12/2024","4,672.02","4,687.03","4,690.21","4,666.02","11.60M","-0.23%"
"11/11/2024","4,683.02","4,714.33","4,718.62","4,677.99","6.81M","-0.66%"
"11/10/2024","4,714.33","4,705.83","4,720.49","4,702.58","3.30M","0.18%"
"11/07/2024","4,705.83","4,713.96","4,720.98","4,701.46","14.59M","-0.17%"
"11/06/2024","4,713.96","4,730.27","4,731.86","4,712.55","5.88M","-0.18%"
"11/05/2024","4,722.25","4,718.17","4,724.48","4,697.04","4.92M","0.09%"
"11/04/2024","4,718.17","4,750.68","4,757.64","4,717.77","7.03M","-0.62%"
"11/03/2024","4,747.43","4,749.34","4,757.94","4,739.58","6.68M","-0.04%"
"10/31/2024","4,749.34","4,756.29","4,763.67","4,741.40","11.26M","-0.15%"
"10/30/2024","4,756.29","4,766.28","4,776.08","4,748.05","13.27M","-0.21%"
"10/29/2024","4,766.28","4,794.99","4,796.21","4,766.28","21.92M","-0.60%"
"10/28/2024","4,794.99","4,814.21","4,819.91","4,794.99","10.19M","-0.33%"
"10/27/2024","4,810.96","4,826.35","4,828.89","4,810.96","5.33M","-0.30%"
"10/24/2024","4,825.64","4,806.49","4,831.69","4,802.81","19.34M","0.40%"
"10/23/2024","4,806.49","4,796.05","4,807.89","4,785.70","18.31M","0.22%"
"10/22/2024","4,796.05","4,798.58","4,810.76","4,795.44","11.77M","-0.08%"
"10/21/2024","4,799.89","4,810.39","4,810.39","4,797.39","9.75M","-0.21%"
"10/20/2024","4,810.13","4,800.15","4,812.10","4,790.29","5.75M","0.21%"
"10/17/2024","4,800.15","4,811.23","4,812.96","4,793.77","10.48M","-0.27%"
"10/16/2024","4,813.05","4,799.18","4,817.74","4,793.76","14.67M","0.22%"
"10/15/2024","4,802.43","4,802.72","4,809.20","4,800.95","9.52M","-0.01%"
"10/14/2024","4,802.72","4,765.60","4,816.92","4,765.60","10.71M","0.78%"
"10/13/2024","4,765.60","4,750.90","4,780.78","4,742.24","6.25M","0.31%"
"10/10/2024","4,750.96","4,742.95","4,757.83","4,740.66","12.24M","0.17%"
"10/09/2024","4,742.95","4,690.02","4,742.95","4,681.48","11.83M","1.20%"
"10/08/2024","4,686.77","4,680.98","4,701.54","4,679.65","17.84M","0.12%"
"10/07/2024","4,680.98","4,681.11","4,681.93","4,667.39","8.45M","0.00%"
"10/06/2024","4,681.11","4,673.45","4,681.11","4,665.38","6.67M","0.16%"
"10/03/2024","4,673.72","4,677.54","4,683.71","4,669.96","9.62M","-0.08%"
"10/02/2024","4,677.54","4,696.46","4,696.86","4,676.00","9.26M","-0.40%"
"10/01/2024","4,696.46","4,707.06","4,707.75","4,694.99","9.19M","-0.29%"
"09/30/2024","4,710.31","4,734.66","4,744.81","4,704.20","11.53M","-0.51%"
"09/29/2024","4,734.66","4,701.92","4,749.24","4,701.44","10.97M","0.70%"
"09/26/2024","4,701.92","4,726.52","4,737.62","4,699.74","17.12M","-0.52%"
"09/25/2024","4,726.52","4,715.88","4,743.42","4,709.04","38.65M","0.23%"
"09/24/2024","4,715.88","4,712.89","4,716.81","4,703.09","14.83M","0.08%"
"09/23/2024","4,711.96","4,708.05","4,723.71","4,678.45","14.18M","0.07%"
"09/22/2024","4,708.53","4,725.12","4,725.12","4,704.19","24.19M","-0.35%"
"09/19/2024","4,725.12","4,719.74","4,728.37","4,713.77","18.63M","0.11%"
"09/18/2024","4,719.74","4,712.87","4,723.72","4,709.04","11.87M","0.13%"
"09/17/2024","4,713.40","4,730.90","4,734.42","4,709.09","10.65M","-0.37%"
"09/16/2024","4,730.90","4,745.56","4,753.31","4,727.09","8.64M","-0.31%"
"09/12/2024","4,745.56","4,725.27","4,752.21","4,721.82","17.14M","0.44%"
"09/11/2024","4,724.75","4,744.86","4,746.84","4,722.88","26.19M","-0.50%"
"09/10/2024","4,748.38","4,745.48","4,751.43","4,739.77","6.53M","0.07%"
"09/09/2024","4,744.99","4,772.88","4,780.56","4,743.23","16.33M","-0.58%"
"09/08/2024","4,772.88","4,764.37","4,778.51","4,764.28","6.37M","0.25%"
"09/05/2024","4,760.85","4,777.75","4,785.62","4,760.85","26.68M","-0.42%"
"09/04/2024","4,781.07","4,777.90","4,798.29","4,774.19","12.83M","0.07%"
"09/03/2024","4,777.90","4,771.15","4,783.66","4,771.15","14.39M","0.13%"
"09/02/2024","4,771.79","4,759.88","4,778.88","4,754.51","18.27M","0.25%"
"09/01/2024","4,759.88","4,742.88","4,767.15","4,739.56","","0.28%"
"08/29/2024","4,746.41","4,720.24","4,750.14","4,716.91","22.75M","0.55%"
"08/28/2024","4,720.24","4,694.44","4,723.41","4,694.31","20.60M","0.62%"
"08/27/2024","4,691.12","4,693.94","4,701.94","4,689.36","15.51M","-0.13%"
"08/26/2024","4,697.27","4,687.70","4,709.09","4,684.07","8.91M","0.20%"
"08/25/2024","4,687.70","4,674.46","4,694.58","4,674.46","4.96M","0.28%"
"08/22/2024","4,674.46","4,679.94","4,708.52","4,674.46","6.35M","-0.12%"
"08/21/2024","4,679.94","4,693.07","4,694.04","4,673.08","8.11M","-0.28%"
"08/20/2024","4,693.07","4,673.30","4,696.39","4,672.84","6.86M","0.42%"
"08/19/2024","4,673.30","4,691.48","4,700.11","4,670.74","9.55M","-0.39%"
"08/18/2024","4,691.48","4,691.26","4,695.76","4,686.52","14.98M","-0.03%"
"08/15/2024","4,693.12","4,682.46","4,699.42","4,681.70","8.94M","0.22%"
"08/14/2024","4,682.94","4,660.04","4,696.44","4,660.04","10.52M","0.49%"
"08/13/2024","4,660.04","4,686.19","4,686.19","4,656.66","7.65M","-0.56%"
"08/12/2024","4,686.19","4,659.47","4,693.42","4,656.67","8.80M","0.57%"
"08/11/2024","4,659.47","4,641.58","4,663.39","4,624.11","5.92M","0.31%"
"08/08/2024","4,644.90","4,643.39","4,657.16","4,636.53","7.09M","0.02%"
"08/07/2024","4,643.85","4,649.88","4,656.91","4,642.49","7.71M","-0.10%"
"08/06/2024","4,648.67","4,602.73","4,653.35","4,602.73","8.76M","1.01%"
"08/05/2024","4,602.25","4,647.20","4,647.27","4,598.22","15.12M","-0.97%"
"08/04/2024","4,647.20","4,667.43","4,669.10","4,646.00","7.48M","-0.43%"
"08/01/2024","4,667.43","4,661.63","4,667.43","4,652.09","14.60M","0.12%"
"07/31/2024","4,661.63","4,667.63","4,668.31","4,658.05","10.14M","-0.05%"
"07/30/2024","4,664.11","4,652.08","4,673.73","4,652.08","10.90M","0.26%"
"07/29/2024","4,652.08","4,627.06","4,657.47","4,627.06","28.42M","0.54%"
"07/28/2024","4,627.06","4,656.58","4,656.58","4,627.06","9.67M","-0.63%"
"07/25/2024","4,656.58","4,654.35","4,659.42","4,647.69","11.29M","0.05%"
"07/24/2024","4,654.35","4,648.52","4,654.98","4,645.58","6.08M","0.13%"
"07/23/2024","4,648.52","4,631.43","4,648.82","4,622.79","10.54M","0.37%"
"07/22/2024","4,631.43","4,682.34","4,687.37","4,631.14","27.27M","-1.10%"
"07/21/2024","4,682.80","4,697.28","4,697.28","4,682.35","5.77M","-0.31%"
"07/18/2024","4,697.28","4,692.65","4,699.55","4,687.00","8.96M","0.10%"
"07/17/2024","4,692.65","4,690.52","4,697.93","4,681.98","7.06M","0.06%"
"07/16/2024","4,689.88","4,689.76","4,700.45","4,686.06","17.71M","-0.07%"
"07/15/2024","4,693.09","4,703.52","4,703.52","4,684.09","9.45M","-0.15%"
"07/14/2024","4,699.99","4,700.24","4,704.26","4,689.77","5.91M","-0.01%"
"07/11/2024","4,700.24","4,695.58","4,704.43","4,688.94","7.07M","0.10%"
"07/10/2024","4,695.58","4,690.59","4,695.58","4,652.39","7.52M","0.11%"
"07/09/2024","4,690.59","4,686.96","4,691.50","4,677.84","10.30M","0.08%"
"07/08/2024","4,686.96","4,688.82","4,698.50","4,676.67","5.67M","-0.04%"
"07/04/2024","4,688.82","4,685.15","4,696.29","4,684.08","397.82M","0.08%"
"07/03/2024","4,685.15","4,684.24","4,692.00","4,678.41","4.82M","0.02%"
"07/02/2024","4,684.24","4,692.70","4,715.19","4,683.56","7.70M","-0.25%"
"07/01/2024","4,696.02","4,687.13","4,711.99","4,687.13","","0.19%"
"06/30/2024","4,687.26","4,687.86","4,722.67","4,687.26","","-0.01%"
"06/27/2024","4,687.86","4,673.52","4,702.27","4,665.78","5.80M","0.31%"
"06/26/2024","4,673.52","4,598.32","4,673.52","4,597.07","5.28M","1.64%"
"06/25/2024","4,598.32","4,622.23","4,632.74","4,593.39","12.23M","-0.52%"
"06/24/2024","4,622.23","4,657.26","4,660.55","4,622.23","9.47M","-0.75%"
"06/23/2024","4,657.26","4,678.46","4,683.38","4,648.96","6.07M","-0.47%"
"06/13/2024","4,679.45","4,700.54","4,711.15","4,679.45","7.10M","-0.45%"
"06/12/2024","4,700.54","4,691.97","4,701.58","4,680.86","13.82M","0.09%"
"06/11/2024","4,696.21","4,710.78","4,759.28","4,696.21","16.96M","-0.28%"
"06/10/2024","4,709.41","4,738.47","4,748.51","4,706.67","12.49M","-0.60%"
"06/09/2024","4,737.96","4,771.32","4,771.32","4,737.57","8.28M","-0.70%"
"06/06/2024","4,771.32","4,778.70","4,779.38","4,763.81","9.34M","-0.15%"
"06/05/2024","4,778.70","4,783.21","4,785.64","4,777.22","6.74M","-0.09%"
"06/04/2024","4,783.21","4,821.45","4,823.89","4,782.21","6.27M","-0.79%"
"06/03/2024","4,821.45","4,833.31","4,833.31","4,821.45","13.93M","-0.25%"
"06/02/2024","4,833.31","4,845.73","4,850.26","4,831.23","11.37M","-0.26%"
"05/30/2024","4,845.73","4,823.63","4,845.73","4,823.63","12.09M","0.42%"
"05/29/2024","4,825.60","4,826.23","4,833.44","4,807.94","7.09M","-0.07%"
"05/28/2024","4,829.15","4,790.85","4,865.33","4,790.85","32.49M","0.81%"
"05/27/2024","4,790.51","4,805.70","4,817.48","4,788.74","19.11M","-0.32%"
"05/26/2024","4,805.70","4,802.23","4,805.70","4,782.76","","0.06%"
"05/23/2024","4,802.71","4,807.20","4,815.70","4,800.30","13.56M","-0.09%"
"05/22/2024","4,807.20","4,780.67","4,813.03","4,774.17","12.69M","0.59%"
"05/21/2024","4,778.88","4,782.80","4,789.71","4,776.97","7.52M","-0.08%"
"05/20/2024","4,782.80","4,782.80","4,786.88","4,781.56","","0.02%"
"05/19/2024","4,781.81","4,792.18","4,793.04","4,778.36","5.27M","-0.22%"
"05/16/2024","4,792.18","4,775.79","4,794.95","4,775.79","8.89M","0.35%"
"05/15/2024","4,775.30","4,758.71","4,781.73","4,758.71","7.37M","0.37%"
"05/14/2024","4,757.89","4,770.39","4,782.58","4,756.19","6.75M","-0.24%"
"05/13/2024","4,769.56","4,778.86","4,782.30","4,769.56","8.04M","-0.19%"
"05/12/2024","4,778.53","4,769.96","4,779.82","4,765.54","8.75M","0.18%"
"05/09/2024","4,769.96","4,757.53","4,773.07","4,748.55","11.83M","0.26%"
"05/08/2024","4,757.53","4,778.59","4,779.04","4,757.53","10.54M","-0.44%"
"05/07/2024","4,778.59","4,791.20","4,794.60","4,777.85","14.13M","-0.27%"
"05/06/2024","4,791.67","4,805.25","4,822.22","4,785.22","6.98M","-0.28%"
"05/05/2024","4,805.25","4,773.30","4,807.02","4,773.30","15.72M","0.67%"
"05/02/2024","4,773.30","4,767.23","4,775.09","4,761.23","25.82M","0.13%"
"05/01/2024","4,767.23","4,788.27","4,800.19","4,763.16","9.78M","-0.36%"
"04/30/2024","4,784.23","4,774.88","4,792.96","4,771.44","37.93M","0.20%"
"04/29/2024","4,774.88","4,760.22","4,813.19","4,759.73","14.29M","0.30%"
"04/28/2024","4,760.67","4,713.63","4,769.90","4,695.83","23.40M","1.00%"
"04/25/2024","4,713.63","4,707.10","4,714.99","4,693.31","61.10M","0.14%"
"04/24/2024","4,707.10","4,701.25","4,717.08","4,700.63","48.20M","0.23%"
"04/23/2024","4,696.30","4,697.87","4,701.92","4,684.40","8.99M","-0.03%"
"04/22/2024","4,697.87","4,702.31","4,718.54","4,696.41","7.62M","-0.13%"
"04/21/2024","4,704.08","4,717.06","4,720.39","4,704.08","14.03M","-0.28%"
"04/18/2024","4,717.06","4,722.93","4,727.56","4,703.99","13.98M","-0.12%"
"04/17/2024","4,722.93","4,741.83","4,750.02","4,722.93","10.92M","-0.31%"
"04/16/2024","4,737.59","4,728.08","4,750.61","4,714.64","19.63M","0.21%"
"04/15/2024","4,727.73","4,701.60","4,727.73","4,701.60","16.04M","0.58%"
"04/14/2024","4,700.59","4,690.55","4,706.46","4,682.36","11.54M","0.08%"
"04/08/2024","4,696.81","4,689.65","4,699.06","4,673.47","200.75M","0.16%"
"04/07/2024","4,689.42","4,681.28","4,698.50","4,667.23","9.18M","0.19%"
"04/04/2024","4,680.67","4,663.47","4,685.74","4,663.47","9.69M","0.37%"
"04/03/2024","4,663.47","4,673.05","4,684.28","4,659.24","16.30M","-0.19%"
"04/02/2024","4,672.56","4,663.30","4,694.39","4,661.21","24.14M","0.20%"
"04/01/2024","4,663.30","4,634.42","4,680.75","4,634.42","17.34M","0.60%"
"03/31/2024","4,635.71","4,671.66","4,671.66","4,612.32","13.64M","-0.80%"
"03/28/2024","4,673.13","4,710.79","4,720.00","4,673.13","27.05M","-0.80%"
"03/27/2024","4,710.79","4,756.41","4,757.69","4,702.86","35.55M","-0.94%"
"03/26/2024","4,755.46","4,782.91","4,782.91","4,752.57","29.79M","-0.57%"
"03/25/2024","4,782.56","4,791.43","4,794.75","4,780.09","16.12M","-0.22%"
"03/24/2024","4,793.14","4,790.59","4,809.04","4,784.72","20.81M","0.04%"
"03/21/2024","4,791.38","4,809.00","4,832.97","4,789.17","17.71M","-0.37%"
"03/20/2024","4,809.00","4,830.85","4,832.56","4,803.48","17.71M","-0.45%"
"03/19/2024","4,830.85","4,770.69","4,830.85","4,767.74","13.50M","1.27%"
"03/18/2024","4,770.28","4,780.55","4,785.93","4,757.97","14.97M","-0.12%"
"03/17/2024","4,775.90","4,790.36","4,802.75","4,770.63","13.25M","-0.20%"
"03/14/2024","4,785.52","4,751.13","4,807.88","4,748.33","19.48M","0.62%"
"03/13/2024","4,756.10","4,776.69","4,776.69","4,754.80","22.61M","-0.34%"
"03/12/2024","4,772.45","4,766.96","4,781.63","4,762.42","37.85M","0.13%"
"03/11/2024","4,766.03","4,759.43","4,773.77","4,755.21","23.98M","0.13%"
"03/10/2024","4,759.82","4,778.12","4,780.60","4,754.41","16.96M","-0.35%"
"03/07/2024","4,776.71","4,753.21","4,797.46","4,753.21","40.29M","0.49%"
"03/06/2024","4,753.21","4,702.78","4,754.05","4,702.78","32.74M","1.07%"
"03/05/2024","4,702.78","4,633.50","4,703.52","4,633.50","28.57M","1.50%"
"03/04/2024","4,633.50","4,619.58","4,638.63","4,614.25","33.04M","0.30%"
"03/03/2024","4,619.58","4,554.85","4,622.04","4,554.85","45.44M","1.42%"
"02/29/2024","4,554.85","4,532.63","4,554.85","4,505.63","430.70M","0.49%"
"02/28/2024","4,532.63","4,577.81","4,579.65","4,529.37","49.13M","-0.99%"
"02/27/2024","4,577.81","4,594.37","4,607.72","4,567.04","37.29M","-0.35%"
"02/26/2024","4,594.06","4,578.46","4,598.31","4,574.86","26.44M","0.35%"
"02/25/2024","4,578.14","4,571.32","4,586.04","4,560.27","14.11M","0.16%"
"02/22/2024","4,570.98","4,579.49","4,584.94","4,570.47","31.47M","-0.19%"
"02/21/2024","4,579.49","4,583.88","4,615.13","4,579.49","8.90M","-0.04%"
"02/20/2024","4,581.50","4,629.68","4,637.25","4,568.28","7.68M","-1.19%"
"02/18/2024","4,636.78","4,629.95","4,644.35","4,629.95","25.28M","0.15%"
"02/15/2024","4,629.95","4,631.71","4,639.01","4,616.53","20.10M","-0.01%"
"02/14/2024","4,630.52","4,594.65","4,630.73","4,590.78","14.38M","0.89%"
"02/13/2024","4,589.80","4,563.85","4,598.29","4,563.85","15.06M","0.59%"
"02/11/2024","4,562.93","4,547.80","4,569.83","4,547.80","9.68M","0.36%"
"02/07/2024","4,546.61","4,559.43","4,569.49","4,539.59","10.82M","-0.28%"
"02/06/2024","4,559.43","4,548.84","4,564.19","4,544.03","8.65M","0.23%"
"02/05/2024","4,548.84","4,561.54","4,562.75","4,544.75","13.70M","-0.24%"
"02/04/2024","4,559.93","4,563.85","4,582.15","4,552.57","8.41M","-0.07%"
"02/01/2024","4,562.92","4,564.79","4,583.01","4,557.51","10.15M","0.02%"
"01/31/2024","4,561.85","4,585.48","4,618.70","4,561.85","11.14M","-0.55%"
"01/30/2024","4,587.08","4,595.30","4,600.95","4,587.08","5.87M","-0.10%"
"01/29/2024","4,591.89","4,599.34","4,603.95","4,586.42","9.99M","-0.09%"
"01/28/2024","4,595.92","4,607.42","4,608.67","4,591.33","6.69M","-0.25%"
"01/25/2024","4,607.42","4,606.69","4,621.33","4,605.73","5.91M","0.02%"
"01/24/2024","4,606.69","4,621.29","4,625.82","4,605.83","9.38M","-0.40%"
"01/23/2024","4,625.08","4,607.82","4,626.35","4,607.82","17.73M","0.38%"
"01/22/2024","4,607.48","4,604.54","4,626.75","4,603.32","16.46M","0.06%"
"01/21/2024","4,604.54","4,587.06","4,629.81","4,585.83","17.25M","0.38%"
"01/18/2024","4,587.06","4,589.61","4,600.71","4,570.40","14.51M","-0.06%"
"01/17/2024","4,589.61","4,599.62","4,600.41","4,583.64","8.09M","-0.22%"
"01/16/2024","4,599.62","4,614.37","4,617.00","4,589.61","29.93M","-0.28%"
"01/15/2024","4,612.66","4,632.02","4,641.92","4,611.75","6.56M","-0.36%"
"01/14/2024","4,629.41","4,610.97","4,637.19","4,610.97","4.13M","0.48%"
"01/10/2024","4,607.10","4,607.20","4,617.99","4,598.52","4.91M","0.00%"
"01/09/2024","4,607.20","4,602.72","4,613.82","4,602.72","4.23M","0.10%"
"01/08/2024","4,602.72","4,594.94","4,610.56","4,594.94","2.87M","0.17%"
"01/07/2024","4,594.94","4,572.37","4,595.28","4,572.37","4.28M","0.39%"
"01/04/2024","4,576.98","4,575.67","4,587.04","4,573.87","7.64M","-0.06%"
"01/03/2024","4,579.54","4,590.35","4,597.17","4,543.07","2.27M","-0.21%"
"01/02/2024","4,589.34","4,584.19","4,590.67","4,573.42","4.80M","0.20%"
"01/01/2024","4,580.32","4,514.07","4,580.49","4,514.07","3.92M","1.47%"
"12/31/2023","4,514.07","4,490.03","4,514.21","4,470.24","25.79M","0.64%"
"12/28/2023","4,485.48","4,517.74","4,527.51","4,481.60","6.00M","-0.75%"
"12/27/2023","4,519.42","4,544.17","4,546.65","4,518.29","5.81M","-0.51%"
"12/26/2023","4,542.49","4,561.40","4,570.89","4,540.98","7.90M","-0.41%"
"12/25/2023","4,561.40","4,567.19","4,569.25","4,557.85","11.30M","-0.13%"
"12/24/2023","4,567.19","4,561.64","4,580.24","4,554.91","9.48M","0.12%"
"12/21/2023","4,561.64","4,592.57","4,593.78","4,546.84","3.55M","-0.68%"
"12/20/2023","4,592.64","4,568.85","4,592.64","4,568.85","2.75M","0.47%"
"12/19/2023","4,571.35","4,588.92","4,588.92","4,568.69","3.83M","-0.38%"
"12/14/2023","4,588.92","4,574.38","4,591.67","4,569.54","5.72M","0.30%"
"12/13/2023","4,575.32","4,585.64","4,610.78","4,562.74","10.55M","-0.22%"
"12/12/2023","4,585.32","4,588.42","4,595.52","4,579.69","8.32M","-0.06%"
"12/11/2023","4,588.07","4,601.54","4,602.97","4,571.66","8.07M","-0.29%"
"12/10/2023","4,601.54","4,596.09","4,605.68","4,590.17","53.68M","0.16%"
"12/07/2023","4,594.41","4,605.03","4,617.70","4,594.24","6.59M","-0.14%"
"12/06/2023","4,600.78","4,599.98","4,628.52","4,591.64","7.18M","0.02%"
"12/05/2023","4,599.90","4,667.79","4,683.51","4,599.90","11.50M","-1.45%"
"12/04/2023","4,667.79","4,658.18","4,668.53","4,635.45","8.99M","0.21%"
"12/03/2023","4,658.18","4,658.15","4,669.62","4,621.61","17.12M","0.00%"
"11/30/2023","4,658.15","4,654.62","4,678.27","4,645.50","52.39M","0.08%"
"11/29/2023","4,654.62","4,632.80","4,658.50","4,626.23","12.09M","0.47%"
"11/28/2023","4,632.80","4,625.39","4,642.60","4,617.95","30.52M","0.14%"
"11/27/2023","4,626.19","4,627.67","4,635.92","4,614.57","8.61M","-0.03%"
"11/26/2023","4,627.67","4,620.24","4,639.79","4,597.34","7.65M","0.15%"
"11/21/2023","4,620.64","4,614.20","4,621.75","4,611.47","5.58M","0.14%"
"11/20/2023","4,614.20","4,622.35","4,631.86","4,599.33","6.39M","-0.18%"
"11/19/2023","4,622.35","4,619.36","4,624.41","4,581.24","7.92M","0.06%"
"11/16/2023","4,619.36","4,583.61","4,619.36","4,583.61","714.80M","0.78%"
"11/15/2023","4,583.61","4,576.54","4,589.52","4,573.79","7.25M","0.16%"
"11/14/2023","4,576.22","4,564.83","4,591.75","4,564.83","9.02M","0.25%"
"11/13/2023","4,564.83","4,560.37","4,568.72","4,550.88","52.53M","0.10%"
"11/12/2023","4,560.45","4,539.16","4,560.79","4,536.26","43.92M","0.47%"
"11/09/2023","4,539.16","4,547.51","4,561.99","4,539.16","7.18M","-0.35%"
"11/08/2023","4,555.08","4,547.03","4,577.05","4,542.84","8.82M","0.16%"
"11/07/2023","4,547.84","4,560.94","4,566.87","4,541.61","23.40M","-0.29%"
"11/06/2023","4,560.94","4,514.05","4,560.94","4,513.24","7.84M","0.82%"
"11/05/2023","4,523.97","4,492.34","4,528.72","4,488.41","11.78M","0.70%"
"11/02/2023","4,492.34","4,502.24","4,505.35","4,485.73","2.61M","-0.22%"
"11/01/2023","4,502.24","4,545.46","4,552.66","4,502.24","12.30M","-0.95%"
"10/31/2023","4,545.46","4,543.34","4,555.77","4,535.89","5.18M","0.05%"
"10/30/2023","4,543.34","4,551.81","4,560.64","4,523.80","26.86M","-0.19%"
"10/29/2023","4,551.81","4,552.09","4,564.43","4,513.82","4.95M","-0.04%"
"10/26/2023","4,553.70","4,592.62","4,608.98","4,549.34","6.11M","-0.85%"
"10/25/2023","4,592.62","4,624.51","4,624.51","4,588.48","41.13M","-0.69%"
"10/24/2023","4,624.51","4,637.72","4,637.72","4,620.67","5.01M","-0.37%"
"10/23/2023","4,641.60","4,648.52","4,653.57","4,633.02","2.64M","0.03%"
"10/22/2023","4,640.11","4,687.48","4,687.48","4,639.64","104.72M","-0.88%"
"10/19/2023","4,681.31","4,704.13","4,705.81","4,675.20","5.55M","-0.48%"
"10/18/2023","4,704.13","4,723.47","4,737.86","4,704.13","3.62M","-0.41%"
"10/17/2023","4,723.47","4,718.46","4,729.14","4,694.77","4.53M","0.19%"
"10/16/2023","4,714.58","4,755.18","4,755.92","4,707.44","11.59M","-0.96%"
"10/15/2023","4,760.23","4,786.31","4,796.17","4,754.64","7.75M","-0.54%"
"10/12/2023","4,785.98","4,788.75","4,798.13","4,774.49","7.47M","0.16%"
"10/11/2023","4,778.48","4,768.28","4,790.21","4,768.28","4.11M","0.21%"
"10/10/2023","4,768.28","4,746.72","4,777.48","4,746.72","9.45M","0.35%"
"10/09/2023","4,751.51","4,741.32","4,754.04","4,729.42","6.10M","0.21%"
"10/08/2023","4,741.78","4,734.99","4,743.39","4,729.44","6.32M","0.14%"
"10/05/2023","4,734.99","4,733.33","4,735.23","4,705.83","8.30M","0.04%"
"10/04/2023","4,733.33","4,739.61","4,745.92","4,724.71","11.08M","-0.13%"
"10/03/2023","4,739.61","4,735.48","4,742.17","4,718.04","4.82M","0.09%"
"10/02/2023","4,735.48","4,694.40","4,735.48","4,694.40","4.15M","0.77%"
"10/01/2023","4,699.08","4,678.13","4,699.62","4,656.65","4.42M","0.64%"
"09/26/2023","4,669.02","4,663.90","4,669.49","4,662.71","8.56M","0.09%"
"09/25/2023","4,664.68","4,677.45","4,681.11","4,662.45","6.51M","-0.31%"
"09/24/2023","4,679.02","4,676.84","4,681.20","4,649.09","10.81M","0.05%"
"09/21/2023","4,676.84","4,694.88","4,694.88","4,623.86","16.60M","-0.37%"
"09/20/2023","4,694.10","4,687.25","4,694.10","4,673.57","9.30M","0.14%"
"09/19/2023","4,687.58","4,710.52","4,710.52","4,680.44","12.92M","-0.49%"
"09/18/2023","4,710.52","4,710.46","4,710.52","4,697.26","5.36M","-0.02%"
"09/17/2023","4,711.25","4,726.10","4,734.72","4,705.02","8.47M","-0.31%"
"09/14/2023","4,725.90","4,710.67","4,737.96","4,710.67","6.81M","0.32%"
"09/13/2023","4,710.67","4,694.87","4,721.90","4,694.87","9.87M","0.32%"
"09/12/2023","4,695.65","4,696.53","4,701.87","4,684.61","6.85M","-0.05%"
"09/11/2023","4,698.19","4,697.83","4,704.08","4,691.05","5.69M","0.04%"
"09/10/2023","4,696.17","4,690.02","4,699.09","4,686.36","8.25M","0.13%"
"09/07/2023","4,690.02","4,720.89","4,728.84","4,690.02","7.96M","-0.67%"
"09/06/2023","4,721.68","4,727.22","4,733.60","4,719.77","7.57M","-0.12%"
"09/05/2023","4,727.22","4,757.62","4,790.00","4,696.38","3.83M","-0.64%"
"09/04/2023","4,757.62","4,776.30","4,777.00","4,756.48","10.11M","-0.35%"
"09/03/2023","4,774.54","4,798.97","4,802.99","4,772.88","8.81M","-0.51%"
"08/31/2023","4,798.97","4,760.30","4,798.97","4,746.29","10.19M","0.81%"
"08/30/2023","4,760.30","4,780.81","4,784.67","4,757.85","14.63M","-0.43%"
"08/29/2023","4,780.81","4,769.35","4,785.07","4,769.35","18.53M","0.24%"
"08/28/2023","4,769.35","4,773.79","4,779.64","4,762.84","14.25M","-0.06%"
"08/27/2023","4,772.13","4,775.93","4,780.44","4,753.06","8.92M","-0.08%"
"08/24/2023","4,775.96","4,780.12","4,795.13","4,771.37","13.32M","0.02%"
"08/23/2023","4,775.01","4,772.59","4,777.49","4,751.86","11.53M","0.05%"
"08/22/2023","4,772.59","4,778.11","4,781.60","4,762.76","11.02M","-0.05%"
"08/21/2023","4,775.10","4,772.77","4,803.52","4,767.67","11.33M","0.05%"
"08/20/2023","4,772.77","4,787.17","4,826.75","4,766.88","4.28M","-0.26%"
"08/17/2023","4,785.26","4,766.80","4,785.26","4,763.58","12.34M","0.40%"
"08/16/2023","4,766.39","4,763.26","4,772.47","4,757.96","9.49M","0.07%"
"08/15/2023","4,763.26","4,762.42","4,766.64","4,756.48","4.52M","0.02%"
"08/14/2023","4,762.42","4,768.87","4,779.09","4,760.55","6.88M","-0.14%"
"08/13/2023","4,768.87","4,748.48","4,768.87","4,743.73","2.76M","0.25%"
"08/10/2023","4,757.21","4,773.99","4,773.99","4,749.01","5.09M","-0.35%"
"08/09/2023","4,773.99","4,769.69","4,777.43","4,757.88","3.26M","0.26%"
"08/08/2023","4,761.52","4,777.04","4,778.84","4,751.39","5.40M","-0.32%"
"08/07/2023","4,777.04","4,759.65","4,785.41","4,759.65","5.48M","0.37%"
"08/06/2023","4,759.65","4,779.47","4,782.81","4,758.00","6.98M","-0.50%"
"08/03/2023","4,783.36","4,798.34","4,800.37","4,782.83","7.36M","-0.33%"
"08/02/2023","4,799.15","4,791.08","4,805.70","4,784.83","4.58M","0.19%"
"08/01/2023","4,790.28","4,776.10","4,804.84","4,770.38","5.78M","0.30%"
"07/31/2023","4,776.10","4,781.22","4,782.97","4,756.05","5.37M","-0.06%"
"07/30/2023","4,778.81","4,779.07","4,782.65","4,771.92","2.02M","-0.03%"
"07/27/2023","4,780.02","4,767.08","4,782.75","4,767.08","4.53M","0.26%"
"07/26/2023","4,767.47","4,782.69","4,782.69","4,757.49","7.59M","-0.32%"
"07/25/2023","4,782.69","4,797.43","4,797.43","4,777.58","5.54M","-0.34%"
"07/24/2023","4,799.07","4,797.67","4,805.94","4,792.90","4.61M","-0.03%"
"07/23/2023","4,800.52","4,803.46","4,805.07","4,796.11","5.47M","-0.19%"
"07/18/2023","4,809.85","4,757.65","4,809.85","4,754.01","4.40M","1.10%"
"07/17/2023","4,757.65","4,769.54","4,769.98","4,757.65","5.86M","-0.25%"
"07/16/2023","4,769.54","4,795.98","4,797.13","4,769.50","9.42M","-0.57%"
"07/13/2023","4,796.66","4,802.14","4,833.56","4,794.12","30.40M","-0.09%"
"07/12/2023","4,801.16","4,801.41","4,810.26","4,794.07","16.66M","-0.01%"
"07/11/2023","4,801.88","4,776.15","4,803.19","4,776.15","8.34M","0.54%"
"07/10/2023","4,776.15","4,788.72","4,794.77","4,774.65","7.44M","-0.26%"
"07/09/2023","4,788.72","4,790.15","4,791.95","4,761.13","10.74M","-0.03%"
"07/06/2023","4,790.15","4,786.05","4,798.44","4,775.87","12.66M","0.09%"
"07/05/2023","4,786.02","4,795.19","4,802.04","4,784.52","5.08M","-0.19%"
"07/04/2023","4,795.19","4,792.00","4,810.97","4,792.00","16.82M","0.07%"
"07/03/2023","4,792.00","4,774.43","4,801.17","4,768.61","11.50M","0.37%"
"07/02/2023","4,774.43","5,037.88","5,047.94","4,774.43","8.24M","0.13%"
"06/26/2023","4,768.22","4,751.34","4,777.27","4,751.34","10.39M","0.44%"
"06/25/2023","4,747.56","4,731.12","4,748.86","4,720.35","10.28M","0.35%"
"06/22/2023","4,731.12","4,722.45","4,746.62","4,698.30","7.43M","0.20%"
"06/21/2023","4,721.69","4,684.12","4,728.13","4,663.54","5.70M","0.85%"
"06/20/2023","4,681.79","4,679.97","4,685.34","4,674.78","2.32M","0.04%"
"06/19/2023","4,679.97","4,682.63","4,682.63","4,668.85","2.17M","-0.06%"
"06/18/2023","4,682.63","4,685.33","4,690.58","4,674.96","3.50M","0.03%"
"06/15/2023","4,681.05","4,688.72","4,688.72","4,680.59","3.99M","-0.13%"
"06/14/2023","4,687.06","4,696.34","4,696.65","4,682.49","10.44M","-0.20%"
"06/13/2023","4,696.64","4,697.38","4,701.45","4,687.16","3.90M","-0.02%"
"06/12/2023","4,697.38","4,669.67","4,697.38","4,668.49","3.43M","0.60%"
"06/11/2023","4,669.37","4,659.11","4,670.05","4,651.96","4.38M","0.23%"
"06/08/2023","4,658.73","4,646.85","4,667.13","4,646.46","2.79M","0.17%"
"06/07/2023","4,650.60","4,654.65","4,672.23","4,650.60","6.17M","-0.09%"
"06/06/2023","4,654.95","4,655.16","4,670.27","4,647.69","7.80M","0.00%"
"06/05/2023","4,654.80","4,668.06","4,685.93","4,654.42","3.61M","-0.15%"
"06/04/2023","4,661.80","4,632.14","4,661.80","4,628.90","4.59M","0.67%"
"06/01/2023","4,630.63","4,627.91","4,645.09","4,625.93","2.45M","0.09%"
"05/31/2023","4,626.40","4,620.23","4,635.93","4,591.83","8.60M","0.17%"
"05/30/2023","4,618.71","4,642.40","4,654.28","4,610.45","3.85M","-0.51%"
"05/29/2023","4,642.40","4,630.45","4,656.17","4,630.45","6.64M","0.26%"
"05/28/2023","4,630.45","4,641.78","4,660.66","4,615.39","","-0.24%"
"05/25/2023","4,641.78","4,687.00","4,701.96","4,641.78","3.01M","-0.96%"
"05/24/2023","4,686.66","4,686.26","4,687.79","4,677.82","3.37M","0.01%"
"05/23/2023","4,686.26","4,701.36","4,701.36","4,678.48","6.33M","-0.36%"
"05/22/2023","4,703.13","4,713.92","4,718.72","4,703.13","5.97M","-0.23%"
"05/21/2023","4,713.92","4,698.12","4,762.91","4,698.12","4.96M","0.37%"
"05/18/2023","4,696.61","4,694.25","4,710.53","4,692.83","5.10M","0.03%"
"05/17/2023","4,695.16","4,709.72","4,734.83","4,695.16","7.90M","-0.31%"
"05/16/2023","4,709.72","4,720.83","4,733.23","4,709.72","10.75M","-0.13%"
"05/15/2023","4,715.84","4,708.11","4,725.40","4,705.66","9.28M","0.23%"
"05/14/2023","4,704.79","4,665.82","4,708.95","4,665.82","15.90M","0.82%"
"05/11/2023","4,666.72","4,657.34","4,668.58","4,651.53","3.20M","0.28%"
"05/10/2023","4,653.80","4,672.89","4,679.08","4,653.80","7.49M","-0.40%"
"05/09/2023","4,672.58","4,680.61","4,681.21","4,663.98","11.56M","-0.17%"
"05/08/2023","4,680.61","4,708.78","4,710.30","4,672.73","10.26M","-0.78%"
"05/07/2023","4,717.35","4,725.69","4,733.61","4,712.37","7.09M","-0.15%"
"05/04/2023","4,724.25","4,728.33","4,728.36","4,694.82","8.45M","-0.09%"
"05/03/2023","4,728.33","4,725.77","4,744.39","4,719.15","14.72M","0.05%"
"05/02/2023","4,725.77","4,752.04","4,752.19","4,720.01","6.96M","-0.55%"
"05/01/2023","4,752.04","4,718.08","4,752.04","4,706.24","4.55M","0.72%"
"04/30/2023","4,718.08","4,734.51","4,735.05","4,712.07","10.96M","-0.35%"
"04/27/2023","4,734.51","4,721.79","4,741.04","4,716.96","7.10M","0.32%"
"04/26/2023","4,719.58","4,743.92","4,748.17","4,718.82","6.09M","-0.51%"
"04/25/2023","4,743.92","4,743.46","4,758.21","4,728.67","4.19M","0.01%"
"04/19/2023","4,743.46","4,748.98","4,760.00","4,739.12","3.68M","-0.12%"
"04/18/2023","4,748.98","4,785.92","4,786.23","4,748.98","4.36M","-0.49%"
"04/17/2023","4,772.32","4,759.99","4,784.43","4,751.03","6.38M","0.27%"
"04/16/2023","4,759.69","4,817.08","4,817.08","4,759.69","7.64M","-1.07%"
"04/13/2023","4,811.17","4,768.32","4,811.40","4,768.32","4.13M","0.92%"
"04/12/2023","4,767.37","4,768.55","4,784.44","4,743.83","3.17M","-0.02%"
"04/11/2023","4,768.55","4,739.28","4,768.55","4,739.23","17.55M","0.62%"
"04/10/2023","4,739.28","4,769.47","4,769.47","4,729.58","3.20M","-0.55%"
"04/09/2023","4,765.30","4,756.36","4,773.65","4,755.14","2.92M","0.19%"
"04/06/2023","4,756.36","4,801.44","4,801.44","4,756.36","2.81M","-0.94%"
"04/05/2023","4,801.44","4,785.65","4,805.33","4,770.81","206.51M","0.33%"
"04/04/2023","4,785.65","4,791.90","4,816.62","4,758.94","6.39M","-0.13%"
"04/03/2023","4,791.90","4,812.01","4,812.44","4,776.50","4.20M","-0.42%"
"04/02/2023","4,812.01","4,863.09","4,877.08","4,801.09","2.26M","-1.05%"
"03/30/2023","4,863.09","4,854.31","4,868.13","4,839.69","8.53M","0.18%"
"03/29/2023","4,854.31","4,858.67","4,858.67","4,852.69","3.63M","-0.09%"
"03/28/2023","4,858.67","4,852.65","4,874.50","4,838.79","4.02M","0.13%"
"03/27/2023","4,852.52","4,844.30","4,857.49","4,808.58","7.14M","0.17%"
"03/26/2023","4,844.30","4,871.01","4,871.01","4,800.74","3.94M","-0.55%"
"03/23/2023","4,871.01","4,896.50","4,896.50","4,847.10","17.51M","-0.52%"
"03/22/2023","4,896.50","4,861.12","4,907.11","4,859.38","6.63M","0.76%"
"03/21/2023","4,859.36","4,860.00","4,865.58","4,856.49","5.02M","-0.01%"
"03/20/2023","4,860.00","4,875.36","4,875.36","4,833.94","3.89M","-0.24%"
"03/19/2023","4,871.82","4,891.20","4,899.65","4,870.06","2.42M","-0.32%"
"03/16/2023","4,887.67","4,898.16","4,898.86","4,857.22","4.03M","-0.21%"
"03/15/2023","4,898.16","4,929.79","4,931.60","4,896.96","5.90M","-0.62%"
"03/14/2023","4,928.86","4,897.31","4,937.23","4,850.91","3.54M","0.71%"
"03/13/2023","4,894.01","4,862.32","4,898.75","4,862.32","12.01M","0.65%"
"03/12/2023","4,862.32","4,849.54","4,862.32","4,842.01","5.45M","0.26%"
"03/09/2023","4,849.54","4,854.67","4,856.27","4,838.31","9.03M","-0.11%"
"03/08/2023","4,854.67","4,843.38","4,856.71","4,841.11","13.45M","0.23%"
"03/07/2023","4,843.38","4,833.15","4,855.38","4,817.94","8.47M","0.21%"
"03/06/2023","4,833.15","4,853.94","4,859.98","4,831.66","6.86M","-0.42%"
"03/05/2023","4,853.35","4,821.36","4,863.88","4,821.36","11.81M","0.67%"
"03/02/2023","4,820.99","4,780.56","4,820.99","4,773.12","9.33M","0.85%"
"03/01/2023","4,780.56","4,753.28","4,809.03","4,752.52","7.96M","0.57%"
"02/28/2023","4,753.28","4,682.24","4,753.28","4,682.24","13.35M","1.90%"
"02/27/2023","4,664.65","4,659.22","4,667.74","4,648.64","7.79M","0.12%"
"02/26/2023","4,659.22","4,650.47","4,660.99","4,644.32","8.57M","0.19%"
"02/23/2023","4,650.16","4,634.05","4,661.48","4,632.28","9.04M","0.34%"
"02/22/2023","4,634.34","4,635.73","4,648.19","4,620.20","7.87M","0.03%"
"02/21/2023","4,632.75","4,664.93","4,676.47","4,630.35","6.40M","-0.67%"
"02/20/2023","4,664.17","4,653.35","4,680.05","4,652.63","9.64M","0.23%"
"02/16/2023","4,653.35","4,633.18","4,654.51","4,632.52","3.71M","0.44%"
"02/15/2023","4,633.18","4,620.14","4,633.18","4,615.62","7.45M","0.31%"
"02/14/2023","4,618.69","4,740.52","4,740.52","4,616.58","15.67M","-2.55%"
"02/13/2023","4,739.65","4,757.96","4,760.89","4,733.45","7.77M","-0.37%"
"02/12/2023","4,757.26","4,768.67","4,769.00","4,752.55","4.31M","-0.24%"
"02/09/2023","4,768.67","4,766.36","4,781.89","4,761.59","5.44M","0.05%"
"02/08/2023","4,766.36","4,757.98","4,780.06","4,757.98","5.68M","0.18%"
"02/07/2023","4,757.98","4,746.05","4,775.51","4,742.33","5.54M","0.07%"
"02/06/2023","4,754.44","4,740.97","4,758.52","4,734.70","4.19M","0.28%"
"02/05/2023","4,740.97","4,720.25","4,759.83","4,718.13","5.76M","0.45%"
"02/02/2023","4,719.71","4,709.60","4,735.00","4,694.62","4.49M","0.21%"
"02/01/2023","4,709.60","4,703.38","4,715.56","4,684.63","3.78M","0.13%"
"01/31/2023","4,703.38","4,750.25","4,750.25","4,700.51","13.96M","-0.99%"
"01/30/2023","4,750.25","4,766.58","4,774.02","4,742.99","5.96M","-0.26%"
"01/29/2023","4,762.85","4,751.78","4,762.85","4,749.75","8.08M","0.24%"
"01/26/2023","4,751.49","4,746.85","4,751.49","4,723.97","6.31M","0.10%"
"01/25/2023","4,746.85","4,786.21","4,786.21","4,739.82","4.26M","-0.82%"
"01/24/2023","4,786.21","4,778.95","4,789.63","4,776.79","9.34M","0.15%"
"01/23/2023","4,778.95","4,768.71","4,781.88","4,764.66","3.31M","0.18%"
"01/22/2023","4,770.47","4,798.46","4,801.39","4,768.71","5.34M","-0.58%"
"01/19/2023","4,798.46","4,838.78","4,838.78","4,797.75","8.22M","-0.80%"
"01/18/2023","4,836.93","4,819.27","4,837.41","4,811.20","7.01M","0.37%"
"01/17/2023","4,819.27","4,827.09","4,840.68","4,817.51","9.69M","-0.16%"
"01/16/2023","4,827.09","4,867.95","4,879.04","4,825.64","18.65M","-0.84%"
"01/15/2023","4,867.95","4,878.23","4,886.14","4,865.72","7.39M","-0.23%"
"01/11/2023","4,879.39","4,872.52","4,888.65","4,864.60","6.45M","0.15%"
"01/10/2023","4,871.86","4,843.94","4,877.50","4,842.47","8.04M","0.50%"
"01/09/2023","4,847.66","4,833.26","4,852.45","4,832.39","6.34M","0.30%"
"01/08/2023","4,833.26","4,865.11","4,865.11","4,833.26","8.03M","-0.72%"
"01/05/2023","4,868.09","4,849.23","4,868.09","4,848.48","17.23M","0.41%"
"01/04/2023","4,848.40","4,870.64","4,870.64","4,840.63","10.63M","-0.47%"
"01/03/2023","4,871.30","4,841.99","4,871.30","4,837.09","23.02M","0.60%"
"01/02/2023","4,842.39","4,872.67","4,875.52","4,837.96","7.19M","-0.62%"
"01/01/2023","4,872.67","4,857.57","4,872.67","4,856.92","6.49M","0.31%"
"12/29/2022","4,857.44","4,872.06","4,880.54","4,853.73","30.05M","-0.30%"
"12/28/2022","4,872.06","4,845.40","4,872.06","4,845.40","17.29M","0.55%"
"12/27/2022","4,845.40","4,831.15","4,845.40","4,831.15","19.80M","0.29%"
"12/26/2022","4,831.15","4,830.77","4,855.95","4,826.81","20.79M","0.01%"
"12/25/2022","4,830.77","4,838.40","4,840.23","4,802.68","16.29M","-0.16%"
"12/22/2022","4,838.40","4,798.37","4,844.10","4,798.37","5.58M","0.86%"
"12/21/2022","4,797.35","4,817.55","4,822.51","4,796.40","4.91M","-0.42%"
"12/20/2022","4,817.55","4,802.52","4,831.91","4,793.20","7.20M","0.31%"
"12/19/2022","4,802.52","4,793.73","4,808.54","4,777.03","6.42M","0.18%"
"12/18/2022","4,793.73","4,857.54","4,857.54","4,791.36","7.98M","-1.29%"
"12/15/2022","4,856.20","4,866.48","4,868.80","4,827.30","14.53M","-0.21%"
"12/14/2022","4,866.48","4,898.86","4,902.69","4,863.66","12.72M","-0.66%"
"12/13/2022","4,898.86","4,877.90","4,907.90","4,873.65","18.26M","0.44%"
"12/12/2022","4,877.27","4,809.65","4,877.27","4,805.59","13.80M","1.41%"
"12/11/2022","4,809.65","4,784.15","4,809.91","4,771.78","7.18M","0.53%"
"12/08/2022","4,784.15","4,724.87","4,791.70","4,724.39","25.62M","1.28%"
"12/07/2022","4,723.75","4,658.29","4,723.75","4,648.34","32.55M","1.41%"
"12/06/2022","4,658.29","4,663.47","4,663.47","4,635.04","12.04M","-0.11%"
"12/05/2022","4,663.47","4,623.94","4,663.47","4,599.18","8.55M","0.89%"
"12/04/2022","4,622.13","4,613.41","4,631.38","4,613.41","5.00M","0.18%"
"11/29/2022","4,613.72","4,612.64","4,622.13","4,606.78","39.79M","0.02%"
"11/28/2022","4,612.64","4,607.25","4,622.00","4,583.89","12.15M","0.12%"
"11/27/2022","4,607.25","4,561.03","4,614.42","4,561.03","17.37M","1.14%"
"11/24/2022","4,555.21","4,545.23","4,565.17","4,545.23","7.83M","0.25%"
"11/23/2022","4,543.76","4,508.97","4,555.37","4,508.97","6.60M","0.87%"
"11/22/2022","4,504.49","4,500.55","4,521.83","4,476.64","5.48M","0.09%"
"11/21/2022","4,500.55","4,481.84","4,507.71","4,463.15","11.86M","0.42%"
"11/20/2022","4,481.84","4,487.48","4,493.38","4,481.84","2.78M","-0.09%"
"11/17/2022","4,486.06","4,443.33","4,486.60","4,440.33","7.61M","1.00%"
"11/16/2022","4,441.52","4,451.57","4,461.63","4,433.37","9.13M","0.01%"
"11/15/2022","4,440.99","4,463.58","4,463.58","4,429.98","11.06M","-0.44%"
"11/14/2022","4,460.59","4,471.87","4,478.76","4,455.53","11.82M","-0.25%"
"11/13/2022","4,471.87","4,435.89","4,475.73","4,435.33","9.98M","0.98%"
"11/10/2022","4,428.42","4,421.88","4,454.78","4,393.73","8.93M","0.01%"
"11/09/2022","4,427.85","4,421.17","4,430.45","4,421.17","9.21M","0.15%"
"11/08/2022","4,421.17","4,406.37","4,421.17","4,403.27","5.03M","0.30%"
"11/07/2022","4,407.87","4,418.10","4,421.17","4,407.87","4.83M","-0.23%"
"11/06/2022","4,418.10","4,402.33","4,421.16","4,390.74","6.76M","0.38%"
"11/03/2022","4,401.57","4,374.37","4,411.38","4,374.37","5.89M","0.63%"
"11/02/2022","4,374.22","4,387.94","4,387.94","4,370.09","3.41M","-0.38%"
"11/01/2022","4,390.89","4,368.83","4,408.65","4,368.83","4.06M","0.57%"
"10/31/2022","4,365.98","4,379.34","4,379.34","4,338.38","9.80M","-0.30%"
"10/30/2022","4,379.34","4,401.05","4,409.75","4,379.34","4.11M","-0.49%"
"10/27/2022","4,401.05","4,404.38","4,408.06","4,391.79","2.79M","-0.05%"
"10/26/2022","4,403.29","4,411.03","4,416.11","4,382.03","9.74M","-0.01%"
"10/25/2022","4,403.60","4,379.56","4,414.05","4,379.56","2.30M","0.68%"
"10/24/2022","4,373.86","4,423.47","4,431.00","4,373.86","10.72M","-0.99%"
"10/23/2022","4,417.50","4,452.96","4,459.44","4,417.50","7.57M","-0.80%"
"10/20/2022","4,452.96","4,479.33","4,479.92","4,452.96","6.92M","-0.59%"
"10/19/2022","4,479.33","4,490.08","4,490.08","4,475.14","6.76M","-0.23%"
"10/18/2022","4,489.75","4,510.23","4,511.50","4,478.98","9.82M","-0.45%"
"10/17/2022","4,510.23","4,529.97","4,530.64","4,510.23","11.94M","-0.44%"
"10/16/2022","4,529.97","4,543.07","4,564.57","4,526.08","4.65M","-0.25%"
"10/13/2022","4,541.35","4,544.06","4,545.78","4,534.01","1.42M","-0.05%"
"10/12/2022","4,543.70","4,519.11","4,554.70","4,515.58","2.95M","0.52%"
"10/11/2022","4,520.19","4,531.35","4,536.04","4,519.87","6.63M","-0.25%"
"10/10/2022","4,531.35","4,557.60","4,558.65","4,531.35","7.60M","-0.57%"
"10/06/2022","4,557.30","4,575.44","4,590.82","4,548.75","8.62M","-0.40%"
"10/05/2022","4,575.44","4,582.06","4,587.02","4,570.56","3.55M","-0.15%"
"10/04/2022","4,582.42","4,588.55","4,603.33","4,556.51","5.47M","-0.13%"
"10/03/2022","4,588.55","4,572.82","4,591.08","4,572.82","6.00M","0.34%"
"10/02/2022","4,572.82","4,528.34","4,573.56","4,528.34","9.54M","0.98%"
"09/29/2022","4,528.34","4,486.31","4,528.65","4,482.35","12.21M","0.94%"
"09/28/2022","4,486.31","4,493.54","4,504.72","4,476.48","10.45M","-0.16%"
"09/27/2022","4,493.54","4,457.97","4,493.54","4,457.97","13.55M","0.80%"
"09/26/2022","4,457.71","4,458.11","4,465.51","4,428.98","10.82M","-0.01%"
"09/25/2022","4,458.11","4,472.93","4,473.81","4,450.51","3.56M","-0.33%"
"09/22/2022","4,472.93","4,508.67","4,509.43","4,471.70","7.48M","-0.79%"
"09/21/2022","4,508.67","4,476.35","4,508.67","4,476.35","7.82M","0.72%"
"09/20/2022","4,476.35","4,470.06","4,476.35","4,424.27","1.92M","0.14%"
"09/19/2022","4,470.06","4,464.69","4,471.86","4,447.06","4.68M","0.10%"
"09/18/2022","4,465.59","4,478.67","4,484.48","4,465.07","7.33M","-0.29%"
"09/15/2022","4,478.67","4,489.97","4,501.47","4,469.23","","-0.25%"
"09/14/2022","4,489.97","4,502.31","4,503.10","4,484.29","754.79K","-0.17%"
"09/13/2022","4,497.83","4,511.63","4,511.63","4,492.30","5.04M","-0.31%"
"09/12/2022","4,511.63","4,519.71","4,562.83","4,491.27","5.93M","-0.18%"
"09/11/2022","4,519.71","4,513.09","4,533.05","4,493.89","9.73M","0.15%"
"09/08/2022","4,512.77","4,522.19","4,525.54","4,505.54","4.06M","-0.21%"
"09/07/2022","4,522.19","4,545.10","4,553.17","4,519.98","6.48M","-0.49%"
"09/06/2022","4,544.54","4,619.79","4,622.22","4,541.79","9.34M","-1.63%"
"09/05/2022","4,619.79","4,602.00","4,629.27","4,593.21","4.99M","0.77%"
"09/04/2022","4,584.61","4,604.72","4,608.22","4,584.61","3.63M","-0.44%"
"09/01/2022","4,604.72","4,585.30","4,620.28","4,585.30","5.04M","0.42%"
"08/31/2022","4,585.30","4,578.07","4,585.30","4,562.43","8.34M","0.19%"
"08/30/2022","4,576.76","4,589.72","4,593.74","4,571.06","16.67M","-0.28%"
"08/29/2022","4,589.72","4,600.72","4,608.67","4,582.73","3.22M","-0.24%"
"08/28/2022","4,600.72","4,536.64","4,601.02","4,536.64","3.45M","1.39%"
"08/25/2022","4,537.71","4,555.01","4,555.01","4,537.68","3.50M","-0.31%"
"08/24/2022","4,551.89","4,604.97","4,607.78","4,548.77","2.92M","-1.09%"
"08/23/2022","4,601.85","4,617.00","4,618.17","4,596.31","7.82M","-0.33%"
"08/22/2022","4,617.00","4,605.65","4,642.65","4,601.19","10.10M","0.25%"
"08/21/2022","4,605.65","4,614.18","4,630.11","4,605.65","13.21M","-0.02%"
"08/18/2022","4,606.78","4,648.30","4,654.01","4,601.10","9.35M","-0.89%"
"08/17/2022","4,648.30","4,651.87","4,656.16","4,641.20","5.06M","-0.08%"
"08/16/2022","4,651.87","4,645.33","4,672.67","4,645.33","7.80M","0.17%"
"08/15/2022","4,643.93","4,627.26","4,648.00","4,593.67","4.74M","0.38%"
"08/14/2022","4,626.15","4,624.93","4,634.17","4,618.27","4.49M","0.09%"
"08/11/2022","4,621.81","4,652.42","4,656.50","4,617.75","8.09M","-0.66%"
"08/10/2022","4,652.42","4,650.25","4,655.90","4,642.10","4.25M","0.05%"
"08/09/2022","4,650.25","4,660.96","4,692.48","4,650.25","12.38M","-0.24%"
"08/08/2022","4,661.34","4,654.01","4,670.69","4,629.52","8.40M","0.16%"
"08/07/2022","4,654.01","4,667.15","4,685.29","4,637.78","28.00M","-0.28%"
"08/04/2022","4,667.15","4,664.77","4,678.91","4,659.37","13.69M","0.05%"
"08/03/2022","4,664.77","4,647.36","4,668.02","4,629.15","18.88M","0.41%"
"08/02/2022","4,645.87","4,590.20","4,656.29","4,582.83","18.87M","1.21%"
"08/01/2022","4,590.20","4,532.82","4,591.53","4,530.32","13.78M","1.28%"
"07/28/2022","4,532.11","4,508.93","4,553.80","4,508.93","17.61M","0.51%"
"07/27/2022","4,508.93","4,427.10","4,513.98","4,427.10","12.31M","2.03%"
"07/26/2022","4,419.30","4,321.03","4,422.72","4,320.10","18.76M","2.80%"
"07/25/2022","4,298.91","4,317.60","4,318.11","4,295.25","6.95M","-0.43%"
"07/24/2022","4,317.60","4,291.45","4,331.62","4,291.45","18.51M","0.61%"
"07/21/2022","4,291.45","4,280.81","4,293.64","4,267.70","16.57M","0.25%"
"07/20/2022","4,280.81","4,240.21","4,281.38","4,240.21","9.80M","0.96%"
"07/19/2022","4,240.21","4,201.05","4,241.61","4,201.05","13.62M","0.93%"
"07/18/2022","4,201.05","4,142.91","4,205.56","4,141.16","15.22M","1.41%"
"07/17/2022","4,142.77","4,141.87","4,148.94","4,133.75","15.60M","0.04%"
"07/14/2022","4,141.15","4,113.58","4,141.73","4,108.05","3.81M","0.65%"
"07/13/2022","4,114.57","4,118.70","4,125.15","4,114.57","2.62M","-0.10%"
"07/07/2022","4,118.70","4,126.25","4,126.25","4,101.06","7.13M","-0.14%"
"07/06/2022","4,124.41","4,118.76","4,125.41","4,112.27","10.05M","0.14%"
"07/05/2022","4,118.76","4,116.13","4,118.76","4,100.18","7.12M","0.06%"
"07/04/2022","4,116.13","4,107.74","4,116.76","4,099.88","8.48M","0.18%"
"07/03/2022","4,108.67","4,123.44","4,130.78","4,096.71","2.96M","-0.34%"
"06/30/2022","4,122.56","4,125.10","4,135.85","4,110.73","10.70M","-0.06%"
"06/29/2022","4,125.10","4,127.89","4,127.89","4,108.83","13.10M","-0.07%"
"06/28/2022","4,127.89","4,116.95","4,133.07","4,116.95","7.84M","0.27%"
"06/27/2022","4,116.95","4,118.76","4,129.37","4,108.67","6.85M","-0.04%"
"06/26/2022","4,118.76","4,115.13","4,118.81","4,103.87","7.22M","0.09%"
"06/23/2022","4,115.13","4,136.77","4,137.31","4,107.25","9.37M","-0.52%"
"06/22/2022","4,136.77","4,146.02","4,146.13","4,111.47","9.11M","-0.22%"
"06/21/2022","4,145.81","4,141.84","4,145.81","4,127.78","5.54M","0.22%"
"06/20/2022","4,136.52","4,120.55","4,139.52","4,109.05","6.88M","0.39%"
"06/19/2022","4,120.55","4,130.42","4,136.27","4,120.55","3.89M","-0.05%"
"06/16/2022","4,122.51","4,115.13","4,129.40","4,111.06","11.21M","0.23%"
"06/15/2022","4,112.95","4,122.54","4,125.48","4,112.35","6.83M","-0.20%"
"06/14/2022","4,121.21","4,121.16","4,122.23","4,098.72","8.02M","-0.04%"
"06/13/2022","4,122.94","4,125.81","4,137.25","4,113.89","13.61M","-0.07%"
"06/12/2022","4,125.81","4,137.83","4,149.04","4,125.81","19.65M","-0.21%"
"06/09/2022","4,134.56","4,130.78","4,143.42","4,130.49","33.54M","0.09%"
"06/08/2022","4,130.78","4,129.72","4,135.30","4,118.61","8.14M","0.03%"
"06/07/2022","4,129.72","4,136.66","4,143.25","4,099.63","9.65M","-0.13%"
"06/06/2022","4,135.00","4,123.25","4,135.00","4,120.94","7.06M","0.28%"
"06/05/2022","4,123.25","4,131.87","4,133.66","4,117.86","4.32M","-0.21%"
"06/02/2022","4,131.87","4,131.84","4,132.04","4,120.24","5.47M","0.05%"
"06/01/2022","4,129.83","4,121.34","4,134.92","4,120.88","5.12M","0.34%"
"05/31/2022","4,116.00","4,138.57","4,138.57","4,114.32","20.75M","-0.54%"
"05/30/2022","4,138.28","4,120.54","4,142.71","4,120.54","8.80M","0.43%"
"05/29/2022","4,120.54","4,107.06","4,120.76","4,107.06","9.26M","0.34%"
"05/26/2022","4,106.67","4,121.27","4,121.27","4,104.78","9.41M","-0.36%"
"05/25/2022","4,121.56","4,119.76","4,130.75","4,119.27","3.81M","0.04%"
"05/24/2022","4,119.76","4,127.71","4,127.71","4,119.76","14.33M","-0.33%"
"05/23/2022","4,133.32","4,140.44","4,143.21","4,133.32","10.79M","-0.17%"
"05/22/2022","4,140.44","4,156.68","4,161.88","4,140.44","9.98M","-0.39%"
"05/19/2022","4,156.68","4,156.29","4,175.13","4,156.29","30.17M","0.01%"
"05/18/2022","4,156.29","4,163.26","4,167.67","4,154.95","8.77M","-0.17%"
"05/17/2022","4,163.26","4,155.86","4,169.79","4,155.86","9.34M","0.21%"
"05/16/2022","4,154.49","4,143.71","4,155.42","4,143.71","5.46M","0.25%"
"05/15/2022","4,144.00","4,146.27","4,146.39","4,140.45","6.88M","-0.04%"
"05/12/2022","4,145.74","4,159.31","4,166.29","4,145.65","8.85M","-0.33%"
"05/11/2022","4,159.31","4,156.51","4,159.82","4,151.51","4.59M","0.11%"
"05/10/2022","4,154.72","4,174.30","4,174.30","4,154.72","12.29M","-0.47%"
"05/09/2022","4,174.30","4,153.95","4,174.74","4,153.95","5.33M","0.49%"
"05/08/2022","4,153.86","4,159.91","4,159.91","4,152.03","4.48M","-0.11%"
"04/28/2022","4,158.37","4,161.34","4,168.45","4,158.14","16.60M","-0.07%"
"04/27/2022","4,161.34","4,182.21","4,182.21","4,161.34","23.36M","-0.51%"
"04/26/2022","4,182.51","4,194.90","4,201.18","4,182.42","23.01M","-0.30%"
"04/25/2022","4,194.90","4,216.20","4,219.53","4,194.26","47.94M","-0.58%"
"04/24/2022","4,219.30","4,234.67","4,234.67","4,185.75","22.75M","-0.38%"
"04/21/2022","4,235.30","4,265.23","4,265.23","4,233.52","24.50M","-0.68%"
"04/20/2022","4,264.44","4,262.51","4,268.14","4,255.87","23.61M","0.06%"
"04/19/2022","4,261.99","4,253.98","4,272.35","4,253.98","9.56M","0.20%"
"04/18/2022","4,253.65","4,256.44","4,259.86","4,246.55","8.20M","-0.11%"
"04/17/2022","4,258.46","4,236.60","4,258.46","4,231.84","15.24M","0.45%"
"04/14/2022","4,239.24","4,273.77","4,284.48","4,235.97","11.46M","-0.82%"
"04/13/2022","4,274.28","4,250.00","4,274.28","4,247.08","11.93M","0.62%"
"04/12/2022","4,247.82","4,241.20","4,250.96","4,236.57","11.44M","0.16%"
"04/11/2022","4,241.20","4,242.33","4,260.69","4,236.53","26.29M","0.01%"
"04/10/2022","4,240.88","4,209.83","4,240.88","4,209.83","18.04M","0.74%"
"04/07/2022","4,209.54","4,144.07","4,209.54","4,144.07","29.01M","1.61%"
"04/06/2022","4,143.02","4,137.17","4,147.25","4,133.95","14.46M","0.13%"
"04/05/2022","4,137.46","4,129.17","4,138.46","4,129.10","20.90M","0.21%"
"04/04/2022","4,128.65","4,120.57","4,143.41","4,120.57","22.76M","0.09%"
"04/03/2022","4,124.94","4,205.25","4,205.25","4,124.94","6.73M","-1.91%"
"03/31/2022","4,205.20","4,204.42","4,213.99","4,196.43","16.03M","0.06%"
"03/30/2022","4,202.57","4,199.36","4,211.35","4,198.61","26.95M","0.18%"
"03/29/2022","4,194.99","4,232.59","4,233.48","4,188.86","43.11M","-0.89%"
"03/28/2022","4,232.54","4,276.70","4,276.70","4,231.16","20.15M","-1.04%"
"03/27/2022","4,276.82","4,282.99","4,282.99","4,270.20","31.66M","-0.10%"
"03/24/2022","4,281.17","4,280.58","4,284.17","4,277.97","248.47M","0.18%"
"03/23/2022","4,273.46","4,314.35","4,315.23","4,259.36","9.97M","-0.95%"
"03/22/2022","4,314.35","4,302.38","4,314.35","4,301.99","9.88M","0.28%"
"03/21/2022","4,302.38","4,314.48","4,314.48","4,291.14","8.80M","-0.29%"
"03/20/2022","4,314.88","4,320.91","4,325.42","4,314.88","8.41M","-0.02%"
"03/17/2022","4,315.79","4,313.73","4,326.74","4,312.49","14.32M","0.09%"
"03/16/2022","4,312.02","4,343.10","4,349.56","4,312.02","9.47M","-0.72%"
"03/15/2022","4,343.10","4,324.70","4,354.50","4,324.70","13.08M","0.43%"
"03/14/2022","4,324.70","4,349.97","4,353.47","4,322.50","19.49M","-0.58%"
"03/13/2022","4,349.97","4,330.45","4,350.85","4,329.86","18.86M","0.50%"
"03/10/2022","4,328.46","4,258.16","4,328.46","4,257.89","33.30M","1.65%"
"03/09/2022","4,258.16","4,224.06","4,262.38","4,224.06","22.55M","0.83%"
"03/08/2022","4,223.04","4,204.12","4,228.04","4,204.12","28.52M","0.50%"
"03/07/2022","4,202.09","4,183.96","4,205.85","4,183.96","26.10M","0.43%"
"03/06/2022","4,183.96","4,136.09","4,183.96","4,136.09","22.18M","1.21%"
"03/03/2022","4,134.06","4,058.40","4,134.58","4,058.40","22.40M","1.88%"
"03/02/2022","4,057.61","4,055.42","4,060.06","4,051.81","39.34M","0.05%"
"02/28/2022","4,055.42","4,035.96","4,056.53","4,035.96","6.17M","0.48%"
"02/27/2022","4,035.96","4,037.29","4,050.78","4,035.96","16.82M","-0.02%"
"02/24/2022","4,036.70","4,042.87","4,042.87","4,036.70","10.62M","-0.20%"
"02/23/2022","4,044.86","4,055.88","4,056.17","4,033.37","5.99M","-0.33%"
"02/22/2022","4,058.07","4,084.28","4,089.85","4,058.07","11.33M","-0.64%"
"02/21/2022","4,084.28","4,088.55","4,088.86","4,082.79","13.89M","-0.09%"
"02/20/2022","4,087.99","4,092.50","4,096.30","4,083.93","9.94M","-0.11%"
"02/17/2022","4,092.50","4,090.67","4,100.69","4,090.67","11.68M","0.04%"
"02/16/2022","4,090.72","4,082.50","4,090.72","4,082.50","8.81M","0.21%"
"02/15/2022","4,081.98","4,084.28","4,087.23","4,081.45","4.47M","-0.06%"
"02/14/2022","4,084.28","4,087.67","4,087.67","4,070.87","7.36M","-0.08%"
"02/13/2022","4,087.67","4,092.20","4,092.60","4,077.54","16.27M","-0.12%"
"02/10/2022","4,092.63","4,091.09","4,098.44","4,091.09","28.25M","0.08%"
"02/09/2022","4,089.42","4,115.21","4,115.42","4,089.42","5.72M","-0.63%"
"02/08/2022","4,115.21","4,132.84","4,133.48","4,112.52","13.49M","-0.42%"
"02/07/2022","4,132.70","4,132.16","4,142.64","4,132.16","16.00M","0.01%"
"02/06/2022","4,132.16","4,127.52","4,137.65","4,127.52","22.06M","0.11%"
"02/03/2022","4,127.52","4,124.44","4,133.03","4,124.39","16.23M","0.07%"
"02/02/2022","4,124.44","4,113.99","4,127.44","4,112.00","95.11M","0.33%"
"02/01/2022","4,110.71","4,119.42","4,124.23","4,100.32","7.36M","-0.13%"
"01/31/2022","4,116.00","4,151.82","4,156.18","4,116.00","12.13M","-0.86%"
"01/30/2022","4,151.82","4,170.85","4,171.53","4,147.83","14.24M","-0.46%"
"01/27/2022","4,170.85","4,167.08","4,176.08","4,163.22","17.94M","0.09%"
"01/26/2022","4,167.03","4,178.99","4,184.73","4,167.03","17.79M","-0.29%"
"01/25/2022","4,178.99","4,202.02","4,202.40","4,178.01","8.41M","-0.55%"
"01/24/2022","4,202.15","4,224.43","4,224.43","4,202.15","14.30M","-0.53%"
"01/23/2022","4,224.43","4,235.83","4,243.19","4,222.48","9.49M","-0.27%"
"01/20/2022","4,235.83","4,238.20","4,252.36","4,235.83","8.40M","-0.08%"
"01/19/2022","4,239.04","4,217.22","4,240.74","4,217.22","11.77M","0.53%"
"01/18/2022","4,216.82","4,216.88","4,223.31","4,212.40","11.88M","0.00%"
"01/17/2022","4,216.88","4,240.53","4,248.30","4,215.63","4.75M","-0.56%"
"01/16/2022","4,240.53","4,266.74","4,277.58","4,240.53","5.89M","-0.62%"
"01/13/2022","4,266.93","4,258.21","4,277.17","4,258.21","18.73M","0.20%"
"01/12/2022","4,258.21","4,226.37","4,262.91","4,226.37","19.20M","0.79%"
"01/11/2022","4,224.67","4,224.99","4,229.34","4,223.40","16.64M","0.07%"
"01/10/2022","4,221.58","4,216.80","4,225.24","4,213.08","9.13M","0.11%"
"01/09/2022","4,216.80","4,191.65","4,216.80","4,191.65","9.33M","0.68%"
"01/06/2022","4,188.23","4,186.98","4,194.21","4,185.97","11.30M","0.04%"
"01/05/2022","4,186.64","4,178.93","4,190.62","4,178.10","6.88M","0.18%"
"01/04/2022","4,178.93","4,172.14","4,182.87","4,172.14","6.79M","0.16%"
"01/03/2022","4,172.14","4,146.81","4,172.14","4,146.81","9.26M","0.61%"
"01/02/2022","4,146.81","4,130.84","4,150.37","4,130.84","9.21M","0.42%"
"12/30/2021","4,129.54","4,138.12","4,147.33","4,127.79","4.87M","-0.16%"
"12/29/2021","4,136.24","4,148.13","4,156.50","4,129.55","11.69M","-0.12%"
"12/28/2021","4,141.09","4,106.73","4,141.09","4,106.73","9.65M","0.88%"
"12/27/2021","4,104.90","4,122.16","4,122.16","4,101.45","6.07M","-0.42%"
"12/26/2021","4,122.42","4,124.15","4,128.89","4,119.04","4.72M","-0.06%"
"12/23/2021","4,124.94","4,109.99","4,130.07","4,109.99","6.55M","0.36%"
"12/22/2021","4,109.99","4,076.98","4,110.78","4,074.85","9.79M","0.86%"
"12/21/2021","4,075.11","4,053.95","4,079.65","4,053.95","5.76M","0.62%"
"12/20/2021","4,050.01","4,043.11","4,051.52","4,040.25","11.04M","0.17%"
"12/19/2021","4,043.11","4,035.01","4,044.71","4,031.28","22.93M","0.31%"
"12/16/2021","4,030.57","4,019.36","4,031.57","4,013.50","14.45M","0.25%"
"12/15/2021","4,020.59","4,025.88","4,033.73","4,020.59","10.43M","-0.13%"
"12/14/2021","4,025.88","4,011.08","4,030.05","4,007.20","15.48M","0.48%"
"12/13/2021","4,006.64","3,989.44","4,018.13","3,987.07","14.21M","0.49%"
"12/12/2021","3,987.09","4,013.08","4,014.86","3,986.21","8.19M","-0.53%"
"12/09/2021","4,008.15","4,011.94","4,026.54","4,007.95","13.26M","-0.09%"
"12/08/2021","4,011.94","3,983.31","4,015.61","3,983.31","5.31M","0.78%"
"12/07/2021","3,980.98","3,972.43","3,992.70","3,969.90","9.96M","0.31%"
"12/06/2021","3,968.77","4,002.62","4,002.62","3,967.28","8.40M","-0.85%"
"12/05/2021","4,002.62","3,994.98","4,005.21","3,994.98","4.31M","0.19%"
"12/02/2021","3,994.98","4,006.88","4,006.88","3,992.77","6.90M","-0.31%"
"12/01/2021","4,007.53","4,000.35","4,020.01","4,000.35","5.27M","0.18%"
"11/30/2021","4,000.35","4,118.11","4,118.11","4,000.35","16.17M","-2.86%"
"11/25/2021","4,118.22","4,108.04","4,124.03","4,108.04","11.78M","0.28%"
"11/24/2021","4,106.62","4,050.96","4,112.49","4,050.96","25.41M","1.37%"
"11/23/2021","4,050.96","4,065.80","4,069.60","4,047.06","14.38M","-0.26%"
"11/22/2021","4,061.36","4,065.60","4,075.21","4,061.36","12.83M","-0.10%"
"11/21/2021","4,065.60","4,064.14","4,079.71","4,061.82","3.73M","0.04%"
"11/18/2021","4,063.87","4,053.89","4,063.87","4,051.23","4.82M","0.34%"
"11/17/2021","4,050.23","4,034.50","4,050.70","4,034.50","7.18M","0.44%"
"11/16/2021","4,032.67","4,035.01","4,039.02","4,022.65","6.97M","0.05%"
"11/15/2021","4,030.57","4,000.81","4,032.24","4,000.81","9.52M","0.74%"
"11/14/2021","4,000.93","4,011.60","4,013.43","4,000.93","5.26M","-0.27%"
"11/11/2021","4,011.60","4,036.92","4,038.17","4,003.70","9.48M","-0.63%"
"11/10/2021","4,036.92","4,033.72","4,049.16","4,033.72","11.65M","0.08%"
"11/09/2021","4,033.72","4,050.07","4,050.16","4,033.72","6.96M","-0.40%"
"11/08/2021","4,050.07","4,053.23","4,061.74","4,047.86","9.53M","-0.08%"
"11/07/2021","4,053.23","4,050.03","4,056.34","4,050.03","12.95M","0.09%"
"11/04/2021","4,049.76","4,061.43","4,062.94","4,049.76","4.16M","-0.29%"
"11/03/2021","4,061.43","4,054.98","4,072.74","4,054.98","4.47M","0.15%"
"11/02/2021","4,055.36","4,059.27","4,064.55","4,055.18","8.92M","-0.10%"
"11/01/2021","4,059.27","4,075.00","4,083.35","4,050.92","9.58M","-0.39%"
"10/31/2021","4,075.00","4,062.44","4,077.58","4,062.44","8.27M","0.31%"
"10/28/2021","4,062.44","4,050.48","4,074.28","4,050.48","16.44M","0.31%"
"10/27/2021","4,049.73","4,011.00","4,052.18","4,011.00","31.64M","0.97%"
"10/26/2021","4,010.76","4,006.20","4,012.23","4,001.77","15.58M","-0.02%"
"10/25/2021","4,011.69","4,000.01","4,019.34","4,000.01","11.39M","0.52%"
"10/24/2021","3,991.12","3,984.96","3,993.40","3,982.76","15.04M","0.16%"
"10/21/2021","3,984.69","3,981.11","3,988.92","3,979.81","4.48M","0.08%"
"10/20/2021","3,981.39","3,969.27","3,983.11","3,969.27","17.12M","0.30%"
"10/18/2021","3,969.54","3,975.58","3,980.84","3,969.52","10.71M","-0.10%"
"10/17/2021","3,973.69","3,956.49","3,982.26","3,956.16","3.27M","0.43%"
"10/14/2021","3,956.49","3,963.81","3,967.12","3,956.49","7.73M","-0.19%"
"10/13/2021","3,964.08","3,957.68","3,964.08","3,956.84","4.95M","0.21%"
"10/12/2021","3,955.66","3,958.65","3,964.17","3,955.62","7.62M","-0.06%"
"10/11/2021","3,957.86","3,967.13","3,983.24","3,957.86","15.08M","-0.28%"
"10/10/2021","3,969.00","3,962.68","3,969.93","3,958.28","7.99M","0.17%"
"10/07/2021","3,962.18","3,957.07","3,966.23","3,949.94","","0.20%"
"10/06/2021","3,954.46","3,953.05","3,959.14","3,951.78","5.58M","0.17%"
"10/05/2021","3,947.56","3,942.50","3,952.49","3,939.93","","0.13%"
"09/30/2021","3,942.50","3,943.39","3,951.60","3,935.28","","-0.02%"
"09/29/2021","3,943.39","3,952.13","3,969.20","3,943.39","","-0.22%"
"09/28/2021","3,952.13","3,931.35","3,956.94","3,931.35","","0.53%"
"09/27/2021","3,931.35","3,929.92","3,936.49","3,928.93","","0.07%"
"09/26/2021","3,928.52","3,927.08","3,929.08","3,925.73","","0.04%"
"09/23/2021","3,927.08","3,917.21","3,928.34","3,911.70","","0.25%"
"09/22/2021","3,917.21","3,920.94","3,928.17","3,917.17","","-0.10%"
"09/21/2021","3,920.94","3,945.31","3,945.98","3,920.94","","-0.62%"
"09/20/2021","3,945.31","3,942.16","3,945.31","3,934.41","","0.08%"
"09/19/2021","3,942.16","3,934.64","3,943.24","3,934.64","","0.18%"
"09/16/2021","3,934.92","3,961.75","3,961.75","3,934.92","","-0.67%"
"09/15/2021","3,961.50","3,962.44","3,964.81","3,961.50","","-0.02%"
"09/14/2021","3,962.44","3,964.55","3,965.16","3,959.76","","-0.01%"
"09/13/2021","3,962.68","3,963.72","3,966.35","3,962.08","","-0.03%"
"09/12/2021","3,963.97","3,960.94","3,967.16","3,959.06","","0.10%"
"09/09/2021","3,960.20","3,970.08","3,970.92","3,959.46","","-0.25%"
"09/08/2021","3,970.08","3,960.32","3,972.58","3,960.12","6.70M","0.25%"
"09/07/2021","3,960.09","3,968.93","3,972.56","3,959.74","6.70M","-0.28%"
"09/06/2021","3,971.39","3,971.66","3,975.37","3,969.04","6.70M","-0.01%"
"09/05/2021","3,971.66","3,974.30","3,975.42","3,968.18","6.70M","-0.06%"
"09/02/2021","3,974.15","3,974.12","3,978.96","3,971.67","6.70M","-0.01%"
"09/01/2021","3,974.35","3,966.97","3,975.41","3,966.97","6.70M","0.19%"
"08/31/2021","3,966.75","3,969.79","3,972.76","3,964.27","6.70M","-0.08%"
"08/30/2021","3,969.91","3,966.24","3,971.66","3,966.24","6.70M","0.10%"
"08/29/2021","3,965.94","3,963.02","3,973.68","3,962.59","6.70M","0.09%"
"08/26/2021","3,962.51","3,964.37","3,969.95","3,950.14","6.70M","0.09%"
"08/25/2021","3,958.92","3,958.95","3,964.59","3,958.59","6.70M","0.07%"
"08/24/2021","3,956.23","3,960.21","3,966.13","3,956.23","6.70M","-0.10%"
"08/23/2021","3,960.21","3,971.53","3,974.22","3,958.20","6.70M","-0.28%"
"08/22/2021","3,971.53","3,984.12","3,984.12","3,971.21","6.70M","-0.29%"
"08/19/2021","3,983.07","3,985.39","3,985.39","3,973.35","6.70M","-0.19%"
"08/18/2021","3,990.84","4,002.34","4,004.69","3,988.20","6.70M","-0.29%"
"08/17/2021","4,002.34","4,010.74","4,010.74","4,002.30","6.70M","-0.22%"
"08/16/2021","4,011.16","4,022.12","4,022.24","4,010.86","6.70M","-0.21%"
"08/15/2021","4,019.42","4,002.45","4,019.42","4,001.62","6.70M","0.43%"
"08/12/2021","4,002.19","4,004.58","4,010.38","4,002.19","6.70M","-0.09%"
"08/11/2021","4,005.92","4,002.24","4,007.53","3,997.41","6.70M","0.15%"
"08/09/2021","4,000.10","4,007.10","4,010.21","4,000.00","6.70M","-0.17%"
"08/08/2021","4,007.10","4,002.02","4,018.18","4,001.42","6.70M","0.13%"
"08/05/2021","4,002.02","3,994.04","4,002.02","3,994.04","6.70M","0.21%"
"08/04/2021","3,993.76","3,998.76","4,002.12","3,993.72","6.70M","-0.14%"
"08/03/2021","3,999.29","4,007.18","4,007.44","3,998.65","6.70M","-0.20%"
"08/02/2021","4,007.18","4,038.57","4,038.57","4,007.18","6.70M","-0.76%"
"08/01/2021","4,037.74","4,036.18","4,057.72","4,036.18","6.70M","0.18%"
"07/29/2021","4,030.40","4,033.47","4,044.67","4,026.30","6.70M","0.31%"
"07/28/2021","4,017.77","4,018.55","4,035.86","4,015.80","6.70M","0.03%"
"07/27/2021","4,016.58","4,005.43","4,016.86","4,004.35","6.70M","0.27%"
"07/26/2021","4,005.91","4,050.61","4,051.22","4,005.91","6.70M","-1.12%"
"07/25/2021","4,051.09","4,075.29","4,075.29","4,049.79","6.70M","-0.59%"
"07/15/2021","4,075.29","4,089.38","4,093.60","4,073.24","6.70M","-0.25%"
"07/14/2021","4,085.53","4,089.17","4,089.88","4,078.04","6.70M","-0.04%"
"07/13/2021","4,087.24","4,109.17","4,110.16","4,087.24","6.70M","-0.51%"
"07/12/2021","4,108.13","4,132.45","4,134.31","4,108.13","6.70M","-0.59%"
"07/11/2021","4,132.33","4,120.41","4,136.33","4,120.41","6.70M","0.29%"
"07/08/2021","4,120.41","4,113.75","4,124.25","4,113.42","6.70M","0.26%"
"07/07/2021","4,109.90","4,123.76","4,128.93","4,109.12","6.70M","-0.28%"
"07/06/2021","4,121.52","4,104.46","4,131.71","4,104.46","6.70M","0.46%"
"07/05/2021","4,102.84","4,098.47","4,107.79","4,098.47","6.70M","0.11%"
"07/04/2021","4,098.47","4,079.17","4,098.47","4,079.17","6.70M","0.48%"
"07/01/2021","4,079.09","4,063.44","4,079.28","4,063.44","6.70M","0.39%"
"06/30/2021","4,063.40","4,065.11","4,074.79","4,060.83","6.70M","0.13%"
"06/29/2021","4,058.08","4,057.27","4,065.65","4,055.18","6.70M","0.01%"
"06/28/2021","4,057.50","4,045.12","4,064.33","4,045.12","6.70M","0.31%"
"06/27/2021","4,044.79","4,047.63","4,051.16","4,042.27","6.70M","-0.05%"
"06/24/2021","4,046.88","4,048.53","4,058.90","4,035.97","6.70M","-0.02%"
"06/23/2021","4,047.58","4,035.49","4,047.58","4,035.49","6.70M","0.30%"
"06/22/2021","4,035.49","4,022.87","4,038.80","4,022.87","6.70M","0.31%"
"06/21/2021","4,022.87","4,056.61","4,056.61","4,022.57","6.70M","-0.84%"
"06/20/2021","4,056.90","4,078.38","4,078.38","4,056.77","6.70M","-0.51%"
"06/17/2021","4,077.87","4,075.16","4,081.10","4,073.06","6.70M","0.16%"
"06/16/2021","4,071.19","4,048.78","4,073.23","4,048.22","6.70M","0.55%"
"06/15/2021","4,048.78","4,034.10","4,048.78","4,034.10","6.70M","0.37%"
"06/14/2021","4,033.77","4,038.96","4,050.36","4,025.58","6.70M","-0.17%"
"06/13/2021","4,040.49","4,034.52","4,042.17","4,034.52","6.70M","0.26%"
"06/10/2021","4,029.88","4,027.77","4,041.57","4,027.77","6.70M","0.25%"
"06/09/2021","4,019.84","3,981.02","4,019.84","3,980.60","6.70M","0.97%"
"06/08/2021","3,981.02","3,967.39","3,983.20","3,967.39","6.70M","0.35%"
"06/07/2021","3,967.11","3,965.51","3,973.26","3,964.56","6.70M","0.04%"
"06/06/2021","3,965.51","3,931.77","3,967.25","3,931.77","6.70M","0.84%"
"06/03/2021","3,932.60","3,919.43","3,962.27","3,919.43","6.70M","0.44%"
"06/02/2021","3,915.47","3,894.43","3,915.75","3,894.43","6.70M","0.55%"
"06/01/2021","3,893.92","3,854.10","3,894.27","3,854.10","6.70M","1.07%"
"05/31/2021","3,852.61","3,836.05","3,852.61","3,830.36","6.70M","0.42%"
"05/30/2021","3,836.36","3,831.99","3,839.76","3,830.69","6.70M","0.12%"
"05/27/2021","3,831.71","3,835.30","3,847.27","3,831.71","6.70M","-0.12%"
"05/26/2021","3,836.28","3,837.91","3,840.73","3,825.12","6.70M","-0.04%"
"05/25/2021","3,837.91","3,844.50","3,852.44","3,837.91","6.70M","-0.16%"
"05/24/2021","3,844.20","3,848.74","3,857.80","3,844.20","6.70M","-0.12%"
"05/23/2021","3,848.74","3,868.09","3,872.06","3,847.52","6.70M","-0.50%"
"05/20/2021","3,868.09","3,848.11","3,873.09","3,844.14","6.70M","0.53%"
"05/19/2021","3,847.76","3,847.64","3,864.85","3,846.64","6.70M","0.01%"
"05/18/2021","3,847.29","3,840.99","3,850.41","3,837.23","6.70M","0.19%"
"05/17/2021","3,840.14","3,842.14","3,857.03","3,834.69","6.70M","-0.05%"
"05/16/2021","3,842.14","3,836.06","3,843.71","3,836.06","6.70M","0.18%"
"05/11/2021","3,835.27","3,821.03","3,837.29","3,820.73","6.70M","0.48%"
"05/10/2021","3,817.00","3,809.80","3,820.54","3,809.80","6.70M","0.20%"
"05/09/2021","3,809.47","3,810.02","3,817.20","3,797.72","6.70M","-0.01%"
"05/06/2021","3,810.02","3,810.46","3,813.83","3,806.67","6.70M","-0.01%"
"05/05/2021","3,810.46","3,797.94","3,811.09","3,797.94","6.70M","0.35%"
"05/04/2021","3,797.31","3,790.02","3,799.93","3,786.39","6.70M","0.21%"
"05/03/2021","3,789.46","3,789.13","3,793.50","3,785.89","6.70M","0.03%"
"05/02/2021","3,788.28","3,761.40","3,788.30","3,761.40","6.70M","0.73%"
"04/29/2021","3,761.00","3,734.48","3,761.07","3,734.09","6.70M","0.70%"
"04/28/2021","3,734.88","3,717.99","3,735.72","3,717.99","6.70M","0.46%"
"04/27/2021","3,717.59","3,721.68","3,723.54","3,705.01","6.70M","-0.09%"
"04/26/2021","3,720.89","3,723.78","3,730.02","3,720.03","6.70M","-0.09%"
"04/25/2021","3,724.19","3,719.61","3,728.18","3,719.00","6.70M","0.13%"
"04/22/2021","3,719.21","3,698.87","3,719.21","3,692.27","6.70M","0.59%"
"04/21/2021","3,697.35","3,698.15","3,705.92","3,696.98","6.70M","0.02%"
"04/20/2021","3,696.63","3,666.95","3,697.00","3,666.95","6.70M","0.81%"
"04/19/2021","3,666.95","3,683.50","3,690.21","3,665.45","6.70M","-0.45%"
"04/18/2021","3,683.62","3,711.88","3,719.50","3,683.62","6.70M","-0.66%"
"04/15/2021","3,707.92","3,715.00","3,716.84","3,691.73","6.70M","-0.17%"
"04/14/2021","3,714.21","3,717.55","3,722.71","3,712.19","6.70M","-0.09%"
"04/13/2021","3,717.55","3,724.25","3,728.76","3,717.55","6.70M","-0.22%"
"04/12/2021","3,725.87","3,720.69","3,725.87","3,716.15","6.70M","0.16%"
"04/11/2021","3,720.07","3,711.45","3,728.34","3,707.03","6.70M","0.30%"
"04/08/2021","3,708.88","3,714.49","3,726.22","3,708.88","6.70M","-0.15%"
"04/07/2021","3,714.49","3,716.81","3,718.83","3,705.13","9.13M","-0.07%"
"04/06/2021","3,717.20","3,700.06","3,718.07","3,700.06","9.79M","0.47%"
"04/05/2021","3,699.78","3,662.26","3,702.68","3,662.26","15.88M","1.02%"
"04/04/2021","3,662.26","3,656.42","3,675.80","3,652.11","12.06M","-0.12%"
"04/01/2021","3,666.81","3,708.71","3,708.76","3,664.49","7.39M","-1.13%"
"03/31/2021","3,708.71","3,681.99","3,710.81","3,681.99","9.14M","0.74%"
"03/30/2021","3,681.38","3,684.57","3,697.15","3,681.38","13.41M","-0.08%"
"03/29/2021","3,684.27","3,701.93","3,712.97","3,684.27","15.93M","-0.45%"
"03/28/2021","3,701.07","3,676.05","3,706.71","3,675.48","6.44M","0.62%"
"03/25/2021","3,678.32","3,712.63","3,712.63","3,678.32","6.11M","-0.92%"
"03/24/2021","3,712.63","3,721.33","3,729.15","3,708.91","5.45M","-0.63%"
"03/23/2021","3,736.01","3,733.38","3,737.69","3,730.65","11.18M","0.11%"
"03/22/2021","3,731.85","3,731.91","3,738.12","3,727.13","15.41M","-0.05%"
"03/21/2021","3,733.77","3,753.46","3,753.46","3,730.53","5.40M","-0.52%"
"03/18/2021","3,753.46","3,737.62","3,753.66","3,737.62","10.79M","0.41%"
"03/17/2021","3,738.01","3,742.78","3,745.28","3,721.06","8.20M","-0.13%"
"03/16/2021","3,742.78","3,727.49","3,742.78","3,723.82","14.00M","0.41%"
"03/15/2021","3,727.49","3,731.92","3,735.89","3,725.87","11.64M","0.03%"
"03/14/2021","3,726.45","3,701.51","3,727.26","3,699.94","9.77M","0.67%"
"03/10/2021","3,701.51","3,697.06","3,704.24","3,684.09","11.00M","0.12%"
"03/09/2021","3,697.06","3,668.02","3,700.14","3,659.95","18.68M","0.80%"
"03/08/2021","3,667.71","3,655.17","3,667.71","3,645.15","388.21M","0.34%"
"03/07/2021","3,655.17","3,653.37","3,666.57","3,649.40","12.23M","0.07%"
"03/04/2021","3,652.76","3,644.54","3,656.15","3,644.54","6.99M","0.23%"
"03/03/2021","3,644.54","3,629.52","3,646.21","3,629.52","6.97M","0.58%"
"03/02/2021","3,623.46","3,621.67","3,636.72","3,621.44","40.50M","0.04%"
"03/01/2021","3,622.12","3,612.99","3,622.65","3,612.74","8.81M","0.27%"
"02/28/2021","3,612.38","3,601.80","3,614.22","3,600.16","6.14M","0.29%"
"02/25/2021","3,601.80","3,587.79","3,606.25","3,587.79","30.02M","0.32%"
"02/24/2021","3,590.28","3,577.15","3,590.98","3,577.15","12.49M","0.44%"
"02/23/2021","3,574.59","3,563.50","3,574.93","3,563.42","29.90M","0.38%"
"02/22/2021","3,561.20","3,565.32","3,568.74","3,561.20","17.62M","-0.13%"
"02/21/2021","3,565.96","3,565.55","3,568.86","3,563.92","8.72M","0.01%"
"02/18/2021","3,565.55","3,558.88","3,569.63","3,556.67","10.14M","0.20%"
"02/17/2021","3,558.46","3,551.12","3,564.05","3,549.77","8.59M","0.12%"
"02/16/2021","3,554.14","3,566.58","3,570.61","3,551.12","5.54M","-0.35%"
"02/15/2021","3,566.58","3,562.44","3,578.77","3,562.44","9.04M","0.29%"
"02/14/2021","3,556.41","3,559.51","3,562.96","3,547.96","17.81M","-0.09%"
"02/11/2021","3,559.51","3,558.94","3,563.39","3,553.31","6.14M","-0.01%"
"02/10/2021","3,559.74","3,568.12","3,568.12","3,557.78","11.72M","-0.18%"
"02/09/2021","3,566.13","3,578.25","3,580.08","3,565.73","17.20M","-0.34%"
"02/08/2021","3,578.25","3,599.45","3,599.45","3,578.25","14.55M","-0.55%"
"02/07/2021","3,597.86","3,606.12","3,606.52","3,587.61","15.11M","-0.23%"
"02/04/2021","3,606.12","3,597.76","3,606.17","3,590.22","10.72M","0.07%"
"02/03/2021","3,603.72","3,622.73","3,627.21","3,601.42","10.74M","-0.52%"
"02/02/2021","3,622.61","3,650.19","3,650.19","3,617.90","6.60M","-0.76%"
"02/01/2021","3,650.19","3,653.22","3,666.68","3,650.19","4.83M","-0.08%"
"01/31/2021","3,653.22","3,670.24","3,682.55","3,636.75","12.99M","0.11%"
"01/28/2021","3,649.12","3,641.13","3,656.24","3,641.13","9.96M","-0.30%"
"01/27/2021","3,660.16","3,683.43","3,683.43","3,658.30","11.32M","-0.48%"
"01/26/2021","3,677.84","3,698.79","3,699.07","3,677.84","9.06M","-0.56%"
"01/25/2021","3,698.50","3,730.72","3,731.01","3,698.50","8.35M","-0.86%"
"01/24/2021","3,730.44","3,747.53","3,756.48","3,730.44","10.55M","-0.46%"
"01/21/2021","3,747.53","3,717.00","3,752.58","3,717.00","12.83M","0.85%"
"01/20/2021","3,715.81","3,681.27","3,715.91","3,681.27","15.96M","0.98%"
"01/19/2021","3,679.68","3,643.52","3,682.22","3,643.52","14.56M","0.99%"
"01/18/2021","3,643.52","3,640.49","3,643.52","3,638.73","7.81M","0.04%"
"01/17/2021","3,641.95","3,640.30","3,654.17","3,640.30","3.44M","0.09%"
"01/14/2021","3,638.84","3,672.65","3,679.27","3,633.72","7.16M","-0.94%"
"01/13/2021","3,673.45","3,679.19","3,686.27","3,672.58","4.12M","-0.04%"
"01/12/2021","3,675.05","3,725.34","3,725.34","3,671.23","5.46M","-1.35%"
"01/11/2021","3,725.34","3,732.58","3,737.56","3,725.34","4.55M","-0.15%"
"01/10/2021","3,730.85","3,707.38","3,736.64","3,707.38","7.32M","0.85%"
"01/07/2021","3,699.36","3,711.50","3,711.50","3,699.36","2.15M","-0.33%"
"01/06/2021","3,711.50","3,714.81","3,715.71","3,705.44","4.16M","-0.09%"
"01/05/2021","3,714.91","3,695.16","3,714.91","3,695.16","8.09M","0.53%"
"01/04/2021","3,695.16","3,680.17","3,697.10","3,679.23","10.44M","0.43%"
"01/03/2021","3,679.34","3,659.94","3,679.52","3,659.94","6.01M","0.56%"
"12/31/2020","3,658.77","3,652.77","3,661.48","3,651.45","8.40M","0.15%"
"12/30/2020","3,653.41","3,643.02","3,655.73","3,643.02","9.92M","0.31%"
"12/29/2020","3,642.12","3,624.54","3,642.13","3,624.12","9.79M","0.49%"
"12/28/2020","3,624.54","3,615.21","3,624.54","3,615.18","5.03M","0.26%"
"12/27/2020","3,615.18","3,600.13","3,615.36","3,600.13","2.18M","0.43%"
"12/24/2020","3,599.68","3,599.65","3,603.06","3,598.08","5.98M","0.02%"
"12/23/2020","3,598.91","3,604.52","3,608.21","3,598.91","5.70M","-0.14%"
"12/22/2020","3,603.99","3,603.01","3,606.95","3,598.72","4.37M","0.00%"
"12/21/2020","3,603.89","3,611.15","3,612.20","3,600.05","4.23M","-0.20%"
"12/20/2020","3,611.15","3,612.83","3,616.36","3,609.77","34.77M","-0.05%"
"12/17/2020","3,612.83","3,601.28","3,612.83","3,601.14","3.59M","0.32%"
"12/16/2020","3,601.27","3,607.58","3,607.58","3,598.76","2.87M","-0.17%"
"12/15/2020","3,607.58","3,597.33","3,621.90","3,597.33","5.30M","0.29%"
"12/14/2020","3,597.32","3,601.51","3,601.51","3,586.74","6.95M","-0.15%"
"12/13/2020","3,602.56","3,602.64","3,606.90","3,598.58","5.98M","-0.12%"
"12/10/2020","3,606.98","3,604.23","3,617.01","3,604.23","7.23M","0.00%"
"12/09/2020","3,606.94","3,666.97","3,667.10","3,606.94","10.40M","-1.64%"
"12/08/2020","3,667.13","3,654.43","3,676.45","3,654.43","8.74M","0.35%"
"12/07/2020","3,654.43","3,650.79","3,657.63","3,642.61","7.27M","0.10%"
"12/06/2020","3,650.79","3,639.99","3,650.79","3,639.99","4.59M","0.30%"
"12/03/2020","3,639.99","3,632.38","3,640.85","3,632.38","6.08M","0.18%"
"12/02/2020","3,633.63","3,645.04","3,645.04","3,631.17","4.15M","-0.34%"
"12/01/2020","3,646.09","3,642.76","3,648.98","3,634.89","3.74M","0.07%"
"11/30/2020","3,643.52","3,628.46","3,653.61","3,628.10","7.10M","0.58%"
"11/29/2020","3,622.40","3,623.81","3,625.56","3,617.91","8.86M","-0.04%"
"11/24/2020","3,623.83","3,627.39","3,629.31","3,623.72","11.77M","-0.10%"
"11/23/2020","3,627.39","3,612.62","3,628.01","3,612.62","3.74M","0.41%"
"11/22/2020","3,612.62","3,627.66","3,627.66","3,604.65","2.50M","-0.41%"
"11/19/2020","3,627.66","3,624.26","3,627.66","3,624.08","3.24M","0.09%"
"11/18/2020","3,624.26","3,640.47","3,640.47","3,623.42","4.45M","-0.46%"
"11/17/2020","3,641.03","3,643.44","3,647.14","3,639.58","6.27M","-0.07%"
"11/16/2020","3,643.44","3,641.48","3,646.11","3,641.48","2.35M","0.05%"
"11/15/2020","3,641.48","3,627.98","3,641.80","3,627.90","4.28M","0.37%"
"11/12/2020","3,628.14","3,611.73","3,628.14","3,611.73","4.71M","0.45%"
"11/11/2020","3,611.73","3,576.76","3,611.87","3,576.76","9.55M","0.98%"
"11/10/2020","3,576.76","3,549.53","3,581.60","3,549.53","4.60M","0.82%"
"11/09/2020","3,547.58","3,552.34","3,562.74","3,547.58","11.83M","-0.13%"
"11/08/2020","3,552.15","3,550.55","3,557.95","3,550.55","2.13M","0.05%"
"11/05/2020","3,550.55","3,535.97","3,550.55","3,535.85","1.83M","0.41%"
"11/04/2020","3,535.97","3,538.00","3,538.22","3,535.21","1.58M","-0.06%"
"11/03/2020","3,538.00","3,547.89","3,547.96","3,537.91","4.27M","-0.28%"
"11/02/2020","3,547.89","3,552.40","3,552.84","3,546.99","2.49M","-0.13%"
"11/01/2020","3,552.40","3,557.77","3,557.77","3,552.40","3.91M","-0.15%"
"10/28/2020","3,557.77","3,553.39","3,562.29","3,551.13","5.55M","0.06%"
"10/27/2020","3,555.68","3,563.22","3,564.68","3,555.68","11.26M","-0.23%"
"10/26/2020","3,563.92","3,564.11","3,578.01","3,559.04","12.80M","-0.01%"
"10/25/2020","3,564.11","3,557.40","3,564.93","3,556.90","2.30M","0.19%"
"10/22/2020","3,557.40","3,584.62","3,584.62","3,557.39","5.23M","-0.81%"
"10/21/2020","3,586.55","3,591.14","3,597.06","3,584.17","6.63M","-0.01%"
"10/20/2020","3,586.98","3,589.42","3,592.56","3,586.96","8.88M","-0.04%"
"10/19/2020","3,588.56","3,602.46","3,611.34","3,588.41","5.97M","-0.39%"
"10/18/2020","3,602.46","3,593.63","3,602.83","3,593.03","4.27M","0.25%"
"10/15/2020","3,593.63","3,592.02","3,598.93","3,592.02","21.44M","-0.01%"
"10/14/2020","3,593.84","3,595.29","3,596.27","3,591.89","3.43M","-0.02%"
"10/13/2020","3,594.65","3,583.89","3,595.67","3,583.67","1.86M","0.29%"
"10/12/2020","3,584.22","3,590.82","3,590.82","3,584.22","3.51M","-0.18%"
"10/11/2020","3,590.79","3,604.21","3,606.88","3,590.64","1.70M","-0.37%"
"10/08/2020","3,604.21","3,607.46","3,609.40","3,603.16","3.39M","-0.11%"
"10/07/2020","3,608.12","3,602.98","3,612.62","3,602.98","4.27M","0.14%"
"10/06/2020","3,603.07","3,594.48","3,603.19","3,593.07","4.72M","0.29%"
"10/05/2020","3,592.69","3,595.15","3,604.62","3,586.38","3.97M","-0.07%"
"10/04/2020","3,595.11","3,617.26","3,617.26","3,595.10","2.53M","-0.54%"
"09/30/2020","3,614.64","3,621.41","3,627.85","3,614.47","","0.00%"
"09/29/2020","3,614.64","3,621.41","3,627.85","3,614.47","5.62M","-0.19%"
"09/28/2020","3,621.41","3,621.00","3,621.46","3,617.85","7.41M","0.01%"
"09/27/2020","3,621.00","3,627.00","3,627.76","3,620.79","3.21M","-0.17%"
"09/24/2020","3,627.00","3,621.71","3,627.47","3,621.71","2.73M","0.15%"
"09/23/2020","3,621.66","3,612.40","3,626.05","3,608.13","975.70K","-0.14%"
"09/22/2020","3,626.77","3,626.27","3,628.52","3,617.04","2.06M","0.01%"
"09/21/2020","3,626.27","3,618.85","3,635.08","3,610.86","4.92M","0.20%"
"09/20/2020","3,619.03","3,647.71","3,647.81","3,619.03","2.92M","-0.79%"
"09/17/2020","3,647.71","3,662.51","3,666.16","3,647.62","2.56M","-0.40%"
"09/16/2020","3,662.51","3,677.77","3,677.77","3,662.51","2.61M","-0.41%"
"09/15/2020","3,677.77","3,688.10","3,688.10","3,677.77","1.52M","-0.18%"
"09/14/2020","3,684.50","3,691.91","3,693.17","3,684.48","6.28M","-0.20%"
"09/13/2020","3,691.91","3,686.29","3,692.93","3,684.74","2.61M","0.15%"
"09/10/2020","3,686.29","3,687.06","3,695.31","3,686.25","2.88M","-0.02%"
"09/09/2020","3,687.06","3,703.47","3,703.47","3,687.06","5.06M","-0.38%"
"09/08/2020","3,701.19","3,706.27","3,707.45","3,700.18","5.24M","-0.14%"
"09/07/2020","3,706.36","3,706.65","3,710.09","3,705.75","3.12M","-0.01%"
"09/06/2020","3,706.86","3,746.19","3,746.62","3,705.90","1.56M","-1.05%"
"09/03/2020","3,746.19","3,769.09","3,770.43","3,745.34","5.78M","-0.61%"
"09/02/2020","3,769.09","3,780.25","3,781.47","3,769.09","6.06M","-0.30%"
"09/01/2020","3,780.25","3,772.39","3,781.96","3,772.33","5.02M","0.22%"
"08/31/2020","3,771.89","3,751.52","3,782.36","3,751.52","12.92M","0.54%"
"08/30/2020","3,751.52","3,738.14","3,751.52","3,738.14","3.41M","0.38%"
"08/27/2020","3,737.47","3,747.96","3,747.96","3,737.37","5.51M","-0.28%"
"08/26/2020","3,747.96","3,730.10","3,750.89","3,730.10","10.98M","0.48%"
"08/25/2020","3,730.10","3,690.62","3,730.27","3,690.36","9.09M","1.08%"
"08/24/2020","3,690.15","3,628.87","3,690.15","3,628.87","10.43M","1.69%"
"08/20/2020","3,628.90","3,607.75","3,628.99","3,607.75","6.09M","0.59%"
"08/19/2020","3,607.68","3,571.34","3,607.88","3,571.34","5.57M","1.04%"
"08/18/2020","3,570.58","3,553.46","3,570.58","3,553.46","7.70M","0.54%"
"08/17/2020","3,551.35","3,560.86","3,562.48","3,551.35","4.17M","-0.25%"
"08/16/2020","3,560.28","3,562.32","3,564.85","3,559.83","14.42M","-0.14%"
"08/13/2020","3,565.21","3,568.69","3,570.75","3,565.21","10.48M","-0.05%"
"08/12/2020","3,566.90","3,573.08","3,573.08","3,556.98","5.88M","-0.16%"
"08/11/2020","3,572.62","3,576.75","3,576.75","3,567.54","5.38M","-0.12%"
"08/10/2020","3,576.75","3,587.55","3,590.42","3,575.98","10.25M","-0.30%"
"08/09/2020","3,587.35","3,570.15","3,587.35","3,570.15","11.15M","0.54%"
"07/29/2020","3,568.10","3,558.31","3,570.44","3,558.31","10.64M","0.28%"
"07/28/2020","3,558.31","3,556.98","3,559.22","3,552.44","5.53M","0.04%"
"07/27/2020","3,556.96","3,558.26","3,559.70","3,556.96","4.88M","-0.03%"
"07/26/2020","3,557.99","3,563.88","3,563.88","3,557.99","2.52M","-0.17%"
"07/23/2020","3,563.88","3,523.51","3,564.27","3,523.51","7.52M","1.20%"
"07/22/2020","3,521.71","3,482.11","3,522.17","3,482.11","35.81M","1.29%"
"07/21/2020","3,476.95","3,460.62","3,477.10","3,460.62","5.78M","0.51%"
"07/20/2020","3,459.20","3,451.41","3,459.79","3,451.19","9.02M","0.23%"
"07/19/2020","3,451.41","3,446.01","3,453.94","3,445.26","4.42M","0.04%"
"07/16/2020","3,450.20","3,460.83","3,467.09","3,449.34","10.19M","-0.32%"
"07/15/2020","3,461.36","3,505.05","3,505.13","3,461.36","5.58M","-1.22%"
"07/14/2020","3,504.16","3,497.56","3,511.78","3,497.56","7.36M","0.19%"
"07/13/2020","3,497.56","3,503.86","3,504.71","3,497.56","8.53M","-0.18%"
"07/12/2020","3,503.86","3,494.01","3,504.00","3,493.93","3.75M","0.28%"
"07/09/2020","3,494.01","3,493.59","3,496.69","3,488.50","3.59M","0.01%"
"07/08/2020","3,493.59","3,503.18","3,510.22","3,488.77","7.16M","-0.27%"
"07/07/2020","3,503.18","3,511.21","3,515.82","3,502.90","9.03M","-0.23%"
"07/06/2020","3,511.21","3,510.14","3,511.59","3,504.19","6.04M","0.08%"
"07/05/2020","3,508.47","3,512.06","3,512.61","3,508.47","4.03M","-0.09%"
"07/02/2020","3,511.77","3,518.83","3,518.83","3,509.96","7.42M","-0.18%"
"07/01/2020","3,518.04","3,516.00","3,522.29","3,515.80","6.30M","0.06%"
"06/30/2020","3,516.00","3,520.77","3,534.00","3,513.60","8.50M","-0.13%"
"06/29/2020","3,520.57","3,524.73","3,525.68","3,520.00","14.60M","-0.11%"
"06/28/2020","3,524.47","3,525.77","3,528.02","3,520.75","7.16M","-0.04%"
"06/25/2020","3,525.77","3,524.49","3,526.61","3,520.88","6.44M","0.03%"
"06/24/2020","3,524.55","3,524.01","3,526.42","3,519.33","7.34M","0.00%"
"06/23/2020","3,524.60","3,509.93","3,525.72","3,509.93","6.32M","0.42%"
"06/22/2020","3,509.93","3,520.78","3,520.78","3,509.89","8.22M","-0.44%"
"06/21/2020","3,525.34","3,515.99","3,525.34","3,515.02","2.86M","0.27%"
"06/18/2020","3,515.76","3,518.11","3,524.28","3,513.42","4.85M","-0.14%"
"06/17/2020","3,520.74","3,528.15","3,532.51","3,520.74","2.71M","-0.20%"
"06/16/2020","3,527.84","3,520.66","3,530.68","3,520.66","7.32M","0.20%"
"06/15/2020","3,520.66","3,520.05","3,524.66","3,520.05","4.48M","0.02%"
"06/14/2020","3,520.05","3,515.17","3,523.39","3,515.17","4.70M","0.18%"
"06/11/2020","3,513.67","3,524.85","3,524.85","3,511.06","6.14M","-0.32%"
"06/10/2020","3,524.85","3,522.66","3,527.26","3,518.15","6.04M","0.04%"
"06/09/2020","3,523.35","3,536.40","3,536.65","3,521.78","6.97M","-0.40%"
"06/08/2020","3,537.48","3,538.59","3,547.86","3,537.48","9.27M","-0.02%"
"06/07/2020","3,538.32","3,517.72","3,538.32","3,517.72","8.92M","0.59%"
"06/04/2020","3,517.60","3,534.79","3,534.79","3,512.85","1.63M","-0.49%"
"06/03/2020","3,535.01","3,538.61","3,539.28","3,533.20","4.88M","-0.15%"
"06/02/2020","3,540.19","3,534.91","3,550.51","3,534.91","2.57M","0.15%"
"06/01/2020","3,534.91","3,544.02","3,548.71","3,534.25","7.54M","-0.27%"
"05/31/2020","3,544.58","3,520.91","3,548.74","3,519.90","6.09M","0.68%"
"05/28/2020","3,520.80","3,447.14","3,520.98","3,447.14","13.97M","2.18%"
"05/27/2020","3,445.68","3,409.97","3,445.75","3,409.97","3.76M","1.11%"
"05/21/2020","3,407.98","3,388.89","3,408.78","3,385.82","2.99M","0.63%"
"05/20/2020","3,386.66","3,388.66","3,395.91","3,386.60","4.44M","-0.20%"
"05/19/2020","3,393.50","3,427.12","3,427.12","3,393.50","5.06M","-0.98%"
"05/18/2020","3,427.12","3,437.57","3,442.76","3,427.12","5.29M","-0.30%"
"05/17/2020","3,437.50","3,421.67","3,439.32","3,419.49","887.70K","0.46%"
"05/14/2020","3,421.67","3,438.47","3,438.85","3,421.67","4.45M","-0.73%"
"05/13/2020","3,446.70","3,450.89","3,450.89","3,446.41","2.76M","-0.12%"
"05/12/2020","3,450.89","3,465.81","3,466.27","3,450.89","3.49M","-0.43%"
"05/11/2020","3,465.81","3,469.37","3,473.89","3,465.37","1.85M","-0.10%"
"05/10/2020","3,469.27","3,483.98","3,494.86","3,469.27","10.89M","-0.42%"
"05/07/2020","3,483.98","3,472.76","3,483.98","3,470.27","4.10M","0.31%"
"05/06/2020","3,473.15","3,493.16","3,494.29","3,471.85","2.30M","-0.57%"
"05/05/2020","3,493.16","3,490.40","3,498.58","3,489.53","5.94M","-0.20%"
"05/04/2020","3,500.08","3,538.15","3,538.29","3,499.97","2.79M","-1.08%"
"05/03/2020","3,538.15","3,539.44","3,546.38","3,538.15","5.03M","-0.04%"
"04/30/2020","3,539.46","3,537.36","3,553.27","3,537.36","8.93M","0.02%"
"04/29/2020","3,538.87","3,541.77","3,549.25","3,533.46","10.39M","0.00%"
"04/28/2020","3,538.74","3,525.08","3,546.14","3,524.90","10.58M","0.40%"
"04/27/2020","3,524.52","3,513.29","3,526.38","3,512.88","7.78M","0.32%"
"04/26/2020","3,513.29","3,482.08","3,513.38","3,482.08","4.03M","0.90%"
"04/23/2020","3,482.08","3,449.58","3,483.02","3,449.58","2.32M","0.94%"
"04/22/2020","3,449.58","3,441.83","3,452.88","3,441.83","6.35M","0.21%"
"04/21/2020","3,442.34","3,481.87","3,481.87","3,441.45","7.69M","-1.19%"
"04/20/2020","3,483.89","3,500.63","3,502.50","3,483.85","2.28M","-0.47%"
"04/19/2020","3,500.47","3,540.02","3,540.02","3,500.21","2.61M","-1.10%"
"04/16/2020","3,539.54","3,596.20","3,596.20","3,539.54","3.68M","-1.56%"
"04/15/2020","3,595.50","3,600.55","3,607.72","3,593.38","5.89M","-0.20%"
"04/14/2020","3,602.54","3,544.97","3,603.65","3,544.97","5.15M","1.70%"
"04/13/2020","3,542.37","3,491.50","3,542.37","3,491.50","12.69M","1.46%"
"04/12/2020","3,491.50","3,472.43","3,492.01","3,472.36","6.26M","0.55%"
"04/09/2020","3,472.43","3,455.57","3,473.55","3,455.57","7.22M","0.50%"
"04/08/2020","3,455.32","3,398.04","3,455.54","3,397.97","6.65M","1.69%"
"04/07/2020","3,397.82","3,401.27","3,424.39","3,397.82","5.05M","-0.09%"
"04/06/2020","3,400.94","3,382.94","3,400.94","3,382.38","1.98M","0.45%"
"04/05/2020","3,385.84","3,385.62","3,386.87","3,367.32","3.07M","0.07%"
"04/02/2020","3,383.54","3,421.56","3,421.87","3,383.54","2.52M","-1.21%"
"04/01/2020","3,424.99","3,450.34","3,450.34","3,424.99","3.79M","-0.68%"
"03/31/2020","3,448.29","3,467.40","3,496.41","3,448.29","4.70M","-0.55%"
"03/30/2020","3,467.40","3,479.08","3,479.08","3,467.01","2.87M","-0.36%"
"03/29/2020","3,479.96","3,538.11","3,538.11","3,479.96","2.44M","-1.66%"
"03/26/2020","3,538.74","3,556.07","3,556.07","3,535.31","4.53M","-0.49%"
"03/25/2020","3,556.07","3,553.91","3,566.14","3,549.72","6.59M","0.06%"
"03/24/2020","3,553.91","3,558.83","3,558.83","3,543.12","8.14M","-0.38%"
"03/23/2020","3,567.34","3,567.40","3,582.17","3,566.54","13.95M","0.00%"
"03/19/2020","3,567.40","3,599.37","3,599.51","3,562.26","180.93M","-1.10%"
"03/18/2020","3,607.08","3,661.45","3,661.65","3,607.05","23.75M","-1.45%"
"03/17/2020","3,660.33","3,681.62","3,681.62","3,655.80","23.69M","-0.58%"
"03/16/2020","3,681.62","3,748.00","3,748.00","3,681.54","6.21M","-1.78%"
"03/15/2020","3,748.35","3,733.72","3,760.24","3,732.65","4.36M","0.39%"
"03/12/2020","3,733.72","3,824.92","3,824.92","3,733.36","14.64M","-2.57%"
"03/11/2020","3,832.04","3,797.85","3,841.05","3,797.83","10.49M","0.90%"
"03/10/2020","3,797.85","3,772.25","3,804.10","3,772.25","11.46M","0.68%"
"03/09/2020","3,772.23","3,978.88","3,978.88","3,769.16","15.40M","-5.57%"
"03/08/2020","3,994.89","4,098.43","4,098.43","3,994.89","11.33M","-2.75%"
"03/05/2020","4,107.79","4,095.10","4,112.80","4,094.79","6.99M","0.15%"
"03/04/2020","4,101.59","4,096.07","4,102.26","4,095.57","4.96M","0.13%"
"03/03/2020","4,096.22","4,081.17","4,111.96","4,081.17","13.31M","0.37%"
"03/02/2020","4,081.17","4,081.11","4,091.89","4,080.63","4.89M","0.00%"
"03/01/2020","4,081.33","4,130.65","4,130.69","4,077.60","9.48M","-1.20%"
"02/27/2020","4,130.91","4,139.33","4,139.33","4,128.35","7.66M","-0.19%"
"02/26/2020","4,138.92","4,127.12","4,147.21","4,127.07","10.38M","0.25%"
"02/25/2020","4,128.69","4,156.71","4,156.82","4,125.66","15.77M","-0.67%"
"02/24/2020","4,156.33","4,198.06","4,198.06","4,156.32","12.53M","-0.98%"
"02/23/2020","4,197.32","4,191.54","4,200.65","4,191.54","6.98M","0.14%"
"02/20/2020","4,191.63","4,175.14","4,194.42","4,175.14","18.98M","0.40%"
"02/19/2020","4,174.77","4,149.07","4,174.77","4,147.23","9.75M","0.62%"
"02/18/2020","4,149.07","4,164.98","4,164.98","4,148.84","7.75M","-0.38%"
"02/17/2020","4,164.86","4,159.93","4,165.67","4,159.59","13.98M","0.12%"
"02/16/2020","4,159.93","4,131.61","4,159.94","4,131.61","12.06M","0.76%"
"02/13/2020","4,128.49","4,109.26","4,128.49","4,107.89","15.03M","0.50%"
"02/12/2020","4,108.12","4,106.91","4,108.26","4,100.83","6.91M","0.06%"
"02/11/2020","4,105.66","4,111.79","4,112.29","4,102.21","7.89M","-0.15%"
"02/10/2020","4,111.79","4,126.05","4,127.36","4,111.44","8.40M","-0.35%"
"02/09/2020","4,126.05","4,129.25","4,134.27","4,124.21","8.07M","-0.07%"
"02/06/2020","4,128.89","4,124.69","4,128.89","4,116.68","11.95M","0.09%"
"02/05/2020","4,125.08","4,145.05","4,146.45","4,123.74","10.28M","-0.48%"
"02/04/2020","4,145.05","4,118.68","4,158.33","4,118.68","16.44M","0.72%"
"02/03/2020","4,115.50","4,093.73","4,120.99","4,093.73","12.43M","0.56%"
"02/02/2020","4,092.72","4,081.21","4,092.72","4,081.20","6.06M","0.33%"
"01/30/2020","4,079.29","4,087.84","4,092.25","4,079.27","14.22M","0.00%"
"01/29/2020","4,079.39","4,090.99","4,092.07","4,079.39","19.30M","-0.20%"
"01/28/2020","4,087.58","4,076.49","4,094.89","4,076.49","12.08M","0.41%"
"01/27/2020","4,070.88","4,081.61","4,087.22","4,070.88","5.59M","-0.26%"
"01/26/2020","4,081.61","4,069.19","4,081.61","4,068.41","3.88M","0.30%"
"01/23/2020","4,069.53","4,056.42","4,073.91","4,056.42","7.13M","0.32%"
"01/22/2020","4,056.42","4,059.87","4,059.87","4,046.24","7.41M","-0.09%"
"01/21/2020","4,059.97","4,075.83","4,083.43","4,054.34","15.28M","-0.39%"
"01/20/2020","4,075.83","4,073.51","4,076.15","4,067.96","10.19M","0.06%"
"01/19/2020","4,073.51","4,059.74","4,079.65","4,058.00","12.96M","0.32%"
"01/16/2020","4,060.55","4,038.22","4,070.69","4,038.22","20.78M","0.52%"
"01/15/2020","4,039.37","3,984.35","4,039.73","3,984.35","26.76M","1.56%"
"01/12/2020","3,977.16","3,950.53","3,977.23","3,946.31","","0.00%"
"01/09/2020","3,977.16","3,946.31","3,977.23","3,946.31","9.45M","0.83%"
"01/08/2020","3,944.48","3,947.80","3,947.80","3,943.25","2.90M","-0.10%"
"01/07/2020","3,948.38","3,951.79","3,959.57","3,948.38","4.75M","-0.09%"
"01/06/2020","3,951.79","3,993.67","3,993.67","3,951.79","2.42M","-1.03%"
"01/05/2020","3,992.88","4,003.16","4,003.16","3,992.88","2.24M","-0.30%"
"01/02/2020","4,005.06","3,999.80","4,015.32","3,999.80","6.37M","0.15%"
"01/01/2020","3,998.88","3,981.31","3,999.11","3,981.21","13.37M","0.44%"
"12/31/2019","3,981.19","3,963.49","3,988.53","3,963.49","13.14M","0.68%"
"12/30/2019","3,954.13","3,893.13","3,954.19","3,891.73","14.25M","1.63%"
"12/29/2019","3,890.55","3,867.66","3,891.89","3,867.66","11.08M","0.62%"
"12/26/2019","3,866.41","3,870.92","3,874.80","3,866.39","16.38M","-0.22%"
"12/25/2019","3,874.87","3,899.29","3,899.29","3,874.87","6.06M","-0.63%"
"12/24/2019","3,899.29","3,898.04","3,916.57","3,894.86","7.99M","0.03%"
"12/23/2019","3,898.04","3,926.30","3,928.12","3,896.97","3.95M","-0.75%"
"12/22/2019","3,927.57","3,918.36","3,927.58","3,918.04","11.12M","0.28%"
"12/19/2019","3,916.70","3,943.33","3,945.68","3,916.64","10.10M","-0.68%"
"12/18/2019","3,943.33","3,948.86","3,948.99","3,943.07","3.25M","-0.14%"
"12/17/2019","3,948.86","3,951.25","3,955.29","3,946.67","6.76M","-0.05%"
"12/16/2019","3,950.89","4,012.19","4,012.19","3,950.89","9.49M","-1.53%"
"12/15/2019","4,012.19","4,019.86","4,020.94","4,012.19","13.31M","-0.19%"
"12/12/2019","4,019.67","4,016.46","4,028.29","4,016.46","4.79M","0.14%"
"12/11/2019","4,014.04","4,017.61","4,019.96","4,013.21","21.01M","-0.09%"
"12/10/2019","4,017.61","4,021.40","4,022.75","4,010.65","7.90M","-0.08%"
"12/09/2019","4,020.87","4,026.16","4,027.67","4,020.87","5.53M","-0.13%"
"12/08/2019","4,026.04","4,028.89","4,033.37","4,023.34","5.69M","-0.07%"
"12/05/2019","4,028.89","4,040.36","4,040.36","4,028.76","4.26M","-0.28%"
"12/04/2019","4,040.36","4,056.79","4,059.75","4,040.21","28.75M","-0.40%"
"12/03/2019","4,056.79","4,072.00","4,072.35","4,056.79","29.91M","-0.45%"
"12/02/2019","4,075.11","4,074.08","4,077.83","4,070.24","12.20M","0.02%"
"12/01/2019","4,074.11","4,067.29","4,075.99","4,067.29","21.02M","0.25%"
"11/26/2019","4,064.14","4,080.64","4,084.95","4,064.06","21.45M","-0.46%"
"11/25/2019","4,083.02","4,081.85","4,091.87","4,081.85","8.74M","0.04%"
"11/24/2019","4,081.41","4,082.71","4,097.37","4,081.26","9.98M","-0.03%"
"11/21/2019","4,082.71","4,084.55","4,085.63","4,082.57","5.02M","-0.08%"
"11/20/2019","4,085.83","4,087.15","4,087.44","4,079.95","6.09M","-0.03%"
"11/19/2019","4,087.10","4,085.93","4,089.71","4,084.84","4.46M","0.03%"
"11/18/2019","4,085.93","4,092.77","4,095.07","4,085.93","5.81M","-0.17%"
"11/17/2019","4,092.77","4,083.94","4,098.25","4,083.94","7.12M","0.22%"
"11/14/2019","4,083.94","4,067.98","4,085.78","4,067.98","8.36M","0.44%"
"11/13/2019","4,066.11","4,053.61","4,074.31","4,052.79","8.06M","0.32%"
"11/12/2019","4,053.30","4,072.44","4,072.98","4,050.51","8.86M","-0.47%"
"11/11/2019","4,072.27","4,040.55","4,079.05","4,040.55","13.05M","0.78%"
"11/07/2019","4,040.59","4,030.25","4,040.65","4,029.03","5.95M","0.26%"
"11/06/2019","4,030.02","4,026.17","4,032.96","4,026.17","6.01M","0.10%"
"11/05/2019","4,026.17","4,022.35","4,029.25","4,019.50","7.95M","0.13%"
"11/04/2019","4,020.88","4,009.75","4,023.92","4,009.75","10.42M","0.33%"
"11/03/2019","4,007.47","3,999.68","4,007.47","3,999.68","11.11M","0.19%"
"10/31/2019","3,999.88","4,013.80","4,013.86","3,999.80","7.65M","-0.32%"
"10/30/2019","4,012.79","4,004.35","4,012.79","4,004.35","3.92M","0.21%"
"10/29/2019","4,004.35","4,005.69","4,010.22","4,004.35","3.42M","-0.02%"
"10/28/2019","4,005.32","3,986.57","4,005.36","3,982.15","5.07M","0.47%"
"10/27/2019","3,986.57","3,990.48","3,995.35","3,986.57","1.90M","-0.08%"
"10/24/2019","3,989.61","3,995.97","3,998.01","3,989.61","8.99M","-0.17%"
"10/23/2019","3,996.45","4,007.01","4,007.44","3,996.45","16.96M","-0.26%"
"10/22/2019","4,007.01","4,016.71","4,017.01","4,006.04","2.57M","-0.23%"
"10/21/2019","4,016.39","4,015.77","4,017.17","4,006.37","2.29M","0.02%"
"10/20/2019","4,015.77","4,006.77","4,016.91","4,006.77","9.58M","0.26%"
"10/17/2019","4,005.35","4,003.71","4,005.35","4,001.65","3.57M","0.05%"
"10/16/2019","4,003.45","4,017.17","4,017.17","4,002.75","6.56M","-0.33%"
"10/15/2019","4,016.67","4,016.18","4,019.34","4,012.30","10.26M","0.07%"
"10/14/2019","4,013.92","4,013.31","4,013.92","4,010.53","6.08M","0.04%"
"10/13/2019","4,012.19","4,013.34","4,017.77","4,012.13","1.98M","-0.03%"
"10/10/2019","4,013.55","4,039.86","4,046.06","4,013.55","4.51M","-0.65%"
"10/09/2019","4,039.86","4,035.88","4,044.22","4,035.36","13.50M","0.10%"
"10/08/2019","4,035.96","4,026.73","4,043.11","4,026.65","16.67M","0.24%"
"10/07/2019","4,026.25","4,026.93","4,030.09","4,026.23","22.62M","-0.02%"
"10/06/2019","4,026.93","4,026.39","4,037.49","4,024.57","10.59M","0.02%"
"10/03/2019","4,026.02","4,024.98","4,026.17","4,020.32","192.74M","0.03%"
"10/02/2019","4,024.98","4,038.03","4,038.03","4,021.94","7.65M","-0.28%"
"10/01/2019","4,036.40","4,017.96","4,036.53","4,014.54","18.46M","0.47%"
"09/30/2019","4,017.69","4,018.03","4,029.88","4,014.04","19.00M","-0.36%"
"09/29/2019","4,032.02","4,015.98","4,035.20","4,015.98","7.35M","0.40%"
"09/26/2019","4,015.98","4,021.73","4,028.49","4,015.98","7.72M","-0.14%"
"09/25/2019","4,021.73","4,017.87","4,021.73","4,016.30","11.26M","0.10%"
"09/24/2019","4,017.71","4,006.70","4,023.61","4,006.70","3.49M","0.27%"
"09/23/2019","4,006.70","3,965.67","4,007.82","3,965.67","10.31M","1.04%"
"09/22/2019","3,965.55","3,992.26","3,995.07","3,948.05","8.94M","-0.67%"
"09/19/2019","3,992.13","4,015.09","4,016.28","3,990.97","16.05M","-0.59%"
"09/18/2019","4,015.99","4,001.48","4,016.54","4,001.48","9.63M","0.36%"
"09/17/2019","4,001.48","4,009.12","4,009.12","3,998.70","12.03M","-0.19%"
"09/16/2019","4,008.93","4,021.14","4,021.14","4,008.00","4.88M","-0.30%"
"09/15/2019","4,021.14","4,020.16","4,024.46","4,018.68","7.57M","0.02%"
"09/12/2019","4,020.16","4,017.05","4,024.29","4,015.79","20.06M","0.07%"
"09/11/2019","4,017.25","3,998.15","4,017.38","3,998.07","19.51M","0.48%"
"09/10/2019","3,997.88","3,985.51","3,998.14","3,985.18","11.37M","0.31%"
"09/09/2019","3,985.38","3,991.23","3,993.05","3,983.03","7.92M","-0.15%"
"09/08/2019","3,991.23","3,993.53","3,994.02","3,988.28","8.06M","-0.16%"
"09/05/2019","3,997.75","4,012.19","4,012.76","3,988.56","11.35M","-0.34%"
"09/04/2019","4,011.52","4,017.15","4,017.15","4,007.74","23.77M","-0.13%"
"09/03/2019","4,016.62","3,998.82","4,019.19","3,998.82","17.06M","0.35%"
"09/02/2019","4,002.66","4,004.86","4,018.34","4,002.53","8.91M","-0.05%"
"09/01/2019","4,004.86","3,958.79","4,005.11","3,958.79","","0.00%"
"08/29/2019","4,004.86","3,972.56","4,005.11","3,958.79","15.12M","0.81%"
"08/28/2019","3,972.56","3,954.73","3,983.17","3,954.73","16.96M","0.46%"
"08/27/2019","3,954.46","3,927.08","3,954.50","3,926.44","8.08M","-0.59%"
"08/26/2019","3,978.07","3,979.86","3,979.86","3,978.02","358.56M","-0.04%"
"08/25/2019","3,979.86","3,987.63","4,003.04","3,979.86","5.91M","-0.20%"
"08/22/2019","3,987.65","3,930.23","3,987.65","3,930.23","11.70M","1.48%"
"08/21/2019","3,929.36","3,889.57","3,929.83","3,889.57","12.15M","1.02%"
"08/20/2019","3,889.57","3,868.62","3,889.57","3,867.47","16.47M","0.54%"
"08/19/2019","3,868.62","3,862.80","3,869.65","3,862.80","5.28M","0.16%"
"08/18/2019","3,862.47","3,861.44","3,865.35","3,860.00","5.01M","0.02%"
"08/08/2019","3,861.51","3,838.74","3,861.55","3,838.74","9.57M","0.60%"
"08/07/2019","3,838.61","3,809.09","3,840.24","3,809.09","17.94M","0.93%"
"08/06/2019","3,803.25","3,788.73","3,810.48","3,787.03","11.45M","0.38%"
"08/05/2019","3,788.73","3,780.31","3,789.92","3,779.84","11.60M","0.22%"
"08/04/2019","3,780.31","3,777.22","3,790.16","3,770.97","11.08M","0.09%"
"08/01/2019","3,776.83","3,760.63","3,776.83","3,760.00","20.93M","0.43%"
"07/31/2019","3,760.63","3,755.31","3,769.63","3,749.62","16.86M","0.14%"
"07/30/2019","3,755.31","3,752.62","3,758.85","3,752.62","12.96M","0.11%"
"07/29/2019","3,751.01","3,747.49","3,758.58","3,744.55","17.76M","0.14%"
"07/28/2019","3,745.65","3,754.96","3,754.96","3,745.49","10.73M","-0.24%"
"07/25/2019","3,754.76","3,765.06","3,767.01","3,754.76","11.04M","-0.27%"
"07/24/2019","3,765.06","3,763.59","3,769.65","3,762.76","16.99M","0.04%"
"07/22/2019","3,763.59","3,770.62","3,772.98","3,762.64","10.38M","-0.18%"
"07/21/2019","3,770.52","3,748.32","3,771.37","3,748.32","16.03M","0.61%"
"07/18/2019","3,747.69","3,747.92","3,755.48","3,747.63","13.33M","-0.01%"
"07/17/2019","3,748.03","3,756.81","3,760.02","3,745.19","8.36M","-0.25%"
"07/16/2019","3,757.55","3,785.28","3,785.28","3,757.53","9.80M","-0.74%"
"07/15/2019","3,785.57","3,800.41","3,800.48","3,785.57","13.73M","-0.22%"
"07/14/2019","3,793.90","3,809.03","3,809.03","3,793.90","8.06M","-0.38%"
"07/11/2019","3,808.32","3,813.64","3,814.17","3,801.81","14.58M","-0.12%"
"07/10/2019","3,812.99","3,824.09","3,825.88","3,812.51","18.61M","-0.29%"
"07/09/2019","3,824.09","3,822.79","3,832.54","3,822.79","11.59M","0.03%"
"07/08/2019","3,822.81","3,817.44","3,822.83","3,815.83","6.15M","0.16%"
"07/07/2019","3,816.73","3,822.59","3,823.31","3,816.35","3.50M","-0.15%"
"07/04/2019","3,822.59","3,824.92","3,828.47","3,822.59","5.30M","-0.06%"
"07/03/2019","3,824.92","3,858.62","3,858.62","3,824.42","9.89M","-0.87%"
"07/02/2019","3,858.62","3,859.43","3,865.07","3,856.10","8.23M","-0.45%"
"07/01/2019","3,876.04","3,884.91","3,889.02","3,875.00","22.43M","-0.23%"
"06/30/2019","3,884.91","3,890.59","3,891.50","3,884.46","12.57M","-0.16%"
"06/27/2019","3,891.06","3,876.12","3,892.46","3,874.14","30.39M","0.35%"
"06/26/2019","3,877.50","3,890.82","3,893.79","3,877.48","35.47M","-0.34%"
"06/25/2019","3,890.89","3,911.22","3,911.22","3,890.89","5.33M","-0.52%"
"06/24/2019","3,911.22","3,932.55","3,932.85","3,911.22","8.70M","-0.33%"
"06/23/2019","3,924.34","3,928.53","3,934.08","3,924.24","9.03M","-0.10%"
"06/20/2019","3,928.26","3,943.18","3,950.90","3,928.20","19.09M","-0.39%"
"06/19/2019","3,943.46","3,915.88","3,943.50","3,915.88","9.59M","0.72%"
"06/18/2019","3,915.23","3,918.90","3,920.09","3,915.08","5.35M","-0.09%"
"06/17/2019","3,918.90","3,915.34","3,927.78","3,915.34","21.87M","0.09%"
"06/16/2019","3,915.25","3,918.49","3,921.11","3,907.59","4.27M","-0.08%"
"06/13/2019","3,918.49","3,959.25","3,959.25","3,917.88","13.65M","-1.10%"
"06/12/2019","3,962.20","3,982.89","3,988.98","3,961.77","7.70M","-0.51%"
"06/11/2019","3,982.71","3,973.03","3,992.95","3,973.03","16.23M","0.24%"
"06/10/2019","3,973.03","3,954.74","3,973.37","3,954.10","13.05M","0.46%"
"06/09/2019","3,954.74","3,941.82","3,957.83","3,941.82","11.80M","0.33%"
"06/03/2019","3,941.82","3,936.83","3,947.11","3,936.83","5.32M","0.13%"
"06/02/2019","3,936.83","3,934.19","3,939.19","3,934.19","8.14M","0.07%"
"05/30/2019","3,934.15","3,941.21","3,947.85","3,933.64","10.27M","-0.18%"
"05/29/2019","3,941.21","3,918.46","3,941.53","3,918.46","9.50M","0.57%"
"05/28/2019","3,918.80","3,864.65","3,918.80","3,864.51","9.39M","1.40%"
"05/27/2019","3,864.65","3,870.91","3,882.20","3,864.65","5.57M","-0.16%"
"05/26/2019","3,870.93","3,875.94","3,880.00","3,870.81","3.00M","-0.13%"
"05/23/2019","3,875.89","3,860.53","3,882.51","3,860.53","3.75M","0.37%"
"05/22/2019","3,861.43","3,841.89","3,862.63","3,841.89","12.94M","0.49%"
"05/21/2019","3,842.47","3,845.57","3,848.21","3,833.93","3.03M","-0.06%"
"05/20/2019","3,844.63","3,860.83","3,860.83","3,844.63","3.47M","-0.42%"
"05/19/2019","3,860.83","3,852.10","3,863.09","3,852.10","2.61M","0.05%"
"05/16/2019","3,858.87","3,828.36","3,859.10","3,828.32","5.55M","0.80%"
"05/15/2019","3,828.21","3,828.17","3,831.53","3,825.97","7.73M","0.00%"
"05/14/2019","3,828.05","3,841.66","3,843.23","3,825.51","3.39M","-0.32%"
"05/13/2019","3,840.18","3,865.51","3,870.92","3,840.18","5.95M","-0.66%"
"05/12/2019","3,865.51","3,863.56","3,871.93","3,859.23","3.46M","0.06%"
"05/09/2019","3,863.28","3,878.07","3,878.32","3,863.28","11.13M","-0.30%"
"05/08/2019","3,874.97","3,909.85","3,910.19","3,874.97","4.28M","-0.67%"
"05/07/2019","3,901.13","3,905.24","3,908.04","3,898.71","6.81M","-0.11%"
"05/06/2019","3,905.24","3,932.69","3,932.81","3,903.76","14.76M","-0.70%"
"05/05/2019","3,932.69","3,964.93","3,964.96","3,932.61","5.69M","-0.81%"
"05/02/2019","3,964.83","3,965.96","3,972.51","3,962.40","8.43M","-0.03%"
"05/01/2019","3,965.96","3,944.48","3,966.95","3,944.45","7.91M","0.52%"
"04/30/2019","3,945.64","3,934.60","3,946.14","3,927.68","13.65M","0.28%"
"04/29/2019","3,934.62","3,930.34","3,943.07","3,930.34","19.35M","0.12%"
"04/28/2019","3,930.05","3,940.37","3,940.37","3,930.05","6.83M","-0.26%"
"04/25/2019","3,940.37","3,950.34","3,950.34","3,940.10","8.57M","-0.25%"
"04/24/2019","3,950.34","3,958.08","3,960.40","3,950.34","6.89M","-0.20%"
"04/23/2019","3,958.08","3,978.52","3,979.36","3,954.96","8.05M","-0.52%"
"04/22/2019","3,978.60","3,984.54","3,986.19","3,978.60","10.79M","-0.15%"
"04/21/2019","3,984.45","3,980.18","3,985.42","3,980.07","8.17M","0.10%"
"04/18/2019","3,980.29","3,982.40","3,986.23","3,978.05","16.02M","0.08%"
"04/17/2019","3,977.19","3,986.68","3,990.48","3,977.19","19.57M","-0.19%"
"04/16/2019","3,984.94","4,009.46","4,012.60","3,984.94","26.69M","-0.66%"
"04/15/2019","4,011.58","3,989.76","4,015.95","3,989.76","22.72M","0.52%"
"04/14/2019","3,990.71","3,985.52","3,998.21","3,976.47","20.04M","0.17%"
"04/10/2019","3,983.79","3,974.37","3,984.24","3,971.10","27.25M","0.30%"
"04/09/2019","3,971.72","3,972.66","3,983.19","3,971.60","18.19M","0.00%"
"04/08/2019","3,971.59","3,970.87","3,985.00","3,968.85","20.77M","0.03%"
"04/07/2019","3,970.49","3,939.54","3,970.93","3,939.54","12.39M","0.79%"
"04/02/2019","3,939.54","3,961.21","3,964.07","3,938.15","6.58M","-0.54%"
"04/01/2019","3,960.99","3,982.18","3,984.70","3,958.50","7.30M","-0.57%"
"03/31/2019","3,983.66","4,005.56","4,005.95","3,983.59","13.52M","-0.55%"
"03/28/2019","4,005.56","4,048.03","4,050.56","4,005.56","6.70M","-1.03%"
"03/27/2019","4,047.32","4,049.37","4,060.46","4,047.00","14.95M","-0.05%"
"03/26/2019","4,049.40","4,079.82","4,082.17","4,049.40","6.98M","-1.90%"
"03/25/2019","4,127.84","4,126.61","4,131.87","4,100.97","18.74M","0.03%"
"03/24/2019","4,126.61","4,152.87","4,152.87","4,123.49","7.70M","-0.63%"
"03/21/2019","4,152.70","4,162.90","4,163.99","4,152.69","18.32M","-0.23%"
"03/20/2019","4,162.23","4,156.23","4,166.89","4,155.50","18.94M","0.14%"
"03/19/2019","4,156.49","4,138.21","4,160.89","4,138.21","23.29M","0.69%"
"03/18/2019","4,128.16","4,096.59","4,128.16","4,096.59","40.12M","1.01%"
"03/17/2019","4,086.88","4,074.98","4,086.88","4,074.98","6.52M","0.29%"
"03/14/2019","4,074.98","4,081.96","4,091.89","4,074.98","13.54M","0.02%"
"03/13/2019","4,074.27","4,082.81","4,083.40","4,074.27","13.14M","-0.21%"
"03/12/2019","4,082.68","4,086.00","4,087.30","4,080.82","9.93M","-0.07%"
"03/11/2019","4,085.44","4,087.78","4,091.17","4,085.44","7.95M","-0.12%"
"03/10/2019","4,090.20","4,113.48","4,115.34","4,089.31","8.54M","-0.55%"
"03/07/2019","4,112.92","4,155.79","4,155.79","4,112.87","7.07M","-0.98%"
"03/06/2019","4,153.42","4,163.45","4,163.45","4,152.16","3.45M","-0.30%"
"03/05/2019","4,165.98","4,154.30","4,173.66","4,153.73","8.84M","0.31%"
"03/04/2019","4,153.25","4,137.94","4,157.25","4,137.94","10.51M","0.37%"
"03/03/2019","4,137.91","4,144.47","4,147.68","4,137.91","16.83M","-0.16%"
"02/28/2019","4,144.47","4,113.38","4,158.25","4,113.38","25.98M","0.78%"
"02/27/2019","4,112.31","4,089.06","4,112.80","4,088.93","30.86M","0.57%"
"02/26/2019","4,089.06","4,067.86","4,089.11","4,067.29","19.52M","0.53%"
"02/25/2019","4,067.67","4,053.36","4,068.79","4,053.36","25.58M","0.35%"
"02/24/2019","4,053.36","4,056.32","4,066.38","4,052.29","31.49M","-0.05%"
"02/21/2019","4,055.57","4,053.94","4,056.59","4,048.86","30.56M","0.04%"
"02/20/2019","4,053.94","4,056.90","4,065.71","4,049.49","13.02M","-0.07%"
"02/19/2019","4,056.90","4,074.07","4,074.91","4,056.90","22.01M","-0.42%"
"02/18/2019","4,073.96","4,080.00","4,080.88","4,073.96","7.66M","-0.07%"
"02/17/2019","4,076.88","4,106.31","4,106.96","4,076.88","7.61M","-0.79%"
"02/14/2019","4,109.34","4,115.56","4,117.70","4,108.13","10.99M","-0.13%"
"02/13/2019","4,114.80","4,124.79","4,124.79","4,114.00","5.60M","-0.24%"
"02/12/2019","4,124.79","4,141.55","4,143.92","4,124.79","16.61M","-0.40%"
"02/11/2019","4,141.54","4,154.27","4,154.27","4,137.75","5.75M","-0.41%"
"02/10/2019","4,158.49","4,151.97","4,164.67","4,151.97","58.84M","0.16%"
"02/07/2019","4,151.97","4,160.82","4,167.62","4,150.18","9.53M","-0.21%"
"02/06/2019","4,160.91","4,169.41","4,176.21","4,160.91","34.26M","-0.20%"
"02/05/2019","4,169.13","4,166.30","4,181.54","4,166.30","12.27M","0.07%"
"02/04/2019","4,166.30","4,147.11","4,171.84","4,147.11","5.92M","0.46%"
"02/03/2019","4,147.11","4,165.94","4,170.41","4,144.96","3.54M","-0.46%"
"01/31/2019","4,166.47","4,215.13","4,215.13","4,166.46","14.29M","-1.17%"
"01/30/2019","4,215.76","4,172.36","4,235.72","4,172.36","6.70M","1.04%"
"01/29/2019","4,172.36","4,159.94","4,172.36","4,156.17","12.46M","0.30%"
"01/28/2019","4,159.94","4,166.38","4,169.08","4,159.87","6.64M","-0.15%"
"01/27/2019","4,166.38","4,180.14","4,180.14","4,165.11","5.90M","-0.33%"
"01/24/2019","4,180.14","4,169.37","4,182.20","4,169.37","7.34M","0.34%"
"01/23/2019","4,165.97","4,181.56","4,182.38","4,165.97","6.99M","-0.38%"
"01/22/2019","4,181.74","4,179.08","4,188.39","4,178.54","5.42M","0.06%"
"01/21/2019","4,179.08","4,206.25","4,206.45","4,175.79","7.95M","-0.56%"
"01/20/2019","4,202.68","4,236.75","4,236.80","4,202.68","7.85M","-0.80%"
"01/17/2019","4,236.75","4,258.10","4,260.68","4,236.75","22.60M","-0.50%"
"01/16/2019","4,258.10","4,285.97","4,287.23","4,258.10","11.89M","-0.51%"
"01/15/2019","4,279.87","4,308.74","4,312.28","4,279.87","12.50M","-0.67%"
"01/14/2019","4,308.74","4,304.19","4,331.91","4,304.19","9.60M","0.11%"
"01/13/2019","4,304.19","4,310.49","4,316.11","4,302.73","5.29M","-0.15%"
"01/10/2019","4,310.56","4,310.98","4,325.60","4,310.09","17.24M","0.00%"
"01/09/2019","4,310.76","4,310.57","4,312.04","4,309.70","4.91M","0.00%"
"01/08/2019","4,310.85","4,312.25","4,317.77","4,310.44","3.24M","-0.03%"
"01/07/2019","4,312.25","4,302.19","4,324.24","4,302.19","13.37M","0.23%"
"01/06/2019","4,302.19","4,275.67","4,302.43","4,275.66","4.75M","0.62%"
"01/03/2019","4,275.62","4,301.88","4,301.88","4,275.62","3.87M","-0.61%"
"01/02/2019","4,301.88","4,333.39","4,333.79","4,301.88","4.62M","-0.73%"
"01/01/2019","4,333.39","4,323.74","4,335.54","4,323.74","3.60M","0.22%"