"Date","Price","Open","High","Low","Vol.","Change %"
"08/28/2025","34,836.62","34,590.98","34,845.37","34,407.68","","0.71%"
"08/27/2025","34,590.98","34,616.05","34,664.91","34,440.05","","-0.07%"
"08/26/2025","34,616.05","34,302.17","34,742.95","34,291.94","","0.92%"
"08/25/2025","34,301.68","34,289.49","34,533.06","34,209.10","","0.04%"
"08/22/2025","34,289.00","33,860.26","34,453.36","33,860.26","","0.83%"
"08/21/2025","34,006.85","33,564.79","34,201.71","33,564.79","","1.15%"
"08/20/2025","33,621.54","33,813.87","34,148.27","33,621.54","","-0.57%"
"08/19/2025","33,813.87","34,319.95","34,358.95","33,803.21","","-1.85%"
"08/18/2025","34,450.25","34,425.22","34,452.84","34,284.73","","0.05%"
"08/15/2025","34,433.93","34,330.71","34,592.67","34,330.71","","0.29%"
"08/14/2025","34,335.04","34,344.37","34,420.16","34,312.40","","-0.04%"
"08/13/2025","34,348.25","34,171.06","34,622.56","34,171.06","","0.40%"
"08/12/2025","34,209.84","34,021.27","34,209.85","33,965.20","","0.43%"
"08/11/2025","34,064.65","34,011.53","34,065.96","33,935.33","","0.16%"
"08/08/2025","34,011.53","34,009.29","34,132.29","33,927.49","","0.03%"
"08/07/2025","34,001.60","33,624.56","34,028.21","33,624.56","","1.09%"
"08/05/2025","33,635.91","33,579.14","33,699.32","33,553.91","","0.22%"
"08/04/2025","33,560.78","33,204.72","33,585.85","33,134.96","","1.11%"
"08/01/2025","33,192.68","33,446.81","33,502.67","33,192.68","","-0.74%"
"07/31/2025","33,440.29","33,021.90","33,448.08","33,021.90","","1.27%"
"07/30/2025","33,022.36","33,469.79","33,585.64","32,954.70","","-1.09%"
"07/25/2025","33,387.36","33,527.31","33,575.80","33,227.89","","-0.38%"
"07/24/2025","33,514.53","33,362.35","33,648.29","33,350.19","","0.31%"
"07/22/2025","33,411.22","33,264.07","33,488.29","33,264.07","","0.42%"
"07/21/2025","33,270.61","32,984.29","33,313.53","32,983.44","","0.88%"
"07/18/2025","32,981.52","32,813.28","32,983.15","32,810.45","","0.42%"
"07/17/2025","32,843.27","32,469.67","32,857.69","32,419.04","","1.20%"
"07/16/2025","32,455.04","32,527.28","32,530.42","32,302.58","","-0.25%"
"07/15/2025","32,537.33","32,789.90","32,794.98","32,497.60","","-0.77%"
"07/14/2025","32,788.52","32,868.96","33,086.73","32,788.52","","-0.24%"
"07/11/2025","32,868.04","32,766.95","33,013.46","32,764.22","","0.29%"
"07/10/2025","32,772.49","32,690.87","32,827.12","32,661.26","","0.08%"
"07/09/2025","32,746.22","32,919.44","32,919.44","32,724.89","","-0.40%"
"07/08/2025","32,877.25","33,130.95","33,258.28","32,850.70","","-0.72%"
"07/07/2025","33,117.01","33,042.52","33,140.98","32,963.32","","0.23%"
"07/04/2025","33,042.52","32,999.71","33,092.64","32,981.40","","0.13%"
"07/03/2025","32,999.71","32,996.58","33,101.22","32,871.12","","0.32%"
"07/02/2025","32,894.66","32,683.11","32,951.51","32,628.65","","0.64%"
"07/01/2025","32,686.32","32,725.65","32,874.88","32,592.70","","-0.12%"
"06/30/2025","32,725.65","32,658.06","32,779.77","32,592.68","","0.21%"
"06/27/2025","32,658.06","32,744.10","32,744.10","32,490.47","","-0.26%"
"06/26/2025","32,744.10","32,084.40","32,836.73","32,082.16","","2.08%"
"06/25/2025","32,077.22","32,116.97","32,218.45","32,046.25","","-0.13%"
"06/24/2025","32,119.67","32,092.07","32,180.92","31,885.06","","0.09%"
"06/23/2025","32,092.07","32,380.29","32,384.78","32,021.47","","-0.93%"
"06/20/2025","32,394.68","32,403.24","32,481.51","32,242.55","","-0.03%"
"06/19/2025","32,403.24","32,531.92","32,584.89","32,386.78","","-0.40%"
"06/18/2025","32,531.92","32,613.60","32,713.23","32,471.66","","-0.25%"
"06/17/2025","32,613.60","32,439.09","32,637.69","32,433.37","","0.49%"
"06/16/2025","32,453.50","32,589.42","32,604.47","32,354.60","","-0.40%"
"06/13/2025","32,584.47","32,634.48","32,760.32","32,512.73","","-0.15%"
"06/12/2025","32,634.48","32,644.19","32,742.04","32,577.68","","0.23%"
"06/11/2025","32,558.84","32,483.77","32,684.38","32,450.88","","0.27%"
"06/10/2025","32,469.92","32,484.07","32,558.01","32,252.01","","-0.09%"
"06/09/2025","32,498.38","32,648.20","32,753.16","32,489.08","","-0.47%"
"06/06/2025","32,650.88","32,290.27","32,656.42","32,290.27","","1.10%"
"06/05/2025","32,295.61","31,825.50","32,434.21","31,825.50","","1.41%"
"06/04/2025","31,846.63","31,934.95","32,108.33","31,846.63","","-0.28%"
"06/03/2025","31,934.95","31,849.55","32,000.09","31,635.59","","0.24%"
"06/02/2025","31,858.34","31,315.95","31,904.48","31,303.29","","1.73%"
"05/30/2025","31,315.52","31,304.48","31,366.92","31,201.73","","0.04%"
"05/29/2025","31,304.05","31,369.91","31,392.52","31,259.69","","-0.22%"
"05/28/2025","31,374.22","31,336.97","31,434.10","31,334.62","","0.11%"
"05/27/2025","31,341.28","31,348.27","31,383.34","31,223.49","","0.02%"
"05/26/2025","31,334.55","31,342.56","31,352.55","31,308.22","","0.02%"
"05/23/2025","31,329.71","31,081.45","31,399.04","31,016.67","","0.78%"
"05/22/2025","31,087.40","31,239.92","31,239.92","31,043.64","","-0.45%"
"05/21/2025","31,228.03","31,152.95","31,365.75","31,152.82","","0.24%"
"05/20/2025","31,152.53","30,939.55","31,152.53","30,931.74","","0.67%"
"05/19/2025","30,944.58","30,980.58","31,431.43","30,882.49","","-0.15%"
"05/16/2025","30,991.93","31,084.10","31,134.61","30,952.36","","-0.24%"
"05/15/2025","31,065.55","30,800.25","31,075.25","30,800.25","","0.86%"
"05/14/2025","30,800.25","30,783.76","30,903.77","30,657.86","","0.13%"
"05/13/2025","30,759.40","30,437.56","30,761.18","30,387.11","","0.97%"
"05/12/2025","30,462.54","30,612.68","30,683.77","30,316.04","","-0.53%"
"05/09/2025","30,626.09","30,302.31","30,638.25","30,302.31","","0.99%"
"05/08/2025","30,324.83","30,344.88","30,481.08","30,298.19","","-0.07%"
"05/07/2025","30,344.88","30,590.84","30,590.84","30,312.60","","-0.59%"
"05/06/2025","30,524.02","30,476.35","30,661.57","30,407.48","","0.07%"
"05/05/2025","30,503.82","30,223.05","30,580.55","30,223.05","","0.93%"
"05/02/2025","30,223.05","30,120.29","30,254.61","30,010.99","","0.38%"
"04/30/2025","30,107.15","30,328.85","30,331.12","29,974.89","","-0.76%"
"04/29/2025","30,336.30","30,275.30","30,389.67","30,209.36","","0.13%"
"04/28/2025","30,295.95","30,180.39","30,381.00","30,145.94","","0.55%"
"04/25/2025","30,130.30","30,340.43","30,360.15","30,097.59","","-0.68%"
"04/24/2025","30,337.13","29,956.50","30,337.13","29,956.50","","1.23%"
"04/23/2025","29,969.49","29,824.97","30,125.30","29,772.19","","0.85%"
"04/22/2025","29,718.11","29,432.45","29,768.95","29,432.45","","0.95%"
"04/21/2025","29,437.61","29,604.17","29,634.55","29,380.28","","-0.67%"
"04/16/2025","29,635.17","29,725.68","29,971.63","29,618.31","","-0.30%"
"04/15/2025","29,725.68","29,450.70","29,828.94","29,446.71","","0.91%"
"04/14/2025","29,458.58","29,014.29","29,495.22","29,014.29","","1.53%"
"04/11/2025","29,013.90","28,485.83","29,137.22","28,485.83","","1.84%"
"04/10/2025","28,489.65","28,684.31","28,765.84","28,258.39","","-0.68%"
"04/09/2025","28,684.31","27,972.13","28,812.86","27,972.13","","2.54%"
"04/08/2025","27,974.37","27,841.22","28,378.02","27,841.22","","0.48%"
"04/07/2025","27,840.85","28,158.26","28,214.46","26,745.57","","-1.13%"
"04/04/2025","28,157.88","29,560.23","29,561.52","28,157.88","","-4.76%"
"04/03/2025","29,564.26","30,216.47","30,216.47","29,556.68","","-2.15%"
"04/02/2025","30,214.83","30,311.50","30,484.22","30,152.16","","-0.36%"
"04/01/2025","30,324.70","30,103.64","30,423.90","30,078.34","","0.78%"
"03/31/2025","30,089.72","30,118.07","30,205.49","29,787.72","","-0.12%"
"03/28/2025","30,127.13","30,222.49","30,422.43","30,018.92","","-0.41%"
"03/27/2025","30,249.91","30,269.34","30,457.98","30,174.22","","-0.03%"
"03/26/2025","30,257.70","30,692.54","30,693.16","30,170.05","","-1.42%"
"03/25/2025","30,692.54","30,370.10","30,713.32","30,370.10","","1.03%"
"03/24/2025","30,379.26","30,353.13","30,558.20","30,352.23","","0.05%"
"03/21/2025","30,363.15","30,355.11","30,393.00","30,161.97","","0.00%"
"03/20/2025","30,363.49","30,017.84","30,363.49","29,998.61","","1.10%"
"03/19/2025","30,032.77","29,927.79","30,127.01","29,687.52","","0.35%"
"03/18/2025","29,928.61","29,882.15","30,048.62","29,794.97","","0.16%"
"03/17/2025","29,882.15","29,511.75","29,949.89","29,511.75","","1.26%"
"03/14/2025","29,511.75","29,105.56","29,558.15","29,105.56","","1.39%"
"03/13/2025","29,106.35","28,821.74","29,194.14","28,821.74","","0.94%"
"03/12/2025","28,835.12","28,618.49","28,835.12","28,618.49","","0.75%"
"03/11/2025","28,619.28","28,565.30","28,746.68","28,555.32","","0.18%"
"03/10/2025","28,569.20","28,736.12","28,794.72","28,568.80","","-0.58%"
"03/07/2025","28,736.12","28,764.40","28,819.17","28,584.00","","-0.14%"
"03/06/2025","28,776.21","28,874.32","28,927.59","28,750.52","","-0.38%"
"03/05/2025","28,886.98","28,733.02","29,051.03","28,643.53","","0.52%"
"03/04/2025","28,736.94","28,949.55","28,988.00","28,504.41","","-0.65%"
"03/03/2025","28,925.23","28,517.44","29,031.14","28,449.16","","1.33%"
"02/28/2025","28,546.83","28,543.04","28,586.96","28,416.86","","-0.01%"
"02/27/2025","28,550.81","28,684.97","28,711.09","28,542.08","","-0.37%"
"02/26/2025","28,657.58","28,625.72","28,857.16","28,556.61","","0.19%"
"02/25/2025","28,602.41","28,682.07","28,692.38","28,504.18","","-0.30%"
"02/24/2025","28,689.86","28,737.67","28,790.40","28,496.28","","-0.17%"
"02/21/2025","28,737.67","29,305.65","29,305.65","28,727.94","","-1.62%"
"02/20/2025","29,211.37","29,153.16","29,253.99","29,114.41","","0.06%"
"02/19/2025","29,195.07","29,406.79","29,406.79","29,127.65","","-0.70%"
"02/18/2025","29,399.61","29,571.53","29,605.22","29,390.68","","-0.55%"
"02/17/2025","29,561.12","29,579.22","29,595.20","29,522.24","","-0.06%"
"02/14/2025","29,578.02","29,405.02","29,765.14","29,337.58","","0.56%"
"02/13/2025","29,412.94","29,437.21","29,437.21","29,225.31","","0.17%"
"02/12/2025","29,362.14","29,325.61","29,551.49","29,325.61","","0.09%"
"02/11/2025","29,336.68","29,702.10","29,760.05","29,211.25","","-1.23%"
"02/10/2025","29,702.10","29,533.17","29,847.65","29,483.92","","0.57%"
"02/07/2025","29,533.17","29,561.15","29,737.80","29,501.96","","-0.09%"
"02/06/2025","29,561.15","29,312.51","29,599.08","29,258.27","","0.85%"
"02/05/2025","29,311.33","29,092.50","29,409.33","29,092.50","","0.71%"
"02/04/2025","29,104.25","28,930.77","29,121.10","28,798.47","","0.95%"
"02/03/2025","28,829.63","28,984.27","29,057.09","28,829.63","","-0.53%"
"01/31/2025","28,984.27","29,140.25","29,172.20","28,951.89","","-0.59%"
"01/30/2025","29,155.92","28,885.44","29,346.26","28,860.78","","0.94%"
"01/29/2025","28,885.44","28,926.91","28,956.46","28,676.25","","-0.17%"
"01/28/2025","28,934.65","28,926.59","29,022.28","28,886.09","","-0.05%"
"01/27/2025","28,949.79","29,157.90","29,193.57","28,927.23","","-0.71%"
"01/24/2025","29,157.90","29,051.38","29,189.10","28,947.56","","0.37%"
"01/23/2025","29,051.38","29,228.20","29,231.36","28,998.20","","-0.59%"
"01/22/2025","29,224.27","29,255.40","29,342.70","29,145.55","","-0.24%"
"01/21/2025","29,294.67","29,666.73","29,671.02","29,284.61","","-1.23%"
"01/20/2025","29,657.99","29,314.03","29,760.35","29,218.74","","1.17%"
"01/17/2025","29,314.03","29,709.75","29,757.55","29,305.71","","-1.34%"
"01/16/2025","29,712.91","29,764.83","29,812.63","29,695.79","","-0.17%"
"01/15/2025","29,764.83","29,542.05","29,771.30","29,434.38","","0.80%"
"01/14/2025","29,528.74","29,257.57","29,768.96","29,228.74","","0.93%"
"01/13/2025","29,257.96","29,222.60","29,307.05","29,125.66","","0.12%"
"01/10/2025","29,222.60","29,500.73","29,573.64","29,167.21","","-0.94%"
"01/09/2025","29,500.73","29,555.38","29,555.50","29,390.18","","-0.19%"
"01/08/2025","29,555.77","29,477.59","29,642.31","29,354.54","","0.28%"
"01/07/2025","29,473.69","29,433.31","29,665.55","29,409.46","","0.10%"
"01/06/2025","29,445.04","29,257.69","29,464.13","29,152.87","","0.64%"
"01/03/2025","29,257.69","29,070.50","29,307.45","29,052.57","","0.64%"
"01/02/2025","29,070.50","28,982.54","29,202.41","28,945.08","","0.38%"
"12/31/2024","28,960.95","29,066.32","29,095.86","28,926.06","","-0.32%"
"12/30/2024","29,053.95","29,117.24","29,316.20","29,051.26","","-0.21%"
"12/27/2024","29,115.69","29,191.00","29,227.43","29,092.76","","-0.26%"
"12/26/2024","29,191.00","29,129.22","29,259.43","29,129.22","","0.21%"
"12/24/2024","29,129.22","29,044.00","29,206.11","29,033.19","","0.31%"
"12/23/2024","29,039.96","29,116.07","29,130.42","28,904.20","","-0.26%"
"12/20/2024","29,116.07","28,903.86","29,216.61","28,903.86","","0.61%"
"12/19/2024","28,940.77","29,147.00","29,244.19","28,940.77","","-0.70%"
"12/18/2024","29,143.49","29,502.99","29,541.78","29,143.49","","-1.15%"
"12/17/2024","29,483.26","29,644.18","29,669.26","29,469.68","","-0.54%"
"12/16/2024","29,643.39","29,765.20","29,821.91","29,643.39","","-0.38%"
"12/13/2024","29,757.22","30,134.41","30,152.14","29,757.22","","-1.25%"
"12/12/2024","30,134.41","30,191.46","30,282.18","30,115.80","","-0.19%"
"12/11/2024","30,191.46","29,802.50","30,207.90","29,784.20","","1.31%"
"12/10/2024","29,802.50","29,467.95","29,905.66","29,408.07","","1.14%"
"12/06/2024","29,467.95","29,617.31","29,664.15","29,393.15","","-0.51%"
"12/05/2024","29,620.49","29,629.71","29,765.47","29,572.78","","-0.04%"
"12/04/2024","29,633.67","29,684.66","29,778.39","29,608.68","","-0.17%"
"12/03/2024","29,684.66","29,757.82","29,862.57","29,650.66","","0.02%"
"12/02/2024","29,678.58","29,650.90","29,741.76","29,596.40","","0.66%"
"11/29/2024","29,485.30","29,705.66","29,808.32","29,468.11","","-0.74%"
"11/28/2024","29,705.66","29,663.68","29,758.25","29,625.59","","0.14%"
"11/27/2024","29,665.26","29,777.45","29,798.52","29,651.15","","-0.38%"
"11/26/2024","29,779.03","29,895.32","29,932.58","29,666.93","","-0.46%"
"11/25/2024","29,916.73","30,296.86","30,296.86","29,853.11","","-1.16%"
"11/22/2024","30,268.89","30,543.51","30,609.56","30,205.45","","-0.90%"
"11/21/2024","30,543.51","30,661.90","30,753.83","30,423.18","","-0.39%"
"11/20/2024","30,661.90","30,628.18","30,737.24","30,588.38","","0.10%"
"11/19/2024","30,630.60","30,713.51","30,728.00","30,618.88","","-0.11%"
"11/18/2024","30,664.25","30,546.80","30,762.31","30,489.75","","0.41%"
"11/15/2024","30,537.78","30,429.53","30,581.96","30,394.27","","0.36%"
"11/14/2024","30,429.53","30,620.65","30,620.65","30,308.68","","-0.62%"
"11/13/2024","30,620.65","30,527.71","30,651.87","30,297.08","","0.46%"
"11/12/2024","30,479.45","30,180.77","30,498.72","30,158.44","","0.99%"
"11/11/2024","30,180.77","30,286.89","30,365.50","30,089.11","","-0.35%"
"11/08/2024","30,286.89","30,304.49","30,416.68","30,032.77","","-0.10%"
"11/07/2024","30,315.80","30,380.26","30,388.57","30,202.49","","-0.16%"
"11/06/2024","30,365.79","30,356.37","30,513.77","30,168.34","","0.03%"
"11/05/2024","30,356.37","30,421.60","30,476.83","30,321.54","","-0.10%"
"11/04/2024","30,385.32","30,470.47","30,504.41","30,299.22","","-0.28%"
"10/31/2024","30,470.47","30,837.44","30,949.41","30,350.69","","-1.18%"
"10/30/2024","30,834.16","30,998.21","31,010.48","30,788.99","","-0.57%"
"10/29/2024","31,009.73","31,013.37","31,105.59","30,963.77","","0.14%"
"10/28/2024","30,965.61","30,960.01","31,121.34","30,954.58","","0.02%"
"10/25/2024","30,960.01","30,813.75","30,967.22","30,813.75","","0.37%"
"10/24/2024","30,846.61","30,726.17","30,846.61","30,664.71","","0.40%"
"10/23/2024","30,722.89","30,719.78","30,878.43","30,643.49","","0.01%"
"10/22/2024","30,718.96","30,646.02","30,817.11","30,646.02","","0.15%"
"10/21/2024","30,673.72","30,765.49","30,967.96","30,648.71","","-0.30%"
"10/18/2024","30,767.13","30,543.54","30,767.13","30,469.83","","0.74%"
"10/17/2024","30,541.10","30,441.12","30,705.98","30,422.58","","0.27%"
"10/16/2024","30,458.91","30,230.31","30,605.48","30,177.37","","0.76%"
"10/15/2024","30,230.31","30,591.11","30,591.11","30,207.10","","-1.18%"
"10/14/2024","30,591.11","30,453.98","30,722.95","30,453.98","","0.45%"
"10/11/2024","30,453.98","30,277.16","30,647.31","30,273.25","","0.58%"
"10/10/2024","30,277.16","29,814.73","30,496.59","29,807.63","","1.55%"
"10/09/2024","29,814.33","30,245.54","30,245.81","29,763.09","","-1.43%"
"10/07/2024","30,245.54","30,314.68","30,366.07","30,211.31","","-0.28%"
"10/04/2024","30,329.74","30,075.94","30,346.26","30,067.88","","0.93%"
"10/03/2024","30,051.74","30,156.44","30,157.39","29,933.04","","-0.35%"
"10/02/2024","30,156.85","30,109.66","30,325.39","30,048.64","","0.09%"
"10/01/2024","30,130.72","29,941.02","30,136.66","29,853.21","","0.63%"
"09/30/2024","29,942.23","30,261.21","30,271.77","29,878.57","","-1.12%"
"09/27/2024","30,282.41","30,161.12","30,286.82","30,128.37","","0.41%"
"09/26/2024","30,159.50","29,613.00","30,159.50","29,593.32","","1.85%"
"09/25/2024","29,612.21","29,788.16","29,886.10","29,585.00","","-0.66%"
"09/24/2024","29,807.95","29,349.18","29,865.53","29,349.18","","1.54%"
"09/23/2024","29,356.94","29,287.21","29,429.23","29,162.05","","0.17%"
"09/20/2024","29,306.69","29,205.20","29,311.89","28,956.65","","0.32%"
"09/19/2024","29,213.76","29,093.03","29,227.01","28,991.42","","0.41%"
"09/18/2024","29,093.80","28,664.56","29,193.07","28,634.02","","1.38%"
"09/17/2024","28,696.64","28,852.26","28,931.81","28,659.43","","-0.61%"
"09/16/2024","28,872.21","28,951.13","28,975.41","28,869.05","","-0.27%"
"09/13/2024","28,951.13","28,519.70","28,990.07","28,519.70","","1.44%"
"09/12/2024","28,540.12","28,188.19","28,590.96","28,101.92","","1.24%"
"09/11/2024","28,191.17","28,012.99","28,212.82","27,938.62","","0.66%"
"09/10/2024","28,007.11","28,291.59","28,292.28","27,933.60","","-0.97%"
"09/09/2024","28,282.70","28,060.62","28,305.55","28,041.52","","0.78%"
"09/06/2024","28,065.04","28,306.29","28,410.38","28,037.44","","-0.84%"
"09/05/2024","28,304.05","28,040.85","28,318.67","28,036.13","","0.99%"
"09/04/2024","28,025.67","28,079.78","28,159.90","27,993.69","","-0.20%"
"09/03/2024","28,082.01","28,656.38","28,676.07","28,044.34","","-2.23%"
"09/02/2024","28,721.12","28,423.53","28,732.25","28,423.53","","0.98%"
"08/29/2024","28,441.73","28,316.89","28,441.73","28,234.93","","0.43%"
"08/28/2024","28,319.92","28,246.22","28,343.68","28,137.20","","0.26%"
"08/27/2024","28,246.22","28,371.25","28,446.48","28,246.22","","-0.50%"
"08/26/2024","28,387.16","28,429.26","28,538.38","28,387.16","","-0.15%"
"08/23/2024","28,428.88","28,374.97","28,557.95","28,305.97","","0.20%"
"08/22/2024","28,371.18","28,486.35","28,542.51","28,334.28","","-0.39%"
"08/21/2024","28,482.94","28,531.31","28,606.45","28,068.44","","-0.23%"
"08/20/2024","28,548.06","28,690.01","28,713.84","28,502.57","","-0.49%"
"08/19/2024","28,690.01","28,642.58","28,728.30","28,550.68","","0.11%"
"08/16/2024","28,657.15","28,951.76","28,965.76","28,493.65","","-1.02%"
"08/15/2024","28,952.53","28,533.49","28,955.54","28,508.17","","1.45%"
"08/14/2024","28,539.97","28,468.78","28,612.11","28,344.28","","0.28%"
"08/13/2024","28,459.29","28,571.20","28,733.22","28,459.29","","-0.55%"
"08/12/2024","28,615.52","28,639.89","28,733.14","28,570.70","","-0.06%"
"08/09/2024","28,633.29","28,526.81","28,639.84","28,414.23","","0.34%"
"08/08/2024","28,536.39","28,250.04","28,536.65","28,225.07","","1.05%"
"08/07/2024","28,239.08","27,985.66","28,402.92","27,985.66","","0.89%"
"08/05/2024","27,989.42","28,520.47","28,520.47","27,613.45","","-1.86%"
"08/02/2024","28,518.56","29,038.75","29,038.75","28,438.46","","-1.79%"
"08/01/2024","29,037.97","29,475.48","29,519.71","29,027.79","","-1.69%"
"07/31/2024","29,537.12","29,387.58","29,656.76","29,340.39","","0.58%"
"07/30/2024","29,367.10","29,738.52","29,739.31","29,299.10","","-1.06%"
"07/26/2024","29,682.90","29,534.24","29,682.90","29,460.05","","0.49%"
"07/25/2024","29,538.96","29,485.02","29,814.59","29,295.72","","0.26%"
"07/24/2024","29,461.78","29,697.70","29,751.97","29,459.35","","-0.79%"
"07/22/2024","29,697.31","29,667.89","29,697.58","29,335.64","","0.10%"
"07/19/2024","29,667.09","29,569.28","29,766.73","29,492.03","","0.25%"
"07/18/2024","29,593.39","29,823.10","30,097.78","29,588.12","","-0.78%"
"07/17/2024","29,825.90","29,839.43","30,081.84","29,799.48","","-0.13%"
"07/16/2024","29,864.35","30,069.23","30,149.21","29,745.72","","-0.66%"
"07/15/2024","30,063.58","30,110.20","30,145.96","30,002.61","","-0.23%"
"07/12/2024","30,132.84","30,299.02","30,400.94","30,046.22","","-0.54%"
"07/11/2024","30,295.40","30,183.85","30,353.26","30,165.30","","0.30%"
"07/10/2024","30,204.60","30,157.33","30,330.99","30,115.78","","0.16%"
"07/09/2024","30,156.93","29,793.51","30,160.59","29,733.41","","1.21%"
"07/08/2024","29,797.83","30,076.95","30,082.28","29,728.25","","-0.99%"
"07/05/2024","30,094.80","30,058.32","30,157.66","29,978.06","","0.17%"
"07/04/2024","30,044.07","30,046.02","30,046.02","29,961.05","","-0.01%"
"07/03/2024","30,046.02","29,621.93","30,098.23","29,615.59","","1.50%"
"07/02/2024","29,600.98","29,725.15","29,771.55","29,542.50","","-0.40%"
"07/01/2024","29,720.12","29,872.54","29,953.93","29,706.45","","-0.59%"
"06/28/2024","29,895.87","29,632.24","29,922.86","29,589.83","","0.88%"
"06/27/2024","29,636.10","29,839.84","29,844.39","29,480.68","","-0.71%"
"06/26/2024","29,848.81","29,889.58","29,960.98","29,777.45","","-0.16%"
"06/25/2024","29,895.85","30,042.88","30,048.34","29,676.28","","-0.54%"
"06/24/2024","30,058.66","29,760.18","30,066.04","29,760.18","","0.93%"
"06/21/2024","29,781.32","29,852.08","29,857.79","29,679.51","","-0.26%"
"06/20/2024","29,857.57","29,692.24","29,950.35","29,692.24","","0.45%"
"06/19/2024","29,724.14","29,798.46","29,828.28","29,667.37","","-0.25%"
"06/18/2024","29,798.46","29,426.51","29,799.56","29,338.45","","1.25%"
"06/17/2024","29,431.94","29,199.68","29,454.38","29,199.68","","0.80%"
"06/14/2024","29,199.68","29,352.30","29,364.12","29,036.15","","-0.43%"
"06/13/2024","29,325.51","29,681.26","29,690.09","29,273.27","","-1.17%"
"06/12/2024","29,673.79","29,376.40","29,770.95","29,325.04","","1.03%"
"06/11/2024","29,372.51","29,533.27","29,598.75","29,281.30","","-0.56%"
"06/10/2024","29,538.35","29,770.60","29,786.58","29,399.01","","-0.96%"
"06/06/2024","29,826.14","29,676.86","29,852.86","29,510.72","","0.28%"
"06/05/2024","29,741.49","29,522.89","29,741.77","29,350.98","","0.78%"
"06/04/2024","29,511.42","30,049.29","30,116.62","29,497.88","","-1.79%"
"06/03/2024","30,049.29","30,211.07","30,279.22","30,049.29","","-0.57%"
"05/31/2024","30,220.40","30,402.23","30,447.42","30,078.49","","-0.61%"
"05/30/2024","30,405.87","30,489.98","30,646.02","30,286.26","","-0.27%"
"05/29/2024","30,488.76","30,738.75","30,739.68","30,382.87","","-0.82%"
"05/28/2024","30,742.03","30,344.32","30,792.08","30,309.32","","1.23%"
"05/27/2024","30,368.62","30,263.37","30,386.21","30,246.59","","0.35%"
"05/24/2024","30,262.97","30,022.77","30,263.26","29,975.59","","0.79%"
"05/23/2024","30,026.79","30,069.68","30,218.94","29,865.40","","-0.15%"
"05/22/2024","30,072.09","30,905.43","30,961.95","30,072.09","","-2.65%"
"05/21/2024","30,891.77","30,609.40","30,926.74","30,609.40","","0.60%"
"05/20/2024","30,708.18","30,086.46","30,710.33","29,932.49","","1.92%"
"05/17/2024","30,129.92","29,946.63","30,349.17","29,945.94","","0.54%"
"05/16/2024","29,967.09","29,996.58","30,057.09","29,898.92","","-0.10%"
"05/15/2024","29,996.58","29,847.27","30,011.49","29,693.80","","0.50%"
"05/14/2024","29,846.87","29,662.88","29,928.75","29,661.77","","0.63%"
"05/13/2024","29,658.90","30,028.83","30,028.83","29,649.43","","-1.21%"
"05/10/2024","30,023.58","29,599.72","30,027.38","29,505.68","","1.43%"
"05/09/2024","29,599.32","29,351.33","29,709.60","29,246.51","","0.83%"
"05/08/2024","29,356.06","29,181.91","29,378.75","29,077.56","","0.62%"
"05/07/2024","29,174.08","29,288.81","29,359.07","29,120.07","","-0.34%"
"05/06/2024","29,275.07","28,975.31","29,411.88","28,966.77","","1.01%"
"05/03/2024","28,983.54","29,060.07","29,060.07","28,634.34","","-0.20%"
"05/02/2024","29,040.99","29,081.37","29,231.91","28,780.58","","-0.49%"
"04/30/2024","29,184.35","29,139.94","29,305.36","28,826.74","","-0.14%"
"04/29/2024","29,223.88","28,904.75","29,251.38","28,698.86","","1.11%"
"04/26/2024","28,902.05","28,581.23","28,911.29","28,581.23","","1.05%"
"04/25/2024","28,602.16","28,139.30","28,700.66","28,134.21","","1.70%"
"04/24/2024","28,122.71","27,902.35","28,127.95","27,847.08","","0.79%"
"04/23/2024","27,902.35","27,757.85","28,136.11","27,652.16","","0.54%"
"04/22/2024","27,752.60","27,600.01","27,757.13","27,536.17","","0.56%"
"04/19/2024","27,599.14","27,685.83","27,728.05","27,481.31","","-0.31%"
"04/18/2024","27,685.83","27,469.23","27,740.30","27,420.71","","0.83%"
"04/17/2024","27,458.98","27,431.75","27,510.93","27,237.74","","0.24%"
"04/16/2024","27,393.84","27,479.40","27,597.01","27,196.31","","-0.22%"
"04/15/2024","27,455.16","27,585.27","27,747.55","27,453.85","","-0.51%"
"04/12/2024","27,595.69","27,961.26","28,220.19","27,564.90","","-1.26%"
"04/11/2024","27,948.39","27,794.20","28,298.54","27,794.20","","0.54%"
"04/10/2024","27,799.43","27,543.59","27,859.76","27,405.84","","0.90%"
"04/09/2024","27,551.05","27,368.96","27,627.53","27,368.96","","0.66%"
"04/08/2024","27,371.18","27,457.56","27,582.55","27,354.01","","-0.39%"
"04/05/2024","27,479.22","28,158.63","28,179.99","27,364.35","","-2.43%"
"04/04/2024","28,164.74","28,363.21","28,472.16","28,164.74","","-0.73%"
"04/03/2024","28,371.28","28,201.14","28,431.02","28,100.00","","0.83%"
"04/02/2024","28,136.64","28,283.36","28,354.88","28,133.88","","-0.48%"
"04/01/2024","28,273.49","28,343.35","28,460.05","28,143.17","","-0.33%"
"03/27/2024","28,366.99","28,788.64","28,896.68","28,344.87","","-1.46%"
"03/26/2024","28,786.70","29,448.87","29,672.54","28,769.28","","-2.48%"
"03/25/2024","29,518.90","29,670.73","29,702.51","29,492.25","","-0.43%"
"03/22/2024","29,647.50","29,632.08","29,648.28","29,467.56","","0.00%"
"03/21/2024","29,648.56","29,726.37","29,831.61","29,601.23","","-0.27%"
"03/20/2024","29,727.98","29,287.74","29,739.64","29,214.02","","1.48%"
"03/19/2024","29,293.67","29,630.30","29,649.97","29,286.62","","-1.19%"
"03/18/2024","29,647.11","29,487.69","29,658.99","29,487.69","","0.47%"
"03/15/2024","29,509.68","29,189.63","29,596.44","29,189.63","","1.10%"
"03/14/2024","29,189.63","29,053.03","29,236.50","28,954.37","","0.47%"
"03/13/2024","29,053.03","28,842.29","29,197.81","28,836.39","","0.80%"
"03/12/2024","28,822.76","28,927.64","28,963.58","28,673.41","","-0.36%"
"03/11/2024","28,927.25","28,696.60","28,963.93","28,688.59","","0.71%"
"03/08/2024","28,722.67","28,907.53","28,912.04","28,607.73","","-0.68%"
"03/07/2024","28,919.99","28,624.64","29,012.37","28,615.16","","1.01%"
"03/06/2024","28,630.65","28,685.15","28,712.71","28,552.90","","-0.19%"
"03/05/2024","28,685.15","28,582.23","29,065.26","28,582.23","","0.17%"
"03/04/2024","28,637.57","28,296.83","28,699.01","28,267.76","","1.08%"
"03/01/2024","28,330.63","28,228.10","28,444.51","28,141.76","","0.35%"
"02/29/2024","28,231.83","28,035.51","28,261.47","27,982.29","","0.64%"
"02/28/2024","28,053.23","28,533.36","28,562.84","28,049.35","","-1.68%"
"02/27/2024","28,532.99","28,585.31","28,683.89","28,526.16","","-0.27%"
"02/26/2024","28,610.15","28,609.96","28,647.47","28,436.06","","-0.01%"
"02/23/2024","28,611.84","28,465.41","28,769.74","28,443.89","","0.52%"
"02/22/2024","28,463.53","28,362.26","28,572.26","28,126.94","","0.29%"
"02/21/2024","28,379.81","28,269.47","28,407.22","28,229.12","","0.36%"
"02/20/2024","28,276.95","28,294.09","28,368.47","28,103.32","","-0.14%"
"02/19/2024","28,317.57","28,343.21","28,347.16","28,192.53","","-0.11%"
"02/16/2024","28,348.77","28,340.69","28,409.24","27,863.62","","0.03%"
"02/15/2024","28,340.32","27,897.73","28,342.60","27,862.51","","1.59%"
"02/14/2024","27,897.73","27,478.68","27,897.73","27,443.46","","1.59%"
"02/13/2024","27,462.02","27,590.49","27,733.16","27,431.95","","-0.70%"
"02/12/2024","27,655.75","27,329.73","27,656.00","27,325.65","","1.12%"
"02/09/2024","27,348.12","27,332.08","27,430.83","27,287.70","","0.24%"
"02/08/2024","27,282.52","27,225.08","27,327.94","27,142.73","","0.19%"
"02/07/2024","27,230.74","27,312.15","27,382.05","27,132.94","","-0.30%"
"02/06/2024","27,311.79","26,999.35","27,312.04","26,909.94","","1.13%"
"02/05/2024","27,005.53","27,044.01","27,149.63","26,881.03","","-0.19%"
"02/02/2024","27,058.13","27,043.63","27,255.01","26,995.91","","-0.02%"
"02/01/2024","27,062.79","26,934.02","27,105.90","26,905.70","","0.48%"
"01/31/2024","26,934.02","26,901.97","26,941.77","26,801.27","","0.07%"
"01/30/2024","26,916.45","27,192.65","27,196.18","26,838.71","","-0.84%"
"01/29/2024","27,145.31","26,821.45","27,163.71","26,818.14","","1.13%"
"01/26/2024","26,841.60","26,441.83","26,892.93","26,420.14","","1.46%"
"01/25/2024","26,455.88","26,349.70","26,468.54","26,340.52","","0.35%"
"01/24/2024","26,364.76","26,494.38","26,494.38","26,214.69","","-0.48%"
"01/23/2024","26,492.27","26,294.85","26,492.27","26,279.41","","0.73%"
"01/22/2024","26,301.17","26,288.20","26,366.02","26,243.21","","0.05%"
"01/19/2024","26,287.50","26,146.43","26,293.20","26,000.59","","0.50%"
"01/18/2024","26,155.86","26,045.40","26,156.10","26,009.63","","0.37%"
"01/17/2024","26,058.62","26,153.28","26,237.57","26,019.44","","-0.44%"
"01/16/2024","26,172.61","25,995.09","26,243.94","25,994.98","","0.68%"
"01/15/2024","25,994.74","26,022.36","26,087.14","25,978.22","","-0.31%"
"01/12/2024","26,075.88","25,813.86","26,169.27","25,737.22","","0.97%"
"01/11/2024","25,826.06","25,833.90","25,984.00","25,748.71","","-0.09%"
"01/10/2024","25,849.27","25,804.49","25,937.86","25,673.12","","0.17%"
"01/09/2024","25,805.53","25,756.80","25,951.64","25,736.64","","0.16%"
"01/08/2024","25,765.51","25,710.37","25,865.01","25,626.45","","0.22%"
"01/05/2024","25,709.68","25,680.30","25,878.85","25,570.70","","0.12%"
"01/04/2024","25,679.61","25,558.39","26,050.74","25,443.74","","0.47%"
"01/03/2024","25,558.39","25,713.11","25,927.76","25,523.89","","-0.88%"
"01/02/2024","25,786.14","25,960.01","25,960.71","25,678.01","","-0.67%"
"01/01/2024","25,960.01","25,852.38","25,974.39","25,630.09","","0.00%"
"12/29/2023","25,960.01","25,852.38","25,974.39","25,630.09","","0.42%"
"12/28/2023","25,851.68","25,880.92","26,119.99","25,837.92","","-0.11%"
"12/27/2023","25,879.52","25,811.53","25,881.14","25,764.50","","0.26%"
"12/26/2023","25,812.58","25,685.80","25,839.52","25,641.17","","0.50%"
"12/25/2023","25,683.02","25,614.13","25,684.10","25,513.66","","0.00%"
"12/22/2023","25,683.02","25,614.13","25,684.10","25,513.66","","0.22%"
"12/21/2023","25,627.66","25,585.26","25,682.65","25,476.14","","0.05%"
"12/20/2023","25,614.27","25,332.95","25,810.85","25,310.67","","1.11%"
"12/19/2023","25,332.61","24,957.72","25,372.29","24,806.00","","1.48%"
"12/18/2023","24,962.39","24,763.34","24,962.39","24,528.92","","0.74%"
"12/15/2023","24,779.81","23,349.62","24,785.71","23,349.62","","6.05%"
"12/14/2023","23,366.06","22,607.33","23,378.84","22,448.79","","3.23%"
"12/13/2023","22,634.17","22,130.78","22,634.57","22,127.27","","2.19%"
"12/12/2023","22,149.54","22,087.02","22,172.46","22,071.99","","0.23%"
"12/11/2023","22,099.31","21,929.75","22,166.41","21,929.75","","0.35%"
"12/07/2023","22,022.64","22,161.51","22,214.15","21,967.77","","-0.62%"
"12/06/2023","22,160.03","22,353.88","22,452.25","22,114.40","","-0.91%"
"12/05/2023","22,363.09","22,319.39","22,373.78","22,128.39","","0.21%"
"12/04/2023","22,317.31","22,366.58","22,454.12","22,252.07","","-0.03%"
"12/01/2023","22,324.37","21,918.90","22,365.75","21,886.99","","1.78%"
"11/30/2023","21,934.44","22,129.45","22,197.52","21,934.44","","-0.91%"
"11/29/2023","22,135.98","21,989.40","22,171.04","21,989.40","","0.34%"
"11/28/2023","22,060.65","21,871.26","22,063.03","21,871.26","","0.82%"
"11/27/2023","21,881.25","22,177.30","22,177.30","21,683.24","","-1.33%"
"11/24/2023","22,177.30","22,141.12","22,292.62","22,098.98","","0.18%"
"11/23/2023","22,137.27","22,066.43","22,137.48","22,053.76","","0.32%"
"11/22/2023","22,066.14","22,365.64","22,408.32","22,047.47","","-1.35%"
"11/21/2023","22,367.74","22,305.66","22,397.68","22,266.42","","0.35%"
"11/20/2023","22,290.43","22,252.62","22,378.06","22,174.09","","0.16%"
"11/17/2023","22,255.93","22,586.98","22,598.17","21,942.76","","-0.32%"
"11/16/2023","22,327.18","22,299.00","22,382.42","22,219.32","","1.27%"
"11/15/2023","22,046.76","22,113.10","22,113.10","21,783.40","","0.88%"
"11/14/2023","21,853.67","21,535.36","21,861.55","21,437.83","","1.48%"
"11/13/2023","21,534.21","21,789.62","21,837.63","21,534.21","","-1.30%"
"11/10/2023","21,818.67","21,672.84","21,847.58","21,615.28","","0.56%"
"11/09/2023","21,697.64","21,642.92","21,780.24","21,637.52","","0.17%"
"11/08/2023","21,660.59","21,629.70","21,717.56","21,577.56","","0.33%"
"11/07/2023","21,590.29","21,573.16","21,668.75","21,565.95","","0.10%"
"11/06/2023","21,568.86","21,419.39","21,582.52","21,419.39","","0.55%"
"11/03/2023","21,451.73","21,796.43","21,796.43","21,293.61","","-1.56%"
"11/02/2023","21,792.38","21,697.87","21,872.87","21,666.11","","-0.11%"
"10/31/2023","21,817.42","21,796.01","21,820.83","21,690.34","","-0.23%"
"10/30/2023","21,867.26","21,934.20","22,022.25","21,781.76","","-0.34%"
"10/27/2023","21,941.31","22,062.68","22,143.80","21,905.02","","-0.54%"
"10/26/2023","22,059.55","22,158.94","22,350.18","22,055.18","","-0.45%"
"10/25/2023","22,158.66","22,222.41","22,266.53","22,158.66","","-0.24%"
"10/24/2023","22,212.93","21,954.35","22,229.76","21,935.36","","1.18%"
"10/23/2023","21,953.78","22,221.27","22,221.27","21,949.56","","-1.02%"
"10/20/2023","22,179.80","22,206.09","22,275.49","22,142.02","","-0.12%"
"10/19/2023","22,206.09","22,201.06","22,232.21","22,132.15","","-0.01%"
"10/18/2023","22,208.81","22,181.06","22,369.32","22,108.69","","-0.12%"
"10/17/2023","22,235.27","22,314.94","22,385.53","22,221.61","","-0.35%"
"10/16/2023","22,312.63","22,128.06","22,312.63","22,082.25","","0.74%"
"10/13/2023","22,148.42","22,166.88","22,334.47","22,148.42","","-0.07%"
"10/12/2023","22,162.84","22,250.39","22,317.04","22,142.68","","-0.39%"
"10/11/2023","22,250.10","22,270.63","22,310.36","22,196.80","","-0.08%"
"10/10/2023","22,268.30","22,289.22","22,296.40","22,175.57","","-0.12%"
"10/09/2023","22,295.60","22,249.83","22,333.30","22,234.42","","0.26%"
"10/06/2023","22,238.78","21,941.53","22,239.32","21,941.12","","1.36%"
"10/05/2023","21,940.38","22,009.19","22,097.64","21,905.96","","-0.31%"
"10/04/2023","22,008.90","22,180.85","22,180.85","21,999.07","","-0.78%"
"10/03/2023","22,180.85","22,158.37","22,255.86","22,056.95","","0.10%"
"10/02/2023","22,158.08","22,543.27","22,546.58","22,158.08","","-1.64%"
"09/29/2023","22,528.40","22,619.43","22,709.40","22,528.40","","-0.40%"
"09/28/2023","22,619.43","22,446.87","22,703.84","22,446.87","","0.40%"
"09/27/2023","22,529.13","22,603.43","22,638.04","22,466.61","","-0.33%"
"09/26/2023","22,603.43","22,707.11","22,719.63","22,591.50","","-0.46%"
"09/25/2023","22,707.11","22,617.32","22,782.35","22,613.69","","0.31%"
"09/22/2023","22,636.93","22,716.11","22,748.74","22,607.63","","-0.40%"
"09/21/2023","22,728.25","22,768.25","22,861.92","22,705.38","","-0.06%"
"09/20/2023","22,742.29","22,663.49","22,891.47","22,663.49","","0.02%"
"09/19/2023","22,737.53","22,928.45","22,987.38","22,737.53","","-0.86%"
"09/18/2023","22,935.25","22,927.61","22,971.05","22,877.07","","-0.12%"
"09/15/2023","22,961.91","23,180.42","23,249.62","22,902.51","","-0.78%"
"09/14/2023","23,143.38","22,788.02","23,152.83","22,788.02","","1.42%"
"09/13/2023","22,818.81","22,775.13","22,855.71","22,775.13","","-0.16%"
"09/12/2023","22,854.54","22,738.20","22,902.88","22,738.20","","0.32%"
"09/11/2023","22,781.57","22,729.71","22,815.86","22,663.09","","0.14%"
"09/08/2023","22,750.51","22,786.07","22,842.48","22,735.95","","-0.14%"
"09/07/2023","22,782.39","22,969.05","22,969.51","22,770.09","","-0.73%"
"09/06/2023","22,950.47","22,965.27","23,020.33","22,926.93","","-0.10%"
"09/05/2023","22,973.35","23,285.01","23,286.47","22,973.35","","-1.19%"
"09/04/2023","23,250.71","23,290.16","23,291.04","23,211.01","","-0.16%"
"09/01/2023","23,287.01","23,121.63","23,297.89","23,107.79","","0.66%"
"08/31/2023","23,133.53","23,350.53","23,392.15","23,111.52","","-0.87%"
"08/29/2023","23,336.30","23,116.27","23,336.50","23,065.28","","0.93%"
"08/28/2023","23,121.59","22,927.33","23,121.79","22,923.99","","0.80%"
"08/25/2023","22,936.96","22,979.97","23,011.63","22,879.46","","-0.19%"
"08/24/2023","22,981.52","23,038.50","23,092.45","22,959.31","","-0.57%"
"08/23/2023","23,112.88","22,939.69","23,125.51","22,838.92","","0.75%"
"08/22/2023","22,941.84","22,883.01","22,981.17","22,825.29","","0.37%"
"08/21/2023","22,857.57","22,738.02","22,874.12","22,662.26","","0.48%"
"08/18/2023","22,747.82","22,830.86","22,876.80","22,665.15","","-0.35%"
"08/17/2023","22,827.07","22,898.55","23,041.59","22,818.85","","-0.31%"
"08/16/2023","22,898.55","22,965.18","23,062.22","22,888.50","","-0.71%"
"08/15/2023","23,062.92","23,225.94","23,245.94","23,019.18","","-0.70%"
"08/14/2023","23,225.00","23,450.36","23,517.95","23,156.58","","-1.02%"
"08/11/2023","23,465.31","23,667.52","23,770.59","23,450.19","","-0.81%"
"08/10/2023","23,656.87","23,846.68","23,920.18","23,656.87","","-0.62%"
"08/09/2023","23,803.86","23,737.08","23,808.35","23,661.35","","0.26%"
"08/08/2023","23,742.21","23,789.77","23,832.39","23,626.45","","-0.27%"
"08/07/2023","23,806.19","23,633.65","23,811.15","23,633.65","","0.65%"
"08/04/2023","23,651.61","23,517.52","23,727.49","23,517.52","","0.23%"
"08/03/2023","23,598.46","23,357.44","23,711.96","23,349.13","","1.06%"
"08/02/2023","23,350.71","23,669.83","23,674.01","23,316.79","","-1.39%"
"08/01/2023","23,679.90","23,509.70","23,681.01","23,442.87","","0.73%"
"07/31/2023","23,509.38","23,167.76","23,545.67","23,163.54","","1.53%"
"07/27/2023","23,155.86","23,384.58","23,384.58","23,110.14","","-0.97%"
"07/26/2023","23,381.66","23,301.62","23,386.09","23,248.84","","0.30%"
"07/25/2023","23,311.96","23,079.88","23,330.68","23,079.88","","0.91%"
"07/24/2023","23,100.77","23,016.76","23,108.82","22,971.44","","0.31%"
"07/21/2023","23,028.30","22,972.08","23,049.47","21,841.11","","0.19%"
"07/20/2023","22,984.90","23,061.83","23,134.55","22,931.53","","-0.40%"
"07/19/2023","23,077.62","23,080.15","23,144.06","22,987.07","","0.08%"
"07/18/2023","23,058.87","23,018.32","23,095.20","22,840.20","","0.41%"
"07/17/2023","22,963.81","22,740.70","22,983.74","22,570.85","","0.90%"
"07/14/2023","22,757.96","22,937.61","22,937.61","22,680.24","","-0.59%"
"07/13/2023","22,893.43","22,634.38","22,908.04","22,634.38","","1.07%"
"07/12/2023","22,650.81","22,570.92","22,700.92","22,566.12","","0.41%"
"07/11/2023","22,557.54","22,783.31","22,783.31","22,533.68","","-0.92%"
"07/10/2023","22,767.67","22,495.35","22,780.79","22,495.35","","1.11%"
"07/07/2023","22,518.83","22,197.09","22,536.94","22,197.09","","1.09%"
"07/06/2023","22,276.12","22,431.11","22,431.11","22,156.59","","-0.50%"
"07/05/2023","22,388.30","22,404.01","22,490.75","22,380.77","","-0.10%"
"07/04/2023","22,410.18","22,354.55","22,437.85","22,354.55","","-0.10%"
"07/03/2023","22,432.26","22,322.98","22,435.97","22,258.21","","0.46%"
"06/30/2023","22,329.75","22,172.15","22,367.05","22,172.15","","0.85%"
"06/28/2023","22,140.73","22,195.95","22,195.95","22,060.95","","-0.25%"
"06/27/2023","22,195.65","22,296.22","22,353.52","22,119.62","","-0.48%"
"06/26/2023","22,303.25","22,248.92","22,344.26","22,214.99","","0.32%"
"06/23/2023","22,233.01","22,423.45","22,484.11","22,161.10","","-0.85%"
"06/22/2023","22,423.14","22,469.36","22,487.89","22,330.29","","-0.43%"
"06/21/2023","22,521.03","22,596.56","22,596.56","22,437.89","","-0.06%"
"06/20/2023","22,534.86","22,566.41","22,583.21","22,470.15","","-0.15%"
"06/19/2023","22,567.66","22,509.92","22,646.28","22,509.92","","-0.07%"
"06/16/2023","22,584.26","22,485.41","22,620.76","22,403.67","","0.62%"
"06/15/2023","22,445.04","22,386.79","22,471.36","22,359.06","","0.29%"
"06/14/2023","22,379.73","22,277.64","22,548.02","22,269.41","","0.41%"
"06/13/2023","22,287.69","22,024.21","22,287.89","22,020.04","","1.03%"
"06/12/2023","22,059.89","21,998.76","22,155.42","21,998.76","","0.27%"
"06/09/2023","22,001.17","22,274.25","22,274.25","21,995.62","","-1.06%"
"06/08/2023","22,237.14","22,115.86","22,265.31","22,056.04","","0.61%"
"06/07/2023","22,102.59","21,967.93","22,142.36","21,967.93","","0.24%"
"06/06/2023","22,050.69","21,936.17","22,056.31","21,921.28","","0.52%"
"06/05/2023","21,937.36","21,829.26","21,947.46","21,817.19","","0.42%"
"06/02/2023","21,845.24","21,414.07","21,879.36","21,414.07","","1.63%"
"06/01/2023","21,494.85","21,154.33","21,522.29","21,154.33","","1.49%"
"05/31/2023","21,178.83","21,163.50","21,209.13","21,060.88","","0.08%"
"05/30/2023","21,161.78","21,334.33","21,334.33","21,060.89","","-0.65%"
"05/29/2023","21,300.13","21,237.32","21,558.56","21,205.76","","0.28%"
"05/26/2023","21,240.50","21,249.78","21,266.99","21,179.24","","-0.01%"
"05/25/2023","21,242.29","21,414.89","21,476.36","21,240.73","","-0.76%"
"05/24/2023","21,405.58","21,524.70","21,577.27","21,365.24","","-0.88%"
"05/23/2023","21,595.53","21,651.25","21,738.40","21,586.04","","-0.26%"
"05/22/2023","21,651.84","21,632.85","21,681.61","21,580.20","","0.09%"
"05/19/2023","21,633.44","21,595.96","21,676.89","21,534.82","","0.21%"
"05/18/2023","21,587.79","21,735.63","22,037.26","21,493.13","","-0.72%"
"05/17/2023","21,744.45","21,716.74","21,831.09","21,648.39","","0.09%"
"05/16/2023","21,725.85","21,642.55","21,827.97","21,592.75","","0.46%"
"05/15/2023","21,625.72","21,526.84","21,632.93","21,520.22","","0.42%"
"05/12/2023","21,535.66","21,721.65","21,769.81","21,457.93","","-0.83%"
"05/11/2023","21,715.12","21,827.24","21,855.12","21,639.56","","-0.86%"
"05/10/2023","21,903.67","22,298.69","22,298.69","21,783.59","","-1.73%"
"05/09/2023","22,289.63","22,328.83","22,404.18","22,245.51","","-0.18%"
"05/08/2023","22,328.83","22,155.37","22,406.43","22,132.76","","0.78%"
"05/05/2023","22,155.37","21,565.55","22,210.19","21,556.08","","2.48%"
"05/04/2023","21,619.07","21,757.54","21,856.07","21,602.76","","-0.59%"
"05/03/2023","21,748.46","21,737.39","21,855.19","21,723.32","","0.03%"
"05/02/2023","21,741.49","21,814.92","21,842.44","21,725.64","","-0.37%"
"04/28/2023","21,822.57","21,973.48","21,975.47","21,760.82","","-0.69%"
"04/27/2023","21,974.66","22,011.33","22,057.96","21,846.59","","0.16%"
"04/26/2023","21,940.47","22,137.30","22,157.62","21,900.70","","-0.90%"
"04/25/2023","22,138.78","22,331.92","22,338.99","22,083.23","","-0.93%"
"04/24/2023","22,345.61","22,269.10","22,649.96","22,250.93","","0.28%"
"04/21/2023","22,282.13","22,504.74","22,529.04","22,212.42","","-0.85%"
"04/20/2023","22,473.41","22,504.09","22,626.20","22,437.90","","-0.12%"
"04/19/2023","22,501.12","22,497.57","22,543.05","22,448.50","","-0.05%"
"04/18/2023","22,511.27","22,397.29","22,555.85","22,346.76","","0.52%"
"04/17/2023","22,394.93","22,512.56","22,526.79","22,366.72","","-0.37%"
"04/14/2023","22,477.45","22,492.59","22,560.05","22,394.63","","0.09%"
"04/13/2023","22,456.33","22,283.03","22,531.72","22,283.03","","0.78%"
"04/12/2023","22,283.32","22,273.90","22,469.78","22,273.90","","0.04%"
"04/11/2023","22,274.24","22,150.68","22,381.28","22,145.20","","0.73%"
"04/10/2023","22,111.82","21,874.51","22,125.88","21,874.51","","0.89%"
"04/07/2023","21,915.78","21,986.49","21,988.35","21,761.05","","0.00%"
"04/05/2023","21,915.78","21,986.49","21,988.35","21,761.05","","-0.35%"
"04/04/2023","21,991.73","21,942.28","22,030.81","21,924.02","","-0.03%"
"04/03/2023","21,998.26","21,896.28","22,081.57","21,891.57","","0.46%"
"03/31/2023","21,898.03","21,907.78","21,931.99","21,832.66","","-0.05%"
"03/30/2023","21,909.53","21,897.32","21,940.16","21,834.36","","0.00%"
"03/29/2023","21,910.46","21,789.11","21,961.89","21,768.78","","0.59%"
"03/28/2023","21,782.46","21,613.70","21,793.36","21,512.30","","0.78%"
"03/27/2023","21,614.28","21,389.13","21,644.26","21,354.13","","1.00%"
"03/24/2023","21,401.03","21,379.73","21,411.29","21,304.66","","0.05%"
"03/23/2023","21,391.08","21,660.63","21,663.76","21,379.76","","-1.19%"
"03/22/2023","21,649.72","21,652.68","21,706.36","21,587.92","","-0.02%"
"03/21/2023","21,653.54","21,428.91","21,708.02","21,428.91","","1.02%"
"03/20/2023","21,434.58","21,424.81","21,450.01","21,262.10","","-0.05%"
"03/17/2023","21,445.16","21,374.05","21,483.76","21,272.32","","0.32%"
"03/16/2023","21,376.31","21,442.50","21,442.50","21,217.64","","-0.25%"
"03/15/2023","21,430.39","21,769.40","21,813.08","21,293.41","","-1.56%"
"03/14/2023","21,769.69","21,589.74","21,839.94","21,512.24","","0.82%"
"03/13/2023","21,592.02","21,590.47","21,870.80","21,581.15","","-0.06%"
"03/10/2023","21,604.65","21,764.65","21,769.61","21,592.71","","-0.72%"
"03/09/2023","21,760.62","22,072.63","22,077.30","21,739.04","","-1.41%"
"03/08/2023","22,072.05","21,956.87","22,072.05","21,952.82","","0.51%"
"03/07/2023","21,959.59","22,133.72","22,194.67","21,909.14","","-0.78%"
"03/06/2023","22,131.68","22,229.72","22,264.91","22,062.12","","-0.50%"
"03/03/2023","22,242.54","22,059.55","22,270.47","21,967.09","","1.00%"
"03/02/2023","22,022.05","22,005.25","22,152.14","21,991.90","","0.08%"
"03/01/2023","22,005.25","21,612.35","22,047.25","21,488.46","","1.99%"
"02/28/2023","21,576.43","21,566.00","21,640.22","21,514.23","","0.05%"
"02/27/2023","21,565.90","21,601.81","21,691.90","21,552.26","","-0.17%"
"02/24/2023","21,601.70","21,523.71","21,672.75","21,456.19","","0.29%"
"02/23/2023","21,539.57","21,703.27","21,750.54","21,519.42","","-0.76%"
"02/22/2023","21,704.88","21,884.18","21,887.27","21,667.38","","-0.73%"
"02/21/2023","21,864.75","21,968.21","22,072.69","21,864.75","","-0.28%"
"02/20/2023","21,925.12","21,936.04","21,998.01","21,911.62","","-0.10%"
"02/17/2023","21,947.45","21,969.83","21,990.37","21,864.00","","-0.10%"
"02/16/2023","21,969.55","21,878.79","21,998.22","21,840.20","","0.40%"
"02/15/2023","21,882.66","21,942.99","22,052.74","21,751.83","","-0.22%"
"02/14/2023","21,931.85","22,053.90","22,141.72","21,898.13","","-0.36%"
"02/13/2023","22,010.46","21,711.19","22,010.46","21,651.45","","1.45%"
"02/10/2023","21,695.78","22,346.38","22,353.98","21,666.98","","-2.70%"
"02/09/2023","22,298.89","22,462.75","22,504.24","22,298.89","","-0.45%"
"02/08/2023","22,400.07","22,319.22","22,443.47","22,319.12","","0.36%"
"02/07/2023","22,319.12","22,287.60","22,372.26","22,188.61","","0.29%"
"02/06/2023","22,254.65","22,252.56","22,305.07","22,156.22","","0.20%"
"02/03/2023","22,210.56","22,329.73","22,558.47","22,189.26","","-0.85%"
"02/02/2023","22,400.11","22,571.42","22,579.06","22,281.11","","-0.83%"
"02/01/2023","22,587.24","22,429.84","22,606.71","22,354.11","","0.76%"
"01/31/2023","22,416.72","22,394.02","22,504.99","22,355.18","","0.04%"
"01/30/2023","22,406.82","22,679.18","22,758.67","22,376.74","","-1.07%"
"01/27/2023","22,648.38","22,917.47","22,917.47","22,638.19","","-1.11%"
"01/26/2023","22,901.64","23,128.40","23,128.40","22,781.05","","-0.84%"
"01/25/2023","23,096.37","23,171.61","23,263.25","23,096.37","","-0.20%"
"01/24/2023","23,141.56","22,948.29","23,141.75","22,939.62","","0.75%"
"01/23/2023","22,968.92","23,040.02","23,076.19","22,935.26","","-0.16%"
"01/20/2023","23,006.60","22,970.96","23,011.46","22,823.11","","0.14%"
"01/19/2023","22,973.34","22,863.51","23,115.20","22,863.51","","0.35%"
"01/18/2023","22,892.14","22,793.49","23,091.02","22,762.55","","0.45%"
"01/17/2023","22,790.51","23,113.53","23,150.12","22,747.73","","-1.46%"
"01/16/2023","23,127.41","23,237.54","23,315.12","23,079.20","","-0.47%"
"01/13/2023","23,236.32","23,002.62","23,236.32","23,002.62","","0.97%"
"01/12/2023","23,012.94","22,560.99","23,029.42","22,476.42","","1.97%"
"01/11/2023","22,567.84","22,743.89","22,786.43","22,567.84","","-0.79%"
"01/10/2023","22,746.89","22,545.63","22,802.30","22,521.75","","0.89%"
"01/09/2023","22,545.33","22,275.08","22,617.62","22,267.71","","1.27%"
"01/06/2023","22,262.45","21,834.83","22,280.30","21,834.83","","1.69%"
"01/05/2023","21,891.62","21,772.91","22,104.40","21,700.64","","0.56%"
"01/04/2023","21,768.94","21,472.25","21,800.90","21,449.06","","1.32%"
"01/03/2023","21,484.90","21,383.17","21,554.73","21,381.13","","0.50%"
"01/02/2023","21,377.55","21,327.81","21,377.55","21,327.81","","0.22%"
"12/30/2022","21,330.51","21,251.62","21,447.09","21,251.62","","-0.02%"
"12/29/2022","21,333.82","21,304.78","21,334.00","21,222.01","","0.15%"
"12/28/2022","21,302.55","21,377.46","21,395.25","21,208.53","","-0.21%"
"12/27/2022","21,347.23","21,192.06","21,371.30","21,168.71","","0.84%"
"12/26/2022","21,168.78","21,138.09","21,168.78","21,112.38","","0.08%"
"12/23/2022","21,151.38","20,903.93","21,173.54","20,903.93","","0.79%"
"12/22/2022","20,986.59","21,149.66","21,154.97","20,910.51","","-0.77%"
"12/21/2022","21,149.66","21,126.63","21,246.53","21,118.34","","0.00%"
"12/20/2022","21,149.25","20,946.63","21,245.04","20,946.63","","0.75%"
"12/19/2022","20,991.93","20,980.16","21,075.22","20,934.91","","0.01%"
"12/16/2022","20,989.45","21,112.53","21,183.05","20,977.86","","-0.58%"
"12/15/2022","21,112.53","21,456.52","21,503.24","21,112.53","","-1.32%"
"12/14/2022","21,394.10","21,516.72","21,614.13","21,362.93","","-0.57%"
"12/13/2022","21,516.44","21,642.40","21,862.18","21,492.96","","-0.58%"
"12/12/2022","21,641.83","22,026.12","22,132.32","21,641.83","","-2.33%"
"12/07/2022","22,158.72","22,050.76","22,186.66","21,264.65","","0.49%"
"12/06/2022","22,050.76","22,091.99","22,221.62","22,010.20","","-0.40%"
"12/05/2022","22,138.81","22,448.88","22,448.88","22,059.03","","-1.25%"
"12/02/2022","22,419.40","22,483.69","22,497.11","22,268.04","","-0.23%"
"12/01/2022","22,470.78","22,581.31","22,594.69","22,284.38","","0.07%"
"11/30/2022","22,455.13","22,207.11","22,500.90","22,119.61","","1.29%"
"11/29/2022","22,168.50","22,048.80","22,205.49","21,954.77","","0.71%"
"11/28/2022","22,013.22","22,469.35","22,524.73","21,987.46","","-2.11%"
"11/25/2022","22,487.41","22,546.85","22,577.98","22,395.96","","-0.11%"
"11/24/2022","22,512.97","22,446.33","22,526.32","22,391.47","","0.12%"
"11/23/2022","22,487.10","22,334.37","22,553.56","22,323.74","","0.83%"
"11/22/2022","22,302.48","21,889.75","22,346.40","21,889.18","","1.95%"
"11/21/2022","21,875.91","21,883.25","22,014.91","21,808.44","","-0.10%"
"11/18/2022","21,896.96","21,788.02","21,988.10","21,788.02","","0.17%"
"11/17/2022","21,860.62","22,169.14","22,251.86","21,812.97","","-1.26%"
"11/16/2022","22,140.25","22,392.86","22,417.34","22,140.22","","-0.73%"
"11/15/2022","22,303.02","22,380.52","22,380.90","22,158.71","","-0.35%"
"11/14/2022","22,381.62","22,295.29","22,482.23","22,075.48","","0.37%"
"11/11/2022","22,298.67","22,070.69","22,415.25","22,061.53","","1.07%"
"11/10/2022","22,062.23","21,819.86","22,295.16","21,710.10","","1.14%"
"11/09/2022","21,812.59","21,964.57","22,033.72","21,687.17","","-0.68%"
"11/08/2022","21,960.91","22,029.11","22,183.24","21,951.01","","-0.31%"
"11/07/2022","22,029.11","21,946.41","22,106.77","21,829.90","","0.62%"
"11/04/2022","21,893.14","21,029.45","21,893.16","21,020.51","","4.24%"
"11/03/2022","21,003.28","20,881.74","21,098.12","20,750.91","","0.66%"
"11/02/2022","20,866.42","21,182.08","21,440.89","20,846.24","","-1.08%"
"10/31/2022","21,095.21","20,995.69","21,155.36","20,986.26","","0.61%"
"10/28/2022","20,967.74","21,035.19","21,114.74","20,893.53","","-0.38%"
"10/27/2022","21,047.63","20,953.43","21,057.09","20,769.38","","0.22%"
"10/26/2022","21,002.13","20,671.24","21,032.58","20,671.24","","1.29%"
"10/25/2022","20,735.49","20,223.20","20,737.54","20,223.20","","2.53%"
"10/24/2022","20,223.20","20,464.47","20,503.83","20,222.02","","-1.26%"
"10/21/2022","20,480.39","20,166.23","20,480.39","20,125.25","","1.57%"
"10/20/2022","20,163.96","20,131.47","20,212.76","20,083.61","","0.24%"
"10/19/2022","20,115.57","20,207.07","20,272.11","20,070.02","","-0.43%"
"10/18/2022","20,203.26","20,100.27","20,229.52","20,055.55","","0.63%"
"10/17/2022","20,077.32","19,759.11","20,077.49","19,676.11","","1.71%"
"10/14/2022","19,739.58","19,920.59","20,085.47","19,716.47","","-1.13%"
"10/13/2022","19,966.11","19,889.65","20,007.18","19,708.67","","0.50%"
"10/12/2022","19,866.95","19,868.57","19,979.21","19,748.76","","0.19%"
"10/11/2022","19,829.88","19,949.39","19,965.86","19,800.94","","-0.51%"
"10/10/2022","19,930.80","20,110.63","20,133.74","19,930.80","","-0.89%"
"10/07/2022","20,110.63","20,379.07","20,404.89","20,110.63","","-1.32%"
"10/06/2022","20,378.81","20,268.01","20,378.98","20,223.13","","0.55%"
"10/05/2022","20,268.01","20,288.01","20,295.52","20,100.85","","0.00%"
"10/04/2022","20,267.50","19,886.35","20,267.50","19,879.44","","2.02%"
"10/03/2022","19,866.28","19,456.60","19,876.17","19,384.80","","2.15%"
"09/30/2022","19,448.06","19,368.03","19,676.08","19,356.44","","0.40%"
"09/29/2022","19,370.95","19,339.22","19,421.97","19,238.07","","0.27%"
"09/28/2022","19,318.66","18,811.91","19,355.23","18,732.23","","2.81%"
"09/27/2022","18,791.21","18,686.07","18,908.81","18,684.97","","0.56%"
"09/26/2022","18,685.83","18,917.82","18,919.67","18,669.36","","-1.24%"
"09/23/2022","18,920.73","19,476.31","19,476.31","18,909.05","","-2.84%"
"09/22/2022","19,474.31","19,601.19","19,656.37","19,439.00","","-0.94%"
"09/21/2022","19,659.51","19,605.15","19,659.51","19,483.56","","0.39%"
"09/20/2022","19,583.07","19,498.18","19,606.78","19,402.14","","0.53%"
"09/19/2022","19,479.83","19,348.05","19,479.99","19,280.89","","0.60%"
"09/16/2022","19,363.78","19,392.46","19,436.95","19,178.37","","0.02%"
"09/15/2022","19,359.57","19,261.74","19,433.31","19,226.36","","0.48%"
"09/14/2022","19,266.75","19,319.36","19,373.70","19,265.17","","-0.24%"
"09/13/2022","19,312.35","19,570.23","19,570.23","19,295.13","","-1.26%"
"09/12/2022","19,558.32","19,546.26","19,693.61","19,483.04","","0.06%"
"09/09/2022","19,546.26","19,195.40","19,549.00","19,188.45","","1.93%"
"09/08/2022","19,176.64","19,017.09","19,176.64","18,927.85","","0.91%"
"09/07/2022","19,003.91","18,848.22","19,011.58","18,789.36","","0.83%"
"09/06/2022","18,848.22","18,913.86","18,913.86","18,826.83","","-0.29%"
"09/05/2022","18,903.16","18,747.63","18,909.97","18,747.63","","0.77%"
"09/02/2022","18,758.27","18,441.22","18,829.16","18,441.22","","1.70%"
"09/01/2022","18,445.53","18,855.74","18,855.74","18,422.05","","-2.16%"
"08/31/2022","18,853.05","19,085.81","19,189.94","18,853.05","","-1.62%"
"08/29/2022","19,163.57","19,436.58","19,438.55","19,163.57","","-1.43%"
"08/26/2022","19,441.92","19,587.95","19,614.28","19,386.36","","-0.66%"
"08/25/2022","19,571.69","19,593.05","19,631.18","19,495.52","","-0.01%"
"08/24/2022","19,573.07","19,614.88","19,614.88","19,540.03","","-0.11%"
"08/23/2022","19,594.33","19,429.43","19,603.93","19,325.08","","0.96%"
"08/22/2022","19,407.94","19,628.42","19,669.66","19,359.55","","-1.33%"
"08/19/2022","19,668.62","19,847.50","19,891.12","19,626.60","","-0.94%"
"08/18/2022","19,854.48","19,931.40","19,991.00","19,742.75","","-0.31%"
"08/17/2022","19,915.33","20,155.01","20,179.15","19,888.39","","-1.51%"
"08/16/2022","20,221.08","20,066.74","20,233.16","19,975.39","","0.67%"
"08/15/2022","20,087.04","20,311.69","20,334.66","19,992.17","","-1.10%"
"08/12/2022","20,311.43","20,379.68","20,466.77","20,231.37","","-0.30%"
"08/11/2022","20,372.32","20,338.33","20,493.28","20,293.36","","0.16%"
"08/10/2022","20,338.85","19,914.18","20,340.85","19,826.42","","2.23%"
"08/09/2022","19,895.96","19,914.70","19,929.36","19,767.31","","-0.03%"
"08/08/2022","19,901.26","19,421.45","19,941.62","19,421.35","","2.47%"
"08/05/2022","19,421.20","19,319.88","19,424.18","19,244.47","","0.55%"
"08/04/2022","19,314.42","19,285.41","19,350.10","19,227.33","","0.28%"
"08/03/2022","19,261.28","19,362.30","19,540.64","19,212.07","","-0.54%"
"08/02/2022","19,366.25","19,055.46","19,380.33","19,055.19","","1.63%"
"08/01/2022","19,054.73","19,298.58","19,298.58","19,011.64","","-1.24%"
"07/27/2022","19,293.66","19,338.65","19,350.39","19,153.63","","-0.12%"
"07/26/2022","19,316.21","19,152.98","19,355.18","19,149.12","","0.91%"
"07/25/2022","19,142.22","19,236.34","19,271.16","19,100.64","","-0.53%"
"07/22/2022","19,245.18","19,056.86","19,277.21","19,051.02","","1.07%"
"07/21/2022","19,040.82","18,644.97","19,040.82","18,614.13","","2.12%"
"07/20/2022","18,644.97","18,473.43","18,675.38","18,433.46","","0.96%"
"07/19/2022","18,467.71","18,226.06","18,485.26","18,155.95","","1.35%"
"07/18/2022","18,221.86","17,834.89","18,258.46","17,834.39","","2.18%"
"07/15/2022","17,833.52","17,756.92","17,853.98","17,587.41","","0.46%"
"07/14/2022","17,752.60","18,282.90","18,282.90","17,547.51","","-2.90%"
"07/13/2022","18,282.90","18,466.70","18,466.70","18,200.15","","-0.98%"
"07/12/2022","18,462.98","18,504.12","18,691.66","18,461.48","","-0.22%"
"07/11/2022","18,504.12","18,624.03","18,742.76","18,500.64","","-0.80%"
"07/08/2022","18,652.88","18,682.46","18,709.75","18,562.25","","-0.02%"
"07/07/2022","18,656.09","18,066.29","18,658.77","18,064.12","","3.30%"
"07/06/2022","18,060.26","18,310.04","18,310.04","17,960.38","","-1.27%"
"07/05/2022","18,292.04","18,472.25","18,472.25","18,094.37","","-0.87%"
"07/04/2022","18,452.25","18,459.22","18,477.42","18,375.42","","-0.04%"
"07/01/2022","18,458.98","18,380.18","18,538.11","18,321.24","","0.38%"
"06/30/2022","18,388.82","18,657.18","18,663.49","18,289.20","","-1.53%"
"06/28/2022","18,674.67","18,814.76","19,006.99","18,674.67","","-0.75%"
"06/27/2022","18,815.01","18,893.96","18,918.33","18,784.59","","-0.21%"
"06/24/2022","18,855.08","18,500.74","18,859.40","18,423.58","","1.92%"
"06/23/2022","18,500.50","19,024.32","19,029.50","18,420.64","","-2.83%"
"06/22/2022","19,038.61","19,555.74","19,555.74","18,984.65","","-2.53%"
"06/21/2022","19,532.13","19,473.65","19,690.57","19,399.05","","0.42%"
"06/20/2022","19,450.42","19,380.83","19,450.59","19,359.37","","0.35%"
"06/17/2022","19,382.92","19,412.63","19,505.23","19,370.42","","-0.04%"
"06/16/2022","19,391.21","19,831.80","19,831.80","19,390.60","","-1.99%"
"06/15/2022","19,784.71","19,583.85","19,799.35","19,484.57","","1.13%"
"06/14/2022","19,563.03","19,838.01","19,838.01","19,490.33","","-1.38%"
"06/13/2022","19,837.75","20,228.30","20,231.52","19,639.87","","-1.93%"
"06/10/2022","20,228.03","20,391.72","20,391.72","20,180.45","","-0.70%"
"06/09/2022","20,371.64","20,627.70","20,629.67","20,349.37","","-1.24%"
"06/08/2022","20,627.70","20,619.42","20,650.97","20,465.01","","0.03%"
"06/07/2022","20,620.52","20,533.92","20,659.12","20,494.46","","0.33%"
"06/06/2022","20,553.71","20,895.51","20,963.80","20,541.79","","-1.55%"
"06/03/2022","20,876.94","21,068.27","21,078.66","20,869.66","","-0.96%"
"06/02/2022","21,079.07","20,695.09","21,140.22","20,695.09","","1.81%"
"06/01/2022","20,703.97","20,717.36","20,793.31","20,651.85","","-0.07%"
"05/31/2022","20,719.04","20,984.16","20,984.16","20,715.82","","-1.26%"
"05/30/2022","20,983.59","20,859.88","20,983.59","20,844.48","","0.59%"
"05/27/2022","20,859.88","20,560.09","20,945.98","20,560.09","","1.41%"
"05/26/2022","20,569.08","20,384.63","20,636.59","20,384.63","","0.90%"
"05/25/2022","20,384.63","20,407.55","20,500.16","20,290.54","","-0.16%"
"05/24/2022","20,416.92","20,486.77","20,529.53","20,280.45","","-0.38%"
"05/23/2022","20,493.94","20,292.13","20,608.11","20,266.19","","0.95%"
"05/20/2022","20,300.29","20,229.24","20,300.29","20,077.22","","0.35%"
"05/19/2022","20,229.24","20,008.70","20,301.72","19,986.81","","1.99%"
"05/18/2022","19,833.91","20,270.56","20,272.42","19,831.63","","-2.14%"
"05/17/2022","20,266.79","20,039.33","20,507.64","20,039.33","","1.09%"
"05/16/2022","20,047.30","19,905.81","20,165.59","19,858.64","","1.04%"
"05/13/2022","19,841.21","19,159.30","20,018.03","19,159.30","","3.28%"
"05/12/2022","19,211.48","19,728.32","19,772.46","19,211.48","","-2.66%"
"05/11/2022","19,736.14","19,857.21","19,965.98","19,725.26","","-0.48%"
"05/10/2022","19,831.27","20,053.82","20,194.80","19,742.60","","-1.03%"
"05/09/2022","20,038.09","20,901.44","20,901.44","20,038.09","","-4.12%"
"05/06/2022","20,898.15","21,063.15","21,159.28","20,763.91","","-0.82%"
"05/05/2022","21,070.93","22,469.02","22,469.02","21,008.51","","-6.22%"
"05/04/2022","22,469.02","22,584.09","22,620.63","22,254.27","","-0.55%"
"05/03/2022","22,593.85","22,382.19","22,773.76","22,382.19","","0.93%"
"05/02/2022","22,386.28","22,841.14","22,868.94","22,308.86","","-1.90%"
"04/29/2022","22,818.90","22,607.92","22,865.75","22,607.92","","0.93%"
"04/28/2022","22,607.92","22,454.24","22,639.98","22,350.19","","0.64%"
"04/27/2022","22,463.04","22,172.87","22,685.54","22,172.87","","1.32%"
"04/26/2022","22,171.42","22,320.24","22,320.53","21,978.10","","-0.66%"
"04/25/2022","22,319.36","23,327.10","23,375.83","22,185.75","","-4.36%"
"04/22/2022","23,337.62","23,637.01","23,741.11","23,295.11","","-1.31%"
"04/21/2022","23,647.13","23,740.48","23,790.25","23,558.64","","-0.44%"
"04/20/2022","23,750.72","23,383.50","23,779.67","23,328.22","","1.67%"
"04/19/2022","23,360.80","23,547.03","23,593.07","23,332.54","","-0.81%"
"04/18/2022","23,552.38","23,701.69","23,937.86","23,521.65","","-0.67%"
"04/13/2022","23,711.85","23,958.65","24,096.09","23,674.99","","-1.02%"
"04/12/2022","23,957.05","24,277.35","24,418.12","23,938.87","","-1.34%"
"04/11/2022","24,281.92","24,251.74","24,386.25","24,204.74","","0.09%"
"04/08/2022","24,260.24","24,538.01","24,689.16","24,250.33","","-1.57%"
"04/07/2022","24,647.51","24,767.98","24,799.24","24,570.53","","0.17%"
"04/06/2022","24,606.86","24,948.10","24,988.99","24,579.61","","-1.41%"
"04/05/2022","24,958.23","25,027.98","25,336.89","24,928.29","","0.06%"
"04/04/2022","24,942.79","24,929.84","24,971.16","24,785.67","","0.01%"
"04/01/2022","24,940.80","24,921.60","25,025.95","24,676.88","","0.10%"
"03/31/2022","24,915.50","25,196.49","25,251.94","24,902.92","","-1.12%"
"03/30/2022","25,196.49","25,269.19","25,504.56","25,158.32","","-0.25%"
"03/29/2022","25,259.02","25,344.74","25,416.17","25,239.53","","-0.34%"
"03/28/2022","25,344.74","25,558.94","25,571.25","25,329.54","","-0.87%"
"03/25/2022","25,567.83","25,379.95","25,601.87","25,374.63","","0.81%"
"03/24/2022","25,363.65","25,631.01","25,794.18","25,349.22","","-1.09%"
"03/23/2022","25,642.58","25,433.68","25,644.78","25,433.68","","0.82%"
"03/22/2022","25,433.68","25,377.46","25,517.31","25,359.91","","0.21%"
"03/21/2022","25,380.82","25,079.62","25,546.58","25,079.62","","1.20%"
"03/18/2022","25,079.62","24,932.67","25,102.83","24,814.19","","0.59%"
"03/17/2022","24,932.67","24,582.74","25,089.04","24,568.23","","1.43%"
"03/16/2022","24,581.75","24,304.28","24,673.10","24,285.24","","1.16%"
"03/15/2022","24,301.03","24,428.72","24,559.73","24,300.60","","-0.52%"
"03/14/2022","24,428.72","24,777.57","24,787.39","24,359.53","","-1.40%"
"03/11/2022","24,774.89","24,790.57","24,874.48","24,712.53","","-0.06%"
"03/10/2022","24,790.57","24,754.65","24,922.33","24,622.91","","0.15%"
"03/09/2022","24,754.65","24,568.82","24,781.37","24,382.23","","0.73%"
"03/08/2022","24,575.39","24,273.05","24,817.87","24,273.05","","1.20%"
"03/07/2022","24,282.84","24,825.04","24,856.75","24,282.84","","-2.18%"
"03/04/2022","24,824.94","24,443.87","24,826.28","24,443.87","","1.52%"
"03/03/2022","24,452.39","24,244.77","24,462.02","24,244.77","","0.85%"
"03/02/2022","24,247.04","24,167.13","24,298.24","24,094.94","","0.41%"
"03/01/2022","24,148.33","23,760.01","24,191.86","23,756.31","","1.68%"
"02/28/2022","23,749.03","23,770.34","23,780.58","23,521.71","","-0.14%"
"02/25/2022","23,781.61","23,124.64","23,781.61","23,088.84","","2.93%"
"02/24/2022","23,104.55","23,418.63","23,453.93","22,709.05","","-1.22%"
"02/23/2022","23,390.74","23,382.69","23,505.99","23,321.12","","-0.01%"
"02/22/2022","23,392.41","23,771.96","23,798.48","23,346.79","","-1.50%"
"02/21/2022","23,748.29","23,717.77","23,803.69","23,706.31","","0.13%"
"02/18/2022","23,717.45","23,893.26","23,893.26","23,656.11","","-0.64%"
"02/17/2022","23,871.17","24,067.93","24,172.55","23,827.00","","-0.78%"
"02/16/2022","24,057.97","24,215.17","24,384.50","24,052.46","","-0.70%"
"02/15/2022","24,228.56","23,710.74","24,250.87","23,667.46","","2.22%"
"02/14/2022","23,702.63","23,857.84","23,957.32","23,573.04","","-0.09%"
"02/11/2022","23,723.92","23,569.61","23,935.84","23,447.27","","0.75%"
"02/10/2022","23,547.57","23,779.92","24,083.76","23,541.87","","-0.98%"
"02/09/2022","23,779.60","23,495.54","23,854.26","23,406.12","","1.30%"
"02/08/2022","23,473.83","22,443.60","23,613.39","22,431.38","","4.54%"
"02/07/2022","22,454.99","22,280.96","22,464.41","22,171.93","","0.79%"
"02/04/2022","22,280.09","22,271.75","22,426.37","22,190.97","","0.32%"
"02/03/2022","22,209.59","22,484.89","22,502.42","22,197.97","","-1.21%"
"02/02/2022","22,481.11","22,717.88","22,717.88","22,332.42","","-0.94%"
"02/01/2022","22,694.51","22,891.97","23,077.07","22,650.74","","-1.09%"
"01/31/2022","22,943.81","22,645.12","22,973.44","22,581.35","","1.30%"
"01/28/2022","22,649.82","22,538.26","22,665.93","22,533.74","","0.45%"
"01/27/2022","22,548.83","22,549.52","22,702.75","22,536.56","","0.00%"
"01/26/2022","22,547.75","22,832.53","22,916.98","22,404.68","","-1.14%"
"01/25/2022","22,807.64","22,779.87","22,841.19","22,524.85","","0.11%"
"01/24/2022","22,783.12","22,945.18","22,945.18","22,409.07","","-0.71%"
"01/21/2022","22,944.88","23,351.31","23,382.38","22,904.91","","-1.65%"
"01/20/2022","23,329.78","23,508.53","23,571.23","23,300.97","","-0.62%"
"01/19/2022","23,475.13","23,362.83","23,494.65","23,194.83","","0.68%"
"01/18/2022","23,316.33","23,420.14","23,420.83","23,266.73","","-0.43%"
"01/17/2022","23,418.02","23,499.35","23,504.27","23,285.55","","-0.29%"
"01/14/2022","23,486.60","23,672.36","23,672.36","23,344.29","","-0.71%"
"01/13/2022","23,653.52","23,552.76","23,745.54","23,502.57","","0.53%"
"01/12/2022","23,528.92","22,808.17","23,529.12","22,724.22","","3.26%"
"01/11/2022","22,786.60","22,352.65","22,820.97","22,320.43","","1.93%"
"01/10/2022","22,355.24","22,375.86","22,391.39","22,204.58","","0.00%"
"01/07/2022","22,355.39","22,196.34","22,417.03","22,091.82","","0.82%"
"01/06/2022","22,172.87","21,831.60","22,254.58","21,797.74","","1.57%"
"01/05/2022","21,830.77","21,590.32","21,988.60","21,553.13","","1.26%"
"01/04/2022","21,560.09","21,164.14","21,582.09","21,043.10","","1.87%"
"01/03/2022","21,163.87","21,111.73","21,171.39","21,047.77","","0.38%"
"12/31/2021","21,082.90","21,126.86","21,204.04","21,070.60","","-0.35%"
"12/30/2021","21,157.31","20,876.17","21,163.15","20,837.52","","1.44%"
"12/29/2021","20,857.30","20,881.22","20,939.94","20,800.95","","-0.15%"
"12/28/2021","20,889.13","21,077.41","21,142.53","20,873.12","","-0.64%"
"12/27/2021","21,023.14","20,748.98","21,050.40","20,742.99","","1.25%"
"12/24/2021","20,763.08","20,739.38","20,766.99","20,707.72","","-0.01%"
"12/23/2021","20,765.04","20,550.47","20,776.88","20,508.38","","1.14%"
"12/22/2021","20,531.39","20,615.43","20,642.63","20,500.60","","-0.54%"
"12/21/2021","20,642.65","20,163.09","20,656.04","20,152.89","","2.39%"
"12/20/2021","20,160.60","20,361.77","20,377.20","20,157.30","","-0.89%"
"12/17/2021","20,342.64","20,334.27","20,397.19","20,248.09","","0.16%"
"12/16/2021","20,310.89","19,882.95","20,310.89","19,847.60","","2.11%"
"12/15/2021","19,890.55","20,121.86","20,147.84","19,822.87","","-1.13%"
"12/14/2021","20,117.40","20,322.34","20,335.72","20,097.33","","-0.93%"
"12/13/2021","20,306.53","20,271.47","20,329.18","20,088.45","","0.17%"
"12/10/2021","20,272.47","20,554.52","20,579.63","20,261.67","","-1.35%"
"12/09/2021","20,548.98","20,497.88","20,563.88","20,292.08","","0.13%"
"12/07/2021","20,521.74","20,368.71","20,760.67","20,285.24","","0.77%"
"12/06/2021","20,365.01","19,972.46","20,376.91","19,930.23","","1.82%"
"12/03/2021","20,000.39","20,170.32","20,262.69","19,981.55","","-0.81%"
"12/02/2021","20,163.64","19,876.28","20,212.02","19,820.55","","1.43%"
"12/01/2021","19,878.74","20,397.86","20,629.89","19,875.79","","-2.63%"
"11/30/2021","20,416.43","20,258.49","20,497.74","20,158.27","","0.83%"
"11/29/2021","20,249.28","19,867.67","20,254.98","19,810.39","","1.94%"
"11/26/2021","19,864.23","20,263.27","20,289.32","19,517.67","","-1.91%"
"11/25/2021","20,251.73","20,186.42","20,335.28","20,186.42","","0.21%"
"11/24/2021","20,209.25","19,987.20","20,234.69","19,979.23","","1.11%"
"11/23/2021","19,987.20","19,851.01","19,987.20","19,723.35","","0.78%"
"11/22/2021","19,831.97","20,139.83","20,139.83","19,776.82","","-1.46%"
"11/19/2021","20,125.28","20,142.23","20,243.62","20,105.98","","-0.24%"
"11/18/2021","20,174.33","20,094.10","20,220.36","20,061.41","","0.40%"
"11/17/2021","20,093.01","20,509.60","20,509.60","20,065.36","","-1.92%"
"11/16/2021","20,486.04","20,674.19","20,732.14","20,486.04","","-0.98%"
"11/15/2021","20,687.91","20,795.19","20,822.13","20,629.26","","-0.52%"
"11/12/2021","20,795.19","20,656.70","20,831.31","20,617.60","","0.63%"
"11/11/2021","20,665.32","20,391.64","20,682.82","20,379.32","","1.28%"
"11/10/2021","20,403.54","20,508.14","20,578.79","20,387.10","","-0.42%"
"11/09/2021","20,488.76","20,547.55","20,592.37","20,318.60","","-0.21%"
"11/08/2021","20,531.11","20,426.46","20,644.43","20,391.37","","0.54%"
"11/05/2021","20,420.10","20,260.51","20,435.51","20,220.13","","0.82%"
"11/04/2021","20,254.71","20,554.33","20,573.21","20,201.68","","-1.33%"
"11/03/2021","20,528.76","20,724.64","20,724.64","20,466.30","","-0.90%"
"11/02/2021","20,715.61","20,714.42","20,834.41","20,568.53","","-0.11%"
"10/29/2021","20,737.77","20,981.85","20,981.85","20,669.06","","-1.06%"
"10/28/2021","20,959.49","20,900.02","20,972.27","20,723.93","","0.35%"
"10/27/2021","20,885.85","21,027.93","21,027.93","20,833.12","","-0.57%"
"10/26/2021","21,005.81","21,273.25","21,273.25","20,963.38","","-1.12%"
"10/25/2021","21,243.06","20,984.60","21,279.16","20,976.36","","1.35%"
"10/22/2021","20,960.31","20,876.65","21,080.20","20,870.75","","0.48%"
"10/21/2021","20,859.24","20,836.29","20,957.83","20,813.78","","0.25%"
"10/20/2021","20,807.55","20,699.32","20,941.38","20,666.18","","0.62%"
"10/19/2021","20,679.94","20,586.20","20,792.66","20,577.15","","0.59%"
"10/18/2021","20,559.39","20,515.27","20,622.96","20,420.46","","0.34%"
"10/15/2021","20,489.48","19,767.19","20,511.45","19,759.75","","3.77%"
"10/14/2021","19,745.25","19,697.14","19,782.93","19,628.92","","0.26%"
"10/13/2021","19,694.91","19,772.69","19,939.84","19,652.45","","-0.19%"
"10/12/2021","19,731.84","19,590.41","19,797.27","19,588.83","","0.75%"
"10/11/2021","19,585.61","19,354.43","19,820.15","19,354.43","","1.08%"
"10/07/2021","19,375.73","18,342.76","19,445.90","18,342.76","","5.55%"
"10/06/2021","18,356.07","18,327.13","18,366.05","18,261.88","","0.07%"
"10/05/2021","18,342.68","18,183.25","18,356.98","18,140.73","","0.83%"
"10/04/2021","18,192.05","18,350.52","18,353.62","18,188.88","","-0.85%"
"10/01/2021","18,348.74","18,287.77","18,374.04","18,098.51","","0.38%"
"09/30/2021","18,279.15","18,481.67","18,597.61","18,240.06","","-0.97%"
"09/29/2021","18,458.64","18,528.12","18,528.12","18,299.43","","-0.31%"
"09/28/2021","18,515.34","18,658.47","18,676.82","18,497.61","","-0.74%"
"09/27/2021","18,653.27","18,317.33","18,713.94","18,314.46","","1.88%"
"09/24/2021","18,308.87","18,208.28","18,362.35","18,203.79","","0.55%"
"09/23/2021","18,208.28","18,111.00","18,244.26","17,940.45","","0.60%"
"09/22/2021","18,099.12","17,862.41","18,177.73","17,862.41","","1.29%"
"09/21/2021","17,869.14","17,749.17","17,869.17","17,724.27","","0.69%"
"09/20/2021","17,747.01","17,979.87","18,024.71","17,694.53","","-1.29%"
"09/17/2021","17,979.65","17,888.19","17,981.54","17,808.32","","0.53%"
"09/16/2021","17,885.14","18,017.54","18,020.27","17,735.73","","-0.69%"
"09/15/2021","18,008.78","17,911.36","18,016.66","17,864.78","","0.63%"
"09/14/2021","17,895.88","18,071.36","18,122.95","17,891.10","","-0.93%"
"09/13/2021","18,063.66","17,715.71","18,141.00","17,671.64","","1.97%"
"09/10/2021","17,715.49","17,547.81","17,811.16","17,519.29","","0.94%"
"09/09/2021","17,550.80","17,434.81","17,550.80","17,374.62","","0.81%"
"09/08/2021","17,410.17","17,612.55","17,617.53","17,395.31","","-1.07%"
"09/07/2021","17,598.36","17,720.48","17,844.07","17,583.38","","-0.64%"
"09/06/2021","17,712.50","17,678.96","17,732.41","17,662.12","","0.19%"
"09/03/2021","17,678.74","17,508.38","17,728.76","17,503.90","","0.97%"
"09/02/2021","17,508.38","17,572.35","17,596.79","17,503.42","","-0.36%"
"09/01/2021","17,572.35","17,662.82","17,782.28","17,559.09","","-0.46%"
"08/31/2021","17,653.54","17,461.77","17,653.69","17,391.05","","1.20%"
"08/27/2021","17,444.24","16,894.33","17,461.07","16,894.13","","3.26%"
"08/26/2021","16,893.70","16,987.19","17,046.60","16,842.90","","-0.58%"
"08/25/2021","16,991.55","17,042.10","17,042.10","16,906.30","","-0.25%"
"08/24/2021","17,033.99","16,213.52","17,043.14","16,212.78","","5.08%"
"08/23/2021","16,211.15","15,532.06","16,219.49","15,532.06","","4.37%"
"08/20/2021","15,532.06","15,534.95","15,643.66","15,505.56","","0.02%"
"08/19/2021","15,529.47","15,916.40","15,916.40","15,487.81","","-2.43%"
"08/18/2021","15,916.20","16,370.36","16,370.36","15,916.20","","-2.71%"
"08/17/2021","16,359.63","16,740.39","16,740.39","16,318.63","","-2.25%"
"08/16/2021","16,736.08","16,757.69","16,845.74","16,692.11","","-0.21%"
"08/13/2021","16,771.26","16,819.02","17,018.01","16,767.70","","-0.34%"
"08/12/2021","16,829.31","16,991.42","17,006.99","16,813.09","","-1.02%"
"08/11/2021","17,003.45","17,068.00","17,127.39","17,003.02","","-0.35%"
"08/10/2021","17,062.77","17,212.37","17,233.92","16,902.43","","-0.83%"
"08/09/2021","17,205.88","17,340.01","17,356.56","17,205.88","","-0.72%"
"08/06/2021","17,331.33","17,354.45","17,514.00","17,325.84","","0.00%"
"08/05/2021","17,331.24","17,452.79","17,458.94","17,319.03","","-0.67%"
"08/04/2021","17,447.67","17,624.90","17,722.23","17,430.73","","-1.00%"
"08/03/2021","17,624.68","17,845.88","17,987.08","17,624.68","","-1.24%"
"08/02/2021","17,845.66","17,671.77","18,060.21","17,671.77","","0.98%"
"07/30/2021","17,671.77","18,812.89","18,812.89","17,551.25","","-5.88%"
"07/27/2021","18,775.12","18,751.88","18,802.25","18,671.16","","0.14%"
"07/26/2021","18,749.48","18,524.66","18,749.48","18,524.66","","1.11%"
"07/23/2021","18,544.02","18,752.28","18,754.77","18,496.29","","-1.15%"
"07/22/2021","18,759.91","18,743.00","18,779.17","18,671.47","","0.09%"
"07/21/2021","18,743.00","18,426.37","18,750.94","18,403.51","","1.72%"
"07/20/2021","18,426.37","18,185.71","18,450.38","18,181.28","","1.41%"
"07/19/2021","18,170.76","18,307.36","18,369.05","18,151.54","","-0.75%"
"07/16/2021","18,307.36","18,604.34","18,641.08","18,307.36","","-1.60%"
"07/15/2021","18,604.34","18,548.81","18,711.88","18,489.87","","0.30%"
"07/14/2021","18,548.57","18,685.27","18,712.99","18,496.63","","-0.73%"
"07/13/2021","18,685.27","18,703.32","18,766.94","18,665.15","","-0.09%"
"07/12/2021","18,701.91","18,823.22","18,823.22","18,664.51","","-0.64%"
"07/09/2021","18,822.75","18,640.86","18,849.65","18,639.86","","0.99%"
"07/08/2021","18,637.80","18,800.79","18,879.67","18,623.42","","-0.88%"
"07/07/2021","18,803.16","18,813.84","18,835.31","18,717.78","","0.07%"
"07/06/2021","18,790.07","18,966.86","18,971.55","18,754.24","","-0.91%"
"07/05/2021","18,961.80","18,794.34","18,966.21","18,748.49","","0.92%"
"07/02/2021","18,788.33","18,710.77","18,789.26","18,554.63","","0.60%"
"07/01/2021","18,675.54","18,850.42","18,982.30","18,659.56","","-0.93%"
"06/30/2021","18,850.91","18,976.73","18,997.01","18,563.94","","-0.66%"
"06/28/2021","18,976.97","18,936.15","18,985.31","18,739.49","","0.04%"
"06/25/2021","18,969.96","18,822.95","18,977.76","18,822.95","","0.59%"
"06/24/2021","18,858.68","18,746.30","18,912.51","18,733.19","","0.42%"
"06/23/2021","18,779.57","18,679.75","18,995.57","18,679.75","","0.29%"
"06/22/2021","18,724.92","18,669.67","18,816.92","18,574.68","","0.52%"
"06/21/2021","18,627.74","18,568.65","18,672.46","18,557.44","","0.28%"
"06/18/2021","18,576.17","18,684.13","18,758.91","18,576.02","","-0.64%"
"06/17/2021","18,695.58","18,962.64","18,963.26","18,637.03","","-1.42%"
"06/16/2021","18,964.58","19,185.07","19,280.85","18,963.62","","-1.24%"
"06/15/2021","19,202.39","19,609.19","19,688.94","19,183.04","","-2.07%"
"06/14/2021","19,608.94","19,793.56","19,880.58","19,600.73","","-1.01%"
"06/11/2021","19,809.58","19,970.75","20,126.45","19,809.58","","-0.89%"
"06/10/2021","19,987.17","19,667.14","20,256.47","19,661.09","","1.63%"
"06/09/2021","19,667.39","20,369.72","20,423.75","19,468.32","","-3.52%"
"06/08/2021","20,385.54","20,497.43","20,668.78","20,338.88","","-0.55%"
"06/07/2021","20,497.95","22,266.19","22,266.19","20,479.21","","-7.74%"
"06/04/2021","22,218.67","21,365.28","22,248.38","21,337.62","","3.91%"
"06/03/2021","21,382.67","21,122.52","21,427.21","21,053.00","","1.25%"
"06/02/2021","21,118.65","20,981.46","21,252.13","20,967.15","","0.69%"
"06/01/2021","20,973.85","21,051.94","21,221.04","20,866.19","","-0.32%"
"05/31/2021","21,041.71","20,985.66","21,261.91","20,599.45","","0.12%"
"05/28/2021","21,015.96","19,940.33","21,064.46","19,940.33","","5.38%"
"05/27/2021","19,943.18","20,182.65","20,471.77","19,872.66","","-1.19%"
"05/26/2021","20,183.17","20,278.07","20,295.79","20,148.13","","-0.27%"
"05/25/2021","20,237.84","20,317.18","20,432.06","20,203.87","","-0.55%"
"05/24/2021","20,349.49","20,559.60","20,563.50","20,324.07","","-1.08%"
"05/21/2021","20,571.66","21,208.55","21,217.60","20,306.89","","-3.13%"
"05/20/2021","21,236.33","21,188.87","21,313.20","21,188.87","","0.15%"
"05/19/2021","21,204.73","21,661.90","21,669.63","21,145.68","","-2.21%"
"05/18/2021","21,684.49","21,817.50","21,874.02","21,655.04","","-0.68%"
"05/17/2021","21,832.78","21,862.07","22,130.63","21,783.05","","-0.22%"
"05/14/2021","21,880.50","21,499.97","21,897.08","21,499.97","","1.70%"
"05/13/2021","21,515.26","21,674.26","21,716.98","21,479.20","","-0.94%"
"05/12/2021","21,720.41","20,863.47","21,720.99","20,780.61","","4.07%"
"05/11/2021","20,870.22","20,926.73","20,941.05","20,579.12","","-0.42%"
"05/10/2021","20,957.68","20,181.98","21,225.98","20,181.98","","3.86%"
"05/07/2021","20,178.11","19,515.92","20,228.24","19,515.92","","3.37%"
"05/06/2021","19,521.03","19,592.43","19,629.22","19,450.20","","-0.45%"
"05/05/2021","19,608.83","19,468.70","19,608.83","19,468.70","","0.64%"
"05/04/2021","19,484.20","19,573.14","19,638.08","19,461.99","","-0.60%"
"05/03/2021","19,601.13","19,549.08","19,725.58","19,532.84","","0.20%"
"04/30/2021","19,562.77","19,302.58","19,576.54","19,296.34","","1.26%"
"04/29/2021","19,319.67","19,004.99","19,327.67","18,914.92","","1.57%"
"04/28/2021","19,021.89","19,179.95","19,217.47","18,904.07","","-0.85%"
"04/27/2021","19,185.20","19,293.81","19,430.02","19,178.93","","-0.65%"
"04/26/2021","19,310.91","19,026.30","19,331.59","18,769.67","","1.41%"
"04/23/2021","19,042.89","19,038.02","19,126.03","18,900.93","","-0.05%"
"04/22/2021","19,052.72","19,642.46","19,799.63","19,043.80","","-2.99%"
"04/21/2021","19,639.55","19,533.40","19,699.71","19,396.51","","0.54%"
"04/20/2021","19,533.66","20,467.23","20,561.66","19,441.40","","-4.64%"
"04/19/2021","20,483.68","21,194.13","21,194.13","20,483.28","","-3.35%"
"04/16/2021","21,194.13","21,267.99","21,414.74","21,186.06","","-0.43%"
"04/15/2021","21,285.30","21,284.91","21,341.07","21,192.62","","0.03%"
"04/14/2021","21,279.35","21,432.89","21,529.27","21,256.85","","-0.73%"
"04/13/2021","21,436.43","21,376.46","21,466.07","21,272.91","","0.57%"
"04/12/2021","21,315.22","21,720.54","21,720.54","21,022.78","","-1.84%"
"04/09/2021","21,715.75","21,800.52","21,861.54","21,658.42","","-0.39%"
"04/08/2021","21,799.92","21,310.72","21,841.78","21,310.72","","2.18%"
"04/07/2021","21,334.96","21,492.56","21,592.44","21,313.72","","-0.82%"
"04/06/2021","21,510.32","21,430.17","21,600.98","21,348.21","","0.38%"
"04/05/2021","21,429.88","21,358.61","21,701.05","21,358.61","","0.27%"
"03/31/2021","21,372.03","21,461.85","21,524.42","21,371.64","","-0.50%"
"03/30/2021","21,478.65","21,387.55","21,485.79","21,331.52","","0.34%"
"03/29/2021","21,404.96","21,395.93","21,409.62","21,259.21","","-0.02%"
"03/26/2021","21,410.27","21,229.05","21,485.20","21,229.05","","0.73%"
"03/25/2021","21,254.37","21,506.08","21,508.12","21,186.81","","-1.13%"
"03/24/2021","21,497.13","21,516.00","21,596.72","21,405.56","","-0.15%"
"03/23/2021","21,529.02","21,958.05","21,961.36","21,528.63","","-2.00%"
"03/22/2021","21,967.52","22,214.81","22,215.22","21,958.63","","-1.11%"
"03/19/2021","22,214.81","22,318.09","22,331.76","22,208.54","","-0.44%"
"03/18/2021","22,312.08","22,382.66","22,493.38","22,309.16","","-0.59%"
"03/17/2021","22,443.86","22,339.99","22,476.45","22,246.80","","0.46%"
"03/16/2021","22,339.99","22,673.54","22,704.25","22,332.22","","-1.47%"
"03/15/2021","22,673.85","22,748.98","22,849.37","22,662.05","","-0.41%"
"03/12/2021","22,767.39","22,782.75","22,846.31","22,752.59","","0.12%"
"03/11/2021","22,739.34","22,656.75","22,757.00","22,642.97","","0.16%"
"03/10/2021","22,702.52","22,548.28","22,702.94","22,520.07","","0.60%"
"03/09/2021","22,566.58","22,577.33","22,606.78","22,422.19","","0.00%"
"03/08/2021","22,565.64","22,535.12","22,654.71","22,512.55","","0.07%"
"03/05/2021","22,550.80","22,579.10","22,680.31","22,412.12","","0.06%"
"03/04/2021","22,536.28","22,863.45","22,883.63","22,386.29","","-1.47%"
"03/03/2021","22,872.47","22,899.07","22,915.89","22,771.70","","0.00%"
"03/02/2021","22,871.62","22,822.82","22,906.95","22,734.68","","0.27%"
"03/01/2021","22,810.03","22,514.47","22,818.44","22,514.47","","1.24%"
"02/26/2021","22,530.42","22,891.04","22,891.99","22,487.44","","-1.51%"
"02/25/2021","22,875.05","23,225.13","23,225.13","22,870.83","","-1.40%"
"02/24/2021","23,199.68","23,178.88","23,225.52","23,117.87","","0.09%"
"02/23/2021","23,179.52","23,176.20","23,190.86","22,892.40","","0.00%"
"02/22/2021","23,180.01","22,781.70","23,283.51","22,781.70","","1.69%"
"02/19/2021","22,794.18","22,460.87","22,851.35","22,460.87","","1.44%"
"02/18/2021","22,469.80","22,654.04","22,716.67","22,457.29","","-0.93%"
"02/17/2021","22,681.68","22,600.71","22,682.11","22,513.09","","0.37%"
"02/16/2021","22,597.00","22,244.16","22,687.54","22,239.59","","1.64%"
"02/15/2021","22,232.27","22,408.44","22,415.49","22,206.16","","-0.81%"
"02/12/2021","22,413.98","22,164.11","22,415.82","22,147.29","","1.18%"
"02/11/2021","22,151.94","22,474.29","22,492.71","22,131.92","","-1.51%"
"02/10/2021","22,492.23","22,302.19","22,609.87","22,295.26","","0.81%"
"02/09/2021","22,310.78","21,944.91","22,333.61","21,919.02","","1.68%"
"02/08/2021","21,941.30","21,822.60","21,941.90","21,755.59","","0.73%"
"02/05/2021","21,783.37","21,533.86","21,784.07","21,515.95","","1.07%"
"02/04/2021","21,552.20","21,647.63","21,653.54","21,459.26","","-0.37%"
"02/03/2021","21,632.78","21,446.58","21,658.07","21,440.25","","0.84%"
"02/02/2021","21,451.89","21,601.42","21,616.65","21,326.55","","-0.73%"
"02/01/2021","21,610.03","21,075.40","21,638.78","21,075.40","","2.37%"
"01/29/2021","21,110.22","21,266.93","21,441.15","21,033.54","","-0.84%"
"01/28/2021","21,289.72","21,090.78","21,418.72","21,057.83","","1.05%"
"01/27/2021","21,067.66","21,539.31","21,539.31","21,058.66","","-1.88%"
"01/26/2021","21,471.26","21,379.35","21,781.97","21,379.35","","0.36%"
"01/25/2021","21,394.61","21,364.70","21,445.25","21,251.02","","0.05%"
"01/22/2021","21,383.82","21,385.56","21,736.88","21,255.76","","-0.09%"
"01/21/2021","21,403.87","21,541.00","21,570.53","21,309.41","","-0.64%"
"01/20/2021","21,541.29","21,556.35","21,605.58","21,358.49","","-0.09%"
"01/19/2021","21,561.72","21,434.36","21,570.48","21,403.94","","0.47%"
"01/18/2021","21,460.78","21,465.53","21,525.07","21,457.71","","-0.02%"
"01/15/2021","21,465.24","21,657.49","21,658.79","21,394.74","","-0.78%"
"01/14/2021","21,633.82","21,526.83","21,717.67","21,513.35","","0.54%"
"01/13/2021","21,517.90","21,591.91","21,684.35","21,517.31","","-0.47%"
"01/12/2021","21,618.55","21,660.28","21,664.16","21,474.16","","-0.17%"
"01/11/2021","21,654.59","21,682.01","21,707.70","21,541.83","","0.14%"
"01/08/2021","21,625.37","21,664.21","21,676.96","21,462.29","","-0.31%"
"01/07/2021","21,693.55","21,362.71","21,717.28","21,284.44","","1.70%"
"01/06/2021","21,330.35","20,983.07","21,372.55","20,983.07","","1.53%"
"01/05/2021","21,009.13","21,011.41","21,053.86","20,894.91","","-0.02%"
"01/04/2021","21,013.24","20,800.29","21,120.20","20,800.29","","0.92%"
"12/31/2020","20,822.15","20,985.15","20,985.15","20,784.89","","-0.69%"
"12/30/2020","20,967.19","20,850.67","20,986.96","20,824.26","","0.50%"
"12/29/2020","20,862.78","20,847.02","20,888.40","20,802.52","","0.10%"
"12/28/2020","20,842.40","20,828.81","20,910.35","20,806.90","","0.03%"
"12/24/2020","20,835.73","20,781.84","20,905.27","20,781.84","","0.18%"
"12/23/2020","20,797.40","20,513.44","20,810.94","20,501.72","","1.48%"
"12/22/2020","20,493.59","20,599.44","20,611.01","20,383.82","","-0.33%"
"12/21/2020","20,562.09","20,799.90","20,799.90","20,495.76","","-0.87%"
"12/18/2020","20,742.37","20,798.96","20,936.71","20,729.78","","-0.33%"
"12/17/2020","20,811.72","20,660.49","20,876.58","20,660.49","","0.64%"
"12/16/2020","20,679.22","20,563.34","20,745.53","20,476.94","","0.47%"
"12/15/2020","20,583.14","20,514.14","20,584.94","20,330.89","","0.48%"
"12/14/2020","20,485.51","20,444.34","20,551.33","20,233.60","","0.06%"
"12/11/2020","20,474.00","20,793.64","20,827.00","20,474.00","","-1.48%"
"12/10/2020","20,781.79","20,640.90","20,806.42","20,640.90","","0.66%"
"12/09/2020","20,646.35","20,743.03","20,773.93","20,542.80","","-0.56%"
"12/07/2020","20,762.62","20,573.65","20,797.82","20,571.68","","0.84%"
"12/04/2020","20,590.58","20,456.24","20,690.69","20,456.24","","0.57%"
"12/03/2020","20,474.49","20,269.12","20,588.57","20,269.12","","0.79%"
"12/02/2020","20,313.85","20,121.19","20,314.22","20,097.47","","0.83%"
"12/01/2020","20,146.31","19,766.60","20,147.45","19,766.60","","1.77%"
"11/30/2020","19,796.51","19,585.86","19,882.40","19,584.91","","1.00%"
"11/27/2020","19,601.09","19,613.65","19,864.46","19,455.07","","-0.05%"
"11/26/2020","19,610.39","19,642.32","19,664.15","19,603.84","","-0.16%"
"11/25/2020","19,642.32","19,467.38","19,658.74","19,454.80","","0.83%"
"11/24/2020","19,480.87","18,910.89","19,480.87","18,802.09","","2.94%"
"11/23/2020","18,924.54","18,795.22","18,924.54","18,784.90","","0.61%"
"11/20/2020","18,810.39","18,552.90","18,810.39","18,552.81","","1.39%"
"11/19/2020","18,553.16","18,652.48","18,652.48","18,389.37","","-0.41%"
"11/18/2020","18,629.02","18,440.85","18,659.11","18,405.40","","0.60%"
"11/17/2020","18,517.70","18,280.10","18,517.70","18,084.77","","1.24%"
"11/16/2020","18,290.33","18,040.73","18,301.83","17,868.91","","1.34%"
"11/13/2020","18,048.41","17,819.77","18,091.01","17,819.77","","1.37%"
"11/12/2020","17,804.70","17,847.59","18,071.22","17,796.18","","-0.19%"
"11/11/2020","17,837.75","17,620.98","17,863.83","17,619.13","","0.97%"
"11/10/2020","17,666.78","19,064.53","19,064.82","17,666.78","","-6.51%"
"11/09/2020","18,896.04","17,982.80","19,005.74","17,965.02","","5.01%"
"11/06/2020","17,994.83","18,044.20","18,065.93","17,868.95","","-0.23%"
"11/05/2020","18,037.18","17,664.54","18,074.64","17,664.54","","1.85%"
"11/04/2020","17,709.04","17,839.85","17,892.85","17,686.51","","-0.65%"
"11/03/2020","17,824.47","17,745.74","17,914.23","17,745.74","","0.29%"
"11/02/2020","17,772.77","17,462.53","17,789.21","17,460.05","","1.72%"
"10/30/2020","17,472.20","17,676.92","17,686.69","17,463.57","","-1.32%"
"10/29/2020","17,705.84","17,648.45","17,897.57","17,563.52","","0.24%"
"10/28/2020","17,664.10","18,182.37","18,182.37","17,628.45","","-2.72%"
"10/27/2020","18,157.71","17,820.16","18,181.42","17,820.16","","1.76%"
"10/26/2020","17,844.41","18,044.10","18,089.88","17,828.57","","-1.19%"
"10/23/2020","18,058.66","18,051.73","18,156.69","18,051.73","","-0.04%"
"10/22/2020","18,066.53","18,156.65","18,232.54","18,043.86","","-0.54%"
"10/21/2020","18,164.72","17,812.54","18,184.36","17,812.45","","1.98%"
"10/20/2020","17,812.29","17,605.38","17,862.57","17,605.38","","1.11%"
"10/19/2020","17,617.40","17,670.96","17,767.98","17,617.07","","-0.28%"
"10/16/2020","17,667.51","17,653.77","17,696.44","17,593.76","","-0.13%"
"10/15/2020","17,690.80","17,821.66","17,826.29","17,684.38","","-0.81%"
"10/14/2020","17,835.07","17,826.39","17,915.84","17,824.58","","0.08%"
"10/13/2020","17,821.17","18,002.25","18,055.99","17,821.17","","-1.07%"
"10/12/2020","18,013.55","18,109.48","18,110.43","17,958.36","","-0.54%"
"10/09/2020","18,112.26","17,954.20","18,134.10","17,954.20","","0.45%"
"10/08/2020","18,032.00","17,994.35","18,038.62","17,945.51","","0.41%"
"10/07/2020","17,958.64","18,171.66","18,171.66","17,937.06","","-0.94%"
"10/06/2020","18,128.92","17,958.47","18,158.23","17,909.73","","0.98%"
"10/05/2020","17,953.22","17,911.56","17,960.22","17,858.70","","0.23%"
"10/02/2020","17,911.56","17,872.25","17,992.05","17,836.56","","0.39%"
"10/01/2020","17,842.81","17,916.66","17,928.04","17,833.19","","-0.59%"
"09/30/2020","17,948.78","17,908.75","17,973.86","17,830.65","","0.38%"
"09/29/2020","17,881.18","17,864.62","17,952.24","17,839.68","","0.03%"
"09/28/2020","17,875.08","16,612.81","18,482.35","16,607.86","","0.74%"
"09/25/2020","17,743.88","17,763.40","17,768.36","17,656.76","","-0.19%"
"09/24/2020","17,777.75","17,484.51","17,844.92","17,397.91","","1.60%"
"09/23/2020","17,497.24","17,777.14","17,777.14","17,482.06","","-1.57%"
"09/22/2020","17,777.14","17,690.19","17,801.43","17,686.12","","0.48%"
"09/21/2020","17,692.68","17,919.58","17,919.58","17,692.68","","-1.20%"
"09/18/2020","17,907.13","18,049.84","18,050.05","17,845.49","","-0.63%"
"09/17/2020","18,021.20","18,093.99","18,093.99","17,959.47","","-0.40%"
"09/16/2020","18,093.99","17,926.16","18,146.46","17,926.16","","0.71%"
"09/15/2020","17,966.92","18,104.33","18,142.33","17,944.38","","-1.08%"
"09/14/2020","18,163.49","18,026.19","18,219.50","18,026.19","","0.76%"
"09/11/2020","18,025.94","18,102.57","18,177.68","17,927.64","","-0.42%"
"09/10/2020","18,102.31","18,226.76","18,346.27","18,102.31","","-0.91%"
"09/09/2020","18,268.07","18,041.29","18,317.33","18,038.94","","0.91%"
"09/08/2020","18,103.14","18,183.18","18,243.88","17,991.48","","-0.52%"
"09/07/2020","18,198.36","18,138.20","18,198.70","18,128.53","","0.33%"
"09/04/2020","18,137.94","18,473.47","18,530.19","18,136.09","","-1.88%"
"09/03/2020","18,485.97","18,487.32","18,552.17","18,394.13","","-0.01%"
"09/02/2020","18,487.05","18,675.90","18,704.86","18,465.66","","-1.01%"
"09/01/2020","18,675.37","18,508.99","18,697.93","18,508.99","","0.53%"
"08/31/2020","18,576.89","18,420.70","18,595.93","18,382.69","","0.85%"
"08/28/2020","18,420.44","18,266.94","18,483.79","18,266.94","","0.45%"
"08/27/2020","18,338.47","18,300.27","18,489.95","18,286.18","","0.04%"
"08/26/2020","18,330.81","18,252.13","18,400.13","18,202.01","","0.43%"
"08/25/2020","18,252.13","18,315.88","18,333.94","18,228.81","","-0.24%"
"08/24/2020","18,295.22","18,276.30","18,371.51","18,271.98","","0.10%"
"08/21/2020","18,276.04","18,370.74","18,370.74","18,203.50","","-0.40%"
"08/20/2020","18,349.71","18,352.21","18,503.04","18,318.02","","-0.01%"
"08/19/2020","18,351.95","18,555.36","18,555.36","18,345.58","","-0.92%"
"08/18/2020","18,521.86","18,467.36","18,609.54","18,447.26","","0.30%"
"08/17/2020","18,467.10","18,307.39","18,543.69","18,294.57","","0.87%"
"08/14/2020","18,307.13","18,192.59","18,455.45","18,171.13","","0.63%"
"08/13/2020","18,192.34","17,985.34","18,272.60","17,973.50","","1.16%"
"08/12/2020","17,983.07","17,910.09","18,067.81","17,859.87","","0.41%"
"08/11/2020","17,910.34","18,046.45","18,069.81","17,894.78","","-0.40%"
"08/10/2020","17,981.82","17,972.83","18,048.81","17,925.86","","0.05%"
"08/07/2020","17,972.36","18,029.82","18,083.45","17,863.58","","-0.25%"
"08/06/2020","18,017.36","17,945.18","18,159.82","17,898.13","","0.46%"
"08/05/2020","17,935.06","17,552.02","18,043.30","17,540.06","","2.07%"
"08/04/2020","17,571.80","17,601.92","17,677.93","17,512.35","","0.07%"
"08/03/2020","17,559.53","17,512.53","17,629.73","17,421.56","","0.27%"
"07/31/2020","17,512.53","17,614.34","17,688.18","17,486.07","","-0.58%"
"07/30/2020","17,614.34","17,737.74","17,737.74","17,611.02","","-0.70%"
"07/29/2020","17,737.74","17,698.27","17,737.74","17,543.83","","0.21%"
"07/27/2020","17,700.78","17,288.17","17,716.35","17,288.17","","2.38%"
"07/24/2020","17,288.66","17,268.68","17,538.93","17,240.65","","0.12%"
"07/23/2020","17,268.44","17,243.38","17,364.46","17,226.38","","0.15%"
"07/22/2020","17,243.38","17,132.07","18,288.21","17,132.07","","0.64%"
"07/21/2020","17,134.52","16,820.01","17,204.39","16,819.23","","1.88%"
"07/20/2020","16,817.61","16,752.86","16,962.48","16,736.79","","0.39%"
"07/17/2020","16,752.86","16,585.61","16,756.66","16,585.61","","0.62%"
"07/16/2020","16,649.49","16,774.72","16,793.44","16,614.36","","-0.55%"
"07/15/2020","16,741.43","16,574.96","16,831.14","16,574.88","","1.01%"
"07/14/2020","16,574.72","16,679.67","16,679.67","16,365.45","","-0.43%"
"07/13/2020","16,646.36","16,671.39","16,865.15","16,645.88","","-0.15%"
"07/10/2020","16,671.15","16,635.19","16,756.13","16,555.71","","0.43%"
"07/09/2020","16,599.65","16,828.23","16,908.09","16,594.00","","-1.40%"
"07/08/2020","16,835.88","16,889.86","17,060.68","16,811.85","","-0.46%"
"07/07/2020","16,913.77","16,976.05","16,976.05","16,892.43","","-0.37%"
"07/06/2020","16,976.05","16,698.47","16,976.53","16,698.47","","1.66%"
"07/03/2020","16,698.71","16,746.79","16,835.56","16,695.68","","-0.23%"
"07/02/2020","16,737.05","16,681.14","16,972.03","16,681.14","","0.08%"
"07/01/2020","16,724.02","16,870.61","16,957.22","16,714.12","","-0.91%"
"06/30/2020","16,878.00","16,634.47","16,940.12","16,589.89","","1.46%"
"06/26/2020","16,634.47","16,656.17","16,709.37","16,588.18","","0.01%"
"06/25/2020","16,632.44","16,753.23","16,753.23","16,593.19","","-0.72%"
"06/24/2020","16,753.23","16,951.07","16,999.68","16,694.29","","-1.17%"
"06/23/2020","16,951.07","16,911.27","16,995.06","16,740.36","","0.22%"
"06/22/2020","16,913.69","16,974.16","17,081.22","16,888.60","","-0.34%"
"06/19/2020","16,971.98","16,922.06","17,071.21","16,909.45","","0.14%"
"06/18/2020","16,948.04","17,068.92","17,087.75","16,881.42","","-0.35%"
"06/17/2020","17,008.37","17,005.14","17,086.68","16,885.52","","-0.07%"
"06/16/2020","17,019.55","16,880.87","17,138.47","16,880.87","","0.22%"
"06/15/2020","16,982.91","16,892.16","17,100.24","16,735.82","","0.94%"
"06/12/2020","16,824.21","16,620.53","16,846.35","16,537.71","","1.33%"
"06/11/2020","16,603.50","17,433.57","17,433.57","16,588.45","","-4.16%"
"06/10/2020","17,324.63","17,323.55","17,335.07","17,080.47","","0.01%"
"06/09/2020","17,323.05","17,531.86","17,539.03","17,226.20","","-0.95%"
"06/08/2020","17,488.35","17,236.19","17,552.37","17,236.19","","1.46%"
"06/05/2020","17,236.69","16,608.65","17,252.04","16,537.88","","3.72%"
"06/04/2020","16,618.33","16,342.08","16,618.33","16,342.08","","1.69%"
"06/03/2020","16,342.08","15,780.96","16,354.80","15,780.96","","3.56%"
"06/02/2020","15,780.96","15,734.26","15,861.98","15,734.26","","0.24%"
"06/01/2020","15,743.47","15,591.76","15,780.50","15,549.39","","1.04%"
"05/29/2020","15,580.85","15,772.95","15,776.53","15,561.28","","-1.25%"
"05/28/2020","15,777.54","15,727.81","15,812.52","15,684.87","","0.33%"
"05/27/2020","15,725.53","15,485.68","15,725.53","15,485.68","","1.55%"
"05/26/2020","15,485.68","15,400.12","15,546.29","15,400.12","","0.56%"
"05/25/2020","15,400.12","15,349.30","15,412.67","15,338.80","","0.33%"
"05/22/2020","15,349.30","15,418.61","15,482.75","15,314.45","","-0.48%"
"05/21/2020","15,423.58","15,429.42","15,435.29","15,317.43","","-0.02%"
"05/20/2020","15,427.15","15,457.06","15,590.72","15,410.44","","-0.22%"
"05/19/2020","15,461.57","15,677.02","15,677.80","15,439.72","","-1.39%"
"05/18/2020","15,679.31","15,189.37","15,697.22","15,189.29","","3.23%"
"05/15/2020","15,189.15","15,113.05","15,250.01","15,060.97","","0.42%"
"05/14/2020","15,126.21","15,200.35","15,200.35","14,978.71","","-0.11%"
"05/13/2020","15,143.33","15,486.08","15,506.82","15,134.71","","-2.21%"
"05/12/2020","15,485.86","15,250.19","15,558.51","15,250.19","","1.44%"
"05/11/2020","15,265.59","15,410.99","15,428.47","15,160.62","","-0.93%"
"05/08/2020","15,409.18","15,094.82","15,409.18","15,080.85","","2.08%"
"05/07/2020","15,095.05","14,962.52","15,143.85","14,962.52","","0.94%"
"05/06/2020","14,953.76","14,944.23","15,036.89","14,887.11","","0.36%"
"05/05/2020","14,900.48","14,732.96","14,964.46","14,723.66","","1.21%"
"05/04/2020","14,722.30","14,779.28","14,871.81","14,539.77","","-0.39%"
"04/30/2020","14,779.28","14,933.38","15,042.52","14,748.86","","-1.03%"
"04/29/2020","14,933.61","14,453.74","14,943.20","14,453.74","","3.32%"
"04/28/2020","14,453.53","14,306.85","14,504.69","14,298.24","","0.76%"
"04/27/2020","14,345.05","14,229.95","14,388.41","14,206.99","","0.81%"
"04/24/2020","14,229.95","14,383.86","14,475.58","14,221.32","","-1.07%"
"04/23/2020","14,384.07","14,414.78","14,501.54","14,348.65","","-0.14%"
"04/22/2020","14,403.89","14,323.31","14,449.57","14,268.65","","0.68%"
"04/21/2020","14,306.62","14,690.07","14,690.07","14,280.95","","-2.18%"
"04/20/2020","14,625.61","14,491.61","14,720.53","14,491.61","","0.91%"
"04/17/2020","14,493.95","14,446.94","14,526.26","14,386.32","","0.33%"
"04/16/2020","14,446.73","14,493.42","14,584.49","14,373.10","","-0.07%"
"04/15/2020","14,456.95","14,535.10","14,546.82","14,290.46","","-0.05%"
"04/14/2020","14,464.82","14,336.95","14,519.07","14,335.02","","0.59%"
"04/13/2020","14,379.82","13,899.81","14,379.96","13,757.88","","3.36%"
"04/08/2020","13,912.39","13,819.50","14,036.59","13,771.24","","1.00%"
"04/07/2020","13,774.50","13,565.44","13,955.96","13,563.85","","1.54%"
"04/06/2020","13,565.64","13,534.68","13,628.83","13,443.02","","0.20%"
"04/03/2020","13,538.79","13,821.96","13,838.48","13,516.81","","-1.79%"
"04/02/2020","13,785.72","13,899.85","14,146.02","13,765.09","","-0.82%"
"04/01/2020","13,900.05","14,461.65","14,572.44","13,859.79","","-3.90%"
"03/31/2020","14,463.96","13,883.25","14,582.57","13,883.25","","3.97%"
"03/30/2020","13,911.73","13,878.40","14,078.61","13,862.62","","0.14%"
"03/27/2020","13,892.62","14,483.24","14,485.97","13,891.72","","-4.08%"
"03/26/2020","14,483.46","14,543.99","14,730.40","14,230.91","","-0.39%"
"03/25/2020","14,539.60","14,200.81","14,544.39","14,159.27","","2.08%"
"03/24/2020","14,243.50","14,050.77","14,378.16","13,987.62","","1.37%"
"03/23/2020","14,050.97","14,389.90","14,391.55","13,967.54","","-2.36%"
"03/20/2020","14,389.90","14,715.27","14,868.02","14,330.63","","-1.78%"
"03/19/2020","14,650.97","14,511.93","14,725.31","14,223.70","","0.87%"
"03/18/2020","14,523.92","15,402.85","15,402.93","14,373.91","","-5.71%"
"03/17/2020","15,403.07","15,234.69","15,584.81","15,205.81","","1.23%"
"03/16/2020","15,215.21","15,948.14","15,948.14","15,153.60","","-4.59%"
"03/13/2020","15,947.40","15,311.80","15,963.80","15,311.80","","4.15%"
"03/12/2020","15,312.23","17,094.55","17,094.55","15,311.80","","-10.42%"
"03/11/2020","17,094.31","17,758.48","17,774.76","17,093.98","","-3.70%"
"03/10/2020","17,750.63","17,323.38","17,761.56","17,323.29","","2.47%"
"03/09/2020","17,323.13","18,285.94","18,320.07","17,252.50","","-5.27%"
"03/06/2020","18,285.94","18,788.44","18,788.44","18,177.34","","-2.31%"
"03/05/2020","18,718.23","18,927.75","18,939.32","18,709.76","","-0.63%"
"03/04/2020","18,837.40","18,440.52","18,837.58","18,440.52","","1.85%"
"03/03/2020","18,494.81","18,602.29","18,748.71","18,410.50","","-0.33%"
"03/02/2020","18,555.85","18,264.30","18,576.99","18,203.53","","1.60%"
"02/28/2020","18,264.30","18,711.12","18,711.12","18,149.84","","-1.85%"
"02/27/2020","18,608.19","19,018.44","19,022.12","18,608.19","","-1.78%"
"02/26/2020","18,946.14","18,878.38","19,027.83","18,842.75","","0.49%"
"02/25/2020","18,852.95","19,197.16","19,202.04","18,850.19","","-1.79%"
"02/24/2020","19,196.60","19,679.60","19,679.92","19,195.66","","-2.06%"
"02/21/2020","19,600.88","19,749.10","19,753.08","19,576.09","","-0.58%"
"02/20/2020","19,715.96","19,769.73","19,801.10","19,714.74","","-0.06%"
"02/19/2020","19,728.32","19,601.22","19,737.18","19,544.74","","0.65%"
"02/18/2020","19,600.07","19,887.86","19,890.94","19,593.10","","-1.22%"
"02/17/2020","19,841.45","19,872.70","19,875.20","19,841.45","","-0.07%"
"02/14/2020","19,854.48","19,993.84","20,006.26","19,837.56","","-0.77%"
"02/13/2020","20,008.03","20,080.68","20,093.91","19,995.41","","-0.26%"
"02/12/2020","20,059.31","19,958.87","20,123.52","19,925.26","","0.50%"
"02/11/2020","19,958.87","19,924.35","20,098.13","19,908.27","","0.09%"
"02/10/2020","19,941.39","19,922.60","19,986.87","19,838.33","","0.29%"
"02/07/2020","19,883.88","20,160.65","20,161.07","19,881.92","","-1.08%"
"02/06/2020","20,100.81","20,423.66","20,434.40","19,961.78","","-1.44%"
"02/05/2020","20,393.94","20,244.99","20,465.92","20,208.16","","0.70%"
"02/04/2020","20,251.61","19,788.15","20,251.61","19,788.15","","2.10%"
"02/03/2020","19,835.79","19,776.91","19,925.92","19,772.20","","0.01%"
"01/31/2020","19,834.57","19,924.44","19,948.30","19,833.25","","-0.40%"
"01/30/2020","19,914.98","20,025.12","20,025.12","19,871.09","","-0.32%"
"01/29/2020","19,979.74","19,926.25","20,022.60","19,925.77","","0.27%"
"01/28/2020","19,924.96","19,935.06","19,981.69","19,886.17","","-0.20%"
"01/27/2020","19,964.42","20,425.55","20,428.60","19,948.30","","-1.75%"
"01/24/2020","20,319.20","20,539.62","20,544.93","20,310.38","","-1.10%"
"01/23/2020","20,545.19","20,655.29","20,705.57","20,543.74","","-0.65%"
"01/22/2020","20,679.59","20,600.38","20,686.30","20,572.09","","0.33%"
"01/21/2020","20,612.18","20,741.61","20,750.24","20,550.88","","-0.59%"
"01/20/2020","20,734.74","20,731.02","20,756.37","20,719.57","","0.04%"
"01/17/2020","20,727.28","20,580.13","20,742.38","20,580.13","","0.57%"
"01/16/2020","20,610.52","20,554.55","20,693.18","20,535.76","","0.27%"
"01/15/2020","20,554.91","20,487.19","20,626.91","20,473.88","","0.32%"
"01/14/2020","20,489.66","20,451.96","20,492.64","20,428.99","","0.07%"
"01/13/2020","20,475.92","20,497.03","20,524.17","20,456.63","","0.14%"
"01/10/2020","20,447.35","20,408.49","20,505.54","20,387.99","","0.13%"
"01/09/2020","20,420.17","20,370.24","20,435.60","20,364.91","","0.19%"
"01/08/2020","20,381.92","20,453.71","20,518.38","20,381.92","","-0.46%"
"01/07/2020","20,475.28","20,606.12","20,606.12","20,467.87","","-0.45%"
"01/06/2020","20,568.39","20,586.39","20,608.44","20,468.01","","0.11%"
"01/03/2020","20,545.51","20,634.14","20,707.36","20,523.67","","-0.43%"
"01/02/2020","20,634.14","20,579.19","20,643.12","20,480.28","","0.53%"
"12/31/2019","20,526.13","20,579.19","20,643.12","20,485.25","","-0.30%"
"12/30/2019","20,587.08","20,579.19","20,643.12","20,549.56","","0.04%"
"12/27/2019","20,579.72","20,606.90","20,740.09","20,579.17","","-0.13%"
"12/26/2019","20,606.90","20,433.76","20,622.57","20,424.33","","0.88%"
"12/24/2019","20,426.99","20,331.54","20,426.99","20,320.00","","0.35%"
"12/23/2019","20,356.48","20,282.76","20,376.20","20,273.28","","0.22%"
"12/20/2019","20,312.78","20,442.96","20,444.88","20,311.87","","-0.62%"
"12/19/2019","20,439.28","20,237.70","20,441.97","20,215.47","","0.97%"
"12/18/2019","20,243.15","20,078.83","20,243.15","20,033.51","","0.87%"
"12/17/2019","20,069.21","19,975.32","20,100.38","19,975.32","","0.29%"
"12/16/2019","20,010.54","20,096.56","20,130.02","20,002.93","","-0.43%"
"12/13/2019","20,096.56","20,039.08","20,163.44","20,039.08","","-0.04%"
"12/12/2019","20,103.93","20,022.73","20,173.11","20,022.73","","0.41%"
"12/11/2019","20,022.73","19,897.11","20,027.39","19,897.11","","0.49%"
"12/10/2019","19,925.83","19,824.06","19,971.34","19,815.74","","0.74%"
"12/09/2019","19,779.52","19,874.97","19,898.16","19,773.65","","-0.48%"
"12/06/2019","19,874.38","19,740.85","19,957.20","19,740.85","","0.53%"
"12/05/2019","19,769.52","19,729.46","19,781.22","19,686.32","","0.01%"
"12/04/2019","19,766.89","19,759.25","19,822.85","19,721.03","","0.04%"
"12/03/2019","19,759.25","20,047.36","20,047.36","19,758.11","","-1.42%"
"12/02/2019","20,044.40","20,060.90","20,119.67","20,042.60","","-0.17%"
"11/29/2019","20,078.00","20,040.80","20,091.96","19,966.39","","0.11%"
"11/28/2019","20,055.57","19,934.09","20,069.79","19,934.09","","0.57%"
"11/27/2019","19,942.33","20,004.85","20,012.06","19,806.73","","-0.12%"
"11/26/2019","19,965.93","19,972.19","19,976.17","19,890.01","","-0.03%"
"11/25/2019","19,971.60","19,885.65","20,029.40","19,848.09","","0.43%"
"11/22/2019","19,885.65","19,724.37","19,897.02","19,724.37","","0.67%"
"11/21/2019","19,753.04","19,699.88","19,757.07","19,659.52","","0.26%"
"11/20/2019","19,702.22","19,813.96","19,818.07","19,699.23","","-0.21%"
"11/19/2019","19,743.22","19,743.39","19,777.67","19,668.25","","0.00%"
"11/18/2019","19,742.80","19,700.67","19,776.57","19,700.67","","0.21%"
"11/15/2019","19,700.67","19,494.95","19,704.33","19,494.95","","0.61%"
"11/14/2019","19,581.08","19,762.24","19,762.24","19,570.87","","-0.69%"
"11/13/2019","19,716.28","19,774.00","19,864.80","19,712.09","","-0.29%"
"11/12/2019","19,772.75","19,814.62","19,846.18","19,753.33","","0.03%"
"11/11/2019","19,767.00","19,853.80","19,969.11","19,752.61","","-0.44%"
"11/08/2019","19,853.80","20,119.74","20,217.11","19,849.30","","-1.43%"
"11/07/2019","20,140.82","20,068.79","20,185.72","20,058.57","","0.38%"
"11/06/2019","20,065.19","20,032.11","20,106.06","20,031.55","","-0.01%"
"11/05/2019","20,067.57","20,077.15","20,150.05","20,056.20","","-0.06%"
"11/04/2019","20,079.55","19,904.87","20,194.21","19,864.88","","0.88%"
"10/31/2019","19,904.87","19,687.68","19,960.77","19,687.68","","1.09%"
"10/30/2019","19,690.62","19,719.80","19,816.51","19,509.29","","-0.15%"
"10/29/2019","19,719.80","19,563.25","19,726.29","19,543.90","","0.81%"
"10/28/2019","19,561.49","19,518.94","19,640.32","19,490.47","","0.22%"
"10/25/2019","19,518.94","19,583.62","19,620.78","19,472.10","","-0.42%"
"10/24/2019","19,600.58","19,500.05","19,662.14","19,483.74","","0.50%"
"10/23/2019","19,502.96","19,402.99","19,530.99","19,363.02","","0.52%"
"10/22/2019","19,402.99","19,287.72","19,472.12","19,268.94","","0.61%"
"10/21/2019","19,284.83","19,407.98","19,484.58","19,275.90","","-0.63%"
"10/18/2019","19,407.98","19,339.48","19,505.90","19,291.26","","0.57%"
"10/17/2019","19,298.57","19,315.40","19,399.56","19,296.92","","-0.29%"
"10/16/2019","19,355.12","19,405.79","19,437.30","19,355.12","","-0.26%"
"10/15/2019","19,405.79","19,436.63","19,446.84","19,376.63","","0.02%"
"10/14/2019","19,401.49","19,284.68","19,473.87","19,284.68","","0.61%"
"10/11/2019","19,284.68","19,032.13","19,319.98","19,027.01","","1.31%"
"10/10/2019","19,034.39","19,085.69","19,087.16","18,972.24","","-0.13%"
"10/09/2019","19,059.65","19,221.57","19,231.61","19,022.88","","-0.90%"
"10/07/2019","19,232.36","19,270.23","19,371.13","19,169.37","","-0.20%"
"10/04/2019","19,270.23","18,979.58","19,270.23","18,954.28","","1.47%"
"10/03/2019","18,990.27","18,975.10","19,048.26","18,928.02","","-0.09%"
"10/02/2019","19,008.19","19,221.98","19,248.38","19,004.37","","-1.26%"
"10/01/2019","19,249.81","19,602.71","19,602.71","19,236.55","","-1.80%"
"09/30/2019","19,602.71","19,747.43","19,818.40","19,595.14","","-0.75%"
"09/27/2019","19,750.35","19,637.02","19,793.47","19,609.45","","0.61%"
"09/26/2019","19,630.64","19,380.80","19,630.64","19,380.80","","1.23%"
"09/25/2019","19,391.80","19,403.64","19,486.76","19,361.05","","0.11%"
"09/24/2019","19,371.18","19,338.96","19,429.82","19,225.26","","0.01%"
"09/23/2019","19,370.14","19,455.72","19,525.97","19,350.34","","-0.44%"
"09/20/2019","19,455.72","19,523.90","19,547.49","19,446.93","","-0.18%"
"09/19/2019","19,491.36","19,547.68","19,562.86","19,454.38","","-0.08%"
"09/18/2019","19,506.98","19,547.68","19,548.54","19,454.38","","0.11%"
"09/17/2019","19,485.46","19,547.68","19,548.54","19,454.38","","0.09%"
"09/16/2019","19,468.26","19,451.39","19,522.65","19,394.11","","0.27%"
"09/13/2019","19,416.32","19,416.72","19,435.73","19,344.23","","0.00%"
"09/12/2019","19,416.72","19,288.87","19,425.52","19,276.61","","0.45%"
"09/11/2019","19,328.81","19,203.37","19,328.81","19,203.37","","0.61%"
"09/10/2019","19,211.42","19,193.23","19,256.08","19,143.37","","0.09%"
"09/09/2019","19,193.23","19,353.60","19,355.03","19,167.60","","-0.85%"
"09/06/2019","19,357.65","19,429.83","19,511.67","19,346.99","","-0.66%"
"09/05/2019","19,487.18","19,220.06","19,497.03","19,199.10","","1.27%"
"09/04/2019","19,242.27","19,264.76","19,309.96","19,217.23","","-0.12%"
"09/03/2019","19,264.76","19,279.91","19,330.41","19,187.76","","-0.08%"
"09/02/2019","19,279.91","19,079.48","19,285.72","19,079.48","","0.91%"
"08/29/2019","19,106.75","19,034.99","19,236.43","18,531.29","","0.38%"
"08/28/2019","19,034.99","18,888.82","19,063.45","18,864.88","","0.90%"
"08/27/2019","18,866.03","18,699.34","18,917.44","18,699.34","","0.76%"
"08/26/2019","18,723.70","18,805.20","18,815.15","18,698.47","","-0.45%"
"08/23/2019","18,807.43","18,859.34","19,015.03","18,807.43","","-0.14%"
"08/22/2019","18,833.67","18,968.89","18,988.46","18,832.74","","-0.70%"
"08/21/2019","18,965.52","19,051.34","19,137.48","18,946.94","","-0.64%"
"08/20/2019","19,088.02","19,092.45","19,121.76","19,034.83","","-0.13%"
"08/19/2019","19,112.20","18,924.05","19,128.69","18,910.40","","1.04%"
"08/16/2019","18,915.65","18,840.53","18,951.71","18,840.53","","0.28%"
"08/15/2019","18,862.77","18,933.02","18,973.52","18,824.92","","-0.49%"
"08/14/2019","18,955.34","19,226.19","19,317.28","18,951.51","","-1.41%"
"08/13/2019","19,226.19","19,121.06","19,296.33","18,997.74","","0.52%"
"08/12/2019","19,126.72","19,486.51","19,542.84","19,107.14","","-1.85%"
"08/09/2019","19,487.67","19,691.82","19,691.82","19,466.46","","-0.85%"
"08/08/2019","19,653.96","19,561.10","19,657.59","19,515.11","","0.25%"
"08/07/2019","19,604.48","19,370.14","19,616.83","19,345.80","","1.37%"
"08/06/2019","19,338.63","19,371.18","19,446.20","19,291.77","","-0.30%"
"08/05/2019","19,396.96","19,663.16","19,675.72","19,366.73","","-1.52%"
"08/02/2019","19,695.44","19,862.67","19,922.37","19,671.35","","-0.84%"
"08/01/2019","19,862.67","19,957.26","19,971.08","19,794.73","","-0.47%"
"07/31/2019","19,957.26","20,221.10","20,258.24","19,957.26","","-1.20%"
"07/30/2019","20,199.61","20,622.12","20,646.52","20,160.40","","-2.38%"
"07/26/2019","20,692.32","20,816.52","20,816.74","20,640.80","","-0.60%"
"07/25/2019","20,817.15","20,812.29","20,878.49","20,735.62","","0.27%"
"07/24/2019","20,762.12","20,733.62","20,820.36","20,728.15","","0.16%"
"07/23/2019","20,729.21","20,802.47","20,854.08","20,691.32","","-0.26%"
"07/22/2019","20,783.49","20,778.65","20,897.03","20,756.46","","-0.30%"
"07/19/2019","20,845.29","20,894.16","21,035.34","20,822.85","","-0.36%"
"07/18/2019","20,919.65","20,838.03","20,985.72","20,791.24","","0.39%"
"07/17/2019","20,839.30","20,797.64","20,852.34","20,753.94","","0.16%"
"07/16/2019","20,805.87","20,638.15","20,847.93","20,629.43","","0.83%"
"07/15/2019","20,635.00","20,738.54","20,792.37","20,620.78","","-0.50%"
"07/12/2019","20,738.54","20,697.35","20,756.17","20,628.63","","0.19%"
"07/11/2019","20,698.61","20,757.61","20,764.08","20,618.64","","-0.30%"
"07/10/2019","20,760.77","20,685.32","20,774.29","20,656.72","","0.26%"
"07/09/2019","20,707.33","20,864.94","20,871.46","20,576.23","","-0.85%"
"07/08/2019","20,883.96","20,891.46","20,927.71","20,849.24","","0.01%"
"07/05/2019","20,881.95","20,877.41","20,950.30","20,717.87","","0.17%"
"07/04/2019","20,845.74","20,783.05","20,855.60","20,748.86","","0.36%"
"07/03/2019","20,770.43","20,763.72","20,788.03","20,737.53","","0.20%"
"07/02/2019","20,729.07","20,736.64","20,759.49","20,673.79","","0.01%"
"07/01/2019","20,727.82","20,654.15","20,750.35","20,599.41","","0.51%"
"06/28/2019","20,622.79","20,662.99","20,676.72","20,507.73","","-0.21%"
"06/27/2019","20,666.13","20,643.79","20,711.65","20,554.18","","0.28%"
"06/26/2019","20,609.42","20,634.78","20,672.52","20,502.69","","0.04%"
"06/25/2019","20,601.04","20,728.62","20,864.78","20,588.93","","-0.72%"
"06/24/2019","20,750.00","20,479.76","20,751.25","20,479.76","","1.26%"
"06/21/2019","20,492.17","20,580.70","20,640.94","20,488.98","","-0.46%"
"06/20/2019","20,587.85","20,256.31","20,599.93","20,256.31","","1.42%"
"06/19/2019","20,298.91","20,342.25","20,362.32","20,230.19","","-0.32%"
"06/18/2019","20,363.60","20,156.80","20,374.19","20,154.33","","0.78%"
"06/17/2019","20,206.58","20,293.98","20,311.05","20,204.26","","-0.44%"
"06/14/2019","20,295.80","20,250.85","20,332.66","20,228.93","","0.22%"
"06/13/2019","20,250.85","20,384.41","20,400.61","20,237.66","","-0.77%"
"06/12/2019","20,407.68","20,401.03","20,427.43","20,322.32","","0.09%"
"06/11/2019","20,388.77","20,302.77","20,462.32","20,251.85","","0.50%"
"06/10/2019","20,287.56","20,246.93","20,386.97","20,246.93","","-0.05%"
"06/07/2019","20,298.64","20,119.64","20,364.15","20,088.14","","0.92%"
"06/06/2019","20,113.62","20,061.69","20,162.51","20,005.52","","0.06%"
"06/05/2019","20,100.69","19,974.54","20,117.96","19,971.42","","0.57%"
"06/04/2019","19,986.77","19,992.99","19,998.35","19,899.55","","0.03%"
"06/03/2019","19,981.10","19,921.88","20,020.23","19,891.52","","0.29%"
"05/31/2019","19,922.77","19,821.24","19,962.76","19,686.43","","0.56%"
"05/30/2019","19,812.40","19,652.29","19,853.49","19,630.39","","0.78%"
"05/29/2019","19,658.14","19,669.56","19,672.51","19,577.76","","0.10%"
"05/28/2019","19,639.09","19,710.05","19,722.51","19,620.63","","-0.15%"
"05/27/2019","19,668.89","19,718.90","19,734.08","19,668.81","","-0.22%"
"05/24/2019","19,711.53","19,642.79","19,733.91","19,642.79","","0.22%"
"05/23/2019","19,669.22","19,884.75","19,915.58","19,663.35","","-1.17%"
"05/22/2019","19,902.59","20,048.43","20,096.22","19,896.66","","-0.85%"
"05/21/2019","20,074.22","19,979.93","20,079.60","19,900.44","","0.67%"
"05/20/2019","19,941.11","19,895.10","20,026.49","19,876.63","","0.11%"
"05/17/2019","19,919.00","19,944.08","19,987.76","19,857.37","","-0.16%"
"05/16/2019","19,951.90","20,002.58","20,069.91","19,932.66","","-0.30%"
"05/15/2019","20,011.32","20,021.44","20,032.52","19,898.40","","-0.05%"
"05/14/2019","20,021.44","19,948.72","20,045.31","19,914.30","","0.32%"
"05/13/2019","19,957.71","20,157.70","20,186.92","19,943.02","","-1.00%"
"05/10/2019","20,159.52","20,216.35","20,216.35","20,046.52","","-0.27%"
"05/09/2019","20,213.30","20,510.62","20,530.67","20,210.01","","-1.06%"
"05/08/2019","20,430.44","20,694.27","20,701.53","20,430.44","","-1.25%"
"05/07/2019","20,688.02","20,765.95","20,776.78","20,594.76","","-0.29%"
"05/06/2019","20,747.16","20,800.26","20,868.61","20,648.49","","-0.26%"
"05/03/2019","20,801.52","20,744.03","20,852.34","20,656.10","","0.17%"
"05/02/2019","20,765.92","20,880.70","20,997.44","20,728.33","","-0.62%"
"04/30/2019","20,896.50","20,861.57","20,946.61","20,772.03","","0.05%"
"04/29/2019","20,886.76","20,846.27","20,929.99","20,771.11","","0.19%"
"04/26/2019","20,846.27","20,658.17","20,858.09","20,586.80","","0.70%"
"04/25/2019","20,700.38","20,709.45","20,727.25","20,603.66","","-0.01%"
"04/24/2019","20,703.35","20,849.77","20,888.12","20,644.42","","-0.58%"
"04/23/2019","20,824.63","20,848.55","20,966.36","20,822.16","","-0.24%"
"04/22/2019","20,873.79","20,923.81","21,007.95","20,794.08","","-0.31%"
"04/17/2019","20,938.43","21,136.45","21,211.23","20,922.12","","-0.95%"
"04/16/2019","21,139.65","21,001.03","21,139.65","21,001.03","","0.64%"
"04/15/2019","21,004.21","21,091.80","21,290.55","20,997.91","","-0.45%"
"04/12/2019","21,099.81","20,979.30","21,126.21","20,979.30","","0.47%"
"04/11/2019","21,000.95","21,312.61","21,316.41","20,966.26","","-1.31%"
"04/10/2019","21,279.33","21,295.04","21,307.18","21,246.29","","0.03%"
"04/09/2019","21,272.66","21,401.91","21,492.39","21,270.90","","-0.76%"
"04/08/2019","21,436.43","21,338.44","21,444.09","21,315.17","","0.32%"
"04/05/2019","21,367.59","21,264.70","21,378.62","21,264.70","","0.38%"
"04/04/2019","21,287.28","21,148.45","21,287.28","21,094.94","","0.64%"
"04/03/2019","21,151.66","21,067.31","21,207.54","21,062.82","","0.22%"
"04/02/2019","21,105.55","21,047.26","21,107.60","21,047.26","","0.14%"
"04/01/2019","21,075.93","21,110.79","21,126.79","21,032.82","","-0.10%"
"03/29/2019","21,098.07","20,974.72","21,119.53","20,968.24","","0.58%"
"03/28/2019","20,976.61","20,937.01","21,012.25","20,914.24","","-0.10%"
"03/27/2019","20,997.10","21,090.84","21,148.06","20,987.62","","-0.16%"
"03/26/2019","21,030.29","20,981.00","21,150.66","20,969.04","","0.23%"
"03/25/2019","20,982.91","21,015.67","21,133.32","20,980.71","","-0.13%"
"03/22/2019","21,009.30","21,209.36","21,237.99","20,996.69","","-0.63%"
"03/21/2019","21,141.52","21,174.05","21,266.22","21,103.97","","-0.25%"
"03/20/2019","21,195.25","21,158.51","21,205.61","20,940.54","","0.29%"
"03/19/2019","21,134.48","21,004.56","21,152.51","21,004.56","","0.62%"
"03/18/2019","21,004.56","20,920.34","21,050.50","20,912.60","","0.41%"
"03/15/2019","20,919.07","20,839.17","20,980.52","20,810.18","","0.46%"
"03/14/2019","20,823.38","20,920.98","20,981.38","20,790.56","","-0.35%"
"03/13/2019","20,895.64","20,724.54","20,927.39","20,721.53","","0.72%"
"03/12/2019","20,746.53","20,617.56","20,767.37","20,601.23","","0.41%"
"03/11/2019","20,661.20","20,494.21","20,695.43","20,481.43","","0.77%"
"03/08/2019","20,502.87","20,555.78","20,582.48","20,428.49","","-0.14%"
"03/07/2019","20,530.96","20,586.39","20,597.15","20,478.83","","-0.27%"
"03/06/2019","20,587.02","20,546.58","20,592.29","20,469.54","","0.23%"
"03/05/2019","20,540.38","20,654.86","20,659.85","20,514.41","","-0.34%"
"03/04/2019","20,611.18","20,552.57","20,638.23","20,510.61","","0.24%"
"03/01/2019","20,561.58","20,608.12","20,657.40","20,554.06","","-0.26%"
"02/28/2019","20,616.01","20,558.67","20,656.02","20,495.37","","0.23%"
"02/27/2019","20,569.26","20,539.63","20,637.00","20,539.63","","0.05%"
"02/26/2019","20,559.29","20,589.85","20,599.17","20,513.39","","-0.01%"
"02/25/2019","20,561.13","20,539.33","20,673.85","20,526.01","","0.01%"
"02/22/2019","20,560.07","20,334.16","20,565.68","20,334.16","","0.67%"
"02/21/2019","20,423.26","20,626.17","20,665.93","20,402.74","","-0.99%"
"02/20/2019","20,627.41","20,417.73","20,627.41","20,410.84","","1.03%"
"02/19/2019","20,417.73","20,240.01","20,457.01","20,240.01","","0.35%"
"02/18/2019","20,346.15","20,391.24","20,397.21","20,327.90","","-0.22%"
"02/15/2019","20,391.24","20,234.72","20,455.25","20,178.63","","0.87%"
"02/14/2019","20,215.01","20,203.41","20,263.25","20,002.53","","0.30%"
"02/13/2019","20,155.01","20,125.39","20,256.47","20,109.50","","0.15%"
"02/12/2019","20,125.39","20,141.52","20,212.68","20,113.11","","-0.06%"
"02/11/2019","20,138.37","20,111.33","20,179.39","20,085.89","","-0.87%"
"02/08/2019","20,314.77","20,321.78","20,326.56","20,191.21","","-0.01%"
"02/07/2019","20,316.15","20,531.48","20,540.09","20,225.41","","-1.05%"
"02/06/2019","20,532.71","20,517.96","20,657.00","20,479.56","","0.07%"
"02/05/2019","20,517.61","20,450.28","20,556.16","20,431.05","","0.33%"
"02/04/2019","20,450.28","20,303.54","20,453.15","20,247.94","","0.77%"
"02/01/2019","20,294.04","20,174.42","20,312.10","20,152.20","","0.51%"
"01/31/2019","20,190.87","20,071.11","20,249.03","20,051.85","","0.62%"
"01/30/2019","20,067.22","20,042.77","20,093.87","20,011.58","","0.13%"
"01/29/2019","20,041.32","19,876.38","20,041.32","19,861.25","","0.89%"
"01/28/2019","19,864.52","19,859.87","19,910.36","19,816.31","","0.04%"
"01/25/2019","19,856.14","19,695.15","19,870.44","19,659.84","","0.84%"
"01/24/2019","19,691.64","19,570.15","19,692.81","19,568.62","","0.64%"
"01/23/2019","19,566.34","19,509.09","20,234.58","19,508.08","","0.27%"
"01/22/2019","19,513.63","19,580.15","19,643.30","19,489.74","","-0.34%"
"01/21/2019","19,580.15","19,606.36","19,636.63","19,560.71","","0.03%"
"01/18/2019","19,573.36","19,656.28","19,657.35","19,482.77","","-0.44%"
"01/17/2019","19,659.12","19,574.99","19,662.73","19,567.84","","0.39%"
"01/16/2019","19,582.05","19,540.32","19,582.05","19,482.07","","0.22%"
"01/15/2019","19,538.41","19,668.77","19,727.78","19,497.06","","-0.66%"
"01/14/2019","19,668.77","19,598.94","19,671.06","19,532.27","","0.26%"
"01/11/2019","19,617.04","19,702.66","19,702.66","19,545.77","","-0.42%"
"01/10/2019","19,699.12","19,591.55","19,708.21","19,561.55","","0.68%"
"01/09/2019","19,565.91","19,336.59","19,570.29","19,336.59","","0.97%"
"01/08/2019","19,378.67","19,506.53","19,514.69","19,376.05","","-0.58%"
"01/07/2019","19,491.12","19,468.94","19,538.92","19,457.30","","0.11%"
"01/04/2019","19,469.46","19,223.06","19,498.35","19,223.06","","1.18%"
"01/03/2019","19,242.95","19,382.81","19,407.53","19,215.02","","-0.65%"
"01/02/2019","19,368.14","19,370.80","19,486.82","19,348.52","","0.09%"