"Date","Price","Open","High","Low","Vol.","Change %"
"12/31/2025","10,762.51","10,793.58","10,793.58","10,732.86","73.18M","-0.29%"
"12/30/2025","10,793.58","10,798.14","10,798.67","10,750.32","83.63M","-0.04%"
"12/29/2025","10,798.14","10,763.27","10,798.14","10,718.40","66.65M","0.32%"
"12/28/2025","10,763.27","10,801.22","10,808.59","10,763.11","46.15M","-0.35%"
"12/25/2025","10,801.22","10,837.61","10,837.61","10,798.01","36.11M","-0.34%"
"12/24/2025","10,837.61","10,823.86","10,852.61","10,809.11","46.54M","0.13%"
"12/23/2025","10,823.86","10,801.39","10,823.86","10,757.55","63.96M","0.21%"
"12/22/2025","10,801.39","10,716.39","10,801.53","10,689.95","71.23M","0.79%"
"12/21/2025","10,716.39","10,654.65","10,731.40","10,654.65","60.58M","0.58%"
"12/17/2025","10,654.65","10,726.68","10,747.20","10,654.65","124.38M","-0.67%"
"12/16/2025","10,726.68","10,757.96","10,757.96","10,684.92","55.24M","-0.29%"
"12/15/2025","10,757.96","10,854.95","10,870.01","10,756.89","84.28M","-0.89%"
"12/14/2025","10,854.95","10,903.17","10,903.79","10,843.86","50.41M","-0.44%"
"12/11/2025","10,903.17","10,807.47","10,909.80","10,793.80","57.47M","0.89%"
"12/10/2025","10,807.47","10,777.39","10,807.47","10,758.70","56.88M","0.28%"
"12/09/2025","10,777.39","10,736.47","10,777.39","10,688.67","67.92M","0.38%"
"12/08/2025","10,736.47","10,704.40","10,736.47","10,666.19","61.33M","0.30%"
"12/07/2025","10,704.40","10,712.82","10,737.67","10,691.64","53.11M","-0.08%"
"12/04/2025","10,712.82","10,723.46","10,792.25","10,697.37","79.97M","-0.10%"
"12/03/2025","10,723.46","10,674.06","10,723.46","10,653.68","66.92M","0.46%"
"12/02/2025","10,674.06","10,621.19","10,677.77","10,570.19","103.67M","0.50%"
"12/01/2025","10,621.19","10,615.07","10,642.70","10,572.65","65.04M","0.06%"
"11/30/2025","10,615.07","10,644.73","10,668.10","10,615.07","37.89M","-0.28%"
"11/27/2025","10,644.73","10,689.40","10,724.40","10,642.71","70.18M","-0.42%"
"11/26/2025","10,689.40","10,607.42","10,693.05","10,574.33","84.59M","0.77%"
"11/25/2025","10,607.42","10,699.94","10,704.17","10,600.49","67.35M","-0.86%"
"11/24/2025","10,699.94","10,653.13","10,699.94","10,561.20","155.32M","0.44%"
"11/23/2025","10,653.13","10,607.96","10,671.61","10,607.96","43.79M","0.43%"
"11/20/2025","10,607.96","10,751.11","10,751.11","10,592.56","79.77M","-1.33%"
"11/19/2025","10,751.11","10,682.52","10,794.14","10,682.52","71.06M","0.64%"
"11/18/2025","10,682.52","10,800.54","10,807.47","10,626.66","69.85M","-1.09%"
"11/17/2025","10,800.54","10,846.84","10,872.02","10,757.59","70.02M","-0.43%"
"11/16/2025","10,846.84","10,957.95","10,959.92","10,840.13","37.04M","-1.01%"
"11/13/2025","10,957.95","11,082.40","11,113.23","10,957.95","72.99M","-1.12%"
"11/12/2025","11,082.40","11,140.77","11,144.86","11,082.40","62.29M","-0.52%"
"11/11/2025","11,140.77","11,089.98","11,147.82","11,081.09","68.65M","0.46%"
"11/10/2025","11,089.98","11,047.84","11,114.52","11,023.35","58.68M","0.38%"
"11/09/2025","11,047.84","11,058.92","11,105.42","11,032.09","34.65M","-0.10%"
"11/06/2025","11,058.92","11,006.60","11,083.41","11,000.48","67.54M","0.48%"
"11/05/2025","11,006.60","11,027.54","11,027.54","10,958.84","58.01M","-0.19%"
"11/04/2025","11,027.54","11,027.56","11,036.73","10,995.04","63.10M","0.00%"
"11/03/2025","11,027.56","10,930.30","11,027.56","10,880.37","","0.89%"
"11/02/2025","10,930.30","10,956.78","10,956.78","10,893.82","57.91M","-0.24%"
"10/30/2025","10,956.78","10,928.23","10,958.50","10,924.93","56.72M","0.26%"
"10/29/2025","10,928.23","10,924.78","10,929.07","10,876.82","50.94M","0.03%"
"10/28/2025","10,924.78","10,896.08","10,948.02","10,884.11","85.59M","0.26%"
"10/27/2025","10,896.08","10,912.14","10,915.76","10,849.77","54.43M","-0.15%"
"10/26/2025","10,912.14","10,877.05","10,912.14","10,869.92","55.28M","0.32%"
"10/23/2025","10,877.05","10,850.33","10,895.30","10,826.51","55.36M","0.25%"
"10/22/2025","10,850.33","10,821.85","10,850.70","10,783.44","58.41M","0.26%"
"10/21/2025","10,821.85","10,808.50","10,846.29","10,783.80","59.71M","0.12%"
"10/20/2025","10,808.50","10,837.18","10,858.72","10,789.16","68.55M","-0.26%"
"10/19/2025","10,837.18","10,850.91","10,898.98","10,829.06","61.24M","-0.13%"
"10/16/2025","10,850.91","10,693.47","10,852.06","10,693.47","77.64M","1.47%"
"10/15/2025","10,693.47","10,745.92","10,808.64","10,693.47","89.16M","-0.49%"
"10/14/2025","10,745.92","10,835.95","10,860.65","10,745.92","83.27M","-0.83%"
"10/13/2025","10,835.95","10,839.72","10,883.60","10,835.95","72.98M","-0.03%"
"10/12/2025","10,839.72","10,933.22","10,933.22","10,808.68","62.43M","-0.86%"
"10/09/2025","10,933.22","10,897.38","10,934.54","10,884.83","66.46M","0.33%"
"10/08/2025","10,897.38","10,911.53","10,919.36","10,880.65","61.68M","-0.13%"
"10/07/2025","10,911.53","10,888.55","10,911.67","10,850.78","54.77M","0.21%"
"10/06/2025","10,888.55","10,915.73","10,921.97","10,862.75","61.36M","-0.25%"
"10/05/2025","10,915.73","10,863.09","10,925.80","10,863.09","46.37M","0.48%"
"10/02/2025","10,863.09","10,955.26","10,972.25","10,861.66","77.00M","-0.84%"
"10/01/2025","10,955.26","11,052.82","11,069.23","10,929.02","65.11M","-0.88%"
"09/30/2025","11,052.82","11,001.88","11,078.21","11,001.88","72.38M","0.46%"
"09/29/2025","11,001.88","10,977.66","11,011.94","10,949.16","67.45M","0.22%"
"09/28/2025","10,977.66","10,958.55","10,994.12","10,932.32","50.87M","0.17%"
"09/25/2025","10,958.55","11,078.50","11,124.58","10,958.55","74.80M","-1.08%"
"09/24/2025","11,078.50","11,174.88","11,203.97","11,058.88","109.26M","-0.86%"
"09/23/2025","11,174.88","11,222.06","11,234.62","11,174.88","69.64M","-0.42%"
"09/22/2025","11,222.06","11,266.82","11,285.16","11,199.82","63.40M","-0.40%"
"09/21/2025","11,266.82","11,307.85","11,313.56","11,189.14","51.34M","-0.36%"
"09/18/2025","11,307.85","11,226.03","11,307.85","11,201.43","169.82M","0.73%"
"09/17/2025","11,226.03","11,121.58","11,228.19","11,121.58","117.92M","0.94%"
"09/16/2025","11,121.58","11,099.97","11,150.48","11,092.26","111.19M","0.19%"
"09/15/2025","11,099.97","11,131.75","11,142.40","11,090.30","76.89M","-0.29%"
"09/14/2025","11,131.75","11,093.12","11,145.09","11,088.48","60.70M","0.35%"
"09/11/2025","11,093.12","11,077.07","11,120.97","11,018.40","51.98M","0.14%"
"09/10/2025","11,077.07","11,107.45","11,120.20","11,052.28","54.38M","-0.27%"
"09/09/2025","11,107.45","11,124.83","11,137.47","11,069.94","70.71M","-0.16%"
"09/08/2025","11,124.83","11,131.43","11,175.39","11,117.21","50.05M","-0.06%"
"09/07/2025","11,131.43","11,099.21","11,153.84","11,099.21","51.37M","0.29%"
"09/04/2025","11,099.21","11,142.37","11,184.26","11,096.96","65.19M","-0.39%"
"09/03/2025","11,142.37","11,183.57","11,212.06","11,141.07","61.54M","-0.37%"
"09/02/2025","11,183.57","11,175.48","11,203.59","11,129.69","49.78M","0.07%"
"09/01/2025","11,175.48","11,222.38","11,239.64","11,148.17","54.00M","-0.42%"
"08/31/2025","11,222.38","11,226.84","11,261.51","11,149.67","65.10M","-0.04%"
"08/28/2025","11,226.84","11,338.81","11,370.34","11,226.84","80.02M","-0.99%"
"08/27/2025","11,338.81","11,405.50","11,426.88","11,338.81","77.03M","-0.58%"
"08/26/2025","11,405.50","11,293.42","11,406.20","11,264.68","128.46M","0.99%"
"08/25/2025","11,293.42","11,322.64","11,351.24","11,273.90","61.83M","-0.26%"
"08/24/2025","11,322.64","11,342.57","11,393.72","11,321.05","59.40M","-0.18%"
"08/21/2025","11,342.57","11,306.78","11,348.91","11,262.53","75.57M","0.32%"
"08/20/2025","11,306.78","11,491.59","11,496.26","11,306.07","63.19M","-1.61%"
"08/19/2025","11,491.59","11,515.66","11,534.94","11,436.57","73.27M","-0.21%"
"08/18/2025","11,515.66","11,588.02","11,602.26","11,506.97","72.15M","-0.62%"
"08/17/2025","11,588.02","11,648.81","11,665.54","11,585.45","78.54M","-0.52%"
"08/14/2025","11,648.81","11,634.75","11,743.00","11,623.31","105.18M","0.12%"
"08/13/2025","11,634.75","11,421.38","11,634.86","11,421.38","100.79M","1.87%"
"08/12/2025","11,421.38","11,371.49","11,421.38","11,349.14","134.19M","0.44%"
"08/11/2025","11,371.49","11,362.43","11,371.49","11,317.21","132.15M","0.08%"
"08/10/2025","11,362.43","11,363.71","11,373.97","11,332.49","75.55M","-0.01%"
"08/07/2025","11,363.71","11,325.92","11,384.36","11,306.87","102.58M","0.33%"
"08/06/2025","11,325.92","11,284.11","11,333.08","11,250.72","119.33M","0.37%"
"08/05/2025","11,284.11","11,179.72","11,284.11","11,179.35","95.03M","0.93%"
"08/04/2025","11,179.72","11,167.75","11,190.37","11,143.23","91.92M","0.11%"
"08/03/2025","11,167.75","11,261.62","11,261.62","11,144.95","50.35M","-0.83%"
"07/31/2025","11,261.62","11,149.46","11,265.60","11,131.26","115.02M","1.01%"
"07/30/2025","11,149.46","11,141.75","11,170.49","11,112.38","59.35M","0.07%"
"07/29/2025","11,141.75","11,205.47","11,205.47","11,136.03","50.37M","-0.57%"
"07/28/2025","11,205.47","11,249.23","11,268.95","11,175.73","60.91M","-0.39%"
"07/27/2025","11,249.23","11,220.76","11,278.64","11,183.42","47.46M","0.25%"
"07/24/2025","11,220.76","11,187.50","11,246.97","11,141.35","107.13M","0.30%"
"07/23/2025","11,187.50","11,141.04","11,187.50","11,081.56","107.76M","0.42%"
"07/22/2025","11,141.04","11,022.14","11,142.03","10,992.22","62.80M","1.08%"
"07/21/2025","11,022.14","10,941.71","11,022.14","10,936.47","95.68M","0.74%"
"07/20/2025","10,941.71","10,915.20","10,948.54","10,876.68","63.14M","0.24%"
"07/17/2025","10,915.20","10,811.41","10,936.61","10,807.16","119.71M","0.96%"
"07/16/2025","10,811.41","10,817.85","10,834.26","10,790.73","129.47M","-0.06%"
"07/15/2025","10,817.85","10,769.65","10,818.14","10,762.06","70.62M","0.45%"
"07/14/2025","10,769.65","10,830.72","10,830.72","10,760.63","61.44M","-0.56%"
"07/13/2025","10,830.72","10,827.19","10,830.72","10,793.88","45.87M","0.03%"
"07/10/2025","10,827.19","10,829.86","10,849.01","10,774.40","92.51M","-0.02%"
"07/09/2025","10,829.86","10,833.87","10,870.40","10,800.31","61.09M","-0.04%"
"07/08/2025","10,833.87","10,801.07","10,851.17","10,794.70","81.55M","0.30%"
"07/07/2025","10,801.07","10,751.96","10,801.07","10,750.76","63.26M","0.46%"
"07/06/2025","10,751.96","10,759.49","10,775.62","10,744.10","32.35M","-0.07%"
"07/03/2025","10,759.49","10,699.24","10,759.65","10,679.97","63.26M","0.56%"
"07/02/2025","10,699.24","10,698.39","10,701.79","10,661.78","56.38M","0.01%"
"07/01/2025","10,698.39","10,749.48","10,772.21","10,697.69","51.45M","-0.48%"
"06/30/2025","10,749.48","10,768.19","10,798.79","10,735.14","84.77M","-0.17%"
"06/29/2025","10,768.19","10,684.66","10,768.19","10,680.20","66.14M","0.78%"
"06/26/2025","10,684.66","10,643.52","10,685.61","10,608.77","96.06M","0.39%"
"06/25/2025","10,643.52","10,531.87","10,643.52","10,531.87","103.60M","1.06%"
"06/24/2025","10,531.87","10,332.82","10,582.28","10,332.82","145.78M","1.93%"
"06/23/2025","10,332.82","10,280.20","10,434.69","10,277.42","103.02M","0.51%"
"06/22/2025","10,280.20","10,261.14","10,380.71","10,190.64","86.39M","0.19%"
"06/19/2025","10,261.14","10,347.91","10,348.45","10,198.64","180.51M","-0.84%"
"06/18/2025","10,347.91","10,411.41","10,421.99","10,317.98","119.60M","-0.61%"
"06/17/2025","10,411.41","10,464.80","10,520.22","10,409.29","136.79M","-0.51%"
"06/16/2025","10,464.80","10,286.92","10,507.15","10,286.77","127.00M","1.73%"
"06/15/2025","10,286.92","10,626.50","10,626.50","10,192.84","128.86M","-3.20%"
"06/12/2025","10,626.50","10,713.35","10,722.18","10,582.14","95.30M","-0.81%"
"06/11/2025","10,713.35","10,697.10","10,756.79","10,648.96","104.25M","0.15%"
"06/10/2025","10,697.10","10,558.34","10,697.10","10,544.74","116.74M","1.31%"
"06/04/2025","10,558.34","10,618.02","10,618.02","10,558.34","155.59M","-0.56%"
"06/03/2025","10,618.02","10,484.06","10,620.21","10,481.21","87.76M","1.28%"
"06/02/2025","10,484.06","10,501.25","10,513.43","10,439.42","67.34M","-0.16%"
"06/01/2025","10,501.25","10,463.04","10,536.67","10,463.04","60.50M","0.37%"
"05/29/2025","10,463.04","10,539.41","10,586.80","10,454.92","211.57M","-0.72%"
"05/28/2025","10,539.41","10,648.36","10,679.41","10,531.29","73.66M","-1.02%"
"05/27/2025","10,648.36","10,731.92","10,739.91","10,639.35","78.75M","-0.78%"
"05/26/2025","10,731.92","10,736.41","10,771.60","10,722.62","93.96M","-0.04%"
"05/25/2025","10,736.41","10,774.26","10,797.69","10,736.41","48.61M","-0.35%"
"05/22/2025","10,774.26","10,772.36","10,782.80","10,699.68","82.87M","0.02%"
"05/21/2025","10,772.36","10,763.33","10,818.96","10,763.33","126.52M","0.08%"
"05/20/2025","10,763.33","10,710.09","10,774.43","10,709.98","110.38M","0.50%"
"05/19/2025","10,710.09","10,640.71","10,738.84","10,631.66","94.29M","0.65%"
"05/18/2025","10,640.71","10,574.59","10,647.90","10,574.59","76.38M","0.63%"
"05/15/2025","10,574.59","10,593.53","10,608.02","10,564.96","79.23M","-0.18%"
"05/14/2025","10,593.53","10,585.58","10,630.52","10,573.87","94.55M","0.08%"
"05/13/2025","10,585.58","10,609.25","10,651.42","10,585.58","87.53M","-0.22%"
"05/12/2025","10,609.25","10,532.25","10,639.51","10,532.25","126.58M","0.73%"
"05/11/2025","10,532.25","10,520.04","10,592.56","10,520.04","76.24M","0.12%"
"05/08/2025","10,520.04","10,478.62","10,557.28","10,478.62","85.39M","0.40%"
"05/07/2025","10,478.62","10,484.46","10,530.38","10,464.95","69.97M","-0.06%"
"05/06/2025","10,484.46","10,455.70","10,503.06","10,451.67","110.17M","0.28%"
"05/05/2025","10,455.70","10,499.64","10,532.54","10,454.87","70.41M","-0.42%"
"05/04/2025","10,499.64","10,447.63","10,521.05","10,445.10","75.39M","0.50%"
"05/01/2025","10,447.63","10,459.88","10,459.88","10,393.35","81.33M","-0.12%"
"04/30/2025","10,459.88","10,325.29","10,459.88","10,323.63","111.20M","1.30%"
"04/29/2025","10,325.29","10,325.11","10,363.29","10,325.11","117.17M","0.21%"
"04/28/2025","10,304.15","10,269.49","10,306.83","10,260.43","76.61M","0.34%"
"04/27/2025","10,269.49","10,260.17","10,300.86","10,248.09","81.41M","0.09%"
"04/24/2025","10,260.17","10,237.11","10,311.70","10,225.19","118.56M","0.23%"
"04/23/2025","10,237.11","10,139.29","10,237.11","10,139.29","157.42M","0.96%"
"04/22/2025","10,139.29","10,106.72","10,150.48","10,097.87","112.69M","0.32%"
"04/21/2025","10,106.72","10,135.24","10,149.97","10,106.72","92.80M","-0.28%"
"04/20/2025","10,135.24","10,135.84","10,150.60","10,116.03","37.36M","-0.01%"
"04/17/2025","10,135.84","10,198.39","10,199.13","10,119.12","55.78M","-0.61%"
"04/16/2025","10,198.39","10,213.33","10,213.33","10,172.58","62.28M","-0.15%"
"04/15/2025","10,213.33","10,146.65","10,213.89","10,145.40","53.56M","0.66%"
"04/14/2025","10,146.65","10,118.11","10,189.24","10,118.11","89.24M","0.28%"
"04/13/2025","10,118.11","10,095.09","10,130.40","10,072.48","60.37M","0.23%"
"04/10/2025","10,095.09","9,904.25","10,175.61","9,904.25","170.78M","1.93%"
"04/09/2025","9,904.25","9,896.65","9,968.18","9,801.08","113.43M","0.08%"
"04/08/2025","9,896.65","9,766.05","9,977.17","9,765.70","130.72M","1.34%"
"04/07/2025","9,766.05","9,800.01","9,808.85","9,553.58","173.97M","-0.35%"
"04/06/2025","9,800.01","10,232.95","10,232.95","9,647.57","143.16M","-4.23%"
"03/27/2025","10,232.95","10,185.78","10,234.06","10,124.23","54.72M","0.46%"
"03/26/2025","10,185.78","10,157.56","10,216.19","10,125.18","77.03M","0.28%"
"03/25/2025","10,157.56","10,185.70","10,224.38","10,114.22","70.89M","-0.28%"
"03/24/2025","10,185.70","10,267.61","10,307.11","10,170.96","64.54M","-0.80%"
"03/23/2025","10,267.61","10,343.68","10,346.33","10,263.16","51.99M","-0.74%"
"03/20/2025","10,343.68","10,384.72","10,404.22","10,307.93","115.15M","-0.40%"
"03/19/2025","10,384.72","10,461.48","10,479.71","10,358.80","83.44M","-0.73%"
"03/18/2025","10,461.48","10,403.87","10,461.48","10,389.55","117.82M","0.55%"
"03/17/2025","10,403.87","10,421.80","10,440.56","10,387.02","85.90M","-0.17%"
"03/16/2025","10,421.80","10,423.18","10,423.46","10,385.89","47.97M","-0.01%"
"03/13/2025","10,423.18","10,437.96","10,437.96","10,377.01","68.42M","-0.14%"
"03/12/2025","10,437.96","10,484.47","10,485.21","10,401.86","82.37M","-0.44%"
"03/11/2025","10,484.47","10,531.81","10,531.81","10,455.65","95.96M","-0.45%"
"03/10/2025","10,531.81","10,525.62","10,534.47","10,472.11","73.89M","0.06%"
"03/09/2025","10,525.62","10,514.11","10,535.05","10,490.70","74.12M","0.11%"
"03/06/2025","10,514.11","10,492.39","10,514.11","10,446.71","80.60M","0.21%"
"03/05/2025","10,492.39","10,470.94","10,493.09","10,425.42","71.36M","0.20%"
"03/04/2025","10,470.94","10,464.09","10,472.76","10,399.74","78.60M","0.07%"
"03/03/2025","10,464.09","10,445.69","10,464.09","10,362.19","76.01M","0.18%"
"02/27/2025","10,445.69","10,497.73","10,497.73","10,353.62","160.97M","-0.50%"
"02/26/2025","10,497.73","10,591.05","10,591.05","10,491.45","75.20M","-0.88%"
"02/25/2025","10,591.05","10,665.97","10,665.97","10,537.05","83.92M","-0.70%"
"02/24/2025","10,665.97","10,641.09","10,666.04","10,547.25","96.84M","0.23%"
"02/23/2025","10,641.09","10,654.40","10,662.19","10,615.99","56.86M","-0.12%"
"02/20/2025","10,654.40","10,646.13","10,656.75","10,591.38","56.51M","0.08%"
"02/19/2025","10,646.13","10,638.10","10,648.51","10,617.44","72.56M","0.08%"
"02/18/2025","10,638.10","10,610.42","10,641.83","10,552.11","73.55M","0.26%"
"02/17/2025","10,610.42","10,604.89","10,616.58","10,576.80","64.10M","0.05%"
"02/16/2025","10,604.89","10,619.08","10,647.33","10,592.10","55.68M","-0.13%"
"02/13/2025","10,619.08","10,595.24","10,620.47","10,568.58","64.44M","0.23%"
"02/12/2025","10,595.24","10,629.20","10,629.20","10,580.95","81.26M","-0.32%"
"02/10/2025","10,629.20","10,583.73","10,629.20","10,572.08","67.50M","0.43%"
"02/09/2025","10,583.73","10,615.75","10,617.54","10,571.50","51.57M","-0.30%"
"02/06/2025","10,615.75","10,657.44","10,674.62","10,583.01","73.25M","-0.39%"
"02/05/2025","10,657.44","10,658.83","10,665.06","10,617.58","145.81M","-0.01%"
"02/04/2025","10,658.83","10,632.34","10,659.71","10,575.60","89.66M","0.25%"
"02/03/2025","10,632.34","10,699.76","10,700.52","10,580.91","104.99M","-0.63%"
"02/02/2025","10,699.76","10,666.71","10,701.02","10,659.86","57.16M","0.31%"
"01/30/2025","10,666.71","10,680.28","10,705.69","10,642.59","114.83M","-0.13%"
"01/29/2025","10,680.28","10,673.99","10,696.28","10,622.34","60.96M","0.06%"
"01/28/2025","10,673.99","10,666.88","10,697.33","10,659.10","67.77M","0.07%"
"01/27/2025","10,666.88","10,650.50","10,679.98","10,617.23","83.64M","0.15%"
"01/26/2025","10,650.50","10,660.12","10,714.82","10,645.47","72.59M","-0.09%"
"01/23/2025","10,660.12","10,619.40","10,713.36","10,604.74","129.85M","0.38%"
"01/22/2025","10,619.40","10,507.28","10,640.15","10,498.86","163.48M","1.07%"
"01/21/2025","10,507.28","10,507.56","10,536.39","10,486.77","82.54M","0.00%"
"01/20/2025","10,507.56","10,467.97","10,538.23","10,467.97","81.04M","0.38%"
"01/19/2025","10,467.97","10,471.69","10,485.93","10,456.57","62.82M","-0.04%"
"01/16/2025","10,471.69","10,428.81","10,494.03","10,405.55","76.67M","0.41%"
"01/15/2025","10,428.81","10,384.89","10,429.43","10,348.97","92.40M","0.42%"
"01/14/2025","10,384.89","10,219.69","10,385.86","10,219.69","77.45M","1.62%"
"01/13/2025","10,219.69","10,404.58","10,409.97","10,218.02","79.62M","-1.78%"
"01/12/2025","10,404.58","10,441.53","10,498.04","10,399.47","45.19M","-0.35%"
"01/09/2025","10,441.53","10,455.97","10,466.74","10,402.81","73.44M","-0.14%"
"01/08/2025","10,455.97","10,451.39","10,474.25","10,365.05","94.41M","0.04%"
"01/07/2025","10,451.39","10,485.72","10,497.73","10,443.19","73.85M","-0.33%"
"01/06/2025","10,485.72","10,478.48","10,488.45","10,459.62","91.06M","0.07%"
"01/05/2025","10,478.48","10,571.09","10,571.09","10,475.03","47.13M","-0.88%"
"12/31/2024","10,571.09","10,487.62","10,571.09","10,427.95","57.30M","0.80%"
"12/30/2024","10,487.62","10,511.53","10,526.29","10,481.26","63.03M","-0.23%"
"12/29/2024","10,511.53","10,413.41","10,511.53","10,413.41","42.56M","0.94%"
"12/26/2024","10,413.41","10,465.73","10,492.24","10,402.50","49.35M","-0.50%"
"12/25/2024","10,465.73","10,531.64","10,546.06","10,449.12","59.47M","-0.63%"
"12/24/2024","10,531.64","10,537.34","10,549.97","10,499.82","60.58M","-0.05%"
"12/23/2024","10,537.34","10,558.89","10,559.05","10,520.75","63.09M","-0.20%"
"12/22/2024","10,558.89","10,458.74","10,558.89","10,458.74","60.41M","0.96%"
"12/17/2024","10,458.74","10,578.24","10,599.93","10,458.74","111.18M","-1.13%"
"12/16/2024","10,578.24","10,538.20","10,594.43","10,531.05","67.14M","0.38%"
"12/15/2024","10,538.20","10,528.65","10,570.63","10,528.65","63.19M","0.09%"
"12/12/2024","10,528.65","10,510.88","10,565.84","10,508.62","81.90M","0.17%"
"12/11/2024","10,510.88","10,496.32","10,541.11","10,479.40","90.69M","0.14%"
"12/10/2024","10,496.32","10,421.36","10,512.58","10,413.86","100.60M","0.72%"
"12/09/2024","10,421.36","10,361.46","10,435.29","10,361.46","69.28M","0.58%"
"12/08/2024","10,361.46","10,391.75","10,408.03","10,357.70","67.39M","-0.29%"
"12/05/2024","10,391.75","10,337.59","10,391.75","10,334.77","55.39M","0.52%"
"12/04/2024","10,337.59","10,389.09","10,404.78","10,337.59","54.36M","-0.50%"
"12/03/2024","10,389.09","10,391.15","10,400.68","10,369.20","69.42M","-0.02%"
"12/02/2024","10,391.15","10,392.65","10,409.76","10,377.98","45.80M","-0.01%"
"12/01/2024","10,392.65","10,417.82","10,429.22","10,385.97","36.51M","-0.24%"
"11/28/2024","10,417.82","10,361.45","10,421.06","10,332.95","52.68M","0.54%"
"11/27/2024","10,361.45","10,408.05","10,430.85","10,360.55","70.79M","-0.45%"
"11/26/2024","10,407.95","10,413.30","10,460.04","10,397.20","56.31M","-0.04%"
"11/25/2024","10,412.54","10,422.49","10,468.55","10,412.54","170.51M","0.03%"
"11/24/2024","10,409.59","10,411.52","10,442.07","10,386.29","45.22M","0.14%"
"11/21/2024","10,394.82","10,438.59","10,466.00","10,394.82","74.19M","-0.42%"
"11/20/2024","10,438.16","10,424.82","10,456.22","10,418.15","51.65M","0.12%"
"11/19/2024","10,425.23","10,450.23","10,461.61","10,418.92","46.18M","-0.27%"
"11/18/2024","10,453.36","10,413.37","10,459.63","10,413.37","66.72M","0.41%"
"11/17/2024","10,410.71","10,457.36","10,463.07","10,410.16","44.12M","-0.42%"
"11/14/2024","10,455.08","10,420.61","10,481.54","10,420.61","70.07M","0.34%"
"11/13/2024","10,420.04","10,458.97","10,498.58","10,415.64","82.48M","-0.36%"
"11/12/2024","10,458.21","10,605.17","10,605.17","10,458.21","72.18M","-1.38%"
"11/11/2024","10,605.07","10,623.09","10,626.85","10,567.04","60.83M","-0.17%"
"11/10/2024","10,623.63","10,572.32","10,639.56","10,564.70","86.04M","0.52%"
"11/05/2024","10,568.52","10,545.29","10,568.52","10,526.62","61.66M","0.22%"
"11/04/2024","10,545.40","10,515.18","10,546.49","10,503.24","58.86M","0.36%"
"11/03/2024","10,507.59","10,538.95","10,544.88","10,491.39","44.82M","-0.16%"
"10/31/2024","10,524.34","10,478.10","10,532.82","10,478.10","88.19M","0.58%"
"10/30/2024","10,463.68","10,589.53","10,598.90","10,463.54","74.41M","-1.20%"
"10/29/2024","10,590.49","10,504.60","10,590.49","10,498.27","64.09M","0.82%"
"10/28/2024","10,504.28","10,569.07","10,595.63","10,504.28","79.75M","-0.53%"
"10/27/2024","10,559.95","10,422.53","10,583.61","10,422.53","102.54M","1.53%"
"10/24/2024","10,400.50","10,414.61","10,452.80","10,384.03","67.92M","-0.14%"
"10/23/2024","10,415.28","10,580.81","10,622.44","10,412.54","87.62M","-1.49%"
"10/22/2024","10,573.21","10,607.85","10,608.30","10,561.65","56.60M","-0.32%"
"10/21/2024","10,607.09","10,614.47","10,631.78","10,568.45","89.14M","-0.08%"
"10/20/2024","10,615.09","10,708.34","10,708.34","10,615.09","30.14M","-1.10%"
"10/17/2024","10,733.40","10,738.40","10,747.66","10,632.72","89.13M","-0.02%"
"10/16/2024","10,735.37","10,650.06","10,735.37","10,650.06","71.83M","0.87%"
"10/15/2024","10,642.47","10,477.60","10,642.61","10,471.77","114.15M","1.57%"
"10/14/2024","10,477.81","10,495.58","10,507.91","10,475.54","50.06M","-0.15%"
"10/13/2024","10,493.30","10,509.71","10,533.16","10,487.62","50.88M","-0.15%"
"10/10/2024","10,509.27","10,510.22","10,530.93","10,492.76","48.98M","0.00%"
"10/09/2024","10,509.79","10,518.27","10,589.63","10,509.79","81.22M","-0.02%"
"10/08/2024","10,512.20","10,466.53","10,523.84","10,433.83","87.04M","0.58%"
"10/07/2024","10,451.34","10,396.83","10,453.52","10,376.90","97.54M","0.38%"
"10/06/2024","10,412.01","10,465.73","10,474.85","10,335.54","79.82M","-0.51%"
"10/03/2024","10,465.25","10,566.75","10,605.41","10,403.28","112.44M","-0.96%"
"10/02/2024","10,566.43","10,628.10","10,628.10","10,555.69","62.68M","-0.60%"
"10/01/2024","10,629.88","10,611.05","10,679.45","10,592.25","71.91M","0.15%"
"09/30/2024","10,614.09","10,585.62","10,625.08","10,576.15","85.89M","0.27%"
"09/29/2024","10,585.30","10,589.11","10,624.54","10,585.30","59.77M","0.03%"
"09/26/2024","10,581.66","10,536.00","10,585.42","10,507.19","104.13M","0.37%"
"09/25/2024","10,542.71","10,484.27","10,542.71","10,464.50","90.76M","0.49%"
"09/24/2024","10,490.98","10,441.73","10,490.98","10,425.19","63.63M","0.46%"
"09/23/2024","10,443.04","10,438.76","10,482.26","10,433.65","52.89M","0.04%"
"09/22/2024","10,439.07","10,478.31","10,519.77","10,436.57","57.25M","-0.24%"
"09/19/2024","10,464.15","10,402.97","10,477.86","10,402.97","139.30M","0.55%"
"09/18/2024","10,406.70","10,418.87","10,429.43","10,391.46","57.89M","0.01%"
"09/17/2024","10,405.45","10,447.93","10,482.33","10,405.45","75.88M","-0.42%"
"09/16/2024","10,448.96","10,459.23","10,475.55","10,446.24","83.44M","-0.10%"
"09/15/2024","10,459.05","10,398.70","10,486.34","10,394.53","91.92M","0.58%"
"09/12/2024","10,398.32","10,254.09","10,445.89","10,254.09","106.85M","1.47%"
"09/11/2024","10,248.12","10,271.12","10,276.77","10,204.99","87.20M","-0.18%"
"09/10/2024","10,266.77","10,218.32","10,292.15","10,218.32","58.84M","0.50%"
"09/09/2024","10,215.55","10,258.04","10,283.71","10,215.55","62.21M","-0.44%"
"09/08/2024","10,261.02","10,321.08","10,321.08","10,260.68","44.76M","-0.60%"
"09/05/2024","10,323.32","10,321.56","10,329.38","10,256.94","54.07M","0.02%"
"09/04/2024","10,321.09","10,371.49","10,371.49","10,310.00","73.06M","-0.60%"
"09/03/2024","10,383.42","10,333.23","10,383.42","10,318.59","75.66M","0.38%"
"09/02/2024","10,344.42","10,234.79","10,345.22","10,229.96","77.39M","1.11%"
"09/01/2024","10,230.45","10,202.17","10,245.74","10,198.35","","0.27%"
"08/29/2024","10,203.04","10,122.08","10,203.04","10,110.70","98.34M","0.65%"
"08/28/2024","10,136.99","10,188.48","10,195.91","10,078.40","90.25M","-0.51%"
"08/27/2024","10,188.57","10,224.30","10,229.28","10,185.09","83.77M","-0.33%"
"08/26/2024","10,222.81","10,106.82","10,222.81","10,103.80","65.97M","1.16%"
"08/25/2024","10,105.33","10,126.33","10,133.10","10,098.46","48.09M","-0.17%"
"08/22/2024","10,122.61","10,118.34","10,132.04","10,089.36","60.90M","0.03%"
"08/21/2024","10,119.08","10,159.30","10,159.30","10,088.95","62.81M","-0.39%"
"08/20/2024","10,158.57","10,156.19","10,160.74","10,116.03","57.97M","0.03%"
"08/19/2024","10,155.75","10,135.58","10,157.13","10,096.01","47.45M","0.20%"
"08/18/2024","10,135.37","10,123.97","10,157.49","10,117.95","47.25M","0.10%"
"08/15/2024","10,125.47","10,107.46","10,148.65","10,106.41","69.89M","0.17%"
"08/14/2024","10,108.20","10,071.86","10,131.79","10,044.54","64.90M","0.37%"
"08/13/2024","10,071.40","10,095.26","10,095.26","10,025.59","70.93M","-0.22%"
"08/12/2024","10,093.52","10,074.34","10,096.16","10,053.30","58.09M","0.16%"
"08/11/2024","10,077.32","10,052.14","10,091.09","10,044.19","55.89M","0.24%"
"08/08/2024","10,053.01","10,055.18","10,077.76","10,036.02","43.18M","-0.24%"
"08/07/2024","10,076.81","10,045.96","10,076.81","10,019.05","100.26M","0.28%"
"08/06/2024","10,049.00","10,052.75","10,052.75","9,980.70","84.11M","-0.08%"
"08/05/2024","10,057.23","10,049.67","10,057.23","9,760.85","105.57M","0.00%"
"08/04/2024","10,057.13","10,121.80","10,121.80","10,010.91","74.95M","-0.73%"
"08/01/2024","10,130.75","10,154.24","10,165.30","10,109.18","68.42M","-0.23%"
"07/31/2024","10,154.05","10,140.02","10,171.03","10,126.54","74.27M","0.04%"
"07/30/2024","10,150.46","10,169.54","10,169.54","10,140.20","53.18M","-0.19%"
"07/29/2024","10,169.97","10,135.85","10,169.97","10,118.04","77.99M","0.34%"
"07/28/2024","10,135.75","10,090.91","10,145.11","10,080.66","43.02M","0.37%"
"07/25/2024","10,098.36","10,114.34","10,114.34","10,065.88","58.80M","-0.39%"
"07/24/2024","10,137.45","10,140.52","10,150.94","10,120.53","47.72M","-0.03%"
"07/23/2024","10,140.42","10,122.17","10,146.33","10,117.59","58.00M","0.20%"
"07/22/2024","10,120.68","10,063.94","10,120.68","10,063.94","52.62M","0.60%"
"07/21/2024","10,060.21","10,030.54","10,061.90","9,990.50","42.47M","0.26%"
"07/18/2024","10,034.26","10,149.49","10,149.49","10,023.75","121.04M","-1.16%"
"07/17/2024","10,151.72","10,192.40","10,192.40","10,058.68","116.02M","-0.41%"
"07/16/2024","10,193.89","10,187.35","10,205.38","10,171.53","77.12M","-0.02%"
"07/15/2024","10,196.30","10,168.97","10,196.30","10,130.68","83.12M","0.24%"
"07/14/2024","10,171.95","10,170.56","10,171.95","10,139.37","42.54M","-0.05%"
"07/11/2024","10,177.27","10,163.81","10,180.62","10,120.42","79.09M","0.15%"
"07/10/2024","10,161.60","10,164.45","10,181.99","10,139.70","96.21M","-0.04%"
"07/09/2024","10,165.76","10,159.07","10,167.17","10,138.62","58.93M","0.09%"
"07/08/2024","10,156.86","10,123.33","10,156.86","10,095.99","85.08M","0.33%"
"07/07/2024","10,123.05","10,074.67","10,134.32","10,078.35","72.55M","0.50%"
"07/04/2024","10,073.18","10,053.52","10,087.11","10,054.34","72.81M","0.20%"
"07/03/2024","10,053.15","10,006.53","10,053.21","9,999.47","69.29M","0.47%"
"07/02/2024","10,006.07","10,008.02","10,021.38","9,985.70","71.20M","0.00%"
"07/01/2024","10,006.52","9,968.21","10,006.52","9,961.21","","0.39%"
"06/30/2024","9,967.56","9,962.31","9,998.36","9,957.15","","0.06%"
"06/27/2024","9,961.57","9,872.49","9,969.12","9,852.32","88.26M","0.92%"
"06/26/2024","9,870.99","9,837.86","9,873.65","9,825.32","85.29M","0.44%"
"06/25/2024","9,827.42","9,773.69","9,866.66","9,779.44","97.41M","0.57%"
"06/24/2024","9,772.20","9,717.69","9,772.20","9,716.33","67.31M","0.57%"
"06/23/2024","9,716.94","9,703.66","9,742.00","9,695.14","55.97M","0.15%"
"06/20/2024","9,702.17","9,694.32","9,732.09","9,693.15","122.32M","0.16%"
"06/19/2024","9,686.86","9,668.16","9,714.36","9,644.45","58.44M","0.21%"
"06/13/2024","9,667.00","9,645.13","9,678.67","9,622.35","91.63M","0.22%"
"06/12/2024","9,645.87","9,629.36","9,673.78","9,600.88","105.40M","0.15%"
"06/11/2024","9,631.60","9,608.18","9,635.77","9,603.36","74.36M","0.28%"
"06/10/2024","9,604.45","9,569.94","9,613.40","9,551.34","77.75M","0.35%"
"06/09/2024","9,570.69","9,531.66","9,577.71","9,519.65","97.89M","0.40%"
"06/06/2024","9,532.41","9,491.04","9,533.23","9,468.24","77.26M","0.43%"
"06/05/2024","9,491.46","9,461.69","9,491.87","9,461.04","81.67M","0.29%"
"06/04/2024","9,463.93","9,418.22","9,497.88","9,427.16","97.67M","0.59%"
"06/03/2024","9,408.52","9,386.20","9,427.46","9,378.68","89.42M","0.25%"
"06/02/2024","9,385.45","9,324.42","9,453.75","9,345.62","83.94M","0.71%"
"05/30/2024","9,319.10","9,278.30","9,365.14","9,165.64","274.07M","0.43%"
"05/29/2024","9,279.05","9,378.14","9,392.56","9,261.08","110.27M","-1.04%"
"05/28/2024","9,376.88","9,332.04","9,418.33","9,320.07","64.88M","0.48%"
"05/27/2024","9,332.39","9,396.03","9,416.51","9,293.70","85.27M","-0.68%"
"05/26/2024","9,396.07","9,562.89","9,566.46","9,383.12","","-1.74%"
"05/23/2024","9,562.14","9,704.97","9,710.91","9,562.14","84.14M","-1.50%"
"05/22/2024","9,707.96","9,714.85","9,729.73","9,695.77","124.12M","-0.09%"
"05/21/2024","9,716.34","9,678.22","9,716.34","9,661.35","103.50M","0.40%"
"05/20/2024","9,677.17","9,712.28","9,726.56","9,648.03","97.35M","-0.32%"
"05/19/2024","9,707.81","9,712.97","9,750.88","9,698.08","89.48M","0.05%"
"05/16/2024","9,702.53","9,634.33","9,706.07","9,626.24","113.00M","0.77%"
"05/15/2024","9,628.36","9,655.97","9,708.09","9,616.63","130.59M","-0.19%"
"05/14/2024","9,646.28","9,668.90","9,706.81","9,645.87","92.33M","-0.23%"
"05/13/2024","9,668.72","9,649.92","9,683.26","9,639.65","79.86M","0.26%"
"05/12/2024","9,643.96","9,635.27","9,700.38","9,632.97","66.41M","0.11%"
"05/09/2024","9,633.04","9,621.39","9,683.65","9,611.97","118.40M","0.10%"
"05/08/2024","9,622.96","9,616.33","9,648.30","9,584.82","142.46M","0.05%"
"05/07/2024","9,618.57","9,641.90","9,683.53","9,576.88","92.94M","-0.21%"
"05/06/2024","9,638.86","9,697.50","9,713.68","9,628.96","86.55M","-0.53%"
"05/05/2024","9,690.05","9,616.77","9,692.92","9,614.87","81.20M","0.82%"
"05/02/2024","9,610.80","9,706.29","9,743.84","9,604.83","104.95M","-1.01%"
"05/01/2024","9,708.89","9,726.57","9,754.41","9,706.99","111.98M","-0.19%"
"04/30/2024","9,727.01","9,750.68","9,792.31","9,691.98","98.99M","-0.17%"
"04/29/2024","9,743.97","9,667.28","9,751.68","9,677.91","72.03M","0.79%"
"04/28/2024","9,667.18","9,653.25","9,701.97","9,653.67","43.18M","0.31%"
"04/25/2024","9,637.59","9,661.40","9,704.70","9,635.14","79.30M","-0.29%"
"04/24/2024","9,665.88","9,714.75","9,741.87","9,665.88","113.10M","-0.46%"
"04/23/2024","9,711.02","9,667.85","9,730.97","9,652.38","86.27M","0.48%"
"04/22/2024","9,664.86","9,793.71","9,817.16","9,664.45","87.47M","-1.30%"
"04/21/2024","9,792.41","9,842.69","9,876.71","9,789.19","88.84M","-0.37%"
"04/18/2024","9,829.27","9,853.99","9,907.38","9,829.27","117.92M","-0.24%"
"04/17/2024","9,853.25","9,847.94","9,877.61","9,819.71","78.56M","0.00%"
"04/16/2024","9,853.16","9,920.32","9,942.22","9,853.16","100.49M","-0.69%"
"04/15/2024","9,921.37","9,847.19","9,944.84","9,843.70","166.51M","0.78%"
"04/14/2024","9,844.36","9,896.57","9,864.56","9,739.26","72.52M","-0.80%"
"04/08/2024","9,924.16","9,909.95","9,928.98","9,888.63","75.80M","0.14%"
"04/07/2024","9,910.16","9,823.69","9,926.46","9,843.67","72.19M","0.96%"
"04/04/2024","9,816.30","9,692.45","9,833.83","9,698.12","148.20M","1.28%"
"04/03/2024","9,691.93","9,798.21","9,843.43","9,685.05","107.46M","-1.05%"
"04/02/2024","9,794.48","9,864.52","9,883.07","9,794.48","90.52M","-0.71%"
"04/01/2024","9,864.41","9,849.34","9,871.80","9,791.30","91.15M","0.18%"
"03/31/2024","9,847.10","9,944.57","9,971.33","9,847.10","63.62M","-0.97%"
"03/28/2024","9,943.61","9,956.46","10,007.40","9,927.60","80.34M","-0.14%"
"03/27/2024","9,958.01","10,026.42","10,033.93","9,958.01","75.06M","-0.68%"
"03/26/2024","10,026.10","10,099.66","10,103.24","10,026.10","105.15M","-0.66%"
"03/25/2024","10,092.68","10,213.98","10,216.41","10,052.62","83.67M","-1.20%"
"03/24/2024","10,214.75","10,221.29","10,258.36","10,214.75","56.34M","0.03%"
"03/21/2024","10,211.22","10,204.92","10,250.23","10,187.40","78.21M","0.08%"
"03/20/2024","10,203.46","10,229.94","10,246.00","10,200.88","64.45M","-0.24%"
"03/19/2024","10,227.62","10,259.06","10,303.85","10,224.28","78.56M","-0.32%"
"03/18/2024","10,259.95","10,251.94","10,293.06","10,224.46","96.89M","0.02%"
"03/17/2024","10,257.98","10,256.60","10,287.73","10,207.67","87.06M","0.02%"
"03/14/2024","10,256.05","10,202.98","10,282.42","10,216.04","258.12M","0.63%"
"03/13/2024","10,192.13","10,190.43","10,246.13","10,183.06","73.40M","0.01%"
"03/12/2024","10,190.65","10,189.90","10,233.43","10,185.95","84.51M","0.00%"
"03/11/2024","10,190.79","10,235.32","10,235.32","10,183.64","82.32M","-0.43%"
"03/10/2024","10,235.10","10,233.35","10,260.15","10,219.04","71.65M","0.05%"
"03/07/2024","10,230.22","10,298.87","10,239.57","10,154.51","74.01M","-0.71%"
"03/06/2024","10,303.52","10,379.90","10,349.06","10,281.62","91.94M","-0.78%"
"03/05/2024","10,384.55","10,479.24","10,481.77","10,363.72","93.42M","-0.84%"
"03/04/2024","10,473.04","10,478.78","10,529.57","10,452.20","101.89M","-0.02%"
"02/29/2024","10,474.91","10,487.87","10,520.52","10,452.21","233.88M","-0.12%"
"02/28/2024","10,487.10","10,482.99","10,507.65","10,465.51","160.02M","-0.09%"
"02/27/2024","10,496.94","10,449.91","10,496.94","10,414.90","168.37M","0.46%"
"02/26/2024","10,449.14","10,412.97","10,459.99","10,398.16","140.44M","0.37%"
"02/25/2024","10,410.29","10,302.47","10,451.81","10,301.27","206.80M","1.04%"
"02/22/2024","10,303.24","10,300.92","10,322.19","10,257.59","99.60M","-0.60%"
"02/21/2024","10,365.23","10,303.85","10,365.23","10,277.49","81.68M","0.55%"
"02/20/2024","10,308.49","10,294.37","10,310.67","10,262.23","96.29M","0.08%"
"02/19/2024","10,299.80","10,208.35","10,310.81","10,169.79","119.25M","0.87%"
"02/18/2024","10,211.45","10,146.77","10,227.34","10,146.77","89.26M","0.56%"
"02/15/2024","10,154.52","10,211.48","10,252.53","10,118.95","111.64M","-0.57%"
"02/14/2024","10,212.26","10,092.90","10,212.26","10,081.92","111.68M","1.18%"
"02/12/2024","10,093.19","10,039.64","10,101.88","10,016.73","133.52M","0.49%"
"02/11/2024","10,044.29","9,961.66","10,134.17","10,032.36","56.87M","0.84%"
"02/08/2024","9,960.70","9,989.37","10,064.99","9,928.93","94.98M","-0.29%"
"02/07/2024","9,990.14","9,899.44","9,990.96","9,873.07","96.63M","0.90%"
"02/06/2024","9,901.23","9,888.29","9,901.23","9,818.16","63.05M","0.14%"
"02/05/2024","9,887.51","10,039.85","10,040.60","9,851.08","69.32M","-1.52%"
"02/04/2024","10,040.49","10,053.83","10,055.76","9,984.24","54.05M","-0.09%"
"02/01/2024","10,049.36","10,077.58","10,100.74","10,014.89","75.32M","-0.39%"
"01/31/2024","10,089.20","10,112.18","10,166.55","10,040.49","73.51M","-0.20%"
"01/30/2024","10,109.86","10,154.61","10,215.10","10,075.78","95.58M","-0.41%"
"01/29/2024","10,151.98","10,350.53","10,371.85","10,151.98","85.32M","-1.89%"
"01/28/2024","10,347.21","10,343.68","10,399.13","10,342.90","55.02M","0.00%"
"01/25/2024","10,347.55","10,381.61","10,390.08","10,343.93","90.83M","-0.25%"
"01/24/2024","10,373.09","10,359.19","10,401.68","10,345.48","123.38M","0.10%"
"01/23/2024","10,362.29","10,372.27","10,416.22","10,361.70","82.19M","-0.07%"
"01/22/2024","10,369.56","10,302.26","10,404.30","10,303.28","251.77M","0.77%"
"01/21/2024","10,290.63","10,328.81","10,392.61","10,282.71","128.04M","-0.27%"
"01/18/2024","10,318.74","10,402.70","10,447.02","10,315.57","225.25M","-0.80%"
"01/17/2024","10,401.92","10,508.39","10,529.31","10,401.92","71.33M","-0.92%"
"01/16/2024","10,498.31","10,532.19","10,547.90","10,459.15","91.06M","-0.34%"
"01/15/2024","10,533.74","10,508.51","10,552.95","10,507.95","91.54M","0.23%"
"01/14/2024","10,509.85","10,474.26","10,539.84","10,495.14","66.79M","0.42%"
"01/11/2024","10,465.74","10,440.23","10,527.00","10,440.23","101.99M","0.20%"
"01/10/2024","10,444.88","10,421.16","10,452.65","10,375.20","96.92M","0.27%"
"01/09/2024","10,416.52","10,479.15","10,502.58","10,414.91","67.37M","-0.64%"
"01/08/2024","10,483.15","10,451.59","10,483.15","10,436.85","71.55M","0.38%"
"01/07/2024","10,443.84","10,433.66","10,510.06","10,422.26","64.08M","0.10%"
"01/04/2024","10,433.85","10,393.75","10,452.42","10,268.01","95.48M","0.46%"
"01/03/2024","10,385.56","10,703.00","10,690.21","10,368.97","124.70M","-3.02%"
"01/02/2024","10,708.46","10,822.83","10,805.20","10,675.42","120.92M","-1.13%"
"12/31/2023","10,830.63","10,575.33","10,831.56","10,557.10","190.24M","2.27%"
"12/28/2023","10,590.16","10,507.78","10,590.16","10,446.68","271.13M","0.56%"
"12/27/2023","10,531.19","10,461.62","10,531.19","10,433.29","117.80M","0.64%"
"12/26/2023","10,463.87","10,453.73","10,482.63","10,391.26","89.08M","0.11%"
"12/25/2023","10,452.17","10,399.55","10,470.54","10,390.21","113.30M","0.50%"
"12/24/2023","10,399.77","10,280.80","10,407.40","10,243.38","113.27M","1.11%"
"12/21/2023","10,285.30","10,199.04","10,285.30","10,163.90","101.61M","0.79%"
"12/20/2023","10,204.50","10,141.80","10,204.50","10,102.89","78.49M","0.61%"
"12/19/2023","10,142.71","9,934.85","10,173.39","9,934.85","139.20M","2.17%"
"12/14/2023","9,927.72","9,738.55","9,987.61","9,738.55","204.04M","1.93%"
"12/13/2023","9,740.11","9,715.82","9,786.20","9,674.88","87.50M","0.14%"
"12/12/2023","9,726.75","9,728.55","9,744.75","9,644.48","84.86M","-0.10%"
"12/11/2023","9,736.35","9,779.65","9,797.45","9,706.66","55.44M","-0.43%"
"12/10/2023","9,778.87","9,842.68","9,840.52","9,778.87","48.79M","-0.70%"
"12/07/2023","9,848.15","9,872.88","9,872.88","9,771.98","64.12M","-0.24%"
"12/06/2023","9,872.10","9,940.00","9,963.74","9,832.62","72.98M","-0.73%"
"12/05/2023","9,944.91","9,957.62","9,949.90","9,889.67","73.14M","-0.15%"
"12/04/2023","9,959.96","10,037.20","10,064.85","9,943.72","87.93M","-0.76%"
"12/03/2023","10,036.42","10,040.34","10,079.24","10,017.73","60.65M","-0.05%"
"11/30/2023","10,041.72","9,989.47","10,083.52","9,964.95","149.86M","0.50%"
"11/29/2023","9,991.81","9,997.07","10,031.40","9,961.90","67.49M","-0.15%"
"11/28/2023","10,007.21","10,033.13","10,054.99","9,951.52","82.22M","-0.20%"
"11/27/2023","10,026.88","10,135.72","10,126.54","10,022.72","82.53M","-1.08%"
"11/26/2023","10,136.50","10,206.94","10,219.33","10,135.55","68.05M","-0.71%"
"11/23/2023","10,208.50","10,221.34","10,219.00","10,181.69","63.27M","-0.14%"
"11/22/2023","10,222.90","10,223.32","10,222.90","10,187.60","58.47M","-0.03%"
"11/21/2023","10,226.44","10,181.49","10,243.98","10,162.32","83.34M","0.44%"
"11/20/2023","10,181.27","10,244.29","10,259.45","10,156.14","87.90M","-0.58%"
"11/19/2023","10,241.17","10,223.73","10,296.70","10,223.73","97.30M","0.19%"
"11/16/2023","10,221.48","10,173.44","10,236.83","10,145.49","135.73M","0.42%"
"11/15/2023","10,178.90","10,049.57","10,178.90","10,049.57","168.58M","1.62%"
"11/14/2023","10,016.65","10,035.83","10,080.61","10,015.79","163.02M","-0.18%"
"11/13/2023","10,035.05","10,010.05","10,048.41","9,998.97","106.30M","0.28%"
"11/12/2023","10,006.93","9,981.92","10,031.23","9,957.76","68.88M","0.30%"
"11/09/2023","9,977.23","10,048.42","10,060.05","9,952.47","88.38M","-0.61%"
"11/08/2023","10,038.27","10,118.49","10,125.33","10,032.04","110.28M","-0.81%"
"11/07/2023","10,120.05","10,148.23","10,168.72","10,073.59","158.53M","-0.32%"
"11/06/2023","10,152.13","9,999.01","10,152.13","9,934.40","219.42M","1.57%"
"11/05/2023","9,995.11","9,712.47","9,997.58","9,712.47","170.63M","2.91%"
"11/02/2023","9,712.47","9,579.35","9,747.22","9,579.35","129.23M","1.39%"
"11/01/2023","9,579.35","9,509.49","9,624.01","9,470.69","83.23M","0.59%"
"10/31/2023","9,523.53","9,527.91","9,598.58","9,456.37","137.44M","0.05%"
"10/30/2023","9,518.55","9,359.51","9,598.12","9,359.51","221.25M","1.70%"
"10/29/2023","9,359.51","9,319.30","9,376.72","9,296.14","121.03M","0.43%"
"10/26/2023","9,319.30","9,479.67","9,517.73","9,319.30","96.32M","-1.69%"
"10/25/2023","9,479.67","9,499.43","9,561.78","9,445.31","90.42M","-0.21%"
"10/24/2023","9,499.43","9,719.99","9,723.29","9,437.93","105.62M","-2.27%"
"10/23/2023","9,719.99","9,717.72","9,784.38","9,699.25","95.14M","0.02%"
"10/22/2023","9,717.72","9,801.75","9,804.09","9,583.94","130.34M","-0.86%"
"10/19/2023","9,801.75","9,954.96","9,961.99","9,801.75","94.79M","-1.54%"
"10/18/2023","9,954.96","10,033.94","10,055.27","9,903.95","88.57M","-0.79%"
"10/17/2023","10,033.94","10,045.60","10,078.18","10,022.27","68.20M","-0.12%"
"10/16/2023","10,045.60","10,126.46","10,129.97","10,036.98","83.10M","-0.80%"
"10/15/2023","10,126.46","10,120.10","10,168.02","10,106.76","82.06M","0.06%"
"10/12/2023","10,120.10","10,023.13","10,122.79","10,021.28","77.10M","0.97%"
"10/11/2023","10,023.13","9,851.97","10,083.10","9,851.97","134.45M","1.74%"
"10/10/2023","9,851.97","9,836.22","9,946.81","9,836.22","110.92M","0.16%"
"10/09/2023","9,836.22","10,001.16","10,001.52","9,806.61","122.60M","-1.65%"
"10/08/2023","10,001.16","10,062.41","10,080.36","9,983.72","81.55M","-0.61%"
"10/05/2023","10,062.41","10,187.38","10,187.87","10,056.79","91.23M","-1.23%"
"10/04/2023","10,187.38","10,273.28","10,288.84","10,171.45","78.59M","-0.84%"
"10/03/2023","10,273.28","10,257.09","10,299.15","10,245.54","81.24M","0.16%"
"10/02/2023","10,257.09","10,216.15","10,275.67","10,216.15","100.63M","0.40%"
"10/01/2023","10,216.15","10,251.95","10,285.18","10,213.67","116.71M","-0.35%"
"09/28/2023","10,251.95","10,264.75","10,349.27","10,251.95","87.42M","-0.12%"
"09/27/2023","10,264.75","10,325.25","10,363.34","10,264.75","84.73M","-0.59%"
"09/26/2023","10,325.25","10,267.78","10,340.31","10,255.79","122.79M","0.56%"
"09/25/2023","10,267.78","10,291.62","10,312.70","10,233.61","141.27M","-0.23%"
"09/24/2023","10,291.62","10,322.96","10,382.55","10,291.62","84.59M","-0.30%"
"09/21/2023","10,322.96","10,294.65","10,337.29","10,292.80","81.11M","0.27%"
"09/20/2023","10,294.65","10,318.66","10,383.59","10,294.65","89.29M","-0.23%"
"09/19/2023","10,318.66","10,272.00","10,372.41","10,272.00","98.73M","0.45%"
"09/18/2023","10,272.00","10,253.49","10,318.58","10,247.47","124.40M","0.18%"
"09/17/2023","10,253.49","10,319.28","10,366.34","10,253.24","132.01M","-0.64%"
"09/14/2023","10,319.28","10,369.35","10,370.94","10,286.49","172.28M","-0.48%"
"09/13/2023","10,369.35","10,386.28","10,390.97","10,328.11","116.34M","-0.16%"
"09/12/2023","10,386.28","10,403.62","10,420.68","10,368.03","154.39M","-0.17%"
"09/11/2023","10,403.62","10,346.43","10,403.62","10,346.43","171.10M","0.55%"
"09/10/2023","10,346.43","10,237.64","10,373.67","10,218.13","171.42M","1.06%"
"09/07/2023","10,237.64","10,140.67","10,241.94","10,134.32","167.09M","0.96%"
"09/06/2023","10,140.67","10,066.31","10,179.55","10,037.08","138.27M","0.74%"
"09/05/2023","10,066.31","10,131.32","10,146.90","9,994.18","110.62M","-0.64%"
"09/04/2023","10,131.32","10,185.99","10,249.80","10,073.46","107.19M","-0.54%"
"09/03/2023","10,185.99","10,194.74","10,300.42","10,185.81","118.02M","-0.09%"
"08/31/2023","10,194.74","10,350.12","10,428.05","10,194.74","166.91M","-1.50%"
"08/30/2023","10,350.12","10,370.93","10,392.46","10,350.12","147.02M","-0.20%"
"08/29/2023","10,370.93","10,336.17","10,389.01","10,286.58","141.29M","0.34%"
"08/28/2023","10,336.17","10,386.51","10,406.54","10,335.48","66.24M","-0.48%"
"08/27/2023","10,386.51","10,364.71","10,401.37","10,345.50","52.95M","0.21%"
"08/24/2023","10,364.71","10,332.38","10,409.71","10,332.38","68.55M","0.31%"
"08/23/2023","10,332.38","10,454.75","10,462.55","10,323.37","72.04M","-1.17%"
"08/22/2023","10,454.75","10,459.78","10,541.30","10,453.32","55.60M","-0.05%"
"08/21/2023","10,459.78","10,576.82","10,653.12","10,458.56","79.94M","-1.11%"
"08/20/2023","10,576.82","10,571.63","10,635.22","10,557.79","66.50M","0.05%"
"08/17/2023","10,571.63","10,663.56","10,704.79","10,568.84","76.65M","-0.86%"
"08/16/2023","10,663.56","10,673.66","10,728.87","10,663.56","73.06M","-0.09%"
"08/15/2023","10,673.66","10,708.35","10,741.88","10,648.96","78.20M","-0.32%"
"08/14/2023","10,708.35","10,777.99","10,793.75","10,708.35","78.64M","-0.65%"
"08/13/2023","10,777.99","10,735.63","10,800.52","10,735.63","76.80M","0.39%"
"08/10/2023","10,735.63","10,716.45","10,781.21","10,702.06","60.85M","0.18%"
"08/09/2023","10,716.45","10,686.03","10,750.54","10,608.65","81.38M","0.28%"
"08/08/2023","10,686.03","10,803.54","10,821.02","10,685.65","59.11M","-1.09%"
"08/07/2023","10,803.54","10,820.82","10,842.33","10,772.39","61.90M","-0.16%"
"08/06/2023","10,820.82","10,798.98","10,839.85","10,789.42","69.97M","0.20%"
"08/03/2023","10,798.98","10,983.36","10,993.23","10,776.53","68.67M","-1.68%"
"08/02/2023","10,983.36","11,108.00","11,110.21","10,983.20","86.69M","-1.12%"
"08/01/2023","11,108.00","10,962.95","11,129.89","10,933.11","119.11M","1.32%"
"07/31/2023","10,962.95","10,953.92","10,972.90","10,911.03","94.09M","0.08%"
"07/30/2023","10,953.92","10,894.59","10,966.39","10,867.11","91.37M","0.54%"
"07/27/2023","10,894.59","10,764.97","10,894.59","10,708.75","94.94M","1.20%"
"07/26/2023","10,764.97","10,535.95","10,787.33","10,531.98","97.39M","2.17%"
"07/25/2023","10,535.95","10,497.04","10,606.94","10,496.40","79.59M","0.37%"
"07/24/2023","10,497.04","10,494.91","10,546.45","10,493.12","97.89M","0.02%"
"07/23/2023","10,494.91","10,446.11","10,529.46","10,445.87","88.46M","0.47%"
"07/20/2023","10,446.11","10,378.50","10,470.65","10,368.40","84.28M","0.65%"
"07/19/2023","10,378.50","10,306.04","10,404.42","10,300.53","97.13M","0.70%"
"07/18/2023","10,306.04","10,280.37","10,313.89","10,255.55","49.14M","0.25%"
"07/17/2023","10,280.37","10,225.45","10,280.37","10,192.40","59.82M","0.54%"
"07/16/2023","10,225.45","10,217.28","10,293.70","10,147.31","72.54M","0.08%"
"07/13/2023","10,217.28","10,122.77","10,226.97","10,115.92","106.49M","0.93%"
"07/12/2023","10,122.77","10,084.51","10,149.81","10,078.54","67.20M","0.38%"
"07/11/2023","10,084.51","10,104.09","10,152.48","10,020.13","73.82M","-0.19%"
"07/10/2023","10,104.09","10,270.89","10,270.89","10,104.09","66.68M","-1.62%"
"07/09/2023","10,270.89","10,245.58","10,301.37","10,242.41","42.93M","0.25%"
"07/06/2023","10,245.58","10,272.57","10,278.18","10,233.88","95.78M","-0.26%"
"07/05/2023","10,272.57","10,254.22","10,293.52","10,231.82","78.96M","0.18%"
"07/04/2023","10,254.22","10,181.08","10,280.48","10,119.19","94.17M","0.72%"
"07/03/2023","10,181.08","10,203.54","10,287.53","10,168.91","100.77M","-0.22%"
"07/02/2023","10,203.54","10,074.60","10,225.20","10,064.89","81.42M","1.28%"
"06/26/2023","10,074.60","9,843.12","10,145.18","9,694.35","124.78M","2.35%"
"06/25/2023","9,843.12","10,106.13","10,125.24","9,843.12","91.35M","-2.60%"
"06/22/2023","10,106.13","10,243.05","10,243.05","10,105.30","193.14M","-1.34%"
"06/21/2023","10,243.05","10,266.95","10,279.13","10,196.98","94.83M","-0.23%"
"06/20/2023","10,266.95","10,282.04","10,329.73","10,228.52","98.92M","-0.15%"
"06/19/2023","10,282.04","10,265.83","10,290.35","10,226.43","104.05M","0.16%"
"06/18/2023","10,265.83","10,271.46","10,302.46","10,253.95","118.67M","-0.05%"
"06/15/2023","10,271.46","10,291.76","10,294.42","10,215.57","220.62M","-0.20%"
"06/14/2023","10,291.76","10,215.61","10,304.39","10,215.61","123.73M","0.75%"
"06/13/2023","10,215.61","10,150.63","10,247.60","10,150.63","92.93M","0.64%"
"06/12/2023","10,150.63","10,208.99","10,225.00","10,150.33","124.89M","-0.57%"
"06/11/2023","10,208.99","10,257.21","10,285.62","10,208.85","48.16M","-0.47%"
"06/08/2023","10,257.21","10,296.28","10,319.31","10,207.00","45.98M","-0.38%"
"06/07/2023","10,296.28","10,312.19","10,317.72","10,264.52","86.56M","0.40%"
"06/06/2023","10,255.19","10,425.71","10,426.76","10,255.19","85.23M","-1.72%"
"06/05/2023","10,434.78","10,411.51","10,434.78","10,378.82","113.87M","0.36%"
"06/04/2023","10,397.01","10,246.25","10,405.11","10,246.25","93.29M","1.84%"
"06/01/2023","10,208.90","10,259.68","10,309.37","10,208.90","102.13M","0.53%"
"05/31/2023","10,154.81","10,363.11","10,363.36","10,154.81","229.21M","-1.78%"
"05/30/2023","10,338.73","10,419.23","10,441.60","10,338.73","111.98M","-0.62%"
"05/29/2023","10,403.05","10,440.07","10,458.06","10,403.05","73.16M","-0.22%"
"05/28/2023","10,426.32","10,480.15","10,483.07","10,426.32","","-0.28%"
"05/25/2023","10,456.02","10,505.19","10,520.23","10,456.02","123.54M","-0.65%"
"05/24/2023","10,524.14","10,596.08","10,608.44","10,510.39","133.94M","-0.79%"
"05/23/2023","10,608.44","10,643.26","10,663.31","10,608.44","104.10M","-0.27%"
"05/22/2023","10,637.41","10,661.00","10,697.12","10,637.41","223.54M","-0.13%"
"05/21/2023","10,651.45","10,633.43","10,666.24","10,617.67","154.38M","0.07%"
"05/18/2023","10,643.94","10,652.91","10,702.22","10,628.51","139.74M","-0.35%"
"05/17/2023","10,681.79","10,504.02","10,681.79","10,503.07","102.27M","2.04%"
"05/16/2023","10,468.51","10,481.50","10,528.17","10,465.04","70.44M","-0.10%"
"05/15/2023","10,479.41","10,684.05","10,684.05","10,479.41","120.78M","-1.78%"
"05/14/2023","10,669.16","10,753.80","10,794.36","10,669.16","96.12M","-0.68%"
"05/11/2023","10,741.82","10,764.29","10,776.00","10,687.93","85.06M","0.12%"
"05/10/2023","10,728.97","10,740.03","10,756.77","10,700.24","124.66M","-0.17%"
"05/09/2023","10,747.00","10,690.62","10,747.00","10,658.53","169.48M","0.29%"
"05/08/2023","10,715.60","10,554.67","10,715.60","10,554.67","148.63M","0.40%"
"05/07/2023","10,673.01","10,629.31","10,707.08","10,629.31","119.14M","0.31%"
"05/04/2023","10,639.90","10,496.24","10,639.90","10,487.26","125.45M","1.48%"
"05/03/2023","10,485.09","10,306.42","10,505.95","10,306.42","152.18M","1.48%"
"05/02/2023","10,331.82","10,226.75","10,331.82","10,205.26","110.31M","0.58%"
"05/01/2023","10,272.32","10,235.52","10,272.32","10,206.72","113.23M","0.89%"
"04/30/2023","10,181.23","10,191.94","10,247.52","10,181.23","157.70M","0.35%"
"04/27/2023","10,145.38","10,055.84","10,171.53","9,993.90","111.14M","0.72%"
"04/26/2023","10,072.56","9,952.44","10,077.52","9,952.19","102.54M","1.43%"
"04/20/2023","9,930.33","9,938.71","9,946.41","9,905.65","48.39M","-0.18%"
"04/19/2023","9,948.01","9,957.23","9,970.25","9,909.28","54.08M","-0.05%"
"04/18/2023","9,952.49","9,964.83","10,030.99","9,949.08","66.73M","-0.46%"
"04/17/2023","9,998.54","10,052.19","10,058.02","9,939.41","63.87M","-0.56%"
"04/16/2023","10,055.11","10,111.24","10,117.62","10,037.10","45.76M","-0.35%"
"04/13/2023","10,090.01","10,212.59","10,236.89","10,090.01","105.25M","-1.33%"
"04/12/2023","10,225.58","10,264.59","10,300.29","10,193.35","101.87M","-0.46%"
"04/11/2023","10,272.52","10,260.85","10,319.03","10,232.75","85.28M","0.43%"
"04/10/2023","10,228.84","10,250.78","10,295.30","10,228.84","53.38M","-0.22%"
"04/09/2023","10,250.99","10,320.30","10,340.34","10,246.00","68.79M","-0.88%"
"04/06/2023","10,342.43","10,346.64","10,374.50","10,340.49","88.30M","-0.16%"
"04/05/2023","10,359.22","10,401.37","10,416.58","10,349.83","72.14M","-0.36%"
"04/04/2023","10,396.21","10,291.33","10,422.08","10,290.47","104.62M","0.94%"
"04/03/2023","10,298.93","10,159.65","10,298.93","10,149.97","91.92M","2.04%"
"04/02/2023","10,092.64","10,261.00","10,303.43","10,092.64","101.68M","-1.17%"
"03/30/2023","10,212.61","10,231.23","10,280.32","10,207.52","115.73M","-0.01%"
"03/29/2023","10,213.34","10,331.55","10,387.45","10,200.90","145.94M","-0.92%"
"03/28/2023","10,308.23","10,120.82","10,308.23","10,120.09","124.06M","2.05%"
"03/27/2023","10,100.97","10,129.78","10,176.76","10,100.97","99.30M","-0.25%"
"03/26/2023","10,126.18","10,004.77","10,126.18","9,978.84","90.51M","1.20%"
"03/23/2023","10,006.20","9,944.76","10,006.20","9,899.48","77.43M","0.26%"
"03/22/2023","9,980.02","9,880.70","10,013.61","9,880.70","107.74M","1.04%"
"03/21/2023","9,876.98","9,750.49","9,876.98","9,750.49","104.59M","1.01%"
"03/20/2023","9,778.27","9,926.28","9,952.07","9,754.81","78.60M","-1.32%"
"03/19/2023","9,908.69","9,844.50","9,910.01","9,794.00","74.33M","-0.01%"
"03/16/2023","9,910.09","9,913.62","9,926.58","9,811.77","205.80M","-2.01%"
"03/15/2023","10,113.73","10,228.29","10,302.20","10,113.73","63.19M","-1.00%"
"03/14/2023","10,216.03","10,398.05","10,399.94","10,216.03","83.24M","-1.85%"
"03/13/2023","10,408.42","10,508.26","10,582.68","10,386.36","93.10M","-1.49%"
"03/12/2023","10,565.41","10,724.32","10,743.06","10,546.25","50.36M","-1.59%"
"03/09/2023","10,736.60","10,743.88","10,820.58","10,736.35","77.16M","-0.15%"
"03/08/2023","10,752.32","10,673.04","10,752.32","10,628.41","98.25M","0.28%"
"03/07/2023","10,722.57","10,711.73","10,737.95","10,679.21","73.48M","0.26%"
"03/06/2023","10,695.04","10,654.83","10,751.31","10,654.83","75.42M","0.69%"
"03/02/2023","10,621.81","10,568.73","10,715.40","10,566.51","103.11M","0.47%"
"03/01/2023","10,571.82","10,552.67","10,605.63","10,534.28","77.31M","0.01%"
"02/28/2023","10,571.00","10,500.68","10,571.00","10,500.68","144.54M","0.31%"
"02/27/2023","10,538.30","10,518.24","10,564.27","10,494.01","63.57M","-0.03%"
"02/26/2023","10,541.56","10,490.28","10,542.27","10,446.45","70.23M","0.66%"
"02/23/2023","10,471.97","10,664.84","10,664.84","10,471.97","91.67M","-1.81%"
"02/22/2023","10,664.84","10,662.80","10,664.84","10,566.44","81.50M","-0.27%"
"02/21/2023","10,694.23","10,688.38","10,705.55","10,637.37","68.47M","-0.21%"
"02/20/2023","10,716.74","10,728.67","10,728.67","10,638.77","89.96M","0.00%"
"02/19/2023","10,716.45","10,660.54","10,779.17","10,660.54","89.68M","0.70%"
"02/16/2023","10,641.45","10,398.62","10,695.91","10,389.92","144.07M","1.83%"
"02/15/2023","10,449.93","10,367.71","10,449.93","10,344.89","119.67M","0.56%"
"02/13/2023","10,391.34","10,438.00","10,472.81","10,385.90","80.22M","-0.46%"
"02/12/2023","10,438.99","10,512.99","10,544.81","10,438.99","75.50M","0.14%"
"02/09/2023","10,424.20","10,514.00","10,519.48","10,386.60","110.87M","-0.74%"
"02/08/2023","10,502.40","10,600.77","10,615.90","10,502.40","77.61M","-0.66%"
"02/07/2023","10,571.91","10,693.11","10,749.51","10,571.91","91.10M","-1.30%"
"02/06/2023","10,711.48","10,611.61","10,763.74","10,598.69","99.11M","0.53%"
"02/05/2023","10,654.55","10,656.44","10,656.44","10,497.87","121.03M","-0.41%"
"02/02/2023","10,698.04","10,837.61","10,921.45","10,661.41","168.88M","-0.94%"
"02/01/2023","10,799.84","10,978.35","11,042.89","10,799.84","131.71M","-1.21%"
"01/31/2023","10,932.29","11,089.62","11,089.62","10,932.29","108.67M","-1.72%"
"01/30/2023","11,123.47","11,054.91","11,123.47","10,985.61","133.77M","-0.27%"
"01/29/2023","11,153.64","11,126.66","11,153.64","11,089.06","79.14M","0.39%"
"01/26/2023","11,110.16","11,206.59","11,214.55","11,095.08","99.99M","-0.46%"
"01/25/2023","11,161.92","11,148.47","11,210.92","11,146.07","82.64M","0.51%"
"01/24/2023","11,105.55","11,016.96","11,105.55","10,998.78","121.98M","0.73%"
"01/23/2023","11,025.14","10,901.59","11,025.14","10,888.89","107.50M","1.10%"
"01/22/2023","10,905.09","10,822.43","10,953.25","10,822.43","118.37M","0.87%"
"01/19/2023","10,810.57","10,582.54","10,910.84","10,535.20","123.17M","2.12%"
"01/18/2023","10,586.28","10,593.41","10,700.59","10,565.34","101.20M","-0.19%"
"01/17/2023","10,606.70","10,839.92","10,839.92","10,499.32","144.30M","-2.17%"
"01/16/2023","10,841.73","10,957.55","10,980.28","10,787.48","124.88M","-1.09%"
"01/15/2023","10,961.22","10,971.88","11,020.09","10,932.06","74.56M","-0.26%"
"01/12/2023","10,990.21","11,292.61","11,298.02","10,954.47","106.62M","-2.52%"
"01/11/2023","11,274.74","11,440.70","11,467.51","11,274.74","135.65M","-1.32%"
"01/10/2023","11,425.48","11,442.00","11,484.48","11,393.13","143.47M","-0.36%"
"01/09/2023","11,466.70","11,322.59","11,466.70","11,322.59","126.69M","1.50%"
"01/08/2023","11,297.58","11,119.57","11,325.04","11,119.30","91.99M","1.37%"
"01/05/2023","11,145.31","10,847.50","11,158.23","10,830.25","98.73M","2.77%"
"01/04/2023","10,845.12","10,914.93","10,934.39","10,845.12","69.75M","-0.62%"
"01/03/2023","10,913.00","10,828.41","10,913.00","10,806.10","86.90M","0.73%"
"01/02/2023","10,834.40","10,712.71","10,834.40","10,665.50","60.07M","1.44%"
"12/29/2022","10,681.07","10,757.69","10,826.02","10,652.46","57.75M","-1.06%"
"12/28/2022","10,795.67","10,776.50","10,845.17","10,714.89","51.03M","0.29%"
"12/27/2022","10,763.99","10,735.13","10,800.47","10,719.50","66.06M","-0.19%"
"12/26/2022","10,784.60","10,893.28","10,906.52","10,767.48","50.42M","-1.23%"
"12/25/2022","10,918.43","11,000.47","11,014.65","10,911.27","39.16M","-0.64%"
"12/22/2022","10,988.84","11,052.64","11,061.41","10,977.09","66.61M","-0.08%"
"12/21/2022","10,997.70","11,019.47","11,072.25","10,982.39","59.40M","0.30%"
"12/20/2022","10,964.30","11,007.31","11,049.22","10,959.54","61.53M","-0.20%"
"12/19/2022","10,986.55","11,010.55","11,088.25","10,926.15","65.13M","0.09%"
"12/15/2022","10,976.75","11,030.37","11,104.40","10,926.73","115.93M","-0.93%"
"12/14/2022","11,080.21","11,224.31","11,264.40","11,072.22","78.48M","-0.93%"
"12/13/2022","11,184.14","11,334.29","11,342.50","11,184.14","81.50M","-1.61%"
"12/12/2022","11,367.54","11,413.97","11,448.85","11,265.71","81.40M","-0.71%"
"12/11/2022","11,449.26","11,497.23","11,543.22","11,449.26","46.93M","-0.35%"
"12/08/2022","11,489.16","11,492.10","11,536.86","11,417.64","88.47M","0.23%"
"12/07/2022","11,463.07","11,611.24","11,671.38","11,460.72","74.69M","-1.33%"
"12/06/2022","11,617.31","11,891.17","11,891.17","11,617.31","74.01M","-2.57%"
"12/05/2022","11,924.22","12,018.44","12,061.49","11,924.22","63.72M","-0.82%"
"12/04/2022","12,022.27","12,042.14","12,118.90","12,014.22","92.30M","0.04%"
"12/01/2022","12,017.56","11,919.49","12,029.92","11,895.45","101.80M","0.77%"
"11/30/2022","11,925.98","11,811.19","11,925.98","11,754.06","196.14M","1.07%"
"11/29/2022","11,799.90","11,643.62","11,802.55","11,640.74","74.35M","1.46%"
"11/28/2022","11,629.55","11,683.66","11,687.27","11,497.74","84.70M","-0.91%"
"11/27/2022","11,735.84","11,829.98","11,853.86","11,735.84","53.47M","-1.11%"
"11/24/2022","11,867.24","11,887.30","11,936.64","11,814.73","118.13M","-0.25%"
"11/23/2022","11,896.70","11,857.31","11,992.73","11,829.36","128.80M","0.58%"
"11/22/2022","11,827.93","11,886.40","11,888.49","11,669.28","91.46M","-0.21%"
"11/21/2022","11,853.13","12,133.62","12,133.62","11,848.61","96.67M","-2.13%"
"11/20/2022","12,110.92","12,186.76","12,232.22","12,110.92","50.27M","-0.84%"
"11/17/2022","12,213.03","12,268.16","12,268.16","12,141.38","78.84M","-0.63%"
"11/16/2022","12,290.98","12,403.89","12,406.90","12,218.02","80.12M","-0.94%"
"11/15/2022","12,407.79","12,570.74","12,585.85","12,381.59","55.83M","-1.42%"
"11/14/2022","12,586.05","12,613.97","12,650.48","12,481.53","79.03M","-0.19%"
"11/13/2022","12,609.97","12,619.45","12,696.28","12,609.97","101.55M","0.42%"
"11/10/2022","12,557.26","12,643.97","12,660.85","12,556.95","66.03M","-0.84%"
"11/09/2022","12,663.89","12,580.79","12,667.50","12,580.79","80.22M","0.24%"
"11/08/2022","12,633.03","12,453.17","12,655.18","12,453.17","116.83M","0.50%"
"11/07/2022","12,569.58","12,400.15","12,569.58","12,342.36","89.27M","1.31%"
"11/06/2022","12,406.69","12,381.99","12,558.45","12,381.99","76.86M","0.82%"
"11/03/2022","12,306.07","12,370.49","12,390.40","12,280.10","89.86M","-0.98%"
"11/02/2022","12,427.39","12,366.13","12,427.39","12,333.18","84.12M","0.29%"
"11/01/2022","12,391.58","12,319.53","12,402.01","12,259.35","76.56M","-0.18%"
"10/31/2022","12,414.41","12,269.99","12,414.41","12,160.50","103.01M","1.33%"
"10/30/2022","12,251.37","12,308.09","12,392.33","12,251.37","95.76M","-0.09%"
"10/27/2022","12,262.30","12,189.15","12,262.73","12,098.42","125.30M","0.45%"
"10/26/2022","12,207.61","12,358.52","12,358.52","12,095.45","179.74M","-1.64%"
"10/25/2022","12,411.00","12,521.66","12,527.61","12,351.95","123.39M","-0.71%"
"10/24/2022","12,499.17","12,603.52","12,603.52","12,474.60","67.21M","-0.75%"
"10/23/2022","12,594.14","12,674.32","12,736.72","12,594.14","64.30M","-0.50%"
"10/20/2022","12,657.12","12,681.31","12,686.50","12,577.07","94.93M","0.03%"
"10/19/2022","12,652.71","12,711.62","12,749.81","12,632.27","98.99M","-0.55%"
"10/18/2022","12,722.12","12,747.40","12,791.96","12,680.94","111.15M","0.65%"
"10/17/2022","12,640.12","12,639.62","12,726.40","12,605.95","83.26M","0.04%"
"10/16/2022","12,635.04","12,749.02","12,751.66","12,626.13","65.59M","-0.65%"
"10/13/2022","12,718.25","12,830.60","12,867.00","12,718.25","131.50M","-1.03%"
"10/12/2022","12,850.49","12,774.34","12,850.49","12,755.60","101.23M","0.75%"
"10/11/2022","12,754.52","12,960.61","12,967.44","12,745.58","114.77M","-1.23%"
"10/10/2022","12,913.88","12,967.26","13,015.07","12,913.88","100.23M","-0.53%"
"10/09/2022","12,983.29","12,986.94","13,033.68","12,951.46","70.39M","-0.35%"
"10/06/2022","13,028.70","13,028.72","13,110.47","13,015.06","150.04M","0.20%"
"10/05/2022","13,002.99","13,104.37","13,197.44","12,980.13","168.33M","-0.23%"
"10/04/2022","13,032.69","12,756.04","13,033.39","12,745.69","177.85M","3.47%"
"10/03/2022","12,595.69","12,585.51","12,712.24","12,551.01","82.57M","0.38%"
"10/02/2022","12,548.04","12,689.62","12,703.98","12,508.05","54.90M","-1.16%"
"09/29/2022","12,695.27","12,650.57","12,776.87","12,650.57","176.45M","1.15%"
"09/28/2022","12,550.38","12,395.48","12,679.96","12,395.37","187.66M","1.61%"
"09/27/2022","12,351.31","12,338.92","12,451.78","12,320.75","168.65M","0.52%"
"09/26/2022","12,287.78","12,426.65","12,469.02","12,287.78","122.92M","-1.32%"
"09/25/2022","12,451.72","12,463.50","12,470.96","12,373.90","91.42M","-1.52%"
"09/22/2022","12,643.80","12,771.25","12,829.12","12,603.72","86.81M","-0.90%"
"09/21/2022","12,758.25","12,929.84","12,929.84","12,758.25","74.21M","-1.38%"
"09/20/2022","12,936.54","12,924.60","13,056.12","12,911.21","105.71M","0.59%"
"09/19/2022","12,860.80","13,110.60","13,110.60","12,821.33","95.68M","-1.67%"
"09/18/2022","13,079.13","13,208.74","13,220.55","13,069.75","121.85M","-1.24%"
"09/15/2022","13,243.73","13,119.22","13,257.55","13,106.96","210.79M","1.31%"
"09/14/2022","13,072.11","13,132.96","13,142.52","13,050.73","40.84M","-1.82%"
"09/13/2022","13,314.96","13,192.10","13,356.67","13,192.10","104.80M","0.91%"
"09/12/2022","13,194.90","13,120.80","13,219.35","13,095.96","92.94M","0.70%"
"09/11/2022","13,103.54","13,039.31","13,155.95","13,009.24","76.91M","1.19%"
"09/08/2022","12,948.92","12,967.73","13,050.88","12,937.65","90.62M","-0.05%"
"09/07/2022","12,955.07","13,047.70","13,047.70","12,896.77","117.23M","-0.77%"
"09/06/2022","13,055.01","13,032.67","13,092.18","12,939.70","96.64M","0.13%"
"09/05/2022","13,038.02","13,242.48","13,242.99","13,028.30","115.17M","-0.76%"
"09/04/2022","13,138.38","13,189.27","13,203.21","13,034.31","97.80M","-0.34%"
"09/01/2022","13,182.98","13,508.24","13,555.23","13,168.68","102.49M","-1.81%"
"08/31/2022","13,425.60","13,619.38","13,637.60","13,425.60","225.02M","-1.38%"
"08/30/2022","13,613.32","13,630.74","13,688.85","13,607.04","108.26M","-0.10%"
"08/29/2022","13,626.99","13,703.44","13,743.15","13,626.99","119.45M","-0.43%"
"08/28/2022","13,685.65","13,670.51","13,747.21","13,617.75","100.68M","-0.44%"
"08/25/2022","13,746.39","13,703.08","13,769.99","13,679.35","76.29M","0.70%"
"08/24/2022","13,650.32","13,652.96","13,783.38","13,644.83","97.88M","0.42%"
"08/23/2022","13,593.66","13,775.67","13,775.67","13,593.66","129.29M","-1.50%"
"08/22/2022","13,801.16","14,004.91","14,004.91","13,801.16","136.91M","-1.19%"
"08/21/2022","13,967.04","14,018.67","14,045.03","13,937.35","155.61M","-0.37%"
"08/18/2022","14,018.43","14,003.98","14,056.88","13,932.21","263.10M","0.21%"
"08/17/2022","13,989.49","13,797.87","13,989.49","13,777.00","198.78M","1.75%"
"08/16/2022","13,749.35","13,682.81","13,749.35","13,618.09","137.86M","0.36%"
"08/15/2022","13,699.63","13,795.81","13,795.81","13,641.41","119.12M","-0.70%"
"08/14/2022","13,796.20","13,725.41","13,858.00","13,725.41","178.77M","0.38%"
"08/11/2022","13,743.90","13,576.09","13,743.90","13,576.09","213.62M","1.29%"
"08/10/2022","13,568.95","13,504.77","13,568.95","13,449.40","125.83M","0.37%"
"08/09/2022","13,518.81","13,586.39","13,615.02","13,518.81","201.61M","-0.33%"
"08/08/2022","13,563.20","13,420.93","13,563.20","13,408.11","197.85M","1.37%"
"08/07/2022","13,379.72","13,345.77","13,397.12","13,315.04","98.86M","0.02%"
"08/04/2022","13,376.64","13,391.42","13,404.90","13,323.35","190.47M","-0.07%"
"08/03/2022","13,386.21","13,338.59","13,386.21","13,251.50","259.43M","0.63%"
"08/02/2022","13,302.33","13,476.57","13,478.20","13,256.75","231.80M","-1.24%"
"08/01/2022","13,469.11","13,440.03","13,549.29","13,387.61","328.87M","0.74%"
"07/31/2022","13,370.03","13,379.37","13,410.16","13,277.66","146.76M","1.89%"
"07/28/2022","13,122.05","13,112.54","13,265.16","13,112.54","173.96M","0.15%"
"07/27/2022","13,102.78","12,858.72","13,102.78","12,845.19","152.31M","1.71%"
"07/26/2022","12,881.99","12,778.32","12,895.86","12,760.63","133.14M","0.64%"
"07/25/2022","12,799.58","12,718.50","12,809.91","12,655.93","126.49M","0.38%"
"07/24/2022","12,750.83","12,669.34","12,775.19","12,603.93","168.65M","0.33%"
"07/21/2022","12,709.12","12,543.76","12,709.12","12,536.07","159.90M","1.37%"
"07/20/2022","12,537.58","12,172.70","12,605.19","12,143.56","217.13M","3.37%"
"07/19/2022","12,129.41","12,076.99","12,149.31","12,066.11","65.00M","0.30%"
"07/18/2022","12,092.91","11,950.75","12,092.91","11,946.79","88.12M","0.95%"
"07/17/2022","11,978.60","11,863.47","12,028.98","11,861.81","69.31M","0.93%"
"07/14/2022","11,867.75","11,879.78","11,979.34","11,751.31","102.98M","-0.13%"
"07/13/2022","11,883.22","11,984.46","12,056.98","11,822.83","109.33M","-1.67%"
"07/07/2022","12,084.65","12,041.90","12,084.69","11,958.48","90.98M","0.20%"
"07/06/2022","12,060.82","12,300.66","12,300.66","12,002.70","96.21M","-1.65%"
"07/05/2022","12,263.01","12,199.23","12,263.01","12,146.32","83.08M","0.37%"
"07/04/2022","12,217.35","12,264.43","12,318.35","12,197.53","67.17M","-0.45%"
"07/03/2022","12,272.24","12,233.43","12,324.01","12,222.47","83.75M","0.66%"
"06/30/2022","12,191.30","12,245.13","12,297.95","12,191.30","173.28M","-0.37%"
"06/29/2022","12,237.04","12,205.62","12,285.60","12,174.15","103.96M","-0.45%"
"06/28/2022","12,291.84","12,117.44","12,291.84","12,102.81","99.39M","1.12%"
"06/27/2022","12,155.33","12,204.38","12,238.02","12,098.15","140.48M","0.21%"
"06/26/2022","12,129.92","11,862.15","12,305.64","11,781.31","186.79M","3.20%"
"06/23/2022","11,753.44","11,917.50","12,004.62","11,753.44","173.57M","-1.59%"
"06/22/2022","11,943.18","12,107.27","12,133.82","11,931.78","141.69M","-1.10%"
"06/21/2022","12,076.21","12,206.33","12,235.61","12,076.21","99.06M","0.05%"
"06/20/2022","12,069.95","12,150.64","12,193.37","11,955.40","157.51M","-0.41%"
"06/19/2022","12,119.85","12,486.71","12,486.71","12,113.86","193.75M","-3.52%"
"06/16/2022","12,562.05","12,663.96","12,670.75","12,487.51","347.72M","-0.51%"
"06/15/2022","12,626.55","12,751.67","12,773.57","12,626.55","100.23M","-0.82%"
"06/14/2022","12,731.47","12,700.13","12,795.37","12,641.32","125.27M","0.10%"
"06/13/2022","12,718.21","12,891.99","12,891.99","12,718.21","121.03M","-1.54%"
"06/12/2022","12,917.54","12,985.34","13,014.81","12,917.54","115.64M","-1.39%"
"06/09/2022","13,099.25","12,982.19","13,099.25","12,978.76","128.41M","1.04%"
"06/08/2022","12,964.79","12,969.85","13,002.32","12,934.61","157.22M","0.04%"
"06/07/2022","12,959.13","12,935.18","12,977.07","12,898.09","194.47M","-0.14%"
"06/06/2022","12,977.92","12,813.45","12,977.92","12,813.45","104.09M","1.34%"
"06/05/2022","12,806.14","12,809.85","12,882.10","12,794.35","115.72M","0.05%"
"06/02/2022","12,800.12","12,774.46","12,867.00","12,728.55","144.25M","-0.26%"
"06/01/2022","12,833.15","12,920.99","12,945.59","12,827.47","94.38M","-0.67%"
"05/31/2022","12,919.43","12,884.52","12,930.37","12,779.37","459.77M","0.20%"
"05/30/2022","12,893.13","12,880.02","12,893.13","12,834.03","102.59M","0.25%"
"05/29/2022","12,861.35","12,913.99","12,965.96","12,858.66","115.02M","0.26%"
"05/26/2022","12,828.51","12,884.13","12,910.25","12,828.51","102.04M","-0.23%"
"05/25/2022","12,858.58","12,871.71","12,953.93","12,840.46","92.24M","-0.12%"
"05/24/2022","12,874.60","12,923.90","12,948.38","12,867.02","87.89M","-0.39%"
"05/23/2022","12,925.30","12,752.20","12,925.30","12,744.20","123.94M","1.44%"
"05/22/2022","12,741.49","12,800.58","12,821.96","12,737.38","57.62M","0.09%"
"05/19/2022","12,730.22","12,957.60","12,960.41","12,675.16","150.45M","-2.23%"
"05/18/2022","13,020.32","12,859.00","13,064.24","12,859.00","208.79M","1.26%"
"05/17/2022","12,857.72","12,708.83","12,893.25","12,708.83","137.14M","1.43%"
"05/16/2022","12,675.92","12,870.03","12,944.85","12,675.92","147.23M","-1.56%"
"05/15/2022","12,876.61","13,171.73","13,225.46","12,812.30","160.67M","-2.03%"
"05/12/2022","13,143.53","13,434.39","13,444.20","13,143.53","139.69M","-2.43%"
"05/11/2022","13,471.32","13,467.69","13,539.86","13,439.73","151.74M","0.16%"
"05/10/2022","13,450.01","13,541.00","13,561.69","13,450.01","308.61M","-0.47%"
"05/09/2022","13,512.87","13,541.86","13,644.24","13,494.56","192.35M","-0.31%"
"05/08/2022","13,555.01","13,613.38","13,704.60","13,555.01","142.55M","-0.26%"
"04/28/2022","13,590.81","13,545.61","13,661.25","13,506.86","226.58M","-0.16%"
"04/27/2022","13,613.25","13,756.71","13,759.77","13,613.25","138.91M","-1.14%"
"04/26/2022","13,770.08","13,856.66","13,877.97","13,724.77","121.31M","0.04%"
"04/25/2022","13,764.05","13,965.71","13,986.70","13,764.05","135.50M","-1.59%"
"04/24/2022","13,986.98","14,043.59","14,065.09","13,979.09","111.98M","-0.46%"
"04/21/2022","14,051.45","14,004.30","14,066.13","13,983.02","149.88M","0.25%"
"04/20/2022","14,016.00","13,986.47","14,087.31","13,986.47","129.21M","0.07%"
"04/19/2022","14,005.70","14,012.57","14,116.97","13,985.88","149.59M","0.56%"
"04/18/2022","13,927.92","14,071.28","14,071.94","13,862.79","110.74M","-0.48%"
"04/17/2022","13,995.25","14,120.60","14,132.44","13,987.99","75.81M","-0.92%"
"04/14/2022","14,125.07","14,172.72","14,288.19","14,125.07","138.87M","-0.47%"
"04/13/2022","14,192.38","14,099.09","14,257.63","14,097.84","153.40M","0.55%"
"04/12/2022","14,115.08","14,555.26","14,555.26","14,115.08","151.48M","-2.62%"
"04/11/2022","14,494.35","14,583.82","14,931.08","14,494.35","243.62M","0.12%"
"04/10/2022","14,476.47","14,150.86","14,530.39","14,146.07","237.71M","2.75%"
"04/07/2022","14,089.47","13,882.23","14,151.57","13,879.07","282.00M","1.54%"
"04/06/2022","13,875.92","13,681.86","14,160.01","13,681.86","412.32M","1.51%"
"04/05/2022","13,669.89","13,596.92","13,669.89","13,552.52","266.78M","0.78%"
"04/04/2022","13,563.87","13,515.70","13,585.73","13,513.57","215.72M","0.37%"
"04/03/2022","13,513.56","13,598.01","13,614.59","13,509.45","80.29M","-0.14%"
"03/31/2022","13,533.16","13,580.14","13,582.73","13,432.73","158.69M","-0.18%"
"03/30/2022","13,557.00","13,633.74","13,649.74","13,494.84","159.17M","-0.60%"
"03/29/2022","13,638.79","13,666.83","13,697.92","13,628.12","193.43M","-0.53%"
"03/28/2022","13,711.86","13,765.85","13,791.53","13,671.07","195.67M","-0.14%"
"03/27/2022","13,731.33","13,624.51","13,768.11","13,605.85","167.29M","0.73%"
"03/24/2022","13,631.97","13,494.46","13,631.97","13,486.62","208.65M","0.79%"
"03/23/2022","13,525.04","13,349.51","13,525.04","13,320.32","180.35M","0.96%"
"03/22/2022","13,396.83","13,367.37","13,396.83","13,318.56","116.97M","0.10%"
"03/21/2022","13,383.44","13,318.41","13,396.04","13,297.03","153.98M","0.40%"
"03/20/2022","13,330.31","13,383.92","13,442.22","13,307.17","166.41M","-0.50%"
"03/17/2022","13,397.57","13,286.41","13,418.44","13,268.89","296.02M","0.89%"
"03/16/2022","13,279.71","13,126.41","13,337.30","13,112.24","205.18M","0.32%"
"03/15/2022","13,236.76","13,409.72","13,409.94","13,214.16","172.47M","-1.74%"
"03/14/2022","13,470.86","13,425.64","13,519.19","13,397.49","220.14M","-0.13%"
"03/13/2022","13,489.03","13,621.30","13,657.60","13,489.03","259.73M","-1.06%"
"03/10/2022","13,633.00","13,623.66","13,647.08","13,507.33","377.82M","0.03%"
"03/09/2022","13,628.87","13,673.74","13,793.20","13,628.87","409.13M","-0.39%"
"03/08/2022","13,682.58","13,571.77","13,716.17","13,431.00","367.63M","0.67%"
"03/07/2022","13,591.51","13,474.06","13,593.73","13,416.94","335.56M","0.95%"
"03/03/2022","13,463.02","13,435.70","13,478.31","13,334.26","307.72M","0.24%"
"03/02/2022","13,431.34","13,301.44","13,431.34","13,234.77","303.69M","1.20%"
"03/01/2022","13,272.40","12,919.29","13,408.25","12,885.97","360.42M","2.50%"
"02/28/2022","12,948.75","12,625.78","12,948.75","12,617.65","422.90M","2.28%"
"02/27/2022","12,659.49","12,640.58","12,797.22","12,632.75","184.23M","0.16%"
"02/24/2022","12,638.80","12,599.78","12,638.80","12,523.43","189.08M","-0.87%"
"02/23/2022","12,749.24","12,639.51","12,749.24","12,619.68","150.05M","0.46%"
"02/22/2022","12,690.80","12,634.24","12,690.80","12,592.32","144.35M","0.16%"
"02/21/2022","12,670.10","12,666.87","12,685.47","12,637.27","237.15M","0.02%"
"02/20/2022","12,668.14","12,730.74","12,739.85","12,663.96","159.15M","-0.53%"
"02/17/2022","12,735.35","12,730.50","12,735.35","12,686.44","214.01M","-0.08%"
"02/16/2022","12,746.10","12,730.24","12,751.77","12,709.14","189.99M","0.25%"
"02/15/2022","12,714.32","12,666.07","12,726.74","12,630.53","120.92M","0.17%"
"02/14/2022","12,693.09","12,589.56","12,693.09","12,512.44","106.69M","0.44%"
"02/13/2022","12,637.36","12,797.65","12,798.06","12,632.28","133.81M","-1.34%"
"02/10/2022","12,808.93","12,813.53","12,843.96","12,788.06","234.38M","-0.06%"
"02/09/2022","12,817.25","12,841.18","12,841.18","12,731.22","211.39M","1.14%"
"02/07/2022","12,672.95","12,677.65","12,684.18","12,653.08","107.63M","-0.04%"
"02/06/2022","12,678.31","12,666.89","12,688.74","12,658.53","111.19M","0.19%"
"02/03/2022","12,654.78","12,598.36","12,669.60","12,591.02","118.35M","0.35%"
"02/02/2022","12,610.29","12,557.80","12,619.14","12,555.85","137.07M","0.30%"
"02/01/2022","12,572.55","12,517.29","12,586.00","12,509.53","130.67M","0.59%"
"01/31/2022","12,498.20","12,436.24","12,524.05","12,413.40","115.68M","0.03%"
"01/30/2022","12,495.00","12,474.04","12,495.00","12,422.99","78.80M","-0.11%"
"01/27/2022","12,508.64","12,503.29","12,525.40","12,471.80","113.59M","0.22%"
"01/26/2022","12,481.33","12,558.50","12,561.98","12,481.33","114.50M","-0.54%"
"01/25/2022","12,548.48","12,495.98","12,548.48","12,387.08","139.13M","0.20%"
"01/24/2022","12,523.34","12,481.59","12,523.34","12,450.96","128.54M","0.28%"
"01/23/2022","12,488.09","12,453.78","12,488.09","12,375.51","91.63M","-0.19%"
"01/20/2022","12,511.98","12,559.78","12,603.20","12,499.23","140.80M","-0.80%"
"01/19/2022","12,612.32","12,568.39","12,624.05","12,552.43","112.14M","0.33%"
"01/18/2022","12,570.59","12,475.33","12,570.59","12,440.43","103.50M","0.80%"
"01/17/2022","12,471.40","12,411.39","12,471.40","12,391.53","129.90M","0.30%"
"01/16/2022","12,433.53","12,321.79","12,451.30","12,318.58","169.48M","0.94%"
"01/13/2022","12,318.12","12,147.13","12,318.12","12,127.84","160.17M","1.27%"
"01/12/2022","12,163.22","12,053.06","12,163.22","12,045.85","118.22M","0.92%"
"01/11/2022","12,052.44","12,041.22","12,054.97","12,018.54","81.39M","-0.03%"
"01/10/2022","12,056.38","12,009.67","12,056.38","11,995.88","118.21M","0.37%"
"01/09/2022","12,011.40","11,953.32","12,023.03","11,922.42","149.83M","0.44%"
"01/06/2022","11,959.13","11,942.30","11,959.13","11,871.02","90.36M","0.31%"
"01/05/2022","11,922.17","11,685.20","11,922.17","11,684.46","98.47M","1.78%"
"01/04/2022","11,713.76","11,659.24","11,713.76","11,648.20","71.27M","0.37%"
"01/03/2022","11,670.10","11,646.81","11,670.10","11,584.43","50.40M","0.43%"
"01/02/2022","11,620.70","11,672.63","11,672.63","11,614.43","46.32M","-0.04%"
"12/30/2021","11,625.81","11,681.93","11,693.02","11,625.81","89.58M","-0.45%"
"12/29/2021","11,678.93","11,667.08","11,688.30","11,660.55","72.02M","0.03%"
"12/28/2021","11,675.27","11,626.22","11,675.27","11,616.40","60.20M","0.48%"
"12/27/2021","11,619.59","11,651.57","11,663.70","11,619.59","46.55M","-0.28%"
"12/26/2021","11,652.25","11,684.42","11,687.43","11,652.25","56.82M","-0.38%"
"12/23/2021","11,696.47","11,643.87","11,696.47","11,641.02","84.64M","0.11%"
"12/22/2021","11,683.73","11,614.85","11,683.73","11,603.69","62.36M","0.26%"
"12/21/2021","11,653.27","11,620.84","11,653.27","11,609.67","69.08M","-0.05%"
"12/20/2021","11,658.53","11,620.77","11,658.53","11,585.86","90.86M","-0.25%"
"12/16/2021","11,687.41","11,623.08","11,703.95","11,621.14","115.49M","0.39%"
"12/15/2021","11,642.07","11,671.77","11,721.93","11,642.07","74.37M","-0.73%"
"12/14/2021","11,727.36","11,653.56","11,727.36","11,613.89","87.30M","0.58%"
"12/13/2021","11,660.08","11,582.29","11,660.08","11,582.29","98.86M","0.31%"
"12/12/2021","11,623.53","11,634.46","11,640.95","11,603.78","56.85M","0.04%"
"12/09/2021","11,619.41","11,584.61","11,642.79","11,584.61","71.42M","0.08%"
"12/08/2021","11,610.13","11,623.80","11,676.71","11,592.04","75.44M","-0.14%"
"12/07/2021","11,626.11","11,610.35","11,642.89","11,589.36","114.06M","0.38%"
"12/06/2021","11,582.28","11,606.21","11,608.92","11,576.32","83.67M","-0.04%"
"12/05/2021","11,586.74","11,588.06","11,614.86","11,560.43","47.88M","-0.14%"
"12/02/2021","11,603.03","11,563.84","11,695.16","11,524.53","153.89M","0.44%"
"12/01/2021","11,552.42","11,415.15","11,588.23","11,414.34","182.58M","1.46%"
"11/30/2021","11,386.31","11,477.52","11,498.39","11,386.31","161.48M","-0.74%"
"11/29/2021","11,471.36","11,482.24","11,547.69","11,471.36","117.95M","0.06%"
"11/28/2021","11,463.91","11,648.12","11,648.12","11,453.33","144.72M","-2.77%"
"11/25/2021","11,790.98","11,772.26","11,824.38","11,771.81","55.13M","0.01%"
"11/24/2021","11,790.01","11,801.44","11,820.60","11,788.55","65.16M","-0.05%"
"11/23/2021","11,796.05","11,805.35","11,827.08","11,779.86","90.10M","-0.12%"
"11/22/2021","11,810.61","11,899.56","11,899.56","11,802.58","77.93M","-0.87%"
"11/21/2021","11,913.81","11,963.61","11,969.26","11,912.55","65.16M","-0.30%"
"11/18/2021","11,949.75","11,942.86","11,989.62","11,942.23","73.24M","-0.08%"
"11/17/2021","11,959.48","11,976.40","11,978.19","11,950.31","74.55M","-0.29%"
"11/16/2021","11,994.03","11,984.11","11,995.44","11,944.25","65.66M","0.12%"
"11/15/2021","11,979.31","11,953.12","11,994.79","11,942.79","97.14M","0.12%"
"11/14/2021","11,965.28","12,041.77","12,041.89","11,964.01","69.28M","-0.63%"
"11/11/2021","12,040.68","12,017.15","12,040.68","11,991.24","94.24M","0.24%"
"11/10/2021","12,012.12","11,966.61","12,012.12","11,961.98","96.94M","0.20%"
"11/09/2021","11,988.66","11,974.34","12,004.88","11,964.16","142.44M","0.15%"
"11/08/2021","11,970.86","11,972.77","11,977.48","11,946.69","135.84M","-0.02%"
"11/07/2021","11,973.04","11,947.46","11,973.04","11,939.65","103.55M","0.27%"
"11/04/2021","11,940.56","11,868.78","11,940.56","11,868.78","135.05M","0.46%"
"11/03/2021","11,885.89","11,815.37","11,901.86","11,807.87","186.48M","0.50%"
"11/02/2021","11,826.31","11,751.87","11,856.95","11,749.85","164.96M","0.63%"
"11/01/2021","11,752.58","11,772.79","11,813.38","11,752.58","108.78M","-0.10%"
"10/31/2021","11,764.77","11,805.09","11,814.48","11,751.95","110.34M","-0.35%"
"10/28/2021","11,806.53","11,649.64","11,806.53","11,649.05","127.84M","1.21%"
"10/27/2021","11,665.71","11,748.88","11,773.82","11,665.71","127.45M","-0.35%"
"10/26/2021","11,706.40","11,788.10","11,826.45","11,706.40","114.71M","-1.08%"
"10/25/2021","11,834.18","11,865.37","11,870.61","11,826.13","166.47M","0.11%"
"10/24/2021","11,820.72","11,874.15","11,886.68","11,810.75","140.81M","-0.43%"
"10/21/2021","11,871.43","11,865.47","11,904.65","11,855.56","169.60M","0.13%"
"10/20/2021","11,856.43","11,789.56","11,856.43","11,758.27","235.50M","0.76%"
"10/19/2021","11,767.45","11,776.97","11,782.41","11,720.83","149.36M","0.21%"
"10/18/2021","11,743.35","11,765.91","11,792.50","11,743.35","168.24M","-0.07%"
"10/17/2021","11,751.38","11,686.14","11,771.02","11,686.14","191.59M","0.75%"
"10/14/2021","11,663.63","11,593.60","11,678.46","11,592.82","257.67M","0.51%"
"10/13/2021","11,603.88","11,592.29","11,612.51","11,572.13","216.98M","0.07%"
"10/12/2021","11,595.58","11,570.91","11,601.53","11,556.80","169.67M","0.23%"
"10/11/2021","11,568.60","11,546.42","11,608.50","11,546.42","186.35M","0.14%"
"10/10/2021","11,552.87","11,538.66","11,576.45","11,538.66","144.77M","0.15%"
"10/07/2021","11,535.21","11,579.92","11,580.54","11,535.21","124.75M","-0.62%"
"10/06/2021","11,606.92","11,524.29","11,606.92","11,524.29","160.29M","0.74%"
"10/05/2021","11,521.10","11,502.25","11,538.08","11,499.27","142.37M","0.08%"
"10/04/2021","11,512.29","11,471.97","11,514.65","11,427.84","135.24M","0.43%"
"10/03/2021","11,462.96","11,493.45","11,567.41","11,462.96","88.81M","-0.19%"
"09/30/2021","11,485.23","11,429.33","11,493.19","11,426.90","101.75M","0.47%"
"09/29/2021","11,431.15","11,364.40","11,435.48","11,343.15","68.65M","0.39%"
"09/28/2021","11,386.45","11,325.92","11,411.86","11,310.31","75.22M","0.66%"
"09/27/2021","11,311.25","11,307.50","11,331.46","11,305.69","77.09M","-0.02%"
"09/26/2021","11,313.50","11,245.09","11,313.50","11,245.09","88.57M","0.65%"
"09/23/2021","11,240.53","11,177.14","11,252.96","11,177.14","92.46M","0.56%"
"09/22/2021","11,177.53","11,134.59","11,211.01","11,131.00","76.67M","0.31%"
"09/21/2021","11,143.45","11,176.92","11,176.92","11,124.82","65.18M","-0.31%"
"09/20/2021","11,178.07","11,233.91","11,233.91","11,169.63","89.94M","-0.41%"
"09/19/2021","11,224.09","11,184.24","11,224.09","11,156.53","81.16M","0.39%"
"09/16/2021","11,180.92","11,100.73","11,180.92","11,096.13","130.77M","0.63%"
"09/15/2021","11,111.12","11,120.01","11,144.19","11,099.93","158.38M","-0.17%"
"09/14/2021","11,129.72","11,102.97","11,137.09","11,086.88","163.87M","0.42%"
"09/13/2021","11,083.71","11,073.51","11,088.47","11,047.40","79.18M","0.05%"
"09/12/2021","11,078.64","11,082.33","11,085.57","11,066.59","51.79M","-0.20%"
"09/09/2021","11,100.32","11,075.33","11,100.32","11,064.08","120.50M","0.22%"
"09/08/2021","11,076.22","11,043.67","11,076.46","11,040.44","47.86M","0.12%"
"09/07/2021","11,062.92","11,057.55","11,069.71","11,045.78","50.92M","-0.02%"
"09/06/2021","11,065.16","11,065.49","11,066.27","11,026.97","37.64M","0.03%"
"09/05/2021","11,061.75","11,066.12","11,069.36","11,040.84","41.83M","-0.08%"
"09/02/2021","11,071.16","11,094.64","11,101.81","11,041.38","43.83M","-0.22%"
"09/01/2021","11,096.02","11,090.29","11,124.93","11,086.07","47.45M","0.03%"
"08/31/2021","11,092.90","11,086.54","11,109.93","11,078.05","129.20M","-0.13%"
"08/30/2021","11,107.57","11,088.65","11,111.20","11,067.96","54.79M","0.23%"
"08/29/2021","11,081.98","11,103.45","11,107.97","11,065.48","43.52M","-0.19%"
"08/26/2021","11,102.66","11,150.91","11,152.73","11,072.65","45.15M","-0.29%"
"08/25/2021","11,135.15","11,151.87","11,164.70","11,117.78","82.47M","-0.28%"
"08/24/2021","11,166.01","11,136.53","11,166.01","11,088.95","71.03M","0.29%"
"08/23/2021","11,133.51","11,095.65","11,133.51","11,060.04","64.38M","0.50%"
"08/22/2021","11,078.47","11,064.20","11,096.37","11,021.78","58.51M","0.41%"
"08/19/2021","11,033.44","11,041.01","11,129.54","11,026.04","82.52M","0.34%"
"08/18/2021","10,996.13","10,970.75","10,996.13","10,961.63","74.92M","0.12%"
"08/17/2021","10,983.33","10,905.70","10,983.33","10,905.70","80.81M","0.29%"
"08/16/2021","10,951.33","10,933.76","10,955.22","10,920.12","47.68M","0.17%"
"08/15/2021","10,933.06","10,922.35","10,941.59","10,909.64","55.96M","0.12%"
"08/12/2021","10,920.42","10,875.85","10,948.71","10,875.85","83.75M","0.04%"
"08/11/2021","10,916.13","10,908.67","10,937.50","10,884.70","52.37M","0.03%"
"08/10/2021","10,913.04","10,919.78","10,934.45","10,900.98","54.86M","-0.25%"
"08/09/2021","10,940.73","10,960.17","10,960.57","10,931.52","96.69M","-0.12%"
"08/08/2021","10,954.17","10,943.06","10,958.69","10,910.36","84.23M","0.42%"
"08/05/2021","10,908.11","10,852.27","10,908.11","10,838.53","73.41M","0.46%"
"08/04/2021","10,858.42","10,838.35","10,860.13","10,811.38","83.85M","0.14%"
"08/03/2021","10,843.10","10,816.04","10,843.10","10,785.85","75.25M","0.24%"
"08/02/2021","10,816.60","10,777.26","10,816.60","10,776.86","96.95M","0.75%"
"08/01/2021","10,736.44","10,749.80","10,787.74","10,676.06","66.10M","-0.16%"
"07/29/2021","10,753.28","10,689.18","10,764.16","10,660.28","48.08M","0.42%"
"07/28/2021","10,708.37","10,661.76","10,708.37","10,607.64","42.56M","0.37%"
"07/27/2021","10,668.40","10,638.38","10,706.07","10,626.67","44.81M","-0.10%"
"07/26/2021","10,679.25","10,801.66","10,801.66","10,678.70","63.05M","-0.91%"
"07/25/2021","10,777.66","10,761.37","10,805.86","10,719.16","25.10M","0.76%"
"07/15/2021","10,696.30","10,769.15","10,786.16","10,696.30","42.96M","-0.74%"
"07/14/2021","10,775.97","10,726.71","10,775.97","10,726.28","36.73M","0.07%"
"07/13/2021","10,768.08","10,771.37","10,793.52","10,747.81","50.44M","-0.08%"
"07/12/2021","10,776.34","10,826.04","10,834.86","10,776.34","57.58M","-0.17%"
"07/11/2021","10,794.33","10,867.26","10,867.26","10,794.33","48.15M","-0.45%"
"07/08/2021","10,842.99","10,875.92","10,883.43","10,830.53","52.65M","-0.21%"
"07/07/2021","10,865.88","10,783.35","10,865.88","10,776.12","65.64M","0.78%"
"07/06/2021","10,781.41","10,792.85","10,794.79","10,770.66","43.79M","-0.17%"
"07/05/2021","10,799.85","10,800.22","10,817.88","10,785.05","43.17M","-0.26%"
"07/04/2021","10,828.08","10,806.88","10,841.56","10,793.85","84.61M","0.19%"
"07/01/2021","10,807.34","10,749.22","10,817.66","10,749.22","58.00M","0.71%"
"06/30/2021","10,730.68","10,734.44","10,765.29","10,714.90","80.13M","-0.17%"
"06/29/2021","10,749.11","10,709.43","10,749.11","10,686.18","78.01M","0.66%"
"06/28/2021","10,679.11","10,750.06","10,752.89","10,679.11","62.30M","-0.57%"
"06/27/2021","10,739.81","10,757.07","10,765.01","10,729.00","50.49M","-0.20%"
"06/24/2021","10,761.35","10,763.90","10,795.38","10,757.53","61.40M","-0.05%"
"06/23/2021","10,767.17","10,763.47","10,821.18","10,763.47","74.79M","-0.09%"
"06/22/2021","10,776.49","10,714.22","10,812.87","10,709.01","69.67M","0.34%"
"06/21/2021","10,740.13","10,771.41","10,771.42","10,650.51","73.43M","-0.21%"
"06/20/2021","10,763.11","10,737.81","10,778.64","10,716.61","47.44M","0.18%"
"06/17/2021","10,743.45","10,776.25","10,785.04","10,672.19","123.41M","-0.36%"
"06/16/2021","10,782.18","10,793.79","10,801.86","10,766.77","73.63M","-0.10%"
"06/15/2021","10,792.97","10,816.38","10,816.96","10,781.93","41.69M","-0.17%"
"06/14/2021","10,811.23","10,755.19","10,830.87","10,750.29","84.58M","0.67%"
"06/13/2021","10,739.48","10,737.60","10,752.89","10,716.28","80.40M","0.15%"
"06/10/2021","10,723.13","10,709.93","10,727.68","10,676.84","65.86M","0.30%"
"06/09/2021","10,691.13","10,684.31","10,702.79","10,648.62","80.10M","0.23%"
"06/08/2021","10,666.76","10,701.27","10,736.99","10,666.76","76.98M","-0.39%"
"06/07/2021","10,708.42","10,762.68","10,766.62","10,708.42","82.56M","-0.29%"
"06/06/2021","10,739.14","10,732.56","10,766.44","10,722.30","86.45M","-0.14%"
"06/03/2021","10,754.48","10,788.40","10,808.02","10,747.67","81.57M","-0.46%"
"06/02/2021","10,804.71","10,769.67","10,808.39","10,758.69","61.97M","0.25%"
"06/01/2021","10,778.05","10,748.83","10,778.05","10,730.40","69.34M","0.28%"
"05/31/2021","10,748.26","10,741.79","10,763.72","10,711.03","77.24M","0.16%"
"05/30/2021","10,730.61","10,778.30","10,778.30","10,728.29","84.96M","-0.31%"
"05/27/2021","10,764.13","10,634.85","10,764.13","10,600.56","179.55M","1.28%"
"05/26/2021","10,628.25","10,581.89","10,684.34","10,581.24","71.41M","0.18%"
"05/25/2021","10,608.92","10,531.56","10,608.92","10,499.97","80.96M","0.88%"
"05/24/2021","10,516.20","10,656.67","10,656.67","10,516.20","125.38M","-1.28%"
"05/23/2021","10,652.62","10,716.18","10,720.32","10,652.62","41.71M","-0.40%"
"05/20/2021","10,695.05","10,692.03","10,739.94","10,663.95","81.20M","-0.36%"
"05/19/2021","10,733.62","10,811.67","10,827.29","10,715.40","118.28M","-0.70%"
"05/18/2021","10,809.12","10,831.35","10,836.32","10,787.69","134.36M","0.14%"
"05/17/2021","10,793.47","10,914.41","10,914.41","10,787.19","95.77M","-1.21%"
"05/11/2021","10,925.24","10,946.19","10,956.63","10,884.89","71.61M","-0.23%"
"05/10/2021","10,950.72","10,938.18","10,961.22","10,924.51","138.36M","0.14%"
"05/09/2021","10,935.58","10,902.47","10,941.62","10,865.46","60.03M","0.37%"
"05/06/2021","10,895.72","10,888.79","10,911.01","10,865.76","89.08M","-0.01%"
"05/05/2021","10,896.86","10,875.52","10,922.16","10,875.52","100.63M","0.01%"
"05/04/2021","10,895.34","10,882.92","10,939.14","10,879.67","56.88M","-0.43%"
"05/03/2021","10,942.94","10,909.23","10,945.73","10,887.49","69.41M","0.34%"
"05/02/2021","10,906.17","10,908.92","10,912.79","10,849.35","52.40M","-0.05%"
"04/29/2021","10,911.40","10,960.65","10,960.65","10,860.87","174.61M","-0.27%"
"04/28/2021","10,940.58","10,960.71","10,974.27","10,915.28","159.73M","-0.26%"
"04/27/2021","10,968.88","10,970.48","10,976.28","10,936.47","191.82M","0.58%"
"04/26/2021","10,906.07","10,863.44","10,906.07","10,842.63","78.75M","0.42%"
"04/25/2021","10,860.11","10,847.75","10,883.52","10,813.08","95.49M","0.14%"
"04/22/2021","10,844.92","10,846.06","10,877.18","10,829.98","117.59M","0.05%"
"04/21/2021","10,839.93","10,890.91","10,908.49","10,839.93","95.12M","-0.68%"
"04/20/2021","10,914.12","10,863.12","10,929.96","10,847.22","108.92M","-0.06%"
"04/19/2021","10,920.69","10,796.35","10,920.69","10,791.06","122.39M","1.48%"
"04/18/2021","10,760.96","10,904.46","10,930.65","10,752.23","88.29M","-1.27%"
"04/15/2021","10,899.06","10,733.57","10,908.36","10,713.98","208.24M","2.77%"
"04/14/2021","10,605.38","10,464.22","10,605.38","10,461.24","68.85M","1.19%"
"04/13/2021","10,480.83","10,479.65","10,512.56","10,440.70","103.73M","-0.19%"
"04/12/2021","10,501.15","10,535.24","10,592.47","10,484.07","227.40M","-0.59%"
"04/11/2021","10,563.54","10,499.21","10,563.54","10,453.09","187.25M","0.21%"
"04/08/2021","10,541.53","10,470.83","10,541.53","10,436.44","285.25M","0.41%"
"04/07/2021","10,498.33","10,392.08","10,498.33","10,363.12","321.88M","0.99%"
"04/06/2021","10,394.92","10,366.76","10,394.92","10,345.50","117.75M","0.20%"
"04/05/2021","10,374.40","10,438.27","10,441.44","10,374.40","55.75M","-0.63%"
"04/04/2021","10,440.50","10,478.84","10,481.96","10,392.27","28.19M","-0.16%"
"04/01/2021","10,457.30","10,388.92","10,457.30","10,368.20","58.01M","0.54%"
"03/31/2021","10,401.50","10,372.67","10,466.46","10,363.33","116.15M","0.19%"
"03/30/2021","10,381.30","10,290.15","10,397.80","10,277.71","87.01M","0.56%"
"03/29/2021","10,323.98","10,179.32","10,323.98","10,179.32","97.85M","1.30%"
"03/28/2021","10,191.56","10,154.67","10,200.99","10,154.67","82.73M","0.23%"
"03/25/2021","10,168.27","10,211.26","10,241.31","10,168.27","67.57M","-0.44%"
"03/24/2021","10,213.13","10,166.41","10,213.13","10,166.41","55.34M","0.19%"
"03/23/2021","10,194.08","10,223.17","10,248.95","10,178.75","73.56M","-0.32%"
"03/22/2021","10,226.68","10,196.49","10,253.92","10,179.97","91.76M","0.09%"
"03/21/2021","10,217.53","10,300.45","10,300.45","10,215.08","76.13M","-0.85%"
"03/18/2021","10,304.95","10,209.04","10,304.95","10,179.49","275.89M","0.92%"
"03/17/2021","10,211.39","10,288.90","10,298.66","10,211.39","96.99M","-0.81%"
"03/16/2021","10,294.79","10,265.02","10,294.79","10,251.19","64.41M","0.52%"
"03/15/2021","10,241.47","10,238.53","10,262.00","10,210.84","60.31M","0.01%"
"03/14/2021","10,240.68","10,232.19","10,275.43","10,196.67","69.54M","0.15%"
"03/11/2021","10,224.92","10,282.98","10,284.04","10,224.26","67.42M","-0.46%"
"03/10/2021","10,272.11","10,125.87","10,272.11","10,125.87","87.20M","1.52%"
"03/09/2021","10,117.84","10,029.38","10,117.84","9,999.51","92.78M","0.65%"
"03/08/2021","10,052.23","10,094.34","10,108.97","10,052.23","79.57M","0.48%"
"03/04/2021","10,004.19","10,026.56","10,088.68","9,978.40","75.94M","-0.40%"
"03/03/2021","10,044.45","10,046.48","10,117.17","10,027.10","98.56M","-0.19%"
"03/02/2021","10,063.09","10,170.43","10,171.07","10,063.09","87.07M","-1.44%"
"03/01/2021","10,210.26","10,154.28","10,234.19","10,140.13","97.46M","0.63%"
"02/28/2021","10,145.99","10,097.56","10,170.66","10,084.44","74.14M","0.25%"
"02/25/2021","10,120.67","10,070.17","10,174.13","10,026.09","177.38M","1.69%"
"02/24/2021","9,952.86","10,043.64","10,043.64","9,950.54","108.65M","-0.67%"
"02/23/2021","10,020.04","10,098.19","10,125.83","10,020.04","72.49M","-0.64%"
"02/22/2021","10,084.79","10,273.68","10,278.71","10,084.79","97.01M","-1.77%"
"02/21/2021","10,266.59","10,272.33","10,300.73","10,256.24","68.71M","-0.07%"
"02/18/2021","10,273.35","10,355.56","10,389.64","10,273.35","94.65M","-0.67%"
"02/17/2021","10,342.70","10,429.19","10,452.71","10,329.04","81.87M","-1.12%"
"02/16/2021","10,459.94","10,424.52","10,459.94","10,416.21","41.49M","0.03%"
"02/15/2021","10,456.36","10,469.00","10,493.91","10,454.30","92.49M","-0.49%"
"02/14/2021","10,507.81","10,506.96","10,538.93","10,467.71","41.60M","-0.14%"
"02/11/2021","10,522.78","10,508.66","10,530.37","10,495.03","43.89M","-0.05%"
"02/10/2021","10,528.52","10,456.97","10,528.52","10,446.21","62.31M","0.80%"
"02/08/2021","10,445.00","10,482.22","10,500.71","10,445.00","44.41M","-0.46%"
"02/07/2021","10,493.05","10,447.63","10,509.57","10,447.63","28.17M","0.59%"
"02/04/2021","10,431.36","10,515.56","10,531.42","10,431.36","46.19M","-0.39%"
"02/03/2021","10,471.92","10,560.55","10,567.49","10,471.92","59.86M","-0.44%"
"02/02/2021","10,517.93","10,488.71","10,554.26","10,480.20","56.10M","0.42%"
"02/01/2021","10,473.59","10,416.03","10,538.98","10,416.03","60.31M","0.00%"
"01/31/2021","10,473.50","10,518.78","10,518.78","10,448.18","38.39M","-0.67%"
"01/28/2021","10,544.54","10,603.33","10,603.33","10,544.54","83.29M","-0.97%"
"01/27/2021","10,647.88","10,682.52","10,682.52","10,603.41","68.91M","0.08%"
"01/26/2021","10,639.34","10,648.18","10,679.04","10,632.69","58.12M","-0.30%"
"01/25/2021","10,671.57","10,695.77","10,734.63","10,671.57","69.77M","-0.33%"
"01/24/2021","10,706.90","10,763.73","10,781.88","10,699.81","52.10M","-0.27%"
"01/21/2021","10,736.35","10,782.67","10,804.29","10,736.35","52.79M","-0.58%"
"01/20/2021","10,799.22","10,765.37","10,799.22","10,727.85","83.72M","0.28%"
"01/19/2021","10,769.02","10,891.26","10,906.49","10,769.02","105.13M","-0.87%"
"01/18/2021","10,863.27","10,845.61","10,874.30","10,796.83","60.00M","0.02%"
"01/17/2021","10,860.72","10,918.08","10,969.16","10,860.72","32.79M","-0.49%"
"01/14/2021","10,913.83","10,846.75","10,934.06","10,840.18","59.64M","0.43%"
"01/13/2021","10,866.61","10,824.32","10,872.47","10,806.23","78.80M","0.26%"
"01/12/2021","10,838.69","10,812.02","10,853.22","10,778.34","74.46M","-0.04%"
"01/11/2021","10,842.99","10,763.04","10,842.99","10,703.25","100.39M","1.09%"
"01/10/2021","10,725.73","10,687.79","10,754.21","10,686.42","60.99M","0.44%"
"01/07/2021","10,678.28","10,577.54","10,678.28","10,545.02","50.86M","0.93%"
"01/06/2021","10,579.66","10,637.51","10,638.42","10,569.97","48.27M","-0.36%"
"01/05/2021","10,618.39","10,652.81","10,667.21","10,551.38","90.77M","1.35%"
"01/04/2021","10,477.12","10,452.68","10,491.89","10,440.94","29.42M","0.38%"
"01/03/2021","10,437.50","10,407.59","10,458.15","10,402.52","14.13M","0.01%"
"12/31/2020","10,435.96","10,518.90","10,548.07","10,396.71","54.95M","-0.94%"
"12/30/2020","10,534.65","10,495.88","10,534.65","10,486.51","35.16M","0.33%"
"12/29/2020","10,500.09","10,559.40","10,563.01","10,500.09","34.61M","-0.56%"
"12/28/2020","10,559.36","10,568.29","10,574.53","10,545.63","44.31M","-0.05%"
"12/27/2020","10,564.33","10,545.35","10,578.62","10,530.88","25.41M","0.25%"
"12/24/2020","10,538.16","10,499.29","10,538.16","10,493.54","28.24M","0.32%"
"12/23/2020","10,504.16","10,542.09","10,548.12","10,483.10","41.03M","-0.29%"
"12/22/2020","10,534.69","10,520.46","10,534.69","10,453.67","57.36M","-0.05%"
"12/21/2020","10,540.18","10,577.20","10,584.85","10,462.57","82.59M","-0.44%"
"12/20/2020","10,587.10","10,546.27","10,613.83","10,542.13","69.55M","1.04%"
"12/16/2020","10,478.61","10,477.99","10,526.22","10,473.42","104.64M","-0.02%"
"12/15/2020","10,480.69","10,474.72","10,519.09","10,447.24","60.89M","-0.01%"
"12/14/2020","10,481.96","10,466.15","10,489.94","10,423.75","74.99M","0.16%"
"12/13/2020","10,465.36","10,443.09","10,484.72","10,417.33","44.82M","0.18%"
"12/10/2020","10,446.06","10,523.32","10,527.60","10,420.76","51.17M","-0.70%"
"12/09/2020","10,519.21","10,520.16","10,571.02","10,507.22","65.46M","-0.10%"
"12/08/2020","10,529.46","10,586.17","10,586.17","10,496.69","89.28M","-0.70%"
"12/07/2020","10,603.54","10,630.83","10,630.83","10,527.11","103.19M","-0.18%"
"12/06/2020","10,622.26","10,546.94","10,655.34","10,529.19","208.34M","1.50%"
"12/03/2020","10,465.64","10,411.79","10,486.22","10,409.75","134.70M","0.71%"
"12/02/2020","10,391.86","10,388.57","10,459.62","10,384.66","195.04M","-0.03%"
"12/01/2020","10,395.30","10,310.43","10,403.62","10,287.87","125.16M","1.30%"
"11/30/2020","10,262.10","10,342.81","10,349.43","10,237.63","364.16M","-0.21%"
"11/29/2020","10,283.79","10,237.29","10,344.53","10,236.76","67.17M","-0.06%"
"11/26/2020","10,290.20","10,319.19","10,324.40","10,244.15","91.82M","-0.13%"
"11/25/2020","10,303.89","10,276.01","10,379.24","10,276.01","113.24M","0.42%"
"11/24/2020","10,261.19","10,351.42","10,361.01","10,261.19","158.15M","-0.66%"
"11/23/2020","10,329.65","10,190.16","10,329.65","10,169.76","109.16M","1.24%"
"11/22/2020","10,202.78","10,090.50","10,202.78","10,050.32","65.21M","0.94%"
"11/19/2020","10,107.65","10,242.82","10,243.88","10,107.65","90.25M","-1.37%"
"11/18/2020","10,248.45","10,203.49","10,248.45","10,148.68","89.99M","0.36%"
"11/17/2020","10,211.33","10,232.44","10,273.45","10,169.84","94.63M","-0.16%"
"11/16/2020","10,227.20","10,214.15","10,244.75","10,212.97","108.67M","0.24%"
"11/15/2020","10,202.36","10,223.91","10,247.68","10,149.95","61.36M","-0.10%"
"11/12/2020","10,212.58","10,106.46","10,212.58","10,060.01","97.64M","0.92%"
"11/11/2020","10,119.69","10,180.95","10,194.74","10,055.30","133.07M","-0.12%"
"11/10/2020","10,131.85","10,124.29","10,179.96","10,023.93","186.50M","0.37%"
"11/09/2020","10,094.81","9,891.07","10,094.81","9,886.48","139.66M","1.88%"
"11/08/2020","9,908.34","9,873.76","9,915.69","9,846.49","87.77M","0.19%"
"11/05/2020","9,889.46","9,725.93","9,889.46","9,703.77","58.88M","1.67%"
"11/04/2020","9,726.95","9,724.63","9,771.47","9,672.23","71.70M","0.27%"
"11/03/2020","9,701.00","9,662.43","9,758.33","9,651.29","89.30M","0.64%"
"11/02/2020","9,639.61","9,640.59","9,657.68","9,588.22","58.65M","-0.01%"
"11/01/2020","9,640.11","9,688.04","9,711.60","9,586.79","67.88M","-0.53%"
"10/29/2020","9,691.02","9,765.75","9,765.75","9,691.02","74.47M","-1.35%"
"10/28/2020","9,823.58","9,859.81","9,861.50","9,757.99","64.25M","-0.30%"
"10/27/2020","9,853.16","9,815.42","9,853.16","9,769.18","80.54M","0.47%"
"10/26/2020","9,807.53","9,779.37","9,838.69","9,692.29","143.08M","-0.01%"
"10/25/2020","9,808.34","9,951.43","9,951.43","9,768.07","143.84M","-1.51%"
"10/22/2020","9,958.37","9,959.17","9,968.41","9,908.21","107.18M","-0.07%"
"10/21/2020","9,965.03","10,020.84","10,038.31","9,963.49","102.28M","-0.50%"
"10/20/2020","10,015.52","10,043.33","10,082.70","10,015.18","113.97M","0.16%"
"10/19/2020","9,999.66","10,028.05","10,062.94","9,999.66","117.92M","-0.10%"
"10/18/2020","10,009.76","9,963.12","10,018.70","9,949.85","84.13M","0.10%"
"10/15/2020","9,999.46","10,017.36","10,023.50","9,982.10","72.93M","-0.27%"
"10/14/2020","10,026.04","10,052.62","10,061.49","10,015.13","92.37M","-0.31%"
"10/13/2020","10,056.86","10,058.16","10,066.81","10,018.08","156.95M","0.00%"
"10/12/2020","10,056.95","10,011.50","10,056.95","10,004.11","103.07M","0.56%"
"10/11/2020","10,001.15","10,032.50","10,038.44","9,963.53","124.61M","-0.31%"
"10/08/2020","10,032.13","9,963.42","10,032.13","9,919.15","77.06M","1.00%"
"10/07/2020","9,932.43","10,013.87","10,037.73","9,932.43","103.92M","-0.84%"
"10/06/2020","10,016.28","9,965.79","10,031.19","9,959.02","193.23M","0.60%"
"10/05/2020","9,956.66","9,944.24","9,971.88","9,925.38","144.84M","0.03%"
"10/04/2020","9,953.51","9,987.06","9,987.06","9,906.78","63.72M","-0.52%"
"10/01/2020","10,005.90","9,990.43","10,046.29","9,981.59","111.30M","0.16%"
"09/30/2020","9,990.39","9,869.51","9,990.39","9,859.69","155.38M","0.80%"
"09/29/2020","9,910.72","9,887.10","9,956.07","9,887.10","206.28M","0.27%"
"09/28/2020","9,883.90","9,816.87","9,913.99","9,816.87","90.12M","0.70%"
"09/27/2020","9,815.47","9,814.74","9,849.26","9,801.08","81.23M","0.28%"
"09/24/2020","9,788.29","9,768.62","9,802.85","9,707.06","239.50M","0.01%"
"09/23/2020","9,787.27","9,853.89","9,886.04","9,787.27","201.91M","-0.55%"
"09/22/2020","9,841.32","9,780.78","9,875.69","9,768.53","125.13M","0.79%"
"09/21/2020","9,764.39","9,915.98","9,947.12","9,755.95","296.07M","-1.53%"
"09/20/2020","9,915.80","9,940.91","9,977.19","9,915.80","264.22M","-0.26%"
"09/17/2020","9,942.06","9,957.56","9,972.78","9,924.23","143.93M","0.01%"
"09/16/2020","9,941.43","9,900.27","9,972.54","9,895.60","179.29M","0.49%"
"09/15/2020","9,892.54","9,897.94","9,939.34","9,877.48","172.97M","0.20%"
"09/14/2020","9,872.86","9,880.95","9,906.39","9,860.46","223.58M","-0.05%"
"09/13/2020","9,878.13","9,814.71","9,895.17","9,808.76","209.06M","1.17%"
"09/10/2020","9,763.78","9,738.07","9,797.37","9,736.43","163.97M","0.53%"
"09/09/2020","9,712.73","9,718.54","9,748.08","9,685.38","164.27M","-0.49%"
"09/08/2020","9,760.68","9,735.17","9,760.68","9,720.33","73.84M","0.36%"
"09/07/2020","9,725.28","9,713.73","9,747.25","9,713.11","73.12M","0.02%"
"09/06/2020","9,723.41","9,826.87","9,827.14","9,696.59","100.55M","-1.15%"
"09/03/2020","9,836.22","9,827.20","9,838.44","9,785.37","128.05M","0.25%"
"09/02/2020","9,811.57","9,851.35","9,863.92","9,784.82","187.27M","-0.40%"
"09/01/2020","9,850.68","9,842.85","9,924.48","9,841.92","171.18M","0.06%"
"08/31/2020","9,845.17","9,913.41","9,930.33","9,845.17","155.37M","-0.78%"
"08/30/2020","9,922.52","9,895.10","9,932.78","9,886.49","152.28M","0.40%"
"08/27/2020","9,882.93","9,877.41","9,891.46","9,869.82","72.73M","-0.16%"
"08/26/2020","9,898.93","9,893.18","9,898.93","9,871.66","74.48M","-0.10%"
"08/25/2020","9,909.12","9,899.68","9,912.62","9,874.96","131.84M","0.19%"
"08/24/2020","9,890.37","9,842.42","9,901.18","9,841.96","117.34M","0.83%"
"08/23/2020","9,809.05","9,762.63","9,811.86","9,746.08","81.98M","0.43%"
"08/20/2020","9,767.18","9,806.07","9,812.23","9,713.15","114.38M","-0.47%"
"08/19/2020","9,813.78","9,767.16","9,813.78","9,756.16","105.50M","0.39%"
"08/18/2020","9,775.28","9,687.82","9,775.28","9,670.27","104.04M","0.82%"
"08/17/2020","9,695.32","9,611.49","9,697.76","9,602.54","97.60M","0.96%"
"08/16/2020","9,603.06","9,587.36","9,608.34","9,552.51","46.72M","0.01%"
"08/13/2020","9,602.49","9,544.64","9,604.64","9,544.64","81.83M","0.52%"
"08/12/2020","9,553.10","9,527.02","9,569.70","9,525.94","62.33M","0.31%"
"08/11/2020","9,523.63","9,427.97","9,581.18","9,424.17","106.46M","1.12%"
"08/10/2020","9,417.88","9,396.17","9,432.05","9,382.25","87.02M","0.20%"
"08/09/2020","9,398.90","9,404.85","9,413.13","9,377.54","44.55M","-0.14%"
"08/06/2020","9,411.83","9,352.22","9,411.83","9,314.59","82.57M","0.96%"
"08/05/2020","9,321.96","9,380.63","9,392.41","9,321.96","85.24M","-0.49%"
"07/29/2020","9,368.17","9,372.82","9,384.10","9,321.91","71.34M","-0.04%"
"07/28/2020","9,371.75","9,371.26","9,389.08","9,341.01","63.81M","0.22%"
"07/27/2020","9,351.36","9,352.20","9,369.05","9,339.64","67.42M","-0.26%"
"07/26/2020","9,375.40","9,371.25","9,396.20","9,353.57","115.70M","0.08%"
"07/23/2020","9,368.29","9,403.26","9,403.26","9,349.42","81.61M","-0.19%"
"07/22/2020","9,386.16","9,407.18","9,420.07","9,372.62","70.03M","-0.11%"
"07/21/2020","9,396.40","9,365.65","9,396.40","9,324.42","118.95M","0.26%"
"07/20/2020","9,371.73","9,305.72","9,371.73","9,305.48","90.24M","0.59%"
"07/19/2020","9,316.51","9,329.29","9,353.34","9,305.01","87.08M","0.06%"
"07/16/2020","9,310.66","9,414.08","9,416.62","9,310.66","141.84M","-0.89%"
"07/15/2020","9,394.59","9,335.52","9,394.59","9,333.47","190.68M","0.81%"
"07/14/2020","9,319.40","9,305.73","9,346.47","9,287.29","172.71M","0.23%"
"07/13/2020","9,297.80","9,325.19","9,325.19","9,291.28","109.53M","-0.42%"
"07/12/2020","9,337.12","9,296.81","9,349.37","9,291.53","119.58M","0.22%"
"07/09/2020","9,316.44","9,243.01","9,325.48","9,205.91","148.52M","0.99%"
"07/08/2020","9,224.80","9,207.02","9,229.92","9,196.94","216.06M","-0.21%"
"07/07/2020","9,243.83","9,199.75","9,259.12","9,196.68","181.92M","0.51%"
"07/06/2020","9,196.47","9,189.31","9,244.16","9,179.81","137.78M","0.10%"
"07/05/2020","9,187.17","9,214.78","9,230.12","9,180.76","124.42M","-0.27%"
"07/02/2020","9,211.89","9,087.05","9,211.89","9,072.20","149.47M","1.37%"
"07/01/2020","9,087.76","9,063.62","9,147.68","9,063.62","204.07M","0.99%"
"06/30/2020","8,998.56","9,054.61","9,076.60","8,998.56","221.08M","-0.59%"
"06/29/2020","9,052.29","9,125.78","9,126.25","9,051.65","196.87M","-0.83%"
"06/28/2020","9,128.05","9,159.08","9,174.77","9,107.23","60.82M","-0.62%"
"06/25/2020","9,184.97","9,218.89","9,225.08","9,184.97","58.05M","-0.44%"
"06/24/2020","9,225.92","9,276.34","9,276.34","9,219.56","60.19M","-0.38%"
"06/23/2020","9,261.29","9,256.29","9,289.03","9,239.87","84.32M","0.01%"
"06/22/2020","9,260.54","9,289.21","9,296.77","9,245.15","76.01M","-0.26%"
"06/21/2020","9,285.13","9,297.72","9,326.54","9,243.11","80.16M","-0.38%"
"06/18/2020","9,320.18","9,237.37","9,320.18","9,218.23","217.25M","0.98%"
"06/17/2020","9,229.93","9,165.32","9,239.48","9,164.71","82.84M","0.76%"
"06/16/2020","9,160.50","9,181.43","9,198.99","9,160.50","116.10M","0.29%"
"06/15/2020","9,134.02","9,184.91","9,185.98","9,108.17","117.83M","-0.55%"
"06/14/2020","9,184.86","9,199.15","9,200.98","9,125.58","116.13M","-0.53%"
"06/11/2020","9,233.35","9,179.99","9,233.35","9,091.79","77.37M","0.51%"
"06/10/2020","9,186.11","9,261.79","9,261.79","9,186.11","66.09M","-0.78%"
"06/09/2020","9,258.04","9,313.87","9,331.19","9,209.93","109.23M","-0.62%"
"06/08/2020","9,316.21","9,343.06","9,380.06","9,311.84","118.87M","-0.35%"
"06/07/2020","9,349.30","9,312.63","9,394.54","9,310.65","111.30M","1.05%"
"06/04/2020","9,252.07","9,202.93","9,272.86","9,178.87","78.53M","0.42%"
"06/03/2020","9,213.10","9,057.34","9,213.10","9,053.95","107.80M","1.61%"
"06/02/2020","9,067.28","9,033.52","9,071.39","9,013.80","182.96M","0.53%"
"06/01/2020","9,019.68","8,836.84","9,019.68","8,836.84","151.31M","1.98%"
"05/31/2020","8,844.74","8,871.29","8,889.70","8,821.45","75.63M","-0.32%"
"05/21/2020","8,873.16","8,851.44","8,873.16","8,760.39","292.92M","0.19%"
"05/20/2020","8,856.15","8,816.18","8,856.15","8,778.99","70.78M","0.61%"
"05/19/2020","8,802.14","8,813.53","8,840.53","8,777.28","63.11M","0.43%"
"05/18/2020","8,764.53","8,652.76","8,764.53","8,652.76","76.06M","0.75%"
"05/17/2020","8,699.45","8,745.58","8,788.08","8,687.49","67.53M","-0.41%"
"05/14/2020","8,735.43","8,818.20","8,818.20","8,705.17","125.05M","-0.75%"
"05/13/2020","8,801.70","8,869.70","8,916.47","8,801.70","202.35M","-1.02%"
"05/12/2020","8,892.44","8,876.76","8,914.07","8,862.21","86.24M","0.33%"
"05/11/2020","8,863.63","8,925.35","8,927.27","8,863.63","117.04M","-0.49%"
"05/10/2020","8,907.03","8,818.88","8,913.77","8,818.88","91.94M","1.22%"
"05/07/2020","8,799.30","8,777.57","8,842.46","8,769.78","150.02M","0.46%"
"05/06/2020","8,758.90","8,849.84","8,855.97","8,752.54","240.81M","-0.46%"
"05/05/2020","8,799.73","8,675.77","8,802.72","8,675.77","188.99M","1.52%"
"05/04/2020","8,668.06","8,673.33","8,686.85","8,646.01","125.39M","-0.22%"
"05/03/2020","8,687.59","8,778.87","8,778.87","8,682.79","61.76M","-0.87%"
"04/30/2020","8,764.05","8,715.49","8,785.42","8,715.49","175.86M","0.72%"
"04/29/2020","8,701.06","8,593.03","8,703.72","8,593.03","233.60M","1.17%"
"04/28/2020","8,600.51","8,485.31","8,600.51","8,484.24","181.99M","0.81%"
"04/27/2020","8,531.26","8,549.02","8,584.82","8,508.15","76.28M","0.21%"
"04/26/2020","8,513.07","8,468.28","8,524.02","8,467.43","141.84M","0.47%"
"04/23/2020","8,473.21","8,516.82","8,559.79","8,473.21","230.71M","-0.32%"
"04/22/2020","8,500.23","8,362.17","8,516.77","8,324.38","203.40M","2.09%"
"04/21/2020","8,325.85","8,386.87","8,395.78","8,322.57","103.19M","-1.41%"
"04/20/2020","8,444.87","8,637.14","8,637.14","8,404.28","81.88M","-1.99%"
"04/19/2020","8,616.35","8,647.58","8,762.77","8,605.18","44.50M","0.47%"
"04/16/2020","8,576.32","8,839.39","8,842.22","8,576.32","85.82M","-3.11%"
"04/15/2020","8,851.78","8,946.81","8,956.41","8,851.78","61.39M","-0.87%"
"04/14/2020","8,929.66","8,848.27","8,968.30","8,847.31","59.94M","1.09%"
"04/13/2020","8,833.35","8,907.35","8,937.11","8,833.35","57.61M","-0.71%"
"04/12/2020","8,896.87","9,002.59","9,003.40","8,896.87","67.13M","-1.03%"
"04/09/2020","8,989.78","9,003.19","9,075.28","8,986.10","121.49M","-0.45%"
"04/08/2020","9,030.45","8,994.95","9,030.45","8,904.79","116.14M","0.57%"
"04/07/2020","8,979.49","8,769.03","8,979.49","8,769.03","109.67M","3.13%"
"04/06/2020","8,707.16","8,507.84","8,727.93","8,493.98","86.74M","2.62%"
"04/05/2020","8,485.26","8,501.88","8,513.17","8,441.75","71.24M","0.32%"
"04/02/2020","8,458.32","8,180.48","8,458.32","8,176.17","52.96M","3.21%"
"04/01/2020","8,195.02","8,230.37","8,235.39","8,166.76","47.65M","-0.15%"
"03/31/2020","8,207.24","8,287.79","8,295.80","8,199.57","91.32M","-0.91%"
"03/30/2020","8,282.66","8,436.05","8,436.05","8,282.66","66.23M","-1.76%"
"03/29/2020","8,431.15","8,455.67","8,461.02","8,359.84","27.65M","-0.57%"
"03/26/2020","8,479.20","8,558.15","8,605.68","8,479.20","58.39M","-0.65%"
"03/25/2020","8,534.32","8,365.41","8,540.35","8,365.41","68.41M","3.12%"
"03/24/2020","8,276.36","8,272.61","8,433.16","8,247.33","50.28M","0.22%"
"03/23/2020","8,258.57","8,489.66","8,537.12","8,258.57","71.54M","-3.85%"
"03/22/2020","8,589.23","8,520.86","8,589.23","8,517.35","41.98M","0.15%"
"03/19/2020","8,576.59","8,485.06","8,752.48","8,441.56","174.27M","-0.98%"
"03/18/2020","8,661.37","8,529.42","8,733.61","8,529.42","80.65M","1.65%"
"03/17/2020","8,521.01","8,381.28","8,616.42","8,381.28","78.53M","1.06%"
"03/16/2020","8,431.48","8,630.08","8,799.76","8,431.48","96.32M","1.45%"
"03/15/2020","8,310.87","8,095.86","8,320.37","8,009.31","52.44M","0.98%"
"03/12/2020","8,230.41","8,060.02","8,271.53","7,997.05","91.79M","-4.45%"
"03/11/2020","8,613.36","8,463.18","8,645.57","8,457.79","80.46M","2.14%"
"03/10/2020","8,433.03","8,357.91","8,487.46","8,344.49","92.58M","3.34%"
"03/09/2020","8,160.23","8,536.78","8,536.78","8,160.23","90.80M","-9.70%"
"03/08/2020","9,037.20","8,948.08","9,047.64","8,928.02","57.70M","-2.92%"
"03/05/2020","9,309.39","9,228.79","9,325.79","9,191.87","59.04M","0.68%"
"03/04/2020","9,246.55","9,264.91","9,264.91","9,116.51","42.72M","-0.13%"
"03/03/2020","9,258.69","9,285.94","9,400.01","9,240.62","55.32M","0.47%"
"03/02/2020","9,215.81","9,294.74","9,408.22","9,160.13","99.04M","-2.89%"
"02/27/2020","9,490.14","9,558.31","9,561.95","9,423.67","68.14M","-0.61%"
"02/26/2020","9,548.22","9,645.27","9,645.27","9,527.91","36.39M","-1.60%"
"02/25/2020","9,703.88","9,669.45","9,703.88","9,523.21","54.78M","-0.68%"
"02/24/2020","9,770.04","9,834.34","9,860.85","9,770.04","29.92M","-1.30%"
"02/23/2020","9,898.40","9,904.24","9,965.05","9,859.92","23.40M","-0.36%"
"02/20/2020","9,934.10","9,874.60","10,010.88","9,874.60","66.37M","0.56%"
"02/19/2020","9,878.34","9,765.92","9,879.62","9,739.75","76.26M","1.05%"
"02/18/2020","9,775.75","9,663.71","9,796.32","9,663.71","66.78M","0.69%"
"02/17/2020","9,709.10","9,749.28","9,779.22","9,709.10","52.17M","-0.41%"
"02/16/2020","9,748.74","9,842.11","9,843.54","9,746.86","33.42M","-1.00%"
"02/13/2020","9,846.93","9,937.47","9,987.63","9,836.14","38.24M","-1.07%"
"02/12/2020","9,953.37","10,111.50","10,111.50","9,949.75","45.73M","-1.42%"
"02/10/2020","10,097.18","10,128.24","10,128.24","10,038.02","41.66M","-0.51%"
"02/09/2020","10,149.03","10,217.53","10,217.53","10,134.88","67.12M","-0.54%"
"02/06/2020","10,204.62","10,279.39","10,286.86","10,181.30","51.32M","-0.90%"
"02/05/2020","10,297.54","10,274.84","10,316.02","10,254.51","37.23M","0.27%"
"02/04/2020","10,270.06","10,283.99","10,294.16","10,251.53","46.57M","0.18%"
"02/03/2020","10,251.52","10,371.70","10,380.34","10,216.37","53.54M","-1.07%"
"02/02/2020","10,362.04","10,436.97","10,436.97","10,307.68","23.26M","-0.77%"
"01/30/2020","10,442.01","10,443.89","10,473.36","10,425.15","58.08M","0.01%"
"01/29/2020","10,440.73","10,429.05","10,489.09","10,429.05","31.44M","0.17%"
"01/28/2020","10,422.99","10,488.58","10,512.07","10,420.02","29.75M","-0.63%"
"01/27/2020","10,489.17","10,569.62","10,576.99","10,489.17","23.93M","-0.87%"
"01/26/2020","10,581.32","10,616.26","10,629.89","10,574.60","24.42M","-0.40%"
"01/23/2020","10,624.06","10,669.89","10,673.78","10,621.56","43.76M","-0.53%"
"01/22/2020","10,680.64","10,680.54","10,701.00","10,654.02","41.81M","-0.13%"
"01/21/2020","10,694.36","10,690.54","10,714.00","10,669.48","68.11M","0.04%"
"01/20/2020","10,689.66","10,706.08","10,727.99","10,665.86","53.86M","-0.22%"
"01/19/2020","10,712.93","10,715.80","10,722.54","10,684.57","32.42M","0.14%"
"01/16/2020","10,698.31","10,638.83","10,698.31","10,623.05","57.42M","0.38%"
"01/15/2020","10,657.71","10,631.93","10,657.71","10,624.30","42.21M","0.20%"
"01/14/2020","10,636.70","10,558.34","10,636.70","10,549.65","45.79M","0.65%"
"01/13/2020","10,567.61","10,494.63","10,579.14","10,494.63","50.38M","0.56%"
"01/12/2020","10,508.76","10,476.32","10,518.27","10,458.10","26.42M","0.62%"
"01/09/2020","10,444.36","10,390.39","10,450.35","10,387.57","47.73M","1.04%"
"01/08/2020","10,337.32","10,299.68","10,365.60","10,288.06","36.29M","-0.43%"
"01/07/2020","10,381.74","10,416.59","10,416.59","10,339.11","23.70M","-0.25%"
"01/06/2020","10,408.16","10,259.71","10,408.16","10,258.39","45.11M","1.18%"
"01/05/2020","10,286.31","10,386.10","10,386.83","10,225.59","57.06M","-2.14%"
"01/02/2020","10,511.70","10,401.84","10,511.70","10,401.84","24.76M","0.83%"
"12/31/2019","10,425.51","10,441.72","10,453.43","10,392.17","93.24M","-0.23%"
"12/30/2019","10,450.00","10,419.31","10,481.03","10,409.48","31.58M","0.30%"
"12/29/2019","10,418.67","10,401.79","10,437.18","10,389.95","28.04M","-0.07%"
"12/26/2019","10,426.37","10,439.10","10,439.37","10,409.04","19.12M","-0.17%"
"12/25/2019","10,444.52","10,420.17","10,444.52","10,399.66","13.86M","0.14%"
"12/24/2019","10,429.82","10,514.52","10,517.64","10,429.82","31.41M","-0.81%"
"12/23/2019","10,515.18","10,393.73","10,515.18","10,389.59","34.43M","0.39%"
"12/22/2019","10,474.13","10,384.69","10,538.80","10,384.69","50.02M","1.29%"
"12/17/2019","10,340.37","10,229.24","10,340.37","10,226.63","85.39M","1.16%"
"12/16/2019","10,222.18","10,273.63","10,328.27","10,222.18","29.46M","-0.40%"
"12/15/2019","10,262.84","10,308.49","10,318.18","10,247.31","15.94M","0.06%"
"12/12/2019","10,256.93","10,327.94","10,364.83","10,256.93","45.94M","-0.80%"
"12/11/2019","10,339.36","10,290.82","10,384.01","10,281.62","28.53M","0.22%"
"12/10/2019","10,316.99","10,269.92","10,317.48","10,255.69","22.91M","0.39%"
"12/09/2019","10,277.02","10,332.41","10,354.93","10,274.87","28.86M","-0.97%"
"12/08/2019","10,377.26","10,329.04","10,409.15","10,325.91","37.23M","0.18%"
"12/05/2019","10,358.35","10,258.14","10,380.22","10,255.22","40.52M","0.84%"
"12/04/2019","10,272.11","10,176.79","10,272.11","10,155.41","49.25M","0.84%"
"12/03/2019","10,186.09","10,183.15","10,186.09","10,131.35","25.30M","0.04%"
"12/02/2019","10,182.12","10,188.25","10,208.58","10,174.26","47.57M","-0.10%"
"12/01/2019","10,192.05","10,135.91","10,200.24","10,135.91","10.47M","0.44%"
"11/28/2019","10,147.88","10,166.30","10,215.32","10,147.88","28.62M","-0.23%"
"11/27/2019","10,171.39","10,204.38","10,211.16","10,120.58","34.48M","-0.19%"
"11/26/2019","10,190.82","10,316.25","10,316.25","10,173.51","160.48M","-1.16%"
"11/25/2019","10,310.88","10,255.17","10,310.88","10,232.80","37.00M","0.56%"
"11/24/2019","10,253.54","10,275.20","10,290.03","10,242.40","20.50M","-0.13%"
"11/21/2019","10,267.27","10,324.41","10,324.41","10,256.99","27.62M","-0.67%"
"11/20/2019","10,336.68","10,322.90","10,336.68","10,275.23","32.13M","-0.04%"
"11/19/2019","10,340.45","10,286.06","10,340.45","10,254.94","39.03M","0.43%"
"11/18/2019","10,296.64","10,298.36","10,364.51","10,278.87","46.35M","-0.20%"
"11/17/2019","10,317.05","10,370.97","10,376.28","10,317.05","17.80M","-0.45%"
"11/14/2019","10,363.20","10,262.38","10,363.20","10,239.48","38.96M","0.84%"
"11/13/2019","10,277.23","10,214.97","10,286.77","10,214.47","34.21M","0.50%"
"11/12/2019","10,226.15","10,313.95","10,313.95","10,226.15","41.68M","-0.75%"
"11/11/2019","10,303.89","10,270.44","10,320.03","10,265.74","32.25M","0.36%"
"11/10/2019","10,266.51","10,252.27","10,284.38","10,224.08","21.35M","-0.08%"
"11/07/2019","10,274.56","10,276.90","10,313.77","10,241.26","31.69M","-0.11%"
"11/06/2019","10,285.38","10,309.00","10,309.00","10,243.56","31.64M","-0.18%"
"11/05/2019","10,303.73","10,178.58","10,303.73","10,138.28","42.55M","1.01%"
"11/04/2019","10,200.98","10,184.48","10,212.73","10,139.40","47.22M","0.05%"
"11/03/2019","10,196.13","10,223.01","10,232.41","10,191.21","76.74M","0.07%"
"10/31/2019","10,188.97","10,262.30","10,303.81","10,188.97","58.07M","-0.92%"
"10/30/2019","10,283.68","10,215.50","10,283.68","10,192.51","33.14M","0.62%"
"10/29/2019","10,220.72","10,212.55","10,265.27","10,198.28","37.77M","-0.01%"
"10/28/2019","10,222.20","10,295.31","10,296.03","10,204.23","25.77M","-0.77%"
"10/27/2019","10,301.17","10,360.11","10,360.11","10,256.06","26.35M","-0.74%"
"10/24/2019","10,377.89","10,345.79","10,377.89","10,301.52","31.72M","0.22%"
"10/23/2019","10,354.62","10,368.56","10,390.56","10,299.51","26.91M","-0.21%"
"10/22/2019","10,376.13","10,361.59","10,386.52","10,269.95","32.79M","-0.20%"
"10/21/2019","10,396.58","10,390.51","10,396.58","10,299.73","27.74M","-0.15%"
"10/20/2019","10,412.49","10,403.61","10,431.79","10,368.65","17.83M","-0.15%"
"10/17/2019","10,427.96","10,403.96","10,441.19","10,400.59","42.48M","-0.06%"
"10/16/2019","10,434.49","10,438.60","10,442.77","10,387.38","38.49M","0.04%"
"10/15/2019","10,430.42","10,409.07","10,434.44","10,371.58","40.95M","0.25%"
"10/14/2019","10,404.12","10,289.70","10,404.12","10,289.70","61.99M","1.16%"
"10/13/2019","10,284.61","10,217.24","10,284.61","10,217.24","18.67M","0.56%"
"10/10/2019","10,227.52","10,191.94","10,261.11","10,186.45","29.35M","0.29%"
"10/09/2019","10,197.57","10,287.46","10,289.74","10,185.68","35.74M","-0.72%"
"10/08/2019","10,271.86","10,299.11","10,336.68","10,245.37","29.58M","-0.26%"
"10/07/2019","10,299.03","10,320.66","10,336.68","10,264.66","22.90M","-0.14%"
"10/06/2019","10,313.84","10,308.38","10,352.66","10,308.38","14.81M","0.03%"
"10/03/2019","10,310.69","10,370.55","10,373.38","10,301.08","28.71M","-0.47%"
"10/02/2019","10,359.84","10,436.36","10,436.36","10,359.84","30.32M","-0.72%"
"10/01/2019","10,434.65","10,382.15","10,437.14","10,364.20","31.52M","0.65%"
"09/30/2019","10,367.08","10,386.01","10,415.87","10,367.08","49.05M","-0.28%"
"09/29/2019","10,395.78","10,433.48","10,447.52","10,395.78","32.70M","-0.23%"
"09/26/2019","10,420.02","10,445.96","10,458.81","10,398.61","36.53M","-0.20%"
"09/25/2019","10,441.04","10,303.80","10,441.04","10,297.07","45.39M","1.19%"
"09/24/2019","10,318.52","10,335.66","10,376.29","10,318.52","31.43M","-0.43%"
"09/23/2019","10,362.85","10,443.68","10,449.47","10,357.57","32.27M","-0.81%"
"09/22/2019","10,447.27","10,480.11","10,517.06","10,428.58","30.00M","-0.62%"
"09/19/2019","10,512.06","10,553.68","10,562.77","10,383.99","152.11M","-0.26%"
"09/18/2019","10,539.59","10,458.73","10,594.53","10,458.73","64.21M","0.66%"
"09/17/2019","10,470.83","10,485.81","10,517.92","10,453.94","103.07M","-0.39%"
"09/16/2019","10,511.58","10,406.23","10,511.58","10,392.95","62.86M","1.12%"
"09/15/2019","10,394.90","10,465.81","10,465.81","10,394.90","41.98M","-0.64%"
"09/12/2019","10,461.65","10,440.41","10,474.57","10,419.39","63.17M","-0.05%"
"09/11/2019","10,466.49","10,372.86","10,466.49","10,338.85","94.21M","0.88%"
"09/10/2019","10,375.67","10,292.59","10,375.67","10,267.92","82.54M","0.65%"
"09/09/2019","10,309.03","10,280.87","10,309.03","10,245.25","64.04M","0.33%"
"09/08/2019","10,274.85","10,253.58","10,292.76","10,230.96","29.66M","0.21%"
"09/05/2019","10,253.19","10,307.36","10,315.69","10,253.19","50.65M","-0.41%"
"09/04/2019","10,295.25","10,283.60","10,310.27","10,194.31","54.76M","-0.05%"
"09/03/2019","10,300.01","10,283.21","10,334.26","10,268.58","41.61M","0.25%"
"09/02/2019","10,274.15","10,277.74","10,298.11","10,225.90","40.94M","0.20%"
"09/01/2019","10,253.69","10,184.63","10,307.19","10,178.45","29.68M","0.20%"
"08/29/2019","10,232.85","9,995.01","10,232.85","9,994.93","63.99M","2.07%"
"08/28/2019","10,025.47","9,954.35","10,051.95","9,908.94","40.84M","-0.04%"
"08/27/2019","10,029.75","9,801.93","10,029.75","9,767.48","101.61M","2.47%"
"08/26/2019","9,787.77","9,821.07","9,875.11","9,768.84","81.21M","-0.30%"
"08/25/2019","9,817.67","9,874.39","9,874.39","9,803.50","40.38M","-1.02%"
"08/22/2019","9,918.60","9,873.97","9,982.13","9,843.13","49.04M","0.42%"
"08/21/2019","9,877.10","9,859.93","9,955.31","9,845.37","35.79M","-0.18%"
"08/20/2019","9,894.94","9,799.41","9,933.63","9,769.58","34.96M","0.91%"
"08/19/2019","9,806.13","9,826.50","9,828.04","9,722.82","29.23M","0.24%"
"08/18/2019","9,782.25","9,655.67","9,816.49","9,645.03","24.30M","1.67%"
"08/15/2019","9,621.70","9,587.67","9,624.03","9,441.65","41.59M","-0.56%"
"08/14/2019","9,675.54","9,870.96","9,892.15","9,638.71","31.47M","-1.62%"
"08/08/2019","9,834.79","9,871.62","9,967.81","9,834.79","36.45M","-0.64%"
"08/07/2019","9,898.10","9,800.08","9,956.21","9,800.08","37.81M","1.23%"
"08/06/2019","9,777.47","9,940.30","10,032.25","9,777.47","53.34M","-1.49%"
"08/05/2019","9,924.87","10,340.75","10,341.96","9,924.87","52.81M","-4.16%"
"08/04/2019","10,356.07","10,367.70","10,367.70","10,306.75","17.93M","-0.40%"
"08/01/2019","10,397.63","10,469.55","10,485.86","10,394.54","27.25M","-1.02%"
"07/31/2019","10,505.00","10,561.71","10,590.21","10,479.33","45.99M","-0.80%"
"07/30/2019","10,589.29","10,578.52","10,627.24","10,540.90","40.67M","-0.13%"
"07/29/2019","10,602.92","10,572.40","10,602.92","10,501.32","47.06M","0.28%"
"07/28/2019","10,573.18","10,624.67","10,627.63","10,559.53","30.21M","-0.55%"
"07/25/2019","10,631.28","10,543.46","10,631.28","10,542.72","31.21M","0.77%"
"07/24/2019","10,549.75","10,543.59","10,556.55","10,514.34","39.62M","0.37%"
"07/23/2019","10,511.25","10,539.52","10,551.05","10,505.97","27.70M","-0.29%"
"07/22/2019","10,542.24","10,476.25","10,542.24","10,461.62","32.55M","0.39%"
"07/21/2019","10,501.22","10,507.40","10,537.16","10,465.05","20.01M","-0.02%"
"07/18/2019","10,503.10","10,602.85","10,611.58","10,503.10","19.42M","-1.04%"
"07/17/2019","10,613.53","10,600.27","10,635.56","10,577.10","26.65M","0.12%"
"07/16/2019","10,600.98","10,603.37","10,605.13","10,557.47","26.75M","0.05%"
"07/15/2019","10,595.55","10,606.98","10,626.27","10,575.45","27.54M","-0.04%"
"07/14/2019","10,600.20","10,608.46","10,622.59","10,582.72","15.67M","-0.12%"
"07/11/2019","10,613.32","10,537.98","10,613.32","10,504.18","42.77M","0.59%"
"07/10/2019","10,551.21","10,504.09","10,551.21","10,489.56","32.46M","0.48%"
"07/09/2019","10,500.46","10,438.70","10,500.46","10,423.72","21.80M","0.55%"
"07/08/2019","10,442.87","10,514.01","10,538.54","10,403.55","32.35M","-0.72%"
"07/07/2019","10,518.20","10,585.63","10,591.70","10,507.43","20.60M","-0.46%"
"07/04/2019","10,566.52","10,545.91","10,585.99","10,536.25","23.40M","-0.23%"
"07/03/2019","10,590.60","10,542.77","10,609.08","10,540.38","17.10M","0.12%"
"07/02/2019","10,578.43","10,539.61","10,578.43","10,513.55","21.29M","0.17%"
"07/01/2019","10,560.13","10,464.92","10,560.13","10,462.57","23.89M","1.00%"
"06/30/2019","10,455.67","10,465.38","10,507.33","10,452.53","23.13M","0.11%"
"06/27/2019","10,444.48","10,442.23","10,469.71","10,425.62","31.60M","0.27%"
"06/26/2019","10,416.32","10,475.00","10,492.91","10,416.32","33.07M","-0.33%"
"06/25/2019","10,450.59","10,518.74","10,562.08","10,434.75","31.02M","-0.52%"
"06/24/2019","10,505.34","10,553.00","10,595.60","10,505.34","29.63M","-0.44%"
"06/23/2019","10,551.43","10,638.22","10,650.21","10,551.43","20.55M","-1.28%"
"06/20/2019","10,688.67","10,498.81","10,688.67","10,498.81","64.98M","1.73%"
"06/19/2019","10,507.40","10,438.48","10,532.23","10,422.53","37.20M","0.84%"
"06/18/2019","10,420.14","10,380.41","10,424.19","10,351.32","31.19M","0.29%"
"06/17/2019","10,390.08","10,516.91","10,516.91","10,364.15","23.82M","-0.85%"
"06/16/2019","10,479.63","10,527.15","10,540.35","10,368.31","11.34M","-0.34%"
"06/13/2019","10,515.88","10,642.12","10,646.71","10,515.88","12.76M","-1.00%"
"06/12/2019","10,621.76","10,570.91","10,621.76","10,527.70","16.01M","0.35%"
"06/11/2019","10,584.23","10,504.42","10,630.74","10,504.42","16.49M","0.77%"
"06/10/2019","10,503.55","10,275.94","10,525.49","10,274.62","24.88M","2.02%"
"06/09/2019","10,295.78","10,292.82","10,402.44","10,285.23","4.29M","-0.23%"
"06/03/2019","10,319.33","10,177.72","10,320.96","10,086.68","6.66M","1.49%"
"06/02/2019","10,168.14","10,247.21","10,248.02","10,120.83","3.74M","-1.02%"
"05/30/2019","10,273.01","9,918.33","10,338.94","9,913.13","13.31M","3.43%"
"05/29/2019","9,931.94","9,883.31","9,957.39","9,826.90","6.35M","0.36%"
"05/28/2019","9,896.06","9,790.84","9,957.91","9,790.84","45.69M","1.15%"
"05/27/2019","9,783.56","9,663.66","9,858.71","9,631.39","13.00M","0.89%"
"05/26/2019","9,697.30","9,761.44","9,763.79","9,670.16","6.77M","-0.34%"
"05/23/2019","9,730.52","9,754.88","9,765.00","9,664.12","5.55M","-0.28%"
"05/22/2019","9,757.63","9,692.07","9,820.39","9,681.26","9.28M","0.59%"
"05/21/2019","9,700.77","9,945.25","9,993.77","9,656.68","11.38M","-2.00%"
"05/20/2019","9,898.58","9,881.47","9,992.84","9,881.24","9.72M","0.25%"
"05/19/2019","9,873.43","9,901.75","9,901.76","9,825.04","5.52M","0.02%"
"05/16/2019","9,871.87","9,892.38","9,913.73","9,870.18","8.14M","0.08%"
"05/15/2019","9,864.26","9,832.65","9,931.21","9,812.49","12.05M","0.67%"
"05/14/2019","9,798.74","9,777.86","9,909.32","9,753.34","13.95M","0.60%"
"05/13/2019","9,740.20","9,905.14","9,928.88","9,662.91","10.45M","-1.89%"
"05/12/2019","9,928.22","10,002.03","10,002.03","9,916.18","3.36M","-0.99%"
"05/09/2019","10,027.17","10,117.05","10,135.50","10,020.91","5.41M","-0.95%"
"05/08/2019","10,123.40","10,240.58","10,240.58","10,085.14","4.73M","-1.25%"
"05/07/2019","10,251.08","10,255.89","10,340.79","10,242.92","3.00M","-0.44%"
"05/06/2019","10,296.59","10,460.47","10,468.63","10,259.30","5.16M","-1.58%"
"05/05/2019","10,461.49","10,483.55","10,542.43","10,461.32","6.83M","-0.18%"
"05/02/2019","10,480.52","10,397.48","10,492.90","10,382.78","8.70M","0.77%"
"05/01/2019","10,400.29","10,379.07","10,400.29","10,321.61","7.10M","0.23%"
"04/30/2019","10,376.80","10,351.96","10,380.77","10,338.05","5.95M","0.16%"
"04/29/2019","10,359.74","10,383.33","10,417.29","10,330.59","4.73M","-0.45%"
"04/28/2019","10,406.84","10,390.32","10,428.36","10,390.16","3.58M","-0.42%"
"04/25/2019","10,451.13","10,449.55","10,498.44","10,398.14","8.13M","-0.06%"
"04/24/2019","10,457.56","10,373.55","10,457.56","10,364.30","6.86M","0.73%"
"04/23/2019","10,382.18","10,352.35","10,424.10","10,352.35","7.63M","-0.18%"
"04/22/2019","10,401.40","10,354.99","10,422.40","10,335.60","6.69M","0.44%"
"04/21/2019","10,355.45","10,346.13","10,369.20","10,331.71","5.07M","0.07%"
"04/18/2019","10,348.19","10,312.68","10,360.45","10,292.03","6.80M","0.39%"
"04/17/2019","10,308.17","10,254.34","10,308.17","10,197.48","7.21M","0.48%"
"04/16/2019","10,258.75","10,224.54","10,258.75","10,180.45","7.64M","0.36%"
"04/15/2019","10,221.52","10,218.65","10,235.69","10,184.17","6.11M","-0.14%"
"04/14/2019","10,235.76","10,239.60","10,256.50","10,210.64","9.63M","-0.23%"
"04/11/2019","10,259.07","10,236.27","10,272.98","10,227.29","12.97M","0.22%"
"04/10/2019","10,236.22","10,212.58","10,236.22","10,164.26","5.86M","0.18%"
"04/09/2019","10,217.92","10,209.42","10,227.06","10,166.84","4.27M","-0.09%"
"04/08/2019","10,226.68","10,192.95","10,226.68","10,170.77","5.67M","0.34%"
"04/07/2019","10,192.19","10,197.43","10,244.67","10,181.46","6.34M","0.03%"
"04/04/2019","10,189.56","10,136.11","10,233.16","10,127.14","6.69M","0.28%"
"04/03/2019","10,161.57","10,149.32","10,201.72","10,148.25","6.96M","-0.39%"
"04/02/2019","10,201.18","10,177.26","10,233.48","10,170.23","6.43M","0.46%"
"04/01/2019","10,154.89","10,109.18","10,182.01","10,099.70","9.22M","0.47%"
"03/31/2019","10,107.42","10,171.86","10,174.22","10,107.42","12.01M","-0.38%"
"03/28/2019","10,145.68","10,114.85","10,145.68","10,085.08","8.56M","0.40%"
"03/27/2019","10,105.06","9,925.48","10,129.74","9,925.48","13.91M","1.71%"
"03/26/2019","9,935.47","9,924.43","9,979.97","9,906.35","8.70M","-0.14%"
"03/25/2019","9,949.02","9,888.39","9,949.02","9,870.27","4.63M","0.59%"
"03/24/2019","9,890.30","9,951.19","9,952.18","9,876.53","3.68M","-0.64%"
"03/21/2019","9,953.72","9,970.41","9,970.41","9,898.17","4.06M","-0.23%"
"03/20/2019","9,976.80","9,931.35","9,976.80","9,914.83","5.09M","0.20%"
"03/19/2019","9,957.03","9,980.83","10,028.09","9,954.77","9.29M","-0.16%"
"03/18/2019","9,972.68","9,875.91","10,005.38","9,874.65","6.14M","1.11%"
"03/17/2019","9,863.10","9,906.70","9,937.39","9,863.10","5.55M","-1.08%"
"03/14/2019","9,970.55","9,736.55","9,970.55","9,725.66","34.11M","2.14%"
"03/13/2019","9,761.69","9,775.52","9,785.52","9,739.91","6.38M","-0.04%"
"03/12/2019","9,765.88","9,740.16","9,837.79","9,737.16","8.75M","0.22%"
"03/11/2019","9,744.22","9,765.05","9,812.98","9,744.22","7.92M","-0.25%"
"03/10/2019","9,769.04","9,728.09","9,804.29","9,719.24","5.31M","-0.12%"
"03/07/2019","9,781.18","9,820.13","9,843.58","9,773.57","5.30M","-1.04%"
"03/06/2019","9,884.21","9,941.35","9,941.35","9,813.91","5.88M","-1.26%"
"03/05/2019","10,010.24","10,115.95","10,130.76","10,010.24","6.23M","-1.07%"
"03/04/2019","10,118.10","10,132.81","10,163.52","10,116.69","7.08M","0.06%"
"02/28/2019","10,111.62","10,131.35","10,178.29","10,111.62","6.43M","-0.24%"
"02/27/2019","10,136.00","10,197.21","10,237.08","10,123.45","8.00M","-1.17%"
"02/26/2019","10,255.97","10,169.34","10,267.92","10,146.05","8.16M","0.29%"
"02/25/2019","10,226.69","10,177.00","10,232.52","10,162.61","6.48M","0.36%"
"02/24/2019","10,190.14","10,167.39","10,199.42","10,157.03","5.79M","-0.01%"
"02/21/2019","10,191.50","10,051.17","10,191.50","10,024.88","10.45M","1.13%"
"02/20/2019","10,077.82","10,022.76","10,077.82","9,992.96","6.22M","0.96%"
"02/19/2019","9,982.25","10,012.79","10,054.81","9,982.25","5.64M","-0.52%"
"02/18/2019","10,034.24","10,034.24","10,034.24","10,034.24","","0.24%"
"02/17/2019","10,010.54","9,989.18","10,058.52","9,989.18","6.85M","0.69%"
"02/14/2019","9,941.50","10,153.77","10,188.85","9,941.50","5.57M","-2.35%"
"02/13/2019","10,180.69","10,331.57","10,376.41","10,180.69","7.43M","-1.18%"
"02/11/2019","10,302.41","10,449.59","10,449.59","10,302.41","3.92M","-1.33%"
"02/10/2019","10,441.21","10,503.75","10,514.26","10,420.94","2.94M","-0.61%"
"02/07/2019","10,505.19","10,676.98","10,676.98","10,505.19","6.43M","-1.67%"
"02/06/2019","10,683.94","10,714.86","10,714.86","10,630.97","6.12M","-0.29%"
"02/05/2019","10,715.29","10,690.64","10,718.97","10,640.37","4.26M","-0.11%"
"02/04/2019","10,727.53","10,685.95","10,744.41","10,658.52","5.19M","0.36%"
"02/03/2019","10,689.17","10,711.75","10,717.39","10,658.49","3.19M","-0.29%"
"01/31/2019","10,720.31","10,672.16","10,737.95","10,671.97","6.78M","0.01%"
"01/30/2019","10,719.40","10,712.14","10,724.22","10,671.12","4.41M","-0.03%"
"01/29/2019","10,722.49","10,687.05","10,722.49","10,648.40","7.04M","0.17%"
"01/28/2019","10,704.73","10,665.04","10,704.73","10,620.36","7.30M","0.34%"
"01/27/2019","10,668.14","10,687.62","10,729.60","10,657.43","3.09M","-0.41%"
"01/24/2019","10,712.39","10,642.59","10,712.39","10,617.85","5.32M","0.58%"
"01/23/2019","10,650.31","10,656.37","10,665.63","10,578.95","5.69M","-0.35%"
"01/22/2019","10,687.28","10,715.03","10,718.74","10,642.57","4.25M","-0.33%"
"01/21/2019","10,722.14","10,743.34","10,758.22","10,710.57","3.95M","-0.35%"
"01/20/2019","10,760.23","10,778.51","10,810.55","10,756.75","4.50M","-0.26%"
"01/17/2019","10,787.75","10,752.85","10,789.93","10,689.83","5.57M","0.24%"
"01/16/2019","10,761.79","10,747.23","10,779.02","10,684.58","7.86M","-0.01%"
"01/15/2019","10,762.99","10,674.17","10,762.99","10,654.73","5.08M","0.86%"
"01/14/2019","10,671.56","10,646.20","10,671.56","10,584.83","4.44M","0.17%"
"01/13/2019","10,653.57","10,641.88","10,708.62","10,641.42","5.23M","-0.04%"
"01/10/2019","10,658.22","10,506.67","10,658.22","10,504.64","7.34M","1.17%"
"01/09/2019","10,535.13","10,454.84","10,539.80","10,438.24","8.36M","0.73%"
"01/08/2019","10,458.85","10,448.38","10,494.66","10,442.67","9.82M","-0.34%"
"01/07/2019","10,494.22","10,355.28","10,499.53","10,327.54","9.88M","1.37%"
"01/06/2019","10,352.22","10,341.48","10,391.57","10,330.48","5.72M","0.02%"
"01/03/2019","10,350.35","10,247.88","10,350.35","10,224.63","3.82M","0.68%"
"01/02/2019","10,280.34","10,284.15","10,293.68","10,213.27","4.27M","-0.18%"