"Date","Price","Open","High","Low","Vol.","Change %"
"12/31/2025","13,449.95","13,365.79","13,449.95","13,310.66","515.18K","0.62%"
"12/30/2025","13,366.63","13,283.36","13,366.63","13,273.63","2.07M","0.63%"
"12/29/2025","13,283.35","13,270.27","13,293.36","13,223.02","503.13K","0.10%"
"12/26/2025","13,270.45","13,255.23","13,284.36","13,202.04","407.91K","0.12%"
"12/25/2025","13,254.35","13,276.91","13,279.58","13,210.15","342.44K","-0.17%"
"12/24/2025","13,276.89","13,291.04","13,318.59","13,232.74","449.27K","-0.11%"
"12/23/2025","13,291.00","13,264.09","13,294.36","13,250.56","866.12K","0.19%"
"12/22/2025","13,265.42","13,248.80","13,279.31","13,226.19","444.72K","0.13%"
"12/19/2025","13,248.80","13,220.28","13,250.80","13,161.09","525.30K","0.22%"
"12/18/2025","13,220.28","13,192.67","13,224.78","13,129.82","777.40K","0.30%"
"12/16/2025","13,180.56","13,191.47","13,258.03","13,106.23","735.38K","-0.08%"
"12/15/2025","13,191.47","13,227.06","13,264.94","13,145.07","331.81K","-0.27%"
"12/12/2025","13,226.89","13,210.02","13,226.89","13,166.75","442.67K","0.13%"
"12/11/2025","13,209.59","13,199.97","13,222.55","13,153.14","588.11K","0.07%"
"12/10/2025","13,199.97","13,218.36","13,224.53","13,148.78","689.50K","-0.17%"
"12/09/2025","13,222.60","13,220.36","13,222.60","13,102.51","500.49K","0.02%"
"12/08/2025","13,220.36","13,269.28","13,269.28","13,193.57","254.82K","-0.36%"
"12/05/2025","13,267.60","13,246.37","13,271.60","13,192.14","607.95K","0.17%"
"12/04/2025","13,245.54","13,200.60","13,266.82","13,166.81","854.99K","0.34%"
"12/03/2025","13,200.60","13,188.18","13,211.12","13,169.42","426.14K","0.09%"
"12/02/2025","13,188.18","13,177.37","13,188.18","13,137.39","286.52K","0.08%"
"12/01/2025","13,177.24","13,171.35","13,177.24","13,114.80","423.21K","0.04%"
"11/28/2025","13,171.35","13,119.90","13,189.72","13,030.68","745.07K","0.39%"
"11/27/2025","13,119.90","13,141.58","13,146.49","13,067.75","175.38K","-0.16%"
"11/26/2025","13,141.58","13,198.99","13,201.06","13,115.93","325.73K","-0.53%"
"11/25/2025","13,211.66","13,231.09","13,254.84","13,140.18","493.43K","-0.15%"
"11/24/2025","13,231.09","13,262.04","13,263.39","13,213.72","465.79K","-0.23%"
"11/21/2025","13,262.04","13,193.56","13,267.99","13,184.71","786.66K","0.52%"
"11/20/2025","13,193.11","13,150.91","13,212.16","13,104.04","737.56K","0.31%"
"11/19/2025","13,152.97","13,140.57","13,193.58","13,123.32","510.55K","0.09%"
"11/18/2025","13,140.57","13,111.68","13,160.01","13,110.03","342.36K","0.25%"
"11/17/2025","13,108.32","13,052.56","13,127.65","13,005.31","446.89K","0.43%"
"11/14/2025","13,051.69","13,046.48","13,099.69","12,999.37","788.34K","0.04%"
"11/13/2025","13,046.48","12,861.12","13,054.45","12,861.12","875.04K","1.42%"
"11/12/2025","12,864.15","12,820.83","12,879.23","12,804.58","655.77K","0.34%"
"11/11/2025","12,820.83","12,756.13","12,850.47","12,744.06","459.20K","0.50%"
"11/10/2025","12,756.58","12,722.47","12,803.91","12,722.47","369.52K","0.27%"
"11/07/2025","12,722.47","12,721.95","12,758.21","12,683.11","655.77K","-0.06%"
"11/06/2025","12,730.13","12,683.78","12,730.13","12,640.75","372.69K","0.39%"
"11/05/2025","12,681.19","12,654.82","12,694.56","12,631.59","955.13K","0.20%"
"11/04/2025","12,656.17","12,677.35","12,677.35","12,592.52","503.21K","-0.17%"
"11/03/2025","12,677.35","12,596.95","12,677.35","12,594.08","","0.58%"
"10/31/2025","12,604.03","12,535.92","12,604.27","12,523.03","638.55K","0.54%"
"10/30/2025","12,535.92","12,511.64","12,544.61","12,494.48","392.02K","0.19%"
"10/29/2025","12,511.64","12,500.07","12,511.64","12,435.77","697.62K","0.09%"
"10/28/2025","12,500.07","12,504.10","12,508.05","12,461.20","330.51K","-0.03%"
"10/27/2025","12,504.10","12,483.72","12,504.10","12,452.52","816.96K","0.17%"
"10/24/2025","12,482.95","12,461.01","12,502.77","12,435.90","445.85K","0.18%"
"10/23/2025","12,461.01","12,427.95","12,464.43","12,395.25","435.31K","0.27%"
"10/22/2025","12,427.95","12,381.82","12,429.52","12,367.74","654.26K","0.37%"
"10/21/2025","12,382.71","12,365.09","12,414.71","12,339.53","504.82K","0.14%"
"10/20/2025","12,365.25","12,340.50","12,373.41","12,333.64","880.25K","0.20%"
"10/17/2025","12,340.74","12,326.66","12,359.08","12,314.76","296.74K","0.11%"
"10/16/2025","12,326.66","12,345.99","12,348.43","12,306.86","769.62K","-0.16%"
"10/14/2025","12,346.16","12,350.12","12,376.33","12,324.93","416.81K","-0.03%"
"10/13/2025","12,349.96","12,365.98","12,375.21","12,316.65","397.15K","-0.10%"
"10/10/2025","12,362.44","12,310.28","12,362.44","12,292.23","356.56K","0.42%"
"10/09/2025","12,311.16","12,299.05","12,330.92","12,281.18","310.11K","0.10%"
"10/08/2025","12,298.61","12,321.66","12,330.01","12,276.68","241.15K","-0.19%"
"10/07/2025","12,321.71","12,323.07","12,348.90","12,279.68","490.35K","-0.01%"
"10/06/2025","12,323.07","12,288.18","12,323.07","12,266.90","340.13K","0.28%"
"10/03/2025","12,288.18","12,385.77","12,385.77","12,288.18","455.18K","-0.78%"
"10/02/2025","12,385.37","12,421.95","12,441.85","12,361.02","356.23K","-0.29%"
"10/01/2025","12,421.79","12,404.27","12,432.32","12,376.48","482.83K","0.14%"
"09/30/2025","12,404.27","12,440.76","12,460.94","12,372.78","590.24K","-0.29%"
"09/29/2025","12,440.85","12,418.12","12,453.49","12,405.31","199.50K","0.19%"
"09/26/2025","12,417.07","12,412.88","12,437.79","12,393.64","330.96K","0.05%"
"09/25/2025","12,411.34","12,411.85","12,418.38","12,376.13","557.38K","0.00%"
"09/24/2025","12,411.19","12,419.39","12,442.64","12,376.23","629.51K","-0.07%"
"09/23/2025","12,419.39","12,375.22","12,419.39","12,375.22","323.07K","0.36%"
"09/22/2025","12,375.31","12,375.06","12,403.73","12,351.15","384.68K","0.01%"
"09/19/2025","12,374.50","12,362.30","12,412.32","12,350.04","520.62K","0.10%"
"09/18/2025","12,362.30","12,344.21","12,382.43","12,293.46","792.03K","0.15%"
"09/17/2025","12,344.21","12,214.56","12,350.34","12,195.45","1.89M","1.06%"
"09/16/2025","12,214.56","12,154.13","12,214.56","12,116.58","887.88K","0.50%"
"09/15/2025","12,154.13","12,071.03","12,157.99","12,071.03","813.37K","0.67%"
"09/12/2025","12,072.79","12,019.40","12,073.18","11,992.53","632.72K","0.44%"
"09/11/2025","12,019.40","11,928.77","12,019.40","11,915.27","485.38K","0.75%"
"09/10/2025","11,929.52","11,943.68","11,950.45","11,900.21","203.39K","-0.13%"
"09/09/2025","11,944.76","11,925.04","11,977.92","11,914.50","412.58K","0.17%"
"09/08/2025","11,925.04","11,978.39","11,985.50","11,907.33","591.90K","-0.46%"
"09/05/2025","11,979.77","11,963.07","11,983.50","11,917.65","377.77K","0.14%"
"09/03/2025","11,963.07","11,871.76","11,966.05","11,871.76","284.31K","0.77%"
"09/02/2025","11,871.76","11,912.23","11,959.29","11,813.38","1.67M","-0.34%"
"09/01/2025","11,912.23","11,914.57","11,942.79","11,889.87","438.03K","-0.02%"
"08/29/2025","11,914.72","11,897.51","11,915.94","11,846.01","359.47K","0.09%"
"08/28/2025","11,904.07","11,919.89","11,919.89","11,880.26","340.75K","-0.17%"
"08/27/2025","11,924.37","11,868.67","11,924.37","11,848.48","336.06K","0.47%"
"08/26/2025","11,868.29","11,832.06","11,879.56","11,800.58","358.27K","0.31%"
"08/25/2025","11,832.06","11,820.59","11,832.64","11,789.85","333.28K","0.10%"
"08/22/2025","11,820.59","11,793.38","11,839.42","11,793.38","469.90K","0.23%"
"08/21/2025","11,793.38","11,794.28","11,796.24","11,738.26","471.04K","0.01%"
"08/20/2025","11,792.53","11,808.47","11,808.47","11,756.40","1.01M","-0.13%"
"08/19/2025","11,807.55","11,816.92","11,819.11","11,760.38","393.37K","-0.08%"
"08/18/2025","11,816.92","11,838.78","11,838.78","11,779.64","753.95K","-0.19%"
"08/15/2025","11,839.55","11,831.24","11,840.77","11,801.33","401.15K","0.00%"
"08/14/2025","11,839.11","11,831.72","11,842.75","11,791.35","956.20K","0.05%"
"08/12/2025","11,832.83","11,863.37","11,864.24","11,815.22","389.12K","-0.26%"
"08/11/2025","11,863.37","11,863.18","11,875.76","11,831.77","336.66K","-0.01%"
"08/08/2025","11,864.07","11,820.87","11,871.54","11,799.89","540.94K","0.37%"
"08/07/2025","11,820.87","11,749.39","11,822.88","11,738.28","305.73K","0.61%"
"08/06/2025","11,749.39","11,811.68","11,814.58","11,736.38","355.51K","-0.55%"
"08/05/2025","11,814.68","11,852.23","11,852.23","11,801.78","899.76K","-0.28%"
"08/04/2025","11,848.12","11,851.41","11,856.00","11,806.26","210.02K","-0.03%"
"08/01/2025","11,851.41","11,834.99","11,868.31","11,823.82","425.15K","0.14%"
"07/31/2025","11,834.99","11,863.29","11,871.27","11,827.70","429.73K","-0.25%"
"07/30/2025","11,864.55","11,848.89","11,864.55","11,829.26","520.93K","0.13%"
"07/29/2025","11,848.82","11,854.72","11,866.17","11,821.11","527.62K","-0.06%"
"07/28/2025","11,855.80","11,875.16","11,893.01","11,844.83","574.23K","-0.16%"
"07/24/2025","11,875.03","11,855.89","11,883.34","11,829.97","633.63K","0.15%"
"07/23/2025","11,857.13","11,827.91","11,865.03","11,823.85","464.96K","0.25%"
"07/22/2025","11,828.08","11,808.83","11,850.87","11,792.76","918.17K","0.17%"
"07/21/2025","11,808.09","11,796.38","11,809.98","11,756.28","1.05M","0.10%"
"07/18/2025","11,796.33","11,787.74","11,796.33","11,747.28","425.16K","0.07%"
"07/17/2025","11,787.74","11,793.07","11,825.67","11,773.97","328.99K","-0.05%"
"07/16/2025","11,793.07","11,768.69","11,813.47","11,747.59","369.24K","0.21%"
"07/15/2025","11,768.69","11,752.88","11,769.04","11,741.38","281.41K","0.13%"
"07/14/2025","11,752.88","11,746.15","11,771.03","11,701.99","783.15K","0.06%"
"07/11/2025","11,746.15","11,698.75","11,748.79","11,679.36","347.64K","0.40%"
"07/10/2025","11,699.26","11,716.81","11,730.20","11,693.64","763.88K","-0.15%"
"07/09/2025","11,716.81","11,663.57","11,729.80","11,660.36","899.01K","0.46%"
"07/08/2025","11,663.57","11,668.39","11,684.99","11,642.83","361.09K","-0.04%"
"07/07/2025","11,668.65","11,640.77","11,697.49","11,636.09","271.19K","0.22%"
"07/04/2025","11,642.55","11,585.84","11,642.55","11,569.09","495.36K","0.49%"
"07/03/2025","11,586.30","11,574.53","11,586.30","11,527.50","306.88K","0.10%"
"07/02/2025","11,574.53","11,589.67","11,593.12","11,545.84","637.71K","-0.13%"
"07/01/2025","11,589.67","11,579.11","11,600.42","11,491.30","248.12K","0.11%"
"06/30/2025","11,577.09","11,572.72","11,601.32","11,526.24","417.00K","0.02%"
"06/27/2025","11,575.02","11,525.48","11,603.78","11,518.55","502.55K","0.46%"
"06/25/2025","11,521.93","11,385.03","11,521.93","11,380.18","707.20K","1.19%"
"06/24/2025","11,386.45","11,321.59","11,386.45","11,306.13","711.49K","0.57%"
"06/23/2025","11,321.59","11,299.23","11,333.77","11,243.38","454.52K","0.21%"
"06/20/2025","11,297.63","11,196.26","11,297.63","11,196.26","377.73K","0.95%"
"06/19/2025","11,191.12","11,130.50","11,201.57","11,115.88","324.33K","0.57%"
"06/18/2025","11,127.75","11,128.34","11,147.81","11,094.49","269.09K","0.00%"
"06/17/2025","11,127.99","11,126.24","11,156.21","11,076.98","673.96K","0.02%"
"06/16/2025","11,126.24","11,241.14","11,241.14","11,099.75","857.65K","-0.99%"
"06/13/2025","11,237.61","11,306.42","11,331.47","11,217.21","449.15K","-0.76%"
"06/12/2025","11,323.18","11,343.60","11,343.60","11,274.07","405.96K","-0.18%"
"06/11/2025","11,343.60","11,359.05","11,365.21","11,301.40","414.59K","-0.14%"
"06/10/2025","11,359.69","11,375.62","11,393.55","11,343.11","383.62K","-0.14%"
"06/09/2025","11,375.56","11,399.65","11,421.83","11,334.22","314.28K","-0.24%"
"06/05/2025","11,403.00","11,416.86","11,430.16","11,380.47","479.36K","-0.12%"
"06/04/2025","11,416.60","11,399.25","11,442.87","11,398.99","342.44K","0.16%"
"06/03/2025","11,398.37","11,366.85","11,403.99","11,333.94","445.82K","0.28%"
"06/02/2025","11,366.85","11,363.58","11,372.59","11,330.21","468.57K","0.03%"
"05/30/2025","11,363.58","11,395.54","11,419.21","11,331.46","1.17M","-0.28%"
"05/29/2025","11,395.36","11,419.90","11,425.45","11,337.56","374.28K","-0.21%"
"05/28/2025","11,419.44","11,411.19","11,420.17","11,385.58","619.50K","0.08%"
"05/27/2025","11,410.86","11,430.23","11,436.13","11,383.70","418.01K","-0.17%"
"05/26/2025","11,430.38","11,422.78","11,447.47","11,416.97","467.77K","0.07%"
"05/23/2025","11,422.78","11,422.38","11,433.34","11,388.54","481.16K","0.00%"
"05/22/2025","11,422.38","11,393.13","11,422.92","11,374.14","904.41K","0.23%"
"05/21/2025","11,396.00","11,352.17","11,407.28","11,339.28","1.30M","0.39%"
"05/20/2025","11,352.17","11,377.88","11,406.79","11,320.85","699.08K","-0.21%"
"05/19/2025","11,376.22","11,360.55","11,390.63","11,341.83","486.65K","0.14%"
"05/16/2025","11,360.55","11,333.38","11,368.30","11,333.38","293.95K","0.23%"
"05/15/2025","11,334.25","11,318.51","11,357.52","11,318.51","806.11K","0.14%"
"05/14/2025","11,318.51","11,305.09","11,324.55","11,295.70","294.75K","0.09%"
"05/13/2025","11,308.50","11,317.85","11,339.40","11,280.00","528.43K","-0.08%"
"05/12/2025","11,317.86","11,313.05","11,361.59","11,278.49","515.05K","0.04%"
"05/09/2025","11,313.05","11,356.20","11,356.20","11,285.69","539.09K","-0.41%"
"05/08/2025","11,360.16","11,368.47","11,374.30","11,321.85","612.62K","-0.06%"
"05/07/2025","11,366.92","11,314.90","11,367.31","11,292.88","547.82K","0.46%"
"05/06/2025","11,314.90","11,304.19","11,319.50","11,258.61","634.09K","0.09%"
"05/05/2025","11,304.19","11,228.04","11,304.19","11,226.96","1.01M","0.68%"
"05/02/2025","11,227.59","11,273.57","11,273.57","11,201.25","909.95K","-0.41%"
"04/30/2025","11,273.57","11,200.94","11,273.57","11,185.80","458.17K","0.65%"
"04/29/2025","11,200.72","11,183.12","11,200.72","11,142.40","417.49K","0.16%"
"04/28/2025","11,182.29","11,179.35","11,208.15","11,152.45","367.85K","0.03%"
"04/25/2025","11,179.35","11,183.62","11,194.88","11,125.06","1.19M","-0.05%"
"04/24/2025","11,184.56","11,168.47","11,197.04","11,136.25","690.91K","0.15%"
"04/23/2025","11,168.06","11,093.03","11,178.84","11,086.05","600.20K","0.67%"
"04/22/2025","11,093.31","11,036.35","11,094.25","11,010.31","488.84K","0.41%"
"04/21/2025","11,047.71","11,059.55","11,083.86","10,999.41","1.12M","-0.11%"
"04/18/2025","11,059.55","11,107.01","11,116.24","11,042.15","1.09M","-0.43%"
"04/17/2025","11,107.25","11,105.36","11,157.04","11,078.81","917.12K","0.02%"
"04/16/2025","11,104.86","11,028.68","11,104.86","11,000.41","550.88K","0.69%"
"04/15/2025","11,028.74","10,984.93","11,028.90","10,976.95","522.43K","0.39%"
"04/14/2025","10,985.45","11,024.03","11,024.03","10,970.60","370.81K","-0.34%"
"04/11/2025","11,023.24","11,019.64","11,031.42","10,937.12","675.81K","0.02%"
"04/10/2025","11,021.34","10,998.28","11,043.65","10,974.07","722.59K","0.21%"
"04/08/2025","10,998.21","10,956.81","11,000.34","10,944.10","721.61K","0.38%"
"04/07/2025","10,956.81","11,010.84","11,015.50","10,926.00","621.75K","-0.49%"
"04/04/2025","11,010.49","10,996.71","11,044.33","10,975.70","455.60K","0.13%"
"04/03/2025","10,996.71","10,991.11","11,002.96","10,951.35","393.09K","0.11%"
"04/02/2025","10,984.10","10,974.71","10,984.10","10,896.89","267.04K","0.10%"
"03/28/2025","10,973.67","10,953.16","10,977.55","10,932.54","517.04K","0.13%"
"03/27/2025","10,959.74","10,926.07","10,960.30","10,911.30","559.79K","0.29%"
"03/26/2025","10,927.74","10,863.78","10,927.74","10,833.75","578.69K","0.59%"
"03/25/2025","10,863.78","10,877.62","10,877.62","10,800.91","377.73K","-0.13%"
"03/24/2025","10,877.62","10,883.49","10,918.52","10,854.41","470.16K","-0.06%"
"03/21/2025","10,884.00","10,877.06","10,901.50","10,849.09","715.00K","0.06%"
"03/19/2025","10,877.06","10,882.66","10,887.68","10,814.55","816.77K","-0.05%"
"03/18/2025","10,882.20","10,841.89","10,888.12","10,841.89","1.51M","0.37%"
"03/17/2025","10,841.74","10,803.85","10,841.74","10,793.30","630.47K","0.43%"
"03/14/2025","10,795.68","10,819.91","10,830.11","10,740.68","1.07M","-0.22%"
"03/13/2025","10,819.91","10,805.14","10,826.37","10,784.22","652.06K","0.14%"
"03/12/2025","10,805.13","10,650.84","10,846.65","10,650.84","757.43K","1.45%"
"03/11/2025","10,651.03","10,697.23","10,697.23","10,628.49","532.31K","-0.43%"
"03/10/2025","10,697.54","10,654.92","10,697.54","10,619.60","463.64K","0.37%"
"03/07/2025","10,658.33","10,739.61","10,739.61","10,620.59","471.60K","-0.76%"
"03/06/2025","10,739.61","10,718.31","10,740.70","10,673.38","639.18K","0.14%"
"03/05/2025","10,725.13","10,712.37","10,733.71","10,686.07","286.94K","0.12%"
"03/04/2025","10,712.39","10,651.48","10,713.69","10,630.33","340.39K","0.58%"
"03/03/2025","10,650.63","10,627.53","10,669.41","10,592.38","363.23K","0.15%"
"02/28/2025","10,635.02","10,695.34","10,696.93","10,598.92","421.01K","-0.52%"
"02/27/2025","10,690.92","10,613.60","10,690.92","10,611.67","837.30K","0.73%"
"02/26/2025","10,613.60","10,531.66","10,618.37","10,531.66","535.79K","0.78%"
"02/25/2025","10,531.66","10,535.08","10,557.27","10,504.67","654.01K","0.01%"
"02/24/2025","10,530.14","10,511.21","10,536.58","10,466.85","407.74K","0.18%"
"02/21/2025","10,511.21","10,424.93","10,511.21","10,402.40","633.62K","0.83%"
"02/20/2025","10,424.93","10,412.68","10,424.93","10,376.86","468.64K","0.12%"
"02/19/2025","10,412.68","10,387.70","10,417.90","10,368.96","463.37K","0.24%"
"02/18/2025","10,387.70","10,339.06","10,389.39","10,315.82","581.35K","0.47%"
"02/17/2025","10,339.31","10,323.67","10,339.64","10,306.78","598.06K","0.15%"
"02/14/2025","10,323.47","10,295.91","10,337.88","10,282.12","609.50K","0.24%"
"02/13/2025","10,298.41","10,248.50","10,298.41","10,234.60","689.98K","0.49%"
"02/12/2025","10,248.50","10,222.58","10,248.50","10,209.68","796.55K","0.25%"
"02/11/2025","10,222.46","10,193.11","10,233.10","10,187.23","349.33K","0.29%"
"02/10/2025","10,193.11","10,196.36","10,210.24","10,169.76","256.20K","-0.04%"
"02/07/2025","10,197.69","10,169.44","10,197.95","10,128.30","431.43K","0.27%"
"02/06/2025","10,170.64","10,186.47","10,191.49","10,150.48","254.78K","-0.16%"
"02/05/2025","10,186.47","10,187.33","10,188.38","10,142.64","706.55K","0.03%"
"02/04/2025","10,183.43","10,200.21","10,200.21","10,113.90","706.55K","-0.16%"
"02/03/2025","10,200.04","10,221.46","10,232.12","10,176.02","970.49K","-0.21%"
"01/31/2025","10,221.63","10,232.67","10,232.67","10,172.40","322.59K","-0.11%"
"01/30/2025","10,232.67","10,226.66","10,248.17","10,187.39","462.73K","0.06%"
"01/29/2025","10,226.66","10,190.36","10,227.34","10,159.34","489.83K","0.36%"
"01/28/2025","10,190.36","10,207.26","10,207.26","10,154.02","481.66K","-0.17%"
"01/27/2025","10,207.88","10,247.38","10,247.38","10,185.08","404.13K","-0.39%"
"01/24/2025","10,247.38","10,204.83","10,247.62","10,160.21","1.01M","0.43%"
"01/23/2025","10,203.56","10,111.43","10,204.20","10,109.91","648.23K","0.91%"
"01/22/2025","10,111.43","10,067.02","10,126.75","10,027.95","549.34K","0.45%"
"01/21/2025","10,065.78","10,067.89","10,088.37","10,034.69","418.89K","-0.15%"
"01/20/2025","10,080.98","10,085.50","10,087.95","10,045.19","498.75K","-0.04%"
"01/17/2025","10,085.50","10,061.44","10,106.87","10,048.91","583.88K","0.24%"
"01/16/2025","10,061.44","10,099.59","10,099.59","10,018.32","606.06K","-0.38%"
"01/15/2025","10,099.59","9,989.16","10,106.04","9,981.54","583.03K","1.11%"
"01/14/2025","9,989.03","9,928.47","9,989.03","9,916.15","820.27K","0.61%"
"01/13/2025","9,928.47","9,924.55","9,943.30","9,885.23","487.92K","0.04%"
"01/10/2025","9,924.49","9,880.66","9,925.91","9,876.38","736.09K","0.44%"
"01/09/2025","9,880.66","9,854.12","9,893.59","9,848.00","438.88K","0.28%"
"01/08/2025","9,852.65","9,858.69","9,873.88","9,815.63","708.01K","-0.06%"
"01/07/2025","9,858.69","9,903.90","9,903.90","9,809.67","446.74K","-0.46%"
"01/06/2025","9,903.90","9,893.27","9,927.49","9,876.03","309.13K","0.11%"
"01/03/2025","9,893.27","9,905.15","9,914.51","9,859.53","276.23K","-0.12%"
"01/02/2025","9,905.32","9,953.71","9,966.81","9,891.95","239.81K","-0.49%"
"12/31/2024","9,953.71","9,886.57","9,953.71","9,883.03","454.49K","0.64%"
"12/30/2024","9,890.11","9,887.17","9,902.36","9,868.02","211.60K","0.03%"
"12/27/2024","9,886.98","9,899.47","9,919.55","9,879.78","310.70K","-0.13%"
"12/26/2024","9,899.47","9,899.24","9,914.89","9,864.85","371.30K","0.02%"
"12/25/2024","9,897.51","9,883.73","9,911.42","9,863.60","369.45K","0.13%"
"12/24/2024","9,884.51","9,888.19","9,888.19","9,837.17","369.45K","-0.04%"
"12/23/2024","9,888.19","9,884.33","9,894.78","9,841.77","385.17K","0.04%"
"12/20/2024","9,884.50","9,892.58","9,896.85","9,859.50","4.82M","-0.08%"
"12/19/2024","9,892.58","9,865.97","9,892.58","9,843.59","1.38M","0.27%"
"12/18/2024","9,865.97","9,902.74","9,906.14","9,851.73","242.49K","-0.37%"
"12/16/2024","9,902.20","9,912.10","9,912.10","9,880.50","337.39K","-0.10%"
"12/13/2024","9,911.72","9,892.11","9,916.19","9,868.01","526.96K","0.20%"
"12/12/2024","9,892.11","9,900.79","9,903.50","9,855.25","262.33K","-0.07%"
"12/11/2024","9,899.09","9,945.65","9,945.65","9,890.17","2.68M","-0.47%"
"12/10/2024","9,945.65","9,925.32","9,958.10","9,925.32","188.96K","0.22%"
"12/09/2024","9,924.31","9,940.27","9,940.27","9,900.53","324.41K","-0.16%"
"12/06/2024","9,940.27","9,927.06","9,940.27","9,909.88","523.75K","0.13%"
"12/05/2024","9,927.06","9,900.75","9,927.06","9,888.26","255.14K","0.27%"
"12/04/2024","9,900.21","9,881.01","9,901.67","9,849.04","328.48K","0.19%"
"12/03/2024","9,881.01","9,874.65","9,901.17","9,865.30","307.99K","0.06%"
"12/02/2024","9,874.65","9,864.51","9,896.73","9,861.44","525.08K","0.09%"
"11/29/2024","9,865.77","9,821.53","9,877.73","9,821.53","547.27K","0.45%"
"11/28/2024","9,821.53","9,818.01","9,821.53","9,792.11","363.99K","0.07%"
"11/27/2024","9,814.98","9,804.28","9,821.17","9,791.02","223.03K","0.11%"
"11/26/2024","9,804.46","9,804.88","9,813.22","9,770.29","334.00K","0.00%"
"11/25/2024","9,804.88","9,788.17","9,810.59","9,765.16","1.69M","0.17%"
"11/22/2024","9,788.17","9,800.24","9,811.39","9,756.89","216.29K","-0.12%"
"11/21/2024","9,800.24","9,800.62","9,801.12","9,769.70","236.26K","-0.01%"
"11/20/2024","9,800.92","9,782.51","9,800.92","9,751.14","350.35K","0.19%"
"11/19/2024","9,782.23","9,771.07","9,782.23","9,758.64","275.32K","0.11%"
"11/18/2024","9,771.07","9,795.01","9,795.01","9,749.84","262.21K","-0.24%"
"11/15/2024","9,794.99","9,786.91","9,800.64","9,763.79","","0.04%"
"11/14/2024","9,791.47","9,800.80","9,817.73","9,787.74","","-0.10%"
"11/13/2024","9,800.80","9,808.82","9,809.00","9,766.11","","-0.08%"
"11/12/2024","9,809.00","9,840.11","9,845.08","9,800.40","","-0.32%"
"11/11/2024","9,840.28","9,841.70","9,862.23","9,813.44","","-0.01%"
"11/08/2024","9,841.45","9,833.88","9,850.84","9,803.50","","0.08%"
"11/07/2024","9,833.88","9,841.25","9,843.15","9,793.82","","-0.07%"
"11/06/2024","9,841.25","9,869.42","9,871.86","9,819.56","","-0.29%"
"11/05/2024","9,869.42","9,879.06","9,879.06","9,828.82","","-0.10%"
"11/04/2024","9,879.06","9,857.68","9,894.70","9,842.06","","0.22%"
"11/01/2024","9,857.86","9,860.67","9,875.85","9,842.79","","-0.03%"
"10/31/2024","9,860.67","9,847.36","9,878.10","9,838.92","","0.15%"
"10/30/2024","9,846.20","9,841.13","9,879.52","9,832.95","","0.05%"
"10/29/2024","9,841.18","9,830.60","9,861.26","9,814.71","","0.11%"
"10/28/2024","9,830.60","9,814.79","9,850.32","9,805.38","","0.16%"
"10/25/2024","9,814.81","9,818.09","9,848.08","9,795.86","","-0.04%"
"10/24/2024","9,818.85","9,818.96","9,873.40","9,801.96","","-0.01%"
"10/23/2024","9,819.59","9,859.15","9,859.15","9,797.18","","-0.40%"
"10/22/2024","9,859.15","9,856.50","9,867.05","9,820.41","","0.03%"
"10/21/2024","9,856.43","9,849.80","9,859.09","9,800.89","","0.07%"
"10/18/2024","9,849.80","9,810.98","9,850.04","9,788.00","","0.40%"
"10/17/2024","9,810.98","9,765.17","9,810.98","9,755.10","","0.47%"
"10/16/2024","9,765.17","9,919.00","9,919.00","9,721.17","","-1.56%"
"10/14/2024","9,919.68","9,904.35","9,929.49","9,867.52","","0.10%"
"10/11/2024","9,909.87","9,900.14","9,916.40","9,869.08","","0.10%"
"10/10/2024","9,900.41","9,893.05","9,907.02","9,863.10","","0.07%"
"10/09/2024","9,893.05","9,902.48","9,920.77","9,868.66","","-0.10%"
"10/08/2024","9,902.48","9,881.95","9,904.61","9,865.65","","0.21%"
"10/07/2024","9,881.95","9,908.50","9,914.50","9,845.01","","-0.27%"
"10/04/2024","9,908.50","9,939.83","9,956.73","9,889.87","","-0.32%"
"10/03/2024","9,939.83","9,968.65","9,968.65","9,919.34","","-0.31%"
"10/02/2024","9,970.80","9,991.96","9,991.96","9,901.09","","-0.21%"
"10/01/2024","9,991.55","9,954.99","10,001.08","9,944.64","","0.36%"
"09/30/2024","9,955.34","9,987.18","10,006.40","9,942.04","","-0.34%"
"09/27/2024","9,989.34","9,905.75","9,989.34","9,905.75","","0.85%"
"09/26/2024","9,904.74","9,815.35","9,904.74","9,815.35","","0.92%"
"09/25/2024","9,814.47","9,814.70","9,821.09","9,785.06","","0.01%"
"09/24/2024","9,813.41","9,793.90","9,818.74","9,773.80","","0.19%"
"09/23/2024","9,794.89","9,786.09","9,821.18","9,770.62","","0.09%"
"09/20/2024","9,786.09","9,765.41","9,786.09","9,744.05","","0.21%"
"09/19/2024","9,765.41","9,751.68","9,765.41","9,736.22","","0.14%"
"09/18/2024","9,751.68","9,761.45","9,765.57","9,735.03","","-0.10%"
"09/17/2024","9,761.55","9,765.18","9,791.66","9,755.68","","-0.05%"
"09/16/2024","9,766.80","9,787.53","9,792.23","9,751.11","","-0.21%"
"09/13/2024","9,787.53","9,769.23","9,787.76","9,750.49","","0.18%"
"09/12/2024","9,769.59","9,778.89","9,784.95","9,750.34","","-0.10%"
"09/11/2024","9,779.71","9,775.68","9,791.74","9,767.39","","0.05%"
"09/10/2024","9,775.15","9,808.73","9,815.95","9,769.43","","-0.34%"
"09/09/2024","9,808.62","9,804.44","9,818.07","9,785.87","","0.04%"
"09/06/2024","9,804.44","9,810.67","9,811.47","9,771.33","","-0.06%"
"09/05/2024","9,810.67","9,800.26","9,831.07","9,776.38","","0.10%"
"09/04/2024","9,800.84","9,805.00","9,817.22","9,761.67","","-0.04%"
"09/03/2024","9,804.93","9,783.83","9,810.13","9,764.24","","0.21%"
"09/02/2024","9,784.10","9,810.38","9,813.40","9,768.19","","-0.27%"
"08/30/2024","9,810.38","9,789.40","9,810.38","9,762.95","","0.21%"
"08/29/2024","9,789.81","9,769.84","9,790.94","9,753.97","","0.20%"
"08/28/2024","9,769.84","9,744.15","9,784.22","9,744.05","","0.26%"
"08/27/2024","9,744.15","9,761.49","9,761.49","9,718.78","","-0.18%"
"08/26/2024","9,761.49","9,762.79","9,774.32","9,733.75","","-0.01%"
"08/23/2024","9,762.01","9,793.60","9,794.42","9,759.55","","-0.32%"
"08/22/2024","9,792.87","9,791.78","9,798.23","9,772.78","","0.01%"
"08/21/2024","9,791.78","9,788.89","9,795.43","9,757.17","","0.03%"
"08/20/2024","9,788.43","9,806.97","9,806.97","9,761.74","","-0.19%"
"08/19/2024","9,807.39","9,817.14","9,832.43","9,789.42","","-0.10%"
"08/16/2024","9,817.14","9,838.69","9,838.84","9,815.82","","-0.22%"
"08/15/2024","9,838.69","9,834.21","9,840.92","9,809.58","","0.05%"
"08/14/2024","9,834.21","9,787.97","9,834.79","9,785.93","","0.47%"
"08/12/2024","9,788.05","9,793.83","9,801.87","9,775.00","","-0.06%"
"08/09/2024","9,793.57","9,792.23","9,802.08","9,764.82","","0.01%"
"08/08/2024","9,792.66","9,772.38","9,802.10","9,772.38","","0.21%"
"08/07/2024","9,772.39","9,781.83","9,793.10","9,742.84","","-0.10%"
"08/06/2024","9,782.04","9,800.39","9,801.57","9,759.48","","-0.19%"
"08/05/2024","9,800.30","9,799.19","9,807.32","9,760.89","","0.01%"
"08/02/2024","9,799.19","9,803.64","9,803.64","9,757.24","","-0.05%"
"08/01/2024","9,803.64","9,798.66","9,819.93","9,771.49","","0.02%"
"07/31/2024","9,801.19","9,836.84","9,843.55","9,787.08","","-0.36%"
"07/30/2024","9,836.84","9,847.93","9,850.56","9,798.00","","-0.10%"
"07/29/2024","9,847.17","9,875.03","9,875.03","9,830.78","","-0.28%"
"07/26/2024","9,875.03","9,861.66","9,875.26","9,803.33","","0.16%"
"07/24/2024","9,859.63","9,846.64","9,863.31","9,823.22","","0.13%"
"07/23/2024","9,846.64","9,861.87","9,878.83","9,837.76","","-0.15%"
"07/22/2024","9,861.87","9,845.44","9,876.22","9,833.75","","0.17%"
"07/19/2024","9,845.44","9,873.04","9,879.05","9,821.89","","-0.28%"
"07/18/2024","9,873.04","9,864.58","9,886.20","9,815.26","","0.09%"
"07/17/2024","9,864.58","9,864.46","9,880.89","9,816.53","","0.03%"
"07/16/2024","9,861.22","9,842.23","9,861.22","9,796.43","","0.20%"
"07/15/2024","9,841.47","9,831.07","9,859.48","9,810.43","","0.11%"
"07/12/2024","9,831.07","9,814.36","9,831.07","9,767.92","","0.17%"
"07/11/2024","9,814.36","9,723.41","9,819.31","9,723.41","","0.94%"
"07/10/2024","9,723.25","9,723.11","9,771.67","9,723.11","354.93K","0.00%"
"07/09/2024","9,723.08","9,729.79","9,739.08","9,699.07","429.32K","-0.07%"
"07/08/2024","9,729.64","9,736.50","9,774.14","9,705.22","439.29K","-0.06%"
"07/05/2024","9,735.86","9,665.45","9,756.28","9,665.45","485.24K","0.74%"
"07/04/2024","9,664.72","9,661.83","9,688.26","9,626.12","400.53K","0.03%"
"07/03/2024","9,661.77","9,642.43","9,682.42","9,621.70","376.37K","0.19%"
"07/02/2024","9,643.58","9,664.17","9,696.20","9,621.55","1.62M","-0.12%"
"07/01/2024","9,655.59","9,726.11","9,747.58","9,652.70","402.04K","-0.72%"
"06/28/2024","9,726.08","9,741.06","9,752.54","9,679.05","517.93K","-0.15%"
"06/27/2024","9,740.54","9,754.43","9,788.76","9,691.01","329.77K","-0.14%"
"06/26/2024","9,754.66","9,761.76","9,787.25","9,739.41","267.70K","-0.07%"
"06/25/2024","9,761.76","9,741.70","9,762.16","9,713.02","470.85K","0.21%"
"06/24/2024","9,741.70","9,774.58","9,804.57","9,736.78","290.05K","-0.34%"
"06/21/2024","9,774.58","9,724.09","9,777.82","9,701.49","543.61K","0.52%"
"06/20/2024","9,724.09","9,801.84","9,811.86","9,706.97","316.07K","-0.79%"
"06/19/2024","9,801.84","9,758.62","9,808.19","9,721.26","683.85K","0.44%"
"06/18/2024","9,758.62","9,683.32","9,762.03","9,683.32","801.84K","0.78%"
"06/14/2024","9,683.37","9,664.68","9,709.93","9,647.98","1.13M","0.20%"
"06/13/2024","9,663.86","9,637.52","9,670.56","9,574.69","4.52M","0.27%"
"06/12/2024","9,638.02","9,664.96","9,664.96","9,628.73","250.66K","-0.29%"
"06/11/2024","9,666.51","9,652.27","9,668.41","9,620.43","454.53K","0.14%"
"06/10/2024","9,652.65","9,592.97","9,654.71","9,592.97","344.80K","0.62%"
"06/07/2024","9,592.97","9,594.33","9,628.31","9,578.88","291.00K","-0.04%"
"06/06/2024","9,596.42","9,510.93","9,596.50","9,490.25","596.76K","0.92%"
"06/05/2024","9,509.26","9,450.62","9,524.38","9,446.34","433.12K","0.62%"
"06/04/2024","9,450.50","9,461.89","9,477.86","9,431.13","250.77K","-0.12%"
"06/03/2024","9,461.64","9,487.79","9,505.09","9,443.47","412.03K","-0.28%"
"05/31/2024","9,487.79","9,474.94","9,497.89","9,452.18","637.29K","0.06%"
"05/30/2024","9,482.07","9,493.15","9,510.41","9,466.97","467.48K","-0.11%"
"05/29/2024","9,492.36","9,493.06","9,515.85","9,455.38","1.20M","-0.01%"
"05/28/2024","9,493.06","9,486.33","9,525.87","9,443.87","646.75K","0.07%"
"05/27/2024","9,486.33","9,374.59","9,487.68","9,374.59","873.64K","1.21%"
"05/24/2024","9,373.29","9,365.38","9,411.55","9,358.94","955.36K","0.23%"
"05/23/2024","9,352.03","9,338.52","9,360.52","9,319.37","278.07K","0.14%"
"05/22/2024","9,338.52","9,295.15","9,338.52","9,281.84","579.91K","0.45%"
"05/21/2024","9,296.28","9,237.02","9,315.34","9,237.02","732.81K","0.64%"
"05/20/2024","9,237.02","9,193.78","9,243.56","9,193.78","810.07K","0.65%"
"05/17/2024","9,177.79","9,123.06","9,182.84","9,117.65","558.37K","0.60%"
"05/16/2024","9,123.06","9,122.89","9,128.74","9,105.82","1.13M","0.00%"
"05/15/2024","9,122.89","9,144.64","9,159.48","9,115.30","699.67K","-0.15%"
"05/14/2024","9,136.43","9,109.37","9,145.38","9,108.47","276.97K","0.29%"
"05/13/2024","9,110.27","9,113.47","9,141.22","9,082.66","528.87K","-0.03%"
"05/10/2024","9,112.56","9,122.82","9,136.76","9,106.17","347.61K","-0.14%"
"05/09/2024","9,125.77","9,130.18","9,139.18","9,096.01","475.17K","-0.03%"
"05/08/2024","9,128.62","9,128.93","9,144.11","9,121.10","478.66K","-0.01%"
"05/07/2024","9,129.22","9,142.88","9,170.99","9,116.70","435.38K","-0.15%"
"05/06/2024","9,142.88","9,120.74","9,157.71","9,107.56","228.52K","0.24%"
"05/03/2024","9,120.74","9,101.93","9,134.07","9,093.88","1.34M","0.21%"
"05/02/2024","9,101.93","9,098.10","9,118.60","9,075.49","263.95K","-0.02%"
"04/30/2024","9,103.85","9,120.44","9,124.00","9,070.60","195.33K","-0.18%"
"04/29/2024","9,120.44","9,117.33","9,132.85","9,066.61","0.18K","0.03%"
"04/26/2024","9,117.33","9,108.81","9,129.67","9,093.16","312.59K","0.10%"
"04/25/2024","9,108.19","9,102.59","9,111.93","9,062.92","492.58K","0.04%"
"04/24/2024","9,104.78","9,063.26","9,109.41","9,060.37","345.28K","0.46%"
"04/23/2024","9,063.26","9,060.12","9,073.00","9,018.83","470.19K","0.03%"
"04/22/2024","9,060.12","8,977.88","9,060.12","8,977.88","360.98K","0.91%"
"04/19/2024","8,978.10","9,011.30","9,011.30","8,963.00","343.24K","-0.37%"
"04/18/2024","9,011.30","9,011.58","9,033.43","8,988.68","353.39K","0.00%"
"04/17/2024","9,011.64","8,996.25","9,037.66","8,992.25","223.82K","0.16%"
"04/16/2024","8,997.36","9,012.44","9,012.44","8,939.44","639.89K","-0.31%"
"04/15/2024","9,025.18","9,012.44","9,027.09","8,990.24","405.41K","0.14%"
"04/12/2024","9,012.56","8,985.96","9,012.56","8,968.33","323.73K","0.30%"
"04/08/2024","8,985.96","8,948.95","8,986.20","8,948.95","236.74K","0.42%"
"04/05/2024","8,948.80","8,928.82","8,972.37","8,911.04","262.71K","0.22%"
"04/04/2024","8,929.53","8,909.02","8,929.86","8,869.80","387.15K","0.28%"
"04/03/2024","8,904.87","8,922.08","8,922.18","8,883.20","169.00K","-0.19%"
"04/02/2024","8,921.61","8,946.44","8,949.38","8,903.75","337.22K","-0.28%"
"04/01/2024","8,946.44","8,921.28","8,949.31","8,901.38","230.69K","0.28%"
"03/29/2024","8,921.28","8,915.65","8,929.83","8,885.34","413.88K","0.06%"
"03/28/2024","8,915.65","8,866.98","8,915.82","8,861.72","263.19K","0.55%"
"03/27/2024","8,866.98","8,864.90","8,871.16","8,846.38","369.88K","0.02%"
"03/26/2024","8,864.90","8,836.59","8,880.36","8,822.47","313.11K","0.31%"
"03/25/2024","8,837.68","8,823.22","8,847.13","8,793.88","253.04K","0.17%"
"03/22/2024","8,823.07","8,827.97","8,831.06","8,782.88","242.71K","-0.05%"
"03/21/2024","8,827.20","8,781.43","8,830.65","8,761.16","189.20K","0.52%"
"03/19/2024","8,781.43","8,738.02","8,781.52","8,720.77","277.04K","0.52%"
"03/18/2024","8,735.91","8,708.12","8,745.61","8,708.12","178.67K","0.34%"
"03/15/2024","8,705.93","8,685.30","8,712.22","8,670.48","253.90K","0.23%"
"03/14/2024","8,685.72","8,669.09","8,686.21","8,647.08","360.74K","0.19%"
"03/13/2024","8,669.08","8,661.75","8,675.25","8,638.88","398.41K","0.08%"
"03/12/2024","8,662.00","8,704.72","8,704.72","8,650.83","275.43K","-0.49%"
"03/11/2024","8,704.76","8,708.26","8,722.01","8,695.11","155.10K","-0.04%"
"03/08/2024","8,708.26","8,721.37","8,733.91","8,693.73","500.53K","-0.12%"
"03/07/2024","8,718.47","8,664.19","8,729.75","8,664.19","331.25K","0.62%"
"03/06/2024","8,664.90","8,658.29","8,683.82","8,632.65","411.96K","0.09%"
"03/05/2024","8,656.71","8,700.05","8,720.55","8,650.48","418.65K","-0.50%"
"03/04/2024","8,700.05","8,639.67","8,708.75","8,639.67","162.61K","0.70%"
"03/01/2024","8,639.55","8,630.23","8,641.66","8,608.11","313.17K","0.11%"
"02/29/2024","8,630.23","8,615.37","8,662.71","8,604.63","346.69K","0.17%"
"02/28/2024","8,615.19","8,567.64","8,620.33","8,535.43","331.97K","0.56%"
"02/27/2024","8,567.16","8,583.97","8,596.10","8,519.82","167.35K","-0.21%"
"02/26/2024","8,585.07","8,524.66","8,592.18","8,517.89","327.47K","0.71%"
"02/23/2024","8,524.62","8,496.20","8,524.62","8,475.21","352.49K","0.33%"
"02/22/2024","8,496.20","8,476.54","8,496.20","8,459.38","134.86K","0.29%"
"02/21/2024","8,471.43","8,450.76","8,474.53","8,445.76","249.04K","0.26%"
"02/20/2024","8,449.33","8,403.88","8,449.33","8,386.66","235.98K","0.54%"
"02/19/2024","8,403.88","8,359.64","8,406.14","8,339.03","359.89K","0.54%"
"02/16/2024","8,358.85","8,357.12","8,365.96","8,329.26","193.02K","0.02%"
"02/15/2024","8,356.99","8,360.94","8,360.94","8,339.49","179.86K","-0.04%"
"02/14/2024","8,359.98","8,318.88","8,360.58","8,316.66","184.03K","0.49%"
"02/13/2024","8,318.88","8,312.23","8,327.86","8,288.68","490.93K","0.10%"
"02/12/2024","8,310.71","8,346.55","8,367.13","8,293.90","146.48K","-0.43%"
"02/09/2024","8,346.83","8,362.91","8,368.71","8,320.54","225.72K","-0.19%"
"02/08/2024","8,362.91","8,376.67","8,423.36","8,348.39","174.96K","-0.18%"
"02/07/2024","8,378.09","8,353.39","8,379.79","8,337.34","216.14K","0.30%"
"02/06/2024","8,353.39","8,366.96","8,386.78","8,333.67","268.92K","-0.11%"
"02/05/2024","8,362.36","8,376.73","8,381.80","8,353.93","171.35K","-0.17%"
"02/02/2024","8,376.73","8,386.65","8,395.91","8,359.08","139.57K","-0.12%"
"02/01/2024","8,386.65","8,416.46","8,438.81","8,365.00","193.36K","-0.35%"
"01/31/2024","8,416.46","8,416.89","8,433.49","8,348.95","189.26K","0.00%"
"01/30/2024","8,416.83","8,428.95","8,428.95","8,388.30","261.36K","-0.16%"
"01/29/2024","8,430.38","8,422.50","8,433.85","8,405.66","233.13K","0.09%"
"01/26/2024","8,422.50","8,430.80","8,436.95","8,403.09","304.14K","-0.11%"
"01/25/2024","8,431.42","8,429.96","8,442.76","8,403.67","455.61K","0.01%"
"01/24/2024","8,430.41","8,418.46","8,442.82","8,374.22","256.26K","0.12%"
"01/23/2024","8,419.92","8,436.81","8,455.44","8,395.10","1.77M","-0.20%"
"01/22/2024","8,436.68","8,414.79","8,446.05","8,386.51","389.56K","0.26%"
"01/19/2024","8,414.74","8,419.26","8,461.42","8,384.27","273.50K","-0.05%"
"01/18/2024","8,419.19","8,404.81","8,424.02","8,376.52","332.42K","0.17%"
"01/17/2024","8,404.81","8,445.87","8,451.88","8,404.81","232.24K","-0.48%"
"01/16/2024","8,445.76","8,444.18","8,486.09","8,440.70","286.61K","0.00%"
"01/15/2024","8,446.16","8,461.05","8,480.89","8,434.01","278.39K","-0.18%"
"01/12/2024","8,461.11","8,434.09","8,466.17","8,419.58","212.88K","0.32%"
"01/11/2024","8,434.09","8,426.05","8,466.68","8,400.57","194.67K","0.10%"
"01/10/2024","8,425.59","8,483.79","8,486.77","8,425.59","241.80K","-0.69%"
"01/09/2024","8,483.79","8,515.24","8,520.67","8,472.93","339.38K","-0.37%"
"01/08/2024","8,515.24","8,553.03","8,557.78","8,497.87","261.79K","-0.45%"
"01/05/2024","8,553.82","8,583.59","8,583.59","8,533.45","237.07K","-0.35%"
"01/04/2024","8,583.59","8,613.54","8,618.94","8,551.23","241.03K","-0.35%"
"01/03/2024","8,613.54","8,691.01","8,691.01","8,574.64","446.48K","-0.89%"
"01/02/2024","8,691.01","8,682.61","8,700.38","8,677.52","149.70K","-0.68%"
"12/29/2023","8,750.59","8,724.87","8,752.38","8,697.64","508.87K","0.29%"
"12/28/2023","8,724.87","8,651.00","8,724.87","8,643.66","741.56K","0.85%"
"12/27/2023","8,651.00","8,611.25","8,651.00","8,602.25","485.96K","0.48%"
"12/26/2023","8,609.33","8,600.52","8,623.79","8,579.43","234.23K","0.10%"
"12/25/2023","8,600.38","8,609.25","8,620.83","8,553.76","1.07M","-0.10%"
"12/22/2023","8,609.13","8,592.17","8,616.32","8,566.07","349.38K","0.19%"
"12/21/2023","8,592.41","8,619.69","8,624.50","8,576.62","321.23K","-0.32%"
"12/20/2023","8,619.85","8,621.10","8,628.90","8,585.70","330.60K","0.00%"
"12/19/2023","8,620.14","8,620.16","8,646.46","8,597.07","244.24K","0.00%"
"12/18/2023","8,620.18","8,646.34","8,658.64","8,603.41","268.95K","-0.30%"
"12/15/2023","8,646.34","8,649.26","8,649.26","8,604.97","367.51K","-0.03%"
"12/14/2023","8,649.12","8,620.34","8,650.30","8,610.12","356.71K","0.35%"
"12/13/2023","8,619.15","8,621.66","8,623.80","8,595.99","307.73K","-0.01%"
"12/12/2023","8,620.03","8,604.34","8,623.47","8,575.39","241.89K","0.19%"
"12/11/2023","8,603.86","8,610.61","8,616.15","8,582.88","250.53K","-0.08%"
"12/08/2023","8,610.61","8,584.80","8,613.92","8,577.03","297.19K","0.30%"
"12/07/2023","8,584.80","8,596.39","8,597.60","8,546.37","302.34K","-0.14%"
"12/06/2023","8,596.53","8,588.58","8,596.53","8,570.53","213.95K","0.09%"
"12/05/2023","8,588.58","8,578.04","8,588.58","8,560.71","418.30K","0.12%"
"12/04/2023","8,578.04","8,575.74","8,580.92","8,557.49","174.10K","0.03%"
"12/01/2023","8,575.74","8,577.30","8,591.83","8,556.99","137.73K","-0.01%"
"11/30/2023","8,576.83","8,568.42","8,585.53","8,542.49","466.38K","0.10%"
"11/29/2023","8,568.54","8,569.63","8,576.06","8,545.29","293.87K","-0.01%"
"11/28/2023","8,569.75","8,567.27","8,585.63","8,551.57","253.74K","0.05%"
"11/27/2023","8,565.26","8,541.94","8,565.68","8,530.67","267.12K","0.27%"
"11/24/2023","8,542.37","8,566.70","8,568.59","8,525.28","328.48K","-0.28%"
"11/23/2023","8,566.70","8,551.80","8,568.05","8,526.17","390.87K","0.12%"
"11/22/2023","8,556.40","8,541.11","8,559.71","8,515.75","900.69K","0.19%"
"11/21/2023","8,540.54","8,508.71","8,540.54","8,490.64","488.46K","0.38%"
"11/20/2023","8,508.48","8,492.02","8,509.48","8,460.50","171.86K","0.21%"
"11/17/2023","8,490.99","8,473.89","8,494.36","8,447.38","445.63K","0.20%"
"11/16/2023","8,473.75","8,468.01","8,487.89","8,415.58","419.63K","0.07%"
"11/15/2023","8,468.01","8,423.89","8,474.56","8,407.72","222.32K","0.50%"
"11/14/2023","8,426.03","8,460.58","8,475.26","8,425.56","229.08K","-0.41%"
"11/13/2023","8,460.47","8,450.56","8,461.68","8,420.55","201.32K","0.12%"
"11/10/2023","8,450.72","8,447.42","8,450.96","8,417.92","205.53K","0.04%"
"11/09/2023","8,447.15","8,411.37","8,466.16","8,409.22","260.35K","0.43%"
"11/08/2023","8,411.37","8,413.59","8,433.75","8,387.65","330.94K","-0.03%"
"11/07/2023","8,413.59","8,414.17","8,424.18","8,394.59","270.38K","-0.01%"
"11/06/2023","8,414.17","8,418.56","8,425.48","8,397.19","296.95K","-0.06%"
"11/03/2023","8,418.94","8,403.08","8,427.56","8,385.56","169.02K","0.19%"
"11/02/2023","8,403.04","8,396.15","8,407.22","8,365.45","141.79K","0.08%"
"11/01/2023","8,396.16","8,395.28","8,428.94","8,381.54","114.45K","0.01%"
"10/31/2023","8,395.28","8,415.67","8,424.52","8,371.28","313.54K","-0.24%"
"10/30/2023","8,415.67","8,438.86","8,452.06","8,388.98","322.48K","-0.27%"
"10/27/2023","8,438.86","8,449.41","8,457.34","8,424.21","202.40K","-0.12%"
"10/26/2023","8,449.41","8,445.50","8,476.82","8,439.13","525.24K","0.05%"
"10/25/2023","8,445.27","8,494.49","8,494.49","8,440.33","252.57K","-0.58%"
"10/24/2023","8,494.25","8,494.76","8,498.53","8,479.12","191.46K","-0.01%"
"10/23/2023","8,494.87","8,443.20","8,497.27","8,442.93","436.58K","0.57%"
"10/20/2023","8,446.46","8,446.37","8,460.44","8,416.17","98.35K","0.00%"
"10/19/2023","8,446.48","8,500.93","8,516.49","8,412.72","1.25M","-0.64%"
"10/18/2023","8,500.93","8,488.72","8,524.95","8,465.81","116.24K","0.16%"
"10/17/2023","8,487.12","8,491.04","8,539.09","8,479.14","255.45K","-0.05%"
"10/16/2023","8,491.04","8,488.01","8,497.02","8,458.87","381.68K","0.06%"
"10/13/2023","8,486.36","8,465.73","8,492.91","8,425.58","626.14K","0.24%"
"10/12/2023","8,465.73","8,457.34","8,466.01","8,410.21","403.01K","0.08%"
"10/11/2023","8,458.97","8,472.74","8,472.74","8,433.76","555.61K","-0.17%"
"10/10/2023","8,473.09","8,458.25","8,493.94","8,440.54","181.74K","0.18%"
"10/09/2023","8,458.01","8,480.22","8,499.64","8,455.82","190.34K","-0.27%"
"10/06/2023","8,481.23","8,478.51","8,487.52","8,460.99","141.88K","0.03%"
"10/05/2023","8,478.51","8,481.79","8,524.42","8,451.69","278.11K","-0.04%"
"10/04/2023","8,481.90","8,477.56","8,507.95","8,472.38","170.61K","0.04%"
"10/03/2023","8,478.34","8,487.62","8,516.63","8,465.18","438.34K","-0.10%"
"10/02/2023","8,487.21","8,450.90","8,487.44","8,445.62","99.32K","0.34%"
"09/29/2023","8,458.43","8,454.81","8,502.19","8,439.80","159.38K","0.18%"
"09/28/2023","8,443.33","8,450.20","8,474.24","8,418.04","130.41K","-0.08%"
"09/26/2023","8,450.20","8,428.57","8,532.44","8,407.45","406.70K","0.26%"
"09/25/2023","8,428.57","8,498.52","8,498.52","8,397.60","569.62K","-0.82%"
"09/22/2023","8,498.52","8,542.09","8,591.41","8,480.68","470.86K","-0.54%"
"09/21/2023","8,544.93","8,667.80","8,682.88","8,544.61","587.78K","-1.44%"
"09/20/2023","8,669.43","8,732.86","8,743.25","8,654.84","442.61K","-0.72%"
"09/19/2023","8,732.74","8,774.99","8,801.38","8,726.12","380.68K","-0.48%"
"09/18/2023","8,774.99","8,819.24","8,832.72","8,772.44","864.77K","-0.50%"
"09/15/2023","8,819.36","8,875.89","8,898.61","8,807.84","586.37K","-0.64%"
"09/14/2023","8,876.39","8,878.89","8,925.11","8,864.26","267.74K","-0.03%"
"09/13/2023","8,878.88","8,899.84","8,931.40","8,863.24","151.01K","-0.23%"
"09/12/2023","8,899.56","8,940.86","8,940.86","8,878.41","370.82K","-0.46%"
"09/11/2023","8,940.98","8,968.82","8,968.82","8,896.80","345.41K","-0.31%"
"09/08/2023","8,968.82","8,954.67","8,976.60","8,913.62","358.21K","0.16%"
"09/07/2023","8,954.55","8,975.28","8,979.55","8,936.02","325.87K","-0.23%"
"09/06/2023","8,975.28","8,973.51","8,989.97","8,956.61","292.86K","0.03%"
"09/05/2023","8,972.93","8,941.71","8,973.18","8,919.66","275.55K","0.35%"
"09/04/2023","8,941.71","8,956.93","8,966.12","8,906.14","205.92K","-0.01%"
"09/01/2023","8,942.58","8,939.20","8,956.22","8,924.85","259.60K","0.04%"
"08/31/2023","8,939.32","8,911.54","8,945.89","8,911.40","465.37K","0.31%"
"08/30/2023","8,911.59","8,896.06","8,917.39","8,885.43","398.54K","0.17%"
"08/29/2023","8,896.06","8,899.23","8,949.32","8,881.54","435.83K","-0.04%"
"08/28/2023","8,899.22","8,854.96","8,916.07","8,854.96","217.09K","0.56%"
"08/25/2023","8,849.39","8,920.31","8,922.60","8,849.29","252.41K","-0.79%"
"08/24/2023","8,920.03","8,869.44","8,920.14","8,847.92","505.83K","0.57%"
"08/23/2023","8,869.44","8,885.26","8,895.35","8,840.79","541.75K","-0.19%"
"08/22/2023","8,885.99","8,899.47","8,915.35","8,864.46","276.25K","-0.15%"
"08/21/2023","8,899.47","8,886.97","8,926.55","8,870.99","401.87K","0.18%"
"08/18/2023","8,883.71","8,889.74","8,914.44","8,868.55","478.38K","0.00%"
"08/17/2023","8,884.06","8,895.53","8,933.01","8,876.90","460.29K","-0.13%"
"08/16/2023","8,895.53","8,924.43","8,946.89","8,883.42","278.68K","-0.32%"
"08/15/2023","8,924.43","8,906.09","8,944.43","8,890.08","488.23K","0.21%"
"08/14/2023","8,906.09","8,892.98","8,923.05","8,872.64","333.04K","0.15%"
"08/11/2023","8,892.98","8,901.99","8,915.43","8,829.12","1.04M","-0.10%"
"08/10/2023","8,901.74","8,888.99","8,908.67","8,844.97","3.07M","0.04%"
"08/09/2023","8,898.26","8,914.11","8,920.25","8,860.38","406.24K","-0.18%"
"08/08/2023","8,914.10","8,922.07","8,930.00","8,865.28","326.72K","-0.07%"
"08/07/2023","8,920.40","8,916.09","8,926.76","8,882.43","127.83K","0.03%"
"08/04/2023","8,917.72","8,962.73","8,965.13","8,910.87","378.91K","-0.50%"
"08/03/2023","8,962.79","8,965.22","8,967.66","8,937.43","245.03K","-0.03%"
"08/02/2023","8,965.22","8,993.02","9,002.06","8,958.39","207.49K","-0.31%"
"08/01/2023","8,993.02","9,027.12","9,027.12","8,986.46","301.06K","-0.38%"
"07/31/2023","9,027.12","9,044.36","9,057.69","9,020.68","566.72K","-0.19%"
"07/28/2023","9,044.36","9,028.39","9,044.36","9,025.17","405.16K","0.18%"
"07/27/2023","9,028.28","9,029.74","9,036.39","9,009.95","943.99K","-0.02%"
"07/26/2023","9,029.74","9,025.41","9,036.15","9,012.58","1.03M","0.05%"
"07/24/2023","9,025.41","9,017.92","9,036.96","9,011.99","724.52K","0.08%"
"07/21/2023","9,017.92","8,992.11","9,018.67","8,992.11","416.46K","0.29%"
"07/20/2023","8,992.11","8,993.18","9,015.38","8,986.20","856.61K","0.03%"
"07/18/2023","8,989.52","8,991.68","9,002.10","8,971.32","158.39K","-0.02%"
"07/17/2023","8,991.68","8,968.44","8,994.73","8,968.44","214.59K","0.26%"
"07/14/2023","8,968.44","8,980.11","8,995.25","8,957.66","196.61K","-0.13%"
"07/13/2023","8,980.11","9,009.02","9,020.90","8,980.11","378.84K","-0.32%"
"07/12/2023","9,009.00","9,017.88","9,028.48","8,989.53","714.11K","-0.10%"
"07/11/2023","9,017.88","9,030.40","9,059.98","8,996.71","773.51K","-0.14%"
"07/10/2023","9,030.40","9,021.22","9,038.49","9,009.79","304.63K","0.12%"
"07/07/2023","9,019.56","8,997.17","9,020.90","8,981.60","675.55K","0.28%"
"07/06/2023","8,994.68","8,987.18","9,004.91","8,975.78","347.61K","0.07%"
"07/05/2023","8,988.03","8,968.59","8,988.15","8,951.89","464.23K","0.22%"
"07/04/2023","8,968.45","8,963.66","8,984.50","8,953.57","442.64K","0.05%"
"07/03/2023","8,963.66","8,958.59","8,979.81","8,936.17","321.18K","0.17%"
"06/30/2023","8,948.80","8,926.14","8,967.83","8,926.14","1.57M","0.25%"
"06/27/2023","8,926.14","8,911.19","8,945.20","8,884.23","968.52K","0.17%"
"06/26/2023","8,910.78","8,925.27","8,951.07","8,910.78","702.82K","-0.16%"
"06/23/2023","8,925.27","8,905.07","8,925.27","8,884.97","664.83K","0.23%"
"06/22/2023","8,905.08","8,894.59","8,909.04","8,878.00","484.74K","0.12%"
"06/21/2023","8,894.49","8,868.02","8,899.32","8,865.95","612.82K","0.30%"
"06/20/2023","8,867.97","8,781.81","8,871.43","8,781.81","789.00K","0.98%"
"06/19/2023","8,781.81","8,814.28","8,822.98","8,781.81","285.46K","-0.39%"
"06/16/2023","8,816.27","8,815.37","8,837.00","8,789.77","722.99K","0.02%"
"06/15/2023","8,814.70","8,818.46","8,818.46","8,768.89","2.02M","-0.04%"
"06/14/2023","8,818.46","8,822.83","8,829.06","8,787.61","279.08K","-0.04%"
"06/13/2023","8,822.32","8,797.87","8,822.32","8,762.53","1.18M","0.29%"
"06/12/2023","8,797.18","8,783.64","8,797.23","8,752.78","800.74K","0.16%"
"06/09/2023","8,783.53","8,778.64","8,806.75","8,756.65","320.99K","0.06%"
"06/08/2023","8,777.91","8,773.88","8,804.54","8,752.03","319.76K","0.03%"
"06/07/2023","8,775.16","8,795.27","8,802.05","8,759.88","364.96K","-0.23%"
"06/06/2023","8,795.27","8,825.91","8,848.90","8,773.67","342.72K","-0.35%"
"06/05/2023","8,825.91","8,813.47","8,847.63","8,792.77","137.42K","0.14%"
"06/02/2023","8,813.47","8,798.61","8,817.73","8,778.59","349.17K","0.09%"
"06/01/2023","8,805.55","8,735.70","8,805.55","8,735.70","376.73K","0.86%"
"05/31/2023","8,730.71","8,717.57","8,755.59","8,689.07","302.46K","0.15%"
"05/30/2023","8,717.57","8,697.62","8,728.00","8,691.64","560.00K","0.23%"
"05/29/2023","8,697.62","8,676.90","8,723.98","8,675.30","2.22M","0.24%"
"05/26/2023","8,676.90","8,668.51","8,696.77","8,668.51","1.76M","0.11%"
"05/25/2023","8,667.73","8,588.03","8,679.68","8,588.03","591.94K","0.93%"
"05/24/2023","8,588.03","8,577.07","8,594.92","8,571.25","418.44K","0.13%"
"05/23/2023","8,577.07","8,551.28","8,589.08","8,551.28","505.24K","0.30%"
"05/22/2023","8,551.17","8,541.95","8,567.52","8,532.57","485.58K","0.10%"
"05/19/2023","8,542.71","8,491.66","8,542.71","8,490.81","543.76K","0.60%"
"05/18/2023","8,491.77","8,464.66","8,494.91","8,454.48","390.92K","0.32%"
"05/17/2023","8,464.66","8,415.90","8,464.66","8,409.09","561.28K","0.58%"
"05/16/2023","8,415.79","8,369.69","8,415.79","8,369.69","473.96K","0.55%"
"05/15/2023","8,369.77","8,356.64","8,383.80","8,335.21","446.64K","0.16%"
"05/12/2023","8,356.64","8,402.09","8,402.09","8,349.39","580.86K","-0.54%"
"05/11/2023","8,402.09","8,387.87","8,413.95","8,348.34","364.13K","0.17%"
"05/10/2023","8,387.87","8,390.05","8,394.05","8,363.33","308.58K","-0.03%"
"05/09/2023","8,390.05","8,373.60","8,402.70","8,362.29","922.66K","0.20%"
"05/08/2023","8,373.60","8,366.45","8,378.74","8,315.97","307.68K","0.09%"
"05/05/2023","8,365.66","8,356.76","8,373.63","8,332.75","531.10K","0.11%"
"05/04/2023","8,356.61","8,355.22","8,361.69","8,322.99","1.76M","0.02%"
"05/03/2023","8,355.22","8,294.90","8,355.69","8,294.90","1.32M","0.73%"
"05/02/2023","8,294.90","8,276.84","8,314.80","8,273.55","274.11K","0.20%"
"04/28/2023","8,278.66","8,304.09","8,332.01","8,278.66","327.08K","-0.31%"
"04/27/2023","8,304.09","8,267.73","8,331.08","8,255.07","485.10K","0.45%"
"04/26/2023","8,266.53","8,276.84","8,295.11","8,244.80","548.71K","-0.11%"
"04/25/2023","8,275.52","8,245.60","8,296.45","8,245.60","642.27K","0.36%"
"04/24/2023","8,245.71","8,240.48","8,245.71","8,210.89","376.36K","0.06%"
"04/20/2023","8,240.48","8,205.80","8,250.13","8,203.55","718.63K","0.42%"
"04/19/2023","8,205.80","8,221.28","8,262.19","8,204.38","396.31K","-0.19%"
"04/18/2023","8,221.75","8,137.61","8,221.75","8,137.61","320.24K","0.98%"
"04/17/2023","8,141.60","8,148.88","8,148.88","8,088.16","492.65K","-0.09%"
"04/14/2023","8,149.20","8,201.23","8,201.23","8,137.24","688.29K","-0.63%"
"04/13/2023","8,201.23","8,210.72","8,210.72","8,176.39","428.58K","-0.12%"
"04/12/2023","8,211.46","8,232.09","8,236.94","8,199.73","562.79K","-0.24%"
"04/11/2023","8,230.88","8,223.70","8,246.65","8,218.73","682.45K","0.06%"
"04/10/2023","8,225.85","8,237.99","8,252.06","8,200.45","2.19M","-0.15%"
"04/07/2023","8,237.99","8,221.01","8,252.88","8,212.32","1.88M","0.20%"
"04/06/2023","8,221.23","8,249.80","8,273.23","8,195.47","2.16M","-0.35%"
"04/05/2023","8,249.80","8,212.41","8,252.65","8,193.47","733.90K","0.46%"
"04/04/2023","8,212.30","8,133.66","8,212.30","8,114.40","351.20K","0.97%"
"04/03/2023","8,133.32","8,128.63","8,133.45","8,098.29","411.56K","0.06%"
"03/31/2023","8,128.74","8,120.45","8,142.28","8,107.89","359.65K","0.08%"
"03/30/2023","8,122.64","8,116.27","8,129.77","8,090.89","661.93K","0.08%"
"03/29/2023","8,116.27","8,095.51","8,116.69","8,072.45","319.92K","0.26%"
"03/28/2023","8,095.51","8,102.28","8,112.11","8,069.84","339.72K","-0.11%"
"03/27/2023","8,104.22","8,069.11","8,104.22","8,051.11","240.64K","0.44%"
"03/24/2023","8,069.11","8,047.41","8,069.23","8,025.32","499.46K","0.31%"
"03/23/2023","8,043.79","8,013.98","8,053.55","8,008.62","501.74K","0.38%"
"03/22/2023","8,013.47","8,046.79","8,046.79","8,001.02","188.12K","-0.41%"
"03/21/2023","8,046.79","8,076.18","8,081.94","8,022.19","195.55K","-0.36%"
"03/17/2023","8,076.18","8,081.02","8,085.80","8,036.29","252.98K","-0.06%"
"03/16/2023","8,081.02","8,093.37","8,102.35","8,069.40","237.32K","-0.15%"
"03/15/2023","8,093.37","8,100.50","8,105.53","8,061.71","296.46K","-0.09%"
"03/14/2023","8,100.50","8,089.51","8,101.13","8,071.98","244.99K","0.14%"
"03/13/2023","8,089.51","8,090.29","8,104.25","8,072.38","141.00K","0.04%"
"03/10/2023","8,086.27","8,115.74","8,120.60","8,068.71","191.86K","-0.29%"
"03/09/2023","8,109.47","8,092.05","8,130.73","8,092.05","194.25K","0.22%"
"03/08/2023","8,092.05","8,105.62","8,107.40","8,058.26","388.62K","-0.17%"
"03/07/2023","8,105.62","8,131.78","8,132.04","8,090.11","275.48K","-0.32%"
"03/06/2023","8,131.78","8,101.21","8,154.19","8,101.21","464.01K","0.38%"
"03/03/2023","8,101.07","8,087.83","8,101.82","8,067.44","321.89K","0.22%"
"03/02/2023","8,083.41","8,034.67","8,083.41","8,027.38","232.48K","0.61%"
"03/01/2023","8,034.45","8,044.96","8,079.19","8,023.78","243.73K","-0.13%"
"02/28/2023","8,044.81","8,021.00","8,058.50","8,011.88","337.20K","0.30%"
"02/27/2023","8,021.00","8,042.83","8,042.83","7,977.48","861.61K","-0.25%"
"02/24/2023","8,040.88","8,040.80","8,051.54","8,001.98","186.91K","0.01%"
"02/23/2023","8,040.28","8,046.19","8,066.31","7,970.94","552.34K","-0.06%"
"02/22/2023","8,045.40","8,094.52","8,103.92","8,004.51","182.83K","-0.55%"
"02/21/2023","8,089.66","8,096.76","8,103.56","8,071.26","190.25K","-0.12%"
"02/20/2023","8,099.49","8,131.25","8,131.25","8,087.28","213.64K","-0.40%"
"02/17/2023","8,131.73","8,126.22","8,132.52","8,089.27","427.96K","0.07%"
"02/16/2023","8,126.22","8,121.63","8,135.15","8,104.39","359.60K","0.06%"
"02/15/2023","8,121.33","8,161.99","8,161.99","8,112.98","448.63K","-0.50%"
"02/14/2023","8,161.99","8,126.56","8,161.99","8,089.95","366.58K","0.75%"
"02/13/2023","8,101.45","8,048.99","8,101.45","8,037.99","356.65K","0.65%"
"02/10/2023","8,048.99","8,071.08","8,071.22","8,002.76","340.45K","-0.27%"
"02/09/2023","8,071.08","8,120.12","8,135.65","8,071.06","290.40K","-0.60%"
"02/08/2023","8,120.12","8,165.12","8,165.12","8,097.30","259.35K","-0.71%"
"02/07/2023","8,178.37","8,205.18","8,223.43","8,133.56","256.94K","-0.33%"
"02/06/2023","8,205.25","8,220.55","8,239.47","8,190.02","286.54K","-0.18%"
"02/03/2023","8,220.06","8,188.49","8,220.58","8,184.11","212.17K","0.39%"
"02/02/2023","8,188.49","8,240.43","8,240.43","8,101.89","258.92K","-0.63%"
"02/01/2023","8,240.43","8,277.33","8,298.55","8,215.80","446.51K","-0.45%"
"01/31/2023","8,277.33","8,315.26","8,315.38","8,267.47","276.77K","-0.46%"
"01/30/2023","8,315.26","8,349.93","8,353.43","8,294.20","249.99K","-0.42%"
"01/27/2023","8,350.48","8,272.89","8,350.48","8,272.89","638.75K","0.95%"
"01/26/2023","8,271.98","8,223.93","8,273.02","8,194.79","434.69K","0.59%"
"01/25/2023","8,223.82","8,237.04","8,246.79","8,196.83","385.83K","-0.14%"
"01/24/2023","8,235.56","8,203.69","8,243.71","8,203.69","244.67K","0.39%"
"01/23/2023","8,203.97","8,248.48","8,252.57","8,203.97","207.61K","-0.54%"
"01/20/2023","8,248.48","8,230.20","8,254.91","8,221.51","285.21K","0.23%"
"01/19/2023","8,229.79","8,230.55","8,240.59","8,220.15","247.20K","-0.01%"
"01/18/2023","8,230.55","8,286.68","8,295.45","8,204.66","416.48K","-0.62%"
"01/17/2023","8,282.31","8,301.80","8,304.55","8,263.79","630.79K","-0.24%"
"01/16/2023","8,302.20","8,286.92","8,319.42","8,273.81","623.83K","0.18%"
"01/13/2023","8,287.21","8,237.83","8,287.21","8,224.24","470.04K","0.60%"
"01/12/2023","8,237.83","8,116.45","8,238.01","8,116.45","701.03K","1.50%"
"01/11/2023","8,116.31","8,106.30","8,117.14","8,059.95","389.48K","0.13%"
"01/10/2023","8,105.90","8,107.96","8,126.52","8,087.44","571.52K","-0.01%"
"01/09/2023","8,106.59","8,102.81","8,119.54","8,074.16","416.59K","0.01%"
"01/06/2023","8,105.78","8,087.45","8,105.78","8,054.51","424.57K","0.23%"
"01/05/2023","8,087.56","8,048.01","8,087.56","8,029.43","553.12K","0.48%"
"01/04/2023","8,048.70","8,069.63","8,069.63","8,030.10","476.98K","-0.25%"
"01/03/2023","8,069.25","8,092.53","8,092.53","8,042.56","330.41K","-0.31%"
"01/02/2023","8,094.20","8,110.48","8,134.57","8,051.23","270.76K","-0.19%"
"12/30/2022","8,109.68","8,112.69","8,123.92","8,099.47","1.53M","-0.04%"
"12/29/2022","8,112.69","8,073.31","8,112.89","8,050.20","459.27K","0.49%"
"12/28/2022","8,073.04","8,083.66","8,091.29","8,054.78","394.56K","-0.16%"
"12/27/2022","8,085.65","8,067.38","8,085.65","8,031.94","571.78K","0.23%"
"12/26/2022","8,067.38","8,074.71","8,093.35","8,045.54","398.40K","-0.09%"
"12/23/2022","8,074.60","8,100.34","8,114.49","8,045.51","462.71K","-0.30%"
"12/22/2022","8,098.80","8,094.39","8,108.70","8,081.02","219.41K","-0.03%"
"12/21/2022","8,100.93","8,126.26","8,131.90","8,090.04","370.60K","-0.31%"
"12/20/2022","8,126.26","8,133.08","8,139.15","8,107.10","930.61K","-0.08%"
"12/19/2022","8,133.08","8,121.79","8,142.92","8,110.63","718.73K","0.14%"
"12/16/2022","8,121.79","8,112.20","8,127.57","8,103.29","146.06K","0.12%"
"12/15/2022","8,111.91","8,111.09","8,125.55","8,089.33","397.25K","0.05%"
"12/14/2022","8,108.19","8,108.18","8,114.99","8,085.11","399.27K","-0.02%"
"12/13/2022","8,109.61","8,121.71","8,121.71","8,080.92","489.44K","-0.11%"
"12/12/2022","8,118.49","8,068.08","8,125.79","8,068.08","301.81K","0.62%"
"12/09/2022","8,068.08","8,029.84","8,071.56","7,997.38","591.98K","0.48%"
"12/08/2022","8,029.84","8,033.79","8,036.40","8,018.61","163.36K","-0.06%"
"12/07/2022","8,034.65","8,050.42","8,055.21","8,002.85","289.37K","-0.20%"
"12/06/2022","8,050.42","8,078.71","8,091.81","8,020.43","203.95K","-0.35%"
"12/05/2022","8,078.71","8,066.16","8,079.52","8,042.60","371.06K","0.16%"
"12/02/2022","8,066.16","8,066.15","8,080.44","8,032.47","249.74K","0.00%"
"12/01/2022","8,066.15","8,084.58","8,113.67","8,057.96","221.56K","-0.23%"
"11/30/2022","8,084.58","8,092.36","8,122.29","8,062.15","397.79K","-0.11%"
"11/29/2022","8,093.44","8,097.05","8,107.98","8,085.23","219.19K","-0.04%"
"11/28/2022","8,096.86","8,080.08","8,109.89","8,080.08","392.79K","0.26%"
"11/25/2022","8,075.79","8,079.95","8,091.49","8,060.65","187.42K","-0.05%"
"11/24/2022","8,079.87","8,090.29","8,090.85","8,044.43","207.87K","-0.13%"
"11/23/2022","8,090.29","8,096.96","8,109.22","8,071.10","238.12K","-0.08%"
"11/22/2022","8,096.96","8,113.05","8,113.45","8,073.93","1.14M","-0.20%"
"11/21/2022","8,113.03","8,078.88","8,114.18","8,067.83","430.91K","0.45%"
"11/18/2022","8,076.42","8,050.54","8,092.75","8,024.65","463.85K","0.28%"
"11/17/2022","8,054.14","8,061.24","8,073.84","8,035.23","318.83K","-0.09%"
"11/16/2022","8,061.24","8,089.62","8,093.41","8,027.75","202.15K","-0.36%"
"11/15/2022","8,090.22","8,137.03","8,137.03","8,070.32","351.24K","-0.57%"
"11/14/2022","8,136.88","8,125.50","8,149.20","8,114.12","434.35K","0.14%"
"11/11/2022","8,125.42","8,162.81","8,170.26","8,097.43","623.31K","-0.46%"
"11/10/2022","8,162.81","8,186.40","8,191.78","8,143.49","473.22K","-0.29%"
"11/09/2022","8,186.40","8,221.31","8,221.31","8,175.04","431.66K","-0.42%"
"11/08/2022","8,221.31","8,221.77","8,235.64","8,176.40","368.05K","-0.01%"
"11/07/2022","8,222.15","8,228.50","8,234.70","8,185.64","905.04K","-0.08%"
"11/04/2022","8,228.50","8,248.07","8,252.73","8,206.67","406.16K","-0.21%"
"11/03/2022","8,245.99","8,244.26","8,256.39","8,211.22","985.14K","-0.03%"
"11/02/2022","8,248.77","8,267.03","8,281.33","8,214.16","315.34K","-0.24%"
"11/01/2022","8,268.38","8,222.50","8,273.68","8,207.89","459.28K","0.56%"
"10/31/2022","8,222.50","8,195.51","8,235.87","8,195.51","403.08K","0.34%"
"10/28/2022","8,194.43","8,169.77","8,202.76","8,169.77","251.39K","0.30%"
"10/27/2022","8,170.31","8,172.59","8,173.03","8,156.17","349.61K","-0.03%"
"10/26/2022","8,172.44","8,144.13","8,185.81","8,119.45","1.64M","0.34%"
"10/25/2022","8,144.61","8,126.68","8,146.05","8,090.01","653.42K","0.22%"
"10/24/2022","8,126.59","8,121.67","8,130.67","8,089.60","221.54K","0.06%"
"10/21/2022","8,121.67","8,102.23","8,153.24","8,102.23","661.96K","0.22%"
"10/20/2022","8,103.47","8,118.04","8,118.04","8,081.54","692.32K","-0.18%"
"10/19/2022","8,118.04","8,126.68","8,126.68","8,100.27","577.22K","-0.11%"
"10/18/2022","8,126.83","8,129.75","8,148.34","8,105.98","468.53K","-0.05%"
"10/17/2022","8,130.79","8,125.17","8,158.65","8,111.13","1.87M","0.07%"
"10/14/2022","8,125.17","8,109.13","8,145.25","8,109.13","689.32K","0.20%"
"10/13/2022","8,109.13","8,101.49","8,149.06","8,101.03","364.04K","0.09%"
"10/12/2022","8,101.49","8,157.72","8,165.80","8,101.49","1.04M","-0.69%"
"10/11/2022","8,157.72","8,144.16","8,166.13","8,123.48","1.42M","0.17%"
"10/10/2022","8,144.16","8,109.44","8,144.30","8,077.45","701.95K","0.43%"
"10/07/2022","8,109.48","8,167.34","8,167.34","8,099.40","521.29K","-0.71%"
"10/06/2022","8,167.32","8,173.21","8,179.50","8,148.39","1.90M","-0.03%"
"10/05/2022","8,170.06","8,241.41","8,241.41","8,143.62","1.04M","-0.87%"
"10/04/2022","8,241.61","8,304.79","8,330.97","8,208.99","1.05M","-0.76%"
"10/03/2022","8,304.77","8,322.53","8,338.69","8,265.12","1.63M","-0.21%"
"09/30/2022","8,322.53","8,351.35","8,366.55","8,281.68","867.75K","-0.34%"
"09/29/2022","8,351.17","8,314.59","8,363.51","8,311.17","1.01M","0.36%"
"09/28/2022","8,321.12","8,304.14","8,349.96","8,296.42","907.38K","0.20%"
"09/27/2022","8,304.16","8,268.24","8,340.70","8,254.04","1.12M","0.43%"
"09/26/2022","8,268.24","8,191.50","8,268.24","8,168.29","812.43K","0.93%"
"09/23/2022","8,192.23","8,155.53","8,214.28","8,140.53","1.79M","0.45%"
"09/22/2022","8,155.53","8,165.04","8,171.02","8,125.86","806.08K","-0.12%"
"09/21/2022","8,165.04","8,123.30","8,165.85","8,116.52","1.59M","0.50%"
"09/20/2022","8,124.05","8,126.70","8,135.57","8,093.29","732.07K","-0.03%"
"09/19/2022","8,126.30","8,126.54","8,147.07","8,117.53","449.45K","0.00%"
"09/16/2022","8,126.54","8,151.47","8,151.81","8,120.89","818.27K","-0.31%"
"09/15/2022","8,151.56","8,179.48","8,185.31","8,130.82","439.89K","-0.33%"
"09/14/2022","8,178.69","8,181.51","8,195.14","8,166.05","817.15K","-0.05%"
"09/13/2022","8,183.05","8,186.53","8,186.53","8,144.54","693.66K","-0.03%"
"09/12/2022","8,185.34","8,200.20","8,215.78","8,170.55","1.17M","-0.19%"
"09/09/2022","8,201.10","8,192.14","8,225.97","8,163.17","1.12M","0.11%"
"09/08/2022","8,192.26","8,213.69","8,221.49","8,173.36","1.60M","-0.30%"
"09/07/2022","8,216.78","8,129.95","8,216.78","8,129.89","632.44K","1.08%"
"09/06/2022","8,128.61","8,113.32","8,130.73","8,089.73","1.12M","0.19%"
"09/05/2022","8,113.56","8,105.03","8,117.94","8,088.30","703.77K","0.11%"
"09/02/2022","8,105.03","8,133.86","8,148.48","8,088.04","1.46M","-0.35%"
"09/01/2022","8,133.69","8,107.28","8,133.69","8,090.07","1.77M","0.33%"
"08/31/2022","8,107.28","8,012.51","8,107.28","8,011.07","1.15M","1.18%"
"08/30/2022","8,012.46","8,001.34","8,024.80","7,981.34","1.19M","0.14%"
"08/29/2022","8,001.34","7,971.77","8,001.34","7,954.31","655.30K","0.37%"
"08/26/2022","7,971.79","7,945.51","7,971.82","7,945.51","2.59M","0.33%"
"08/25/2022","7,945.51","7,917.17","7,946.51","7,917.17","490.18K","0.36%"
"08/24/2022","7,917.25","7,912.17","7,917.25","7,895.06","349.65K","0.06%"
"08/23/2022","7,912.17","7,916.32","7,919.24","7,886.48","452.52K","-0.05%"
"08/22/2022","7,915.81","7,932.09","7,932.09","7,898.26","366.02K","-0.19%"
"08/19/2022","7,930.55","7,916.70","7,942.99","7,909.17","288.19K","0.17%"
"08/18/2022","7,916.70","7,841.09","7,923.67","7,841.09","604.08K","0.96%"
"08/17/2022","7,841.19","7,832.23","7,854.62","7,824.95","411.71K","0.11%"
"08/16/2022","7,832.23","7,804.20","7,843.84","7,798.27","475.57K","0.36%"
"08/15/2022","7,803.96","7,804.99","7,807.83","7,778.37","347.49K","-0.01%"
"08/12/2022","7,804.99","7,782.08","7,806.87","7,776.09","480.63K","0.29%"
"08/11/2022","7,782.46","7,780.26","7,792.77","7,763.91","403.11K","0.03%"
"08/10/2022","7,780.26","7,761.14","7,793.18","7,761.14","391.63K","0.25%"
"08/09/2022","7,761.14","7,756.59","7,770.12","7,748.53","471.57K","0.06%"
"08/08/2022","7,756.56","7,750.57","7,760.45","7,741.67","414.55K","0.09%"
"08/05/2022","7,749.59","7,772.63","7,784.50","7,734.33","332.84K","-0.30%"
"08/04/2022","7,772.63","7,751.66","7,772.70","7,730.85","327.56K","0.24%"
"08/03/2022","7,754.08","7,746.47","7,760.20","7,736.46","493.82K","0.10%"
"08/02/2022","7,746.47","7,749.03","7,754.77","7,725.31","770.65K","-0.03%"
"08/01/2022","7,749.15","7,731.48","7,751.16","7,721.46","285.68K","0.22%"
"07/29/2022","7,731.77","7,700.37","7,733.67","7,694.56","506.61K","0.41%"
"07/28/2022","7,700.39","7,693.46","7,714.64","7,684.32","3.48M","0.09%"
"07/27/2022","7,693.46","7,694.49","7,704.37","7,675.55","333.88K","-0.01%"
"07/26/2022","7,694.17","7,669.27","7,727.74","7,668.04","586.61K","0.33%"
"07/22/2022","7,669.02","7,617.84","7,674.30","7,617.84","910.00K","0.67%"
"07/21/2022","7,618.04","7,596.71","7,620.39","7,588.84","802.27K","0.27%"
"07/20/2022","7,597.61","7,562.80","7,598.43","7,556.42","660.24K","0.46%"
"07/19/2022","7,562.91","7,584.13","7,584.13","7,557.75","449.12K","-0.29%"
"07/18/2022","7,585.01","7,579.44","7,589.82","7,568.69","323.83K","0.05%"
"07/15/2022","7,580.97","7,557.02","7,588.54","7,557.02","385.63K","0.32%"
"07/14/2022","7,556.64","7,545.03","7,562.86","7,531.88","415.46K","0.16%"
"07/13/2022","7,544.41","7,529.58","7,559.92","7,529.58","347.35K","0.20%"
"07/12/2022","7,529.58","7,522.96","7,541.72","7,512.43","602.76K","0.05%"
"07/11/2022","7,525.98","7,519.31","7,547.76","7,514.79","373.79K","0.09%"
"07/08/2022","7,519.31","7,514.55","7,519.31","7,504.92","1.11M","0.06%"
"07/07/2022","7,514.55","7,514.90","7,519.62","7,504.79","653.41K","0.00%"
"07/06/2022","7,514.54","7,494.89","7,514.54","7,470.63","735.97K","0.26%"
"07/05/2022","7,494.69","7,515.43","7,516.49","7,479.24","821.22K","-0.28%"
"07/04/2022","7,515.43","7,494.45","7,516.77","7,493.77","462.86K","0.28%"
"07/01/2022","7,494.45","7,486.52","7,494.45","7,474.22","867.51K","0.11%"
"06/30/2022","7,486.52","7,487.65","7,541.81","7,474.52","376.80K","-0.02%"
"06/29/2022","7,487.80","7,520.34","7,524.40","7,465.55","328.54K","-0.43%"
"06/28/2022","7,520.34","7,530.20","7,537.96","7,500.77","260.27K","-0.13%"
"06/27/2022","7,530.20","7,541.63","7,552.36","7,496.01","239.50K","-0.15%"
"06/24/2022","7,541.63","7,561.23","7,576.34","7,530.79","216.23K","-0.26%"
"06/23/2022","7,561.47","7,544.08","7,585.57","7,543.81","515.83K","0.23%"
"06/22/2022","7,543.77","7,463.39","7,546.31","7,463.39","580.25K","1.08%"
"06/21/2022","7,463.06","7,460.27","7,483.78","7,435.37","227.53K","0.10%"
"06/20/2022","7,455.68","7,459.77","7,468.32","7,434.29","171.89K","-0.04%"
"06/17/2022","7,458.60","7,481.56","7,488.01","7,447.66","194.18K","-0.31%"
"06/16/2022","7,481.56","7,418.64","7,481.56","7,411.92","589.79K","0.85%"
"06/15/2022","7,418.56","7,385.26","7,421.60","7,369.44","356.55K","0.45%"
"06/14/2022","7,385.26","7,367.77","7,391.50","7,362.38","459.32K","0.24%"
"06/13/2022","7,367.77","7,349.28","7,370.85","7,348.97","469.07K","0.25%"
"06/10/2022","7,349.28","7,342.63","7,359.59","7,325.98","144.07K","0.09%"
"06/09/2022","7,342.63","7,339.29","7,357.49","7,322.20","246.72K","0.05%"
"06/08/2022","7,339.29","7,323.87","7,352.97","7,319.05","459.95K","0.21%"
"06/07/2022","7,323.77","7,340.67","7,353.05","7,318.28","429.54K","-0.23%"
"06/06/2022","7,340.67","7,341.63","7,352.26","7,331.67","190.96K","-0.01%"
"06/03/2022","7,341.61","7,369.89","7,369.89","7,320.90","249.16K","-0.38%"
"06/02/2022","7,369.95","7,382.03","7,387.82","7,338.12","453.74K","-0.16%"
"06/01/2022","7,382.03","7,378.51","7,389.73","7,369.30","504.60K","0.07%"
"05/31/2022","7,377.00","7,372.93","7,389.89","7,363.99","226.70K","0.06%"
"05/30/2022","7,372.93","7,354.07","7,391.16","7,354.07","392.67K","0.26%"
"05/27/2022","7,354.07","7,359.35","7,365.64","7,334.24","325.93K","-0.07%"
"05/26/2022","7,359.56","7,363.66","7,371.35","7,357.58","377.99K","-0.05%"
"05/25/2022","7,363.55","7,333.62","7,388.69","7,333.62","368.99K","0.41%"
"05/24/2022","7,333.62","7,320.98","7,349.33","7,308.27","389.64K","0.17%"
"05/23/2022","7,320.98","7,316.41","7,322.08","7,285.11","658.81K","0.06%"
"05/20/2022","7,316.41","7,316.75","7,328.87","7,261.53","279.76K","0.00%"
"05/19/2022","7,316.75","7,307.74","7,320.21","7,289.52","384.61K","0.14%"
"05/18/2022","7,306.49","7,280.26","7,313.94","7,279.54","486.51K","0.36%"
"05/17/2022","7,280.30","7,304.76","7,313.75","7,268.87","534.04K","-0.33%"
"05/16/2022","7,304.67","7,319.95","7,339.30","7,278.15","313.03K","-0.21%"
"05/13/2022","7,319.95","7,283.07","7,328.84","7,277.67","348.35K","0.52%"
"05/12/2022","7,282.30","7,269.52","7,305.47","7,269.52","426.75K","0.17%"
"05/11/2022","7,269.58","7,308.90","7,331.19","7,247.95","492.94K","-0.45%"
"05/10/2022","7,302.35","7,278.67","7,334.07","7,272.32","443.49K","0.33%"
"05/09/2022","7,278.44","7,275.44","7,330.54","7,262.94","611.77K","0.07%"
"05/06/2022","7,273.53","7,276.15","7,294.41","7,256.35","606.96K","-0.04%"
"05/05/2022","7,276.15","7,301.67","7,311.35","7,272.51","410.23K","-0.35%"
"05/04/2022","7,301.67","7,270.59","7,301.67","7,252.86","250.40K","0.63%"
"04/29/2022","7,256.15","7,238.95","7,257.32","7,233.64","250.40K","0.24%"
"04/28/2022","7,238.95","7,241.89","7,258.66","7,227.97","413.82K","-0.04%"
"04/27/2022","7,241.89","7,236.01","7,251.34","7,225.40","374.74K","0.08%"
"04/26/2022","7,236.05","7,229.40","7,240.01","7,212.21","494.49K","0.09%"
"04/25/2022","7,229.40","7,224.45","7,241.62","7,214.84","653.22K","0.06%"
"04/22/2022","7,224.72","7,237.45","7,237.88","7,217.29","437.16K","-0.18%"
"04/21/2022","7,237.45","7,234.99","7,244.55","7,216.81","529.58K","0.03%"
"04/20/2022","7,235.03","7,229.96","7,245.95","7,227.76","355.33K","0.05%"
"04/19/2022","7,231.43","7,234.72","7,251.64","7,214.83","475.06K","-0.05%"
"04/18/2022","7,234.86","7,251.33","7,257.39","7,227.78","1.85M","-0.23%"
"04/15/2022","7,251.22","7,263.29","7,263.29","7,224.75","377.83K","-0.18%"
"04/14/2022","7,263.98","7,227.04","7,265.49","7,223.94","1.15M","0.51%"
"04/13/2022","7,227.14","7,188.89","7,228.70","7,183.32","266.44K","0.57%"
"04/12/2022","7,185.88","7,172.37","7,185.88","7,162.44","371.27K","0.21%"
"04/11/2022","7,170.87","7,151.87","7,170.87","7,132.02","209.84K","0.30%"
"04/08/2022","7,149.44","7,150.78","7,167.20","7,136.02","316.22K","-0.01%"
"04/07/2022","7,150.05","7,125.85","7,164.73","7,119.36","501.50K","0.34%"
"04/06/2022","7,125.85","7,111.00","7,135.27","7,105.80","325.61K","0.21%"
"04/05/2022","7,111.00","7,092.61","7,128.14","7,080.24","381.65K","0.26%"
"04/04/2022","7,092.61","7,087.48","7,093.49","7,042.80","181.22K","0.05%"
"04/01/2022","7,089.19","7,107.79","7,116.18","7,081.14","150.19K","-0.26%"
"03/31/2022","7,107.89","7,087.47","7,108.28","7,066.30","218.22K","0.22%"
"03/30/2022","7,092.36","7,077.53","7,096.24","7,063.39","104.81K","0.21%"
"03/29/2022","7,077.80","7,070.25","7,087.69","7,036.13","233.27K","0.11%"
"03/28/2022","7,070.25","7,132.46","7,147.44","7,059.36","297.19K","-0.86%"
"03/25/2022","7,131.36","7,107.40","7,135.40","7,089.90","298.87K","0.33%"
"03/24/2022","7,108.10","7,093.62","7,108.10","7,075.97","1.76M","0.20%"
"03/23/2022","7,094.22","7,098.51","7,098.76","7,087.32","364.16K","-0.06%"
"03/22/2022","7,098.51","7,100.65","7,106.58","7,074.60","338.59K","-0.01%"
"03/21/2022","7,099.28","7,131.67","7,131.67","7,086.69","682.53K","-0.46%"
"03/18/2022","7,131.99","7,151.57","7,171.70","7,122.04","311.39K","-0.37%"
"03/17/2022","7,158.42","7,140.68","7,158.42","7,126.86","304.10K","0.29%"
"03/16/2022","7,137.59","7,153.95","7,165.24","7,128.05","1.09M","-0.23%"
"03/15/2022","7,153.77","7,136.86","7,181.32","7,121.76","435.15K","0.24%"
"03/14/2022","7,136.86","7,086.76","7,136.86","7,060.11","246.61K","0.71%"
"03/11/2022","7,086.75","7,084.68","7,101.27","7,076.27","258.62K","0.00%"
"03/10/2022","7,086.52","7,074.23","7,087.93","7,067.71","216.04K","0.17%"
"03/09/2022","7,074.20","7,106.04","7,109.62","7,060.73","297.76K","-0.45%"
"03/08/2022","7,106.02","7,117.43","7,131.06","7,084.38","361.46K","-0.16%"
"03/07/2022","7,117.45","7,119.30","7,135.87","7,094.15","488.45K","-0.03%"
"03/04/2022","7,119.29","7,131.00","7,147.79","7,099.86","300.72K","-0.15%"
"03/03/2022","7,130.31","7,133.15","7,167.09","7,120.24","194.83K","-0.02%"
"03/02/2022","7,131.69","7,066.98","7,131.69","7,054.00","240.10K","0.92%"
"03/01/2022","7,066.96","7,078.16","7,092.82","7,047.16","393.57K","-0.18%"
"02/28/2022","7,079.86","7,069.97","7,084.68","7,025.61","262.49K","0.13%"
"02/25/2022","7,070.82","7,066.78","7,071.65","7,028.80","312.97K","0.04%"
"02/24/2022","7,067.78","7,107.81","7,108.21","7,048.56","448.70K","-0.56%"
"02/23/2022","7,107.79","7,129.40","7,130.45","7,090.97","344.01K","-0.30%"
"02/22/2022","7,129.42","7,151.55","7,155.61","7,121.66","495.47K","-0.32%"
"02/21/2022","7,152.56","7,150.77","7,155.51","7,104.51","745.26K","0.03%"
"02/18/2022","7,150.69","7,168.37","7,168.37","7,144.07","817.83K","-0.20%"
"02/17/2022","7,164.74","7,150.04","7,164.74","7,129.05","1.22M","0.21%"
"02/16/2022","7,150.04","7,122.84","7,150.04","7,098.01","318.40K","0.38%"
"02/15/2022","7,122.63","7,118.78","7,123.87","7,088.60","488.00K","0.06%"
"02/14/2022","7,118.62","7,126.42","7,134.05","7,100.86","400.20K","-0.08%"
"02/11/2022","7,124.29","7,117.18","7,127.93","7,105.63","286.48K","0.10%"
"02/10/2022","7,117.18","7,113.74","7,128.28","7,091.42","2.22M","0.05%"
"02/09/2022","7,113.72","7,094.99","7,114.21","7,081.54","2.06M","0.26%"
"02/08/2022","7,094.99","7,089.81","7,096.76","7,080.03","475.66K","0.07%"
"02/07/2022","7,089.71","7,092.51","7,108.45","7,074.67","337.64K","-0.04%"
"02/04/2022","7,092.51","7,093.63","7,103.56","7,074.58","362.61K","-0.01%"
"02/03/2022","7,093.53","7,117.63","7,124.12","7,082.41","584.04K","-0.33%"
"02/02/2022","7,117.33","7,113.16","7,128.71","7,102.95","1.40M","0.06%"
"02/01/2022","7,113.16","7,092.99","7,114.32","7,088.45","863.81K","0.29%"
"01/31/2022","7,092.84","7,102.17","7,103.27","7,072.58","598.52K","-0.13%"
"01/28/2022","7,102.07","7,121.85","7,122.79","7,089.66","469.08K","-0.25%"
"01/27/2022","7,119.77","7,114.76","7,130.16","7,077.83","766.73K","0.07%"
"01/26/2022","7,114.76","7,090.67","7,118.48","7,058.21","325.75K","0.34%"
"01/25/2022","7,090.46","7,103.08","7,103.08","7,055.44","396.62K","-0.19%"
"01/24/2022","7,104.21","7,072.60","7,104.21","7,036.18","202.21K","0.45%"
"01/21/2022","7,072.22","7,070.65","7,082.67","7,046.07","323.05K","0.02%"
"01/20/2022","7,070.60","7,082.50","7,082.50","7,052.66","433.45K","-0.17%"
"01/19/2022","7,082.50","7,087.41","7,114.00","7,062.25","387.22K","-0.02%"
"01/18/2022","7,083.63","7,085.86","7,092.09","7,057.39","466.35K","-0.03%"
"01/17/2022","7,085.86","7,099.87","7,110.95","7,072.30","529.17K","-0.19%"
"01/14/2022","7,099.65","7,075.48","7,105.25","7,075.48","393.26K","0.34%"
"01/13/2022","7,075.52","7,028.21","7,075.52","7,019.97","397.81K","0.67%"
"01/12/2022","7,028.30","6,992.64","7,032.83","6,983.26","392.05K","0.51%"
"01/11/2022","6,992.64","6,976.10","7,008.17","6,954.28","443.16K","0.24%"
"01/10/2022","6,976.10","6,986.55","7,006.73","6,961.95","305.56K","-0.13%"
"01/07/2022","6,984.86","6,961.66","6,984.86","6,932.98","532.43K","0.33%"
"01/06/2022","6,961.66","6,975.52","6,975.52","6,928.51","462.67K","-0.20%"
"01/05/2022","6,975.52","6,974.81","7,009.06","6,950.45","457.34K","0.22%"
"01/04/2022","6,960.30","6,976.87","6,976.87","6,928.17","322.82K","-0.24%"
"01/03/2022","6,976.87","7,046.11","7,061.52","6,953.19","460.61K","-0.98%"
"12/31/2021","7,046.01","7,059.00","7,065.60","7,009.74","481.46K","-0.18%"
"12/30/2021","7,059.00","6,994.24","7,059.00","6,991.36","568.57K","0.94%"
"12/29/2021","6,993.09","6,958.01","7,005.50","6,958.01","1.05M","0.50%"
"12/28/2021","6,957.99","6,935.93","6,970.54","6,921.51","923.89K","0.32%"
"12/27/2021","6,935.93","6,911.66","6,953.45","6,906.63","610.73K","0.35%"
"12/24/2021","6,911.66","6,916.80","6,924.39","6,881.74","426.67K","-0.08%"
"12/23/2021","6,916.85","6,898.04","6,923.28","6,886.89","300.41K","0.28%"
"12/22/2021","6,897.50","6,954.80","6,965.59","6,886.22","504.01K","-0.82%"
"12/21/2021","6,954.80","6,946.46","6,965.95","6,935.09","219.02K","0.12%"
"12/20/2021","6,946.46","6,955.28","6,975.46","6,907.97","277.25K","-0.13%"
"12/16/2021","6,955.33","6,966.55","6,973.45","6,921.23","304.99K","-0.16%"
"12/15/2021","6,966.55","6,972.23","6,984.72","6,954.66","306.65K","-0.07%"
"12/14/2021","6,971.48","6,966.77","6,979.09","6,958.18","319.48K","0.04%"
"12/13/2021","6,968.79","6,972.73","6,990.81","6,943.73","1.00M","-0.06%"
"12/10/2021","6,972.69","6,967.24","6,994.24","6,957.29","316.24K","0.09%"
"12/09/2021","6,966.46","6,966.54","6,984.45","6,955.42","266.16K","0.00%"
"12/08/2021","6,966.48","6,976.59","6,987.62","6,956.60","192.64K","-0.14%"
"12/07/2021","6,976.59","6,981.37","6,981.37","6,951.56","229.46K","-0.06%"
"12/06/2021","6,980.85","7,019.68","7,023.72","6,966.40","133.87K","-0.56%"
"12/03/2021","7,019.96","7,024.90","7,024.90","6,993.57","339.59K","-0.08%"
"12/02/2021","7,025.34","7,040.78","7,040.78","6,981.95","148.71K","-0.22%"
"12/01/2021","7,040.78","7,044.13","7,052.20","7,026.07","244.48K","-0.04%"
"11/30/2021","7,043.37","7,066.77","7,076.15","7,024.82","332.90K","-0.34%"
"11/29/2021","7,067.33","7,072.88","7,082.42","7,053.34","167.81K","-0.07%"
"11/26/2021","7,072.10","7,065.39","7,096.65","7,065.39","213.19K","0.11%"
"11/25/2021","7,064.55","7,055.07","7,072.09","7,051.40","134.22K","0.11%"
"11/24/2021","7,056.58","7,055.88","7,060.03","7,033.83","241.59K","0.02%"
"11/23/2021","7,055.31","7,035.75","7,056.54","7,035.75","119.68K","0.28%"
"11/22/2021","7,035.75","7,033.04","7,039.26","7,014.38","339.92K","0.03%"
"11/19/2021","7,033.48","7,031.70","7,047.75","7,017.23","229.40K","0.03%"
"11/18/2021","7,031.58","7,025.21","7,032.77","7,012.98","200.63K","0.09%"
"11/17/2021","7,025.25","7,044.10","7,044.39","7,015.55","270.15K","-0.27%"
"11/16/2021","7,044.10","7,038.28","7,045.41","7,019.75","353.67K","0.08%"
"11/15/2021","7,038.21","7,046.14","7,066.07","7,014.03","398.28K","-0.09%"
"11/12/2021","7,044.63","7,038.68","7,077.96","7,030.47","202.34K","0.08%"
"11/11/2021","7,038.68","7,035.45","7,047.16","7,032.72","234.71K","0.05%"
"11/10/2021","7,035.00","7,026.53","7,062.00","7,022.04","288.24K","0.18%"
"11/09/2021","7,022.50","7,002.35","7,036.82","6,987.92","395.91K","0.29%"
"11/08/2021","7,002.35","7,002.27","7,006.61","6,983.37","261.48K","0.00%"
"11/05/2021","7,002.23","7,018.12","7,022.01","6,975.85","260.40K","0.00%"
"11/04/2021","7,002.54","7,031.08","7,032.50","6,989.33","452.78K","-0.38%"
"11/03/2021","7,029.56","7,012.08","7,029.56","7,000.37","285.86K","0.25%"
"11/02/2021","7,012.08","7,017.08","7,035.28","6,984.85","364.09K","-0.07%"
"11/01/2021","7,016.65","7,041.52","7,061.54","7,010.31","282.51K","-0.35%"
"10/29/2021","7,041.24","7,047.81","7,070.14","7,027.11","347.34K","-0.08%"
"10/28/2021","7,046.81","7,017.09","7,046.81","7,017.09","339.34K","0.43%"
"10/27/2021","7,016.98","6,984.48","7,016.98","6,984.09","193.18K","0.48%"
"10/26/2021","6,983.38","7,005.23","7,013.69","6,959.57","292.40K","-0.29%"
"10/25/2021","7,003.70","7,001.59","7,030.30","6,984.39","342.96K","0.03%"
"10/22/2021","7,001.72","7,079.91","7,092.21","6,987.46","401.10K","-1.08%"
"10/21/2021","7,078.23","7,100.62","7,122.17","7,061.65","610.76K","-0.39%"
"10/20/2021","7,105.89","7,174.57","7,179.80","7,087.98","596.62K","-0.96%"
"10/19/2021","7,174.57","7,221.34","7,223.11","7,170.71","390.95K","-0.65%"
"10/14/2021","7,221.34","7,229.64","7,236.57","7,212.07","254.29K","-0.10%"
"10/13/2021","7,228.21","7,241.08","7,252.46","7,218.22","788.21K","-0.18%"
"10/12/2021","7,241.08","7,256.33","7,279.31","7,234.00","491.81K","-0.21%"
"10/11/2021","7,256.01","7,262.29","7,286.26","7,242.87","269.75K","-0.08%"
"10/08/2021","7,262.02","7,271.52","7,279.81","7,248.06","411.27K","-0.10%"
"10/07/2021","7,269.26","7,281.36","7,299.80","7,257.97","466.66K","-0.16%"
"10/06/2021","7,281.07","7,273.48","7,299.13","7,272.88","496.28K","0.13%"
"10/05/2021","7,271.60","7,285.16","7,290.33","7,252.16","989.24K","-0.17%"
"10/04/2021","7,284.01","7,288.47","7,295.34","7,258.55","442.93K","-0.08%"
"10/01/2021","7,289.98","7,284.25","7,302.38","7,268.43","877.38K","0.08%"
"09/30/2021","7,284.25","7,266.24","7,303.02","7,244.45","404.08K","0.25%"
"09/29/2021","7,266.24","7,247.91","7,272.73","7,231.13","447.54K","0.27%"
"09/28/2021","7,246.58","7,284.35","7,288.67","7,217.15","312.16K","-0.53%"
"09/27/2021","7,285.03","7,254.19","7,293.67","7,225.76","340.25K","0.44%"
"09/24/2021","7,253.15","7,258.52","7,265.96","7,225.86","333.08K","-0.07%"
"09/23/2021","7,258.01","7,210.14","7,259.66","7,195.30","280.33K","0.67%"
"09/22/2021","7,209.99","7,248.03","7,270.06","7,189.27","517.63K","-0.50%"
"09/21/2021","7,245.99","7,261.97","7,261.97","7,236.09","165.61K","-0.22%"
"09/20/2021","7,261.97","7,255.78","7,261.97","7,237.34","463.35K","0.09%"
"09/17/2021","7,255.78","7,245.85","7,259.91","7,205.29","615.18K","0.16%"
"09/16/2021","7,243.94","7,240.27","7,246.73","7,215.02","644.20K","0.05%"
"09/15/2021","7,240.25","7,254.87","7,263.12","7,227.04","555.97K","-0.20%"
"09/14/2021","7,254.48","7,283.66","7,305.29","7,250.82","363.34K","-0.42%"
"09/13/2021","7,285.42","7,289.04","7,310.67","7,277.01","176.40K","-0.05%"
"09/10/2021","7,288.82","7,283.99","7,289.15","7,251.62","492.33K","0.07%"
"09/09/2021","7,283.99","7,287.18","7,293.36","7,259.42","319.95K","-0.04%"
"09/08/2021","7,287.18","7,297.91","7,298.07","7,270.51","246.36K","-0.15%"
"09/07/2021","7,297.91","7,321.14","7,325.60","7,283.89","495.55K","-0.32%"
"09/06/2021","7,321.14","7,346.84","7,367.65","7,314.33","229.58K","-0.34%"
"09/03/2021","7,346.46","7,337.31","7,356.98","7,315.02","1.20M","0.14%"
"09/02/2021","7,336.52","7,346.87","7,356.18","7,321.32","259.57K","-0.14%"
"09/01/2021","7,347.08","7,353.35","7,369.84","7,341.86","199.02K","-0.09%"
"08/31/2021","7,353.63","7,352.10","7,374.01","7,324.01","159.12K","0.02%"
"08/30/2021","7,352.33","7,359.42","7,360.45","7,338.70","56.81K","0.05%"
"08/27/2021","7,348.42","7,318.54","7,348.42","7,316.99","431.89K","0.43%"
"08/26/2021","7,317.02","7,314.72","7,329.58","7,304.52","306.45K","0.07%"
"08/25/2021","7,311.59","7,310.34","7,316.74","7,298.33","370.36K","0.00%"
"08/24/2021","7,311.64","7,303.54","7,318.09","7,290.86","311.13K","0.14%"
"08/23/2021","7,301.34","7,317.33","7,325.51","7,293.16","322.71K","-0.29%"
"08/20/2021","7,322.92","7,318.28","7,323.15","7,290.39","467.46K","0.14%"
"08/19/2021","7,313.03","7,298.60","7,320.45","7,271.11","393.06K","0.25%"
"08/18/2021","7,294.77","7,308.42","7,320.23","7,279.46","479.60K","-0.12%"
"08/17/2021","7,303.23","7,302.24","7,307.74","7,282.50","434.33K","0.05%"
"08/16/2021","7,299.84","7,297.82","7,299.84","7,285.27","156.72K","0.24%"
"08/12/2021","7,282.60","7,279.66","7,288.05","7,268.62","141.11K","0.00%"
"08/11/2021","7,282.41","7,311.82","7,312.64","7,280.19","213.31K","-0.37%"
"08/09/2021","7,309.61","7,313.06","7,318.93","7,296.03","198.04K","0.14%"
"08/06/2021","7,299.45","7,296.41","7,304.27","7,283.57","294.87K","0.09%"
"08/05/2021","7,293.18","7,279.81","7,293.87","7,274.69","321.57K","0.26%"
"08/04/2021","7,274.17","7,288.59","7,288.59","7,263.19","249.52K","-0.21%"
"08/03/2021","7,289.26","7,302.23","7,312.74","7,281.59","123.33K","-0.09%"
"08/02/2021","7,295.48","7,310.27","7,314.69","7,293.83","154.50K","-0.12%"
"07/30/2021","7,304.52","7,297.47","7,319.60","7,290.19","374.17K","0.26%"
"07/29/2021","7,285.76","7,287.01","7,305.30","7,279.37","342.70K","0.24%"
"07/28/2021","7,268.64","7,263.58","7,283.76","7,259.11","303.05K","0.14%"
"07/27/2021","7,258.71","7,232.80","7,258.71","7,229.64","192.99K","0.31%"
"07/26/2021","7,235.94","7,260.65","7,264.75","7,202.91","571.25K","-0.67%"
"07/23/2021","7,284.92","7,285.27","7,292.54","7,264.61","225.50K","0.00%"
"07/22/2021","7,284.62","7,289.16","7,299.44","7,283.22","310.54K","-0.06%"
"07/19/2021","7,289.16","7,267.60","7,296.00","7,253.65","165.55K","0.32%"
"07/16/2021","7,266.00","7,242.09","7,283.88","7,242.09","273.55K","0.54%"
"07/15/2021","7,227.03","7,236.91","7,236.91","7,215.02","310.12K","-0.14%"
"07/14/2021","7,236.80","7,249.21","7,249.21","7,219.98","298.09K","-0.20%"
"07/13/2021","7,251.03","7,254.62","7,261.74","7,231.28","259.70K","-0.02%"
"07/12/2021","7,252.38","7,252.03","7,257.24","7,242.11","324.23K","-0.05%"
"07/09/2021","7,256.35","7,267.91","7,271.51","7,249.66","205.93K","-0.21%"
"07/08/2021","7,271.69","7,257.77","7,276.28","7,247.52","291.82K","0.22%"
"07/07/2021","7,255.77","7,245.07","7,264.96","7,245.07","299.66K","0.13%"
"07/06/2021","7,246.27","7,231.82","7,249.12","7,226.02","353.51K","0.16%"
"07/05/2021","7,235.05","7,237.10","7,242.88","7,207.27","918.27K","0.00%"
"07/02/2021","7,234.71","7,233.18","7,249.06","7,220.72","129.49K","0.04%"
"07/01/2021","7,231.75","7,246.76","7,262.22","7,231.75","116.05K","-0.19%"
"06/30/2021","7,245.73","7,272.73","7,273.30","7,215.82","550.31K","-0.28%"
"06/29/2021","7,265.77","7,298.88","7,311.92","7,265.77","323.77K","-0.42%"
"06/28/2021","7,296.06","7,319.58","7,319.96","7,289.12","357.50K","-0.11%"
"06/25/2021","7,304.18","7,317.43","7,320.19","7,282.81","535.39K","0.10%"
"06/24/2021","7,296.86","7,324.29","7,324.47","7,272.30","312.90K","-0.20%"
"06/23/2021","7,311.45","7,320.14","7,324.68","7,294.46","323.27K","-0.17%"
"06/22/2021","7,323.84","7,319.77","7,329.51","7,291.13","607.17K","0.01%"
"06/21/2021","7,323.15","7,321.94","7,349.70","7,314.88","1.16M","0.02%"
"06/18/2021","7,322.00","7,322.42","7,367.80","7,312.54","822.95K","-0.06%"
"06/17/2021","7,326.34","7,360.99","7,364.24","7,326.34","404.97K","-0.16%"
"06/16/2021","7,338.30","7,368.27","7,370.76","7,318.08","590.01K","-0.30%"
"06/15/2021","7,360.63","7,385.38","7,397.60","7,339.83","840.53K","-0.33%"
"06/14/2021","7,384.74","7,384.35","7,390.15","7,366.62","427.58K","0.08%"
"06/11/2021","7,379.13","7,371.47","7,391.81","7,359.55","338.82K","0.03%"
"06/10/2021","7,376.68","7,372.06","7,388.78","7,356.67","419.79K","0.13%"
"06/09/2021","7,367.46","7,356.22","7,373.40","7,322.94","318.91K","0.03%"
"06/08/2021","7,364.96","7,360.85","7,379.02","7,349.66","697.15K","-0.12%"
"06/07/2021","7,373.54","7,367.44","7,389.95","7,351.08","427.20K","0.08%"
"06/04/2021","7,367.44","7,372.39","7,394.44","7,358.17","439.11K","-0.04%"
"06/03/2021","7,370.08","7,374.84","7,388.62","7,343.21","766.59K","-0.04%"
"06/02/2021","7,373.34","7,415.25","7,415.25","7,364.18","1.02M","-0.37%"
"06/01/2021","7,400.39","7,407.24","7,418.16","7,387.58","924.24K","0.08%"
"05/31/2021","7,394.62","7,440.42","7,440.42","7,374.64","348.83K","-0.60%"
"05/28/2021","7,439.51","7,403.56","7,439.51","7,389.35","578.44K","0.50%"
"05/27/2021","7,402.55","7,379.33","7,403.66","7,353.87","428.49K","0.21%"
"05/26/2021","7,387.26","7,399.59","7,411.35","7,363.34","516.73K","-0.14%"
"05/25/2021","7,397.43","7,427.85","7,436.55","7,386.89","727.44K","-0.39%"
"05/24/2021","7,426.18","7,431.67","7,450.85","7,411.85","765.95K","-0.03%"
"05/21/2021","7,428.53","7,416.39","7,439.99","7,398.18","1.10M","0.30%"
"05/20/2021","7,406.55","7,394.01","7,409.05","7,379.67","655.99K","0.22%"
"05/19/2021","7,390.17","7,379.21","7,401.53","7,357.34","888.16K","0.13%"
"05/18/2021","7,380.69","7,391.72","7,405.09","7,356.11","611.11K","-0.15%"
"05/17/2021","7,391.73","7,378.67","7,405.20","7,352.48","621.41K","0.41%"
"05/11/2021","7,361.90","7,302.21","7,362.60","7,302.21","881.50K","0.84%"
"05/10/2021","7,300.73","7,270.65","7,303.07","7,250.27","483.68K","0.69%"
"05/07/2021","7,250.68","7,267.63","7,295.13","7,221.97","633.18K","-0.22%"
"05/06/2021","7,266.72","7,242.91","7,270.86","7,230.72","1.12M","0.43%"
"05/05/2021","7,235.35","7,262.02","7,303.36","7,156.07","735.39K","-0.18%"
"05/04/2021","7,248.70","7,209.51","7,278.93","7,209.51","1.26M","0.55%"
"05/03/2021","7,208.99","7,181.37","7,210.09","7,163.66","826.25K","0.63%"
"04/30/2021","7,164.20","7,152.63","7,175.66","7,133.92","707.17K","0.44%"
"04/29/2021","7,133.17","7,094.05","7,136.17","7,087.22","531.44K","0.68%"
"04/28/2021","7,084.90","7,073.85","7,106.86","7,071.35","567.96K","0.19%"
"04/27/2021","7,071.64","7,065.32","7,096.77","7,048.17","425.10K","0.03%"
"04/26/2021","7,069.50","7,071.79","7,092.99","7,038.94","633.39K","0.04%"
"04/23/2021","7,066.59","7,032.11","7,067.32","7,031.25","824.51K","0.49%"
"04/22/2021","7,032.17","7,013.78","7,036.12","6,976.71","759.80K","0.53%"
"04/21/2021","6,994.96","6,973.89","7,004.11","6,970.71","527.99K","0.30%"
"04/20/2021","6,973.89","7,000.38","7,000.38","6,947.01","976.61K","-0.39%"
"04/19/2021","7,001.18","7,028.43","7,036.53","6,988.09","394.45K","-0.40%"
"04/16/2021","7,029.30","7,086.37","7,086.37","7,019.35","637.90K","-0.77%"
"04/15/2021","7,083.70","7,103.70","7,109.60","7,070.35","386.64K","-0.30%"
"04/14/2021","7,104.90","7,125.11","7,136.38","7,070.24","944.37K","-0.26%"
"04/13/2021","7,123.65","7,144.48","7,144.48","7,112.35","1.02M","-0.21%"
"04/12/2021","7,138.42","7,170.33","7,170.33","7,071.20","545.40K","-0.38%"
"04/08/2021","7,165.91","7,217.20","7,226.93","7,165.91","456.20K","-0.43%"
"04/07/2021","7,196.89","7,213.74","7,228.35","7,180.65","457.87K","-0.19%"
"04/06/2021","7,210.68","7,191.89","7,220.68","7,187.22","874.26K","0.48%"
"04/05/2021","7,176.49","7,173.76","7,179.78","7,151.10","1.10M","0.30%"
"04/02/2021","7,154.78","7,132.19","7,160.35","7,120.17","819.32K","0.25%"
"04/01/2021","7,136.63","7,095.71","7,136.66","7,085.46","603.90K","0.67%"
"03/31/2021","7,089.37","7,100.94","7,114.18","7,074.99","788.19K","-0.14%"
"03/30/2021","7,099.30","7,102.14","7,113.11","7,087.54","11.43M","0.11%"
"03/29/2021","7,091.82","7,087.84","7,117.29","7,063.26","690.87K","0.11%"
"03/26/2021","7,083.79","7,078.74","7,099.52","7,037.14","802.51K","0.07%"
"03/25/2021","7,078.74","7,122.91","7,139.17","7,069.17","990.77K","0.05%"
"03/24/2021","7,075.35","6,962.60","7,077.51","6,950.27","705.86K","1.62%"
"03/23/2021","6,962.60","6,908.68","6,962.60","6,893.10","1.18M","1.12%"
"03/22/2021","6,885.77","6,820.53","6,885.77","6,810.02","679.00K","1.16%"
"03/19/2021","6,806.65","6,824.48","6,829.56","6,780.49","831.63K","-0.22%"
"03/18/2021","6,821.54","6,802.93","6,823.38","6,776.91","1.02M","0.35%"
"03/17/2021","6,797.85","6,782.07","6,805.26","6,757.76","1.19M","0.11%"
"03/16/2021","6,790.19","6,831.99","6,857.49","6,785.88","910.37K","-0.56%"
"03/15/2021","6,828.57","6,830.27","6,847.27","6,808.75","716.39K","-0.02%"
"03/12/2021","6,829.98","6,827.90","6,844.14","6,794.57","722.38K","0.13%"
"03/11/2021","6,820.97","6,798.13","6,820.97","6,763.75","879.37K","0.47%"
"03/10/2021","6,789.37","6,781.53","6,801.73","6,759.99","964.72K","0.19%"
"03/09/2021","6,776.26","6,775.74","6,776.26","6,752.00","926.78K","0.01%"
"03/08/2021","6,775.46","6,766.26","6,777.57","6,752.85","1.20M","0.15%"
"03/05/2021","6,765.50","6,745.61","6,765.50","6,707.46","1.52M","0.57%"
"03/04/2021","6,727.30","6,693.50","6,730.19","6,680.95","1.22M","0.64%"
"03/03/2021","6,684.62","6,677.05","6,684.62","6,640.22","690.76K","0.29%"
"03/02/2021","6,665.61","6,661.33","6,668.70","6,623.92","870.92K","0.13%"
"03/01/2021","6,657.16","6,679.99","6,688.28","6,628.35","629.94K","-0.31%"
"02/26/2021","6,677.60","6,690.17","6,690.84","6,645.21","444.51K","-0.17%"
"02/25/2021","6,689.21","6,694.55","6,701.82","6,676.33","343.90K","-0.07%"
"02/24/2021","6,693.79","6,698.86","6,701.01","6,679.88","763.18K","-0.02%"
"02/23/2021","6,695.42","6,707.38","6,720.87","6,677.88","535.87K","-0.03%"
"02/22/2021","6,697.16","6,717.73","6,725.09","6,690.64","631.84K","0.02%"
"02/19/2021","6,695.81","6,711.71","6,737.18","6,686.84","492.70K","-0.19%"
"02/18/2021","6,708.52","6,681.57","6,714.63","6,674.45","651.00K","0.62%"
"02/17/2021","6,667.49","6,680.40","6,687.38","6,649.94","601.76K","-0.14%"
"02/16/2021","6,676.69","6,657.08","6,679.82","6,641.47","1.17M","0.31%"
"02/15/2021","6,656.35","6,665.29","6,680.52","6,640.55","1.11M","0.39%"
"02/12/2021","6,630.65","6,671.78","6,672.70","6,622.68","8.14M","-0.27%"
"02/11/2021","6,648.33","6,660.42","6,662.68","6,614.72","1.84M","-0.02%"
"02/10/2021","6,649.54","6,623.10","6,658.27","6,612.23","1.54M","0.43%"
"02/09/2021","6,620.88","6,609.77","6,655.91","6,599.77","1.75M","0.17%"
"02/08/2021","6,609.70","6,613.31","6,644.07","6,588.16","2.08M","-0.25%"
"02/05/2021","6,625.96","6,631.12","6,640.81","6,602.79","797.83K","0.33%"
"02/04/2021","6,603.92","6,624.46","6,641.09","6,582.32","685.91K","0.00%"
"02/03/2021","6,603.91","6,617.41","6,617.41","6,564.49","523.09K","0.12%"
"02/02/2021","6,596.32","6,636.43","6,645.00","6,591.58","1.36M","-0.59%"
"02/01/2021","6,635.20","6,675.79","6,691.08","6,634.81","363.15K","-0.34%"
"01/29/2021","6,657.83","6,655.33","6,658.15","6,631.38","337.19K","0.06%"
"01/28/2021","6,653.80","6,627.60","6,664.77","6,627.60","714.05K","0.58%"
"01/27/2021","6,615.22","6,643.83","6,666.11","6,612.24","1.60M","-0.44%"
"01/26/2021","6,644.54","6,680.13","6,683.97","6,624.08","450.63K","-0.53%"
"01/25/2021","6,680.05","6,704.17","6,704.95","6,653.85","430.93K","0.42%"
"01/22/2021","6,652.03","6,720.34","6,725.19","6,642.77","896.19K","-0.73%"
"01/21/2021","6,700.90","6,707.45","6,730.78","6,672.73","1.12M","-0.10%"
"01/20/2021","6,707.34","6,716.70","6,716.70","6,685.85","1.22M","-0.13%"
"01/19/2021","6,715.85","6,704.90","6,715.85","6,675.83","779.50K","0.50%"
"01/18/2021","6,682.51","6,712.09","6,720.41","6,667.67","1.91M","-0.52%"
"01/15/2021","6,717.73","6,718.39","6,736.36","6,697.18","646.57K","0.09%"
"01/13/2021","6,711.41","6,743.84","6,744.71","6,688.79","1.04M","-0.34%"
"01/12/2021","6,734.19","6,709.86","6,746.24","6,700.87","872.00K","0.08%"
"01/11/2021","6,729.02","6,743.37","6,743.37","6,703.07","977.16K","-0.21%"
"01/08/2021","6,743.51","6,728.76","6,749.82","6,726.65","842.99K","0.32%"
"01/07/2021","6,721.82","6,737.46","6,744.84","6,712.06","1.00M","-0.31%"
"01/06/2021","6,742.79","6,767.29","6,771.76","6,724.63","941.37K","-0.37%"
"01/05/2021","6,768.02","6,813.48","6,813.48","6,749.11","1.53M","-0.59%"
"01/04/2021","6,808.14","6,882.13","6,882.13","6,798.99","1.01M","-1.12%"
"12/31/2020","6,884.93","6,856.58","6,885.02","6,825.83","1.53M","0.50%"
"12/30/2020","6,850.84","6,862.08","6,880.72","6,832.95","1.69M","-0.07%"
"12/29/2020","6,855.32","6,874.40","6,883.83","6,823.43","6.19M","0.04%"
"12/28/2020","6,852.84","6,868.61","6,893.42","6,829.48","1.48M","-0.22%"
"12/25/2020","6,868.24","6,875.16","6,885.95","6,845.93","3.70M","-0.03%"
"12/24/2020","6,869.99","6,878.12","6,890.08","6,843.26","1.59M","0.20%"
"12/23/2020","6,856.42","6,842.70","6,862.99","6,827.04","1.77M","0.17%"
"12/22/2020","6,844.96","6,866.65","6,882.00","6,822.20","1.36M","-0.35%"
"12/21/2020","6,869.15","6,846.57","6,870.36","6,832.66","1.29M","0.29%"
"12/18/2020","6,849.03","6,835.88","6,851.84","6,822.13","1.12M","0.29%"
"12/17/2020","6,829.24","6,827.93","6,834.32","6,792.72","1.36M","0.15%"
"12/16/2020","6,818.82","6,844.95","6,844.95","6,798.08","945.80K","-0.44%"
"12/15/2020","6,849.12","6,853.70","6,855.63","6,811.22","483.36K","0.13%"
"12/14/2020","6,839.95","6,854.72","6,882.81","6,817.01","1.35M","-0.21%"
"12/11/2020","6,854.55","6,888.83","6,888.83","6,839.19","599.03K","-0.49%"
"12/10/2020","6,888.59","6,895.04","6,921.28","6,876.05","1.39M","-0.07%"
"12/09/2020","6,893.34","6,874.89","6,907.70","6,864.23","1.68M","0.29%"
"12/08/2020","6,873.25","6,857.74","6,883.17","6,837.52","2.74M","0.26%"
"12/07/2020","6,855.60","6,830.68","6,866.40","6,822.13","1.81M","0.39%"
"12/04/2020","6,828.93","6,834.66","6,835.44","6,807.03","883.51K","0.04%"
"12/03/2020","6,826.12","6,840.07","6,853.63","6,805.16","1.85M","0.01%"
"12/02/2020","6,825.23","6,832.61","6,838.60","6,809.90","770.29K","0.14%"
"12/01/2020","6,815.49","6,838.81","6,845.67","6,806.55","550.12K","-0.10%"
"11/30/2020","6,822.53","6,794.03","6,822.71","6,778.36","754.67K","0.59%"
"11/27/2020","6,782.21","6,779.77","6,790.04","6,736.17","693.12K","0.13%"
"11/26/2020","6,773.73","6,804.99","6,807.70","6,762.53","1.00M","-0.47%"
"11/25/2020","6,805.39","6,757.30","6,805.39","6,753.17","714.41K","0.74%"
"11/24/2020","6,755.07","6,759.86","6,767.59","6,742.01","810.83K","0.13%"
"11/23/2020","6,746.34","6,763.23","6,768.00","6,724.89","1.90M","0.07%"
"11/20/2020","6,741.81","6,739.41","6,747.28","6,718.08","1.17M","0.04%"
"11/19/2020","6,739.13","6,714.88","6,740.33","6,705.79","2.18M","0.33%"
"11/18/2020","6,717.07","6,698.63","6,717.07","6,677.11","1.91M","0.25%"
"11/17/2020","6,700.24","6,688.35","6,700.24","6,660.94","1.32M","0.40%"
"11/16/2020","6,673.77","6,645.79","6,674.47","6,631.68","877.17K","0.46%"
"11/13/2020","6,643.39","6,635.80","6,654.57","6,632.97","531.93K","0.19%"
"11/12/2020","6,630.82","6,638.14","6,649.63","6,616.14","844.82K","0.13%"
"11/11/2020","6,622.25","6,625.39","6,647.26","6,602.52","588.55K","0.01%"
"11/10/2020","6,621.56","6,615.66","6,630.16","6,592.02","691.52K","0.26%"
"11/09/2020","6,604.06","6,591.25","6,619.61","6,578.46","439.33K","0.55%"
"11/06/2020","6,567.99","6,535.74","6,581.79","6,523.24","462.72K","0.49%"
"11/05/2020","6,535.74","6,572.44","6,590.48","6,524.12","335.44K","-0.17%"
"11/04/2020","6,546.61","6,590.45","6,593.62","6,527.92","260.53K","-0.04%"
"11/03/2020","6,549.20","6,554.48","6,554.48","6,518.69","495.98K","0.11%"
"11/02/2020","6,541.98","6,580.76","6,584.77","6,520.69","265.44K","-0.20%"
"10/30/2020","6,555.10","6,617.44","6,617.44","6,537.95","305.83K","-0.82%"
"10/28/2020","6,609.61","6,645.55","6,660.19","6,592.45","442.40K","-0.25%"
"10/27/2020","6,626.12","6,650.48","6,655.05","6,582.40","364.39K","-0.30%"
"10/26/2020","6,645.81","6,688.03","6,688.92","6,625.81","329.15K","-0.26%"
"10/23/2020","6,662.96","6,650.82","6,707.12","6,646.68","342.74K","0.20%"
"10/22/2020","6,649.46","6,699.02","6,710.33","6,647.84","802.24K","0.00%"
"10/21/2020","6,649.24","6,624.84","6,650.68","6,616.50","605.66K","-0.02%"
"10/20/2020","6,650.87","6,703.16","6,704.05","6,627.67","533.81K","-0.46%"
"10/19/2020","6,681.27","6,678.59","6,693.91","6,659.01","324.67K","0.07%"
"10/16/2020","6,676.40","6,667.97","6,699.74","6,631.46","541.99K","0.20%"
"10/14/2020","6,662.80","6,668.11","6,669.96","6,638.90","497.89K","0.12%"
"10/13/2020","6,655.08","6,672.76","6,688.17","6,628.16","451.95K","-0.04%"
"10/12/2020","6,658.05","6,681.17","6,683.77","6,634.67","390.67K","-0.26%"
"10/09/2020","6,675.68","6,702.57","6,702.57","6,664.45","403.84K","0.05%"
"10/08/2020","6,672.46","6,672.24","6,712.67","6,658.04","508.47K","0.01%"
"10/07/2020","6,671.97","6,777.76","6,786.73","6,668.46","937.39K","-1.06%"
"10/06/2020","6,743.14","6,714.19","6,752.54","6,711.42","831.27K","0.84%"
"10/05/2020","6,687.17","6,584.74","6,692.34","6,584.74","563.75K","1.82%"
"10/02/2020","6,567.83","6,577.21","6,577.21","6,470.12","1.07M","-0.17%"
"10/01/2020","6,579.02","6,751.69","6,757.33","6,570.13","708.16K","-2.51%"
"09/30/2020","6,748.63","6,833.13","6,842.19","6,724.97","782.69K","-1.20%"
"09/29/2020","6,830.27","6,827.54","6,830.82","6,771.16","577.43K","0.83%"
"09/28/2020","6,774.35","6,822.18","6,826.18","6,753.23","495.50K","-0.52%"
"09/25/2020","6,809.78","6,797.07","6,815.19","6,768.54","902.55K","0.18%"
"09/24/2020","6,797.26","6,835.20","6,846.16","6,769.27","766.83K","-0.53%"
"09/23/2020","6,833.27","6,823.78","6,836.42","6,802.42","1.02M","0.33%"
"09/22/2020","6,811.12","6,842.62","6,842.62","6,784.44","757.86K","-0.53%"
"09/21/2020","6,847.35","6,886.83","6,898.43","6,817.09","537.73K","-0.50%"
"09/18/2020","6,881.57","6,854.60","6,883.41","6,824.51","709.50K","0.41%"
"09/17/2020","6,853.68","6,897.20","6,901.26","6,836.14","720.20K","-0.24%"
"09/16/2020","6,870.18","6,898.08","6,906.02","6,854.76","1.66M","-0.40%"
"09/15/2020","6,897.94","6,909.14","6,911.59","6,876.66","1.35M","0.00%"
"09/14/2020","6,898.06","6,875.49","6,916.32","6,875.49","847.01K","0.50%"
"09/11/2020","6,863.44","6,816.55","6,877.52","6,816.55","1.30M","0.70%"
"09/10/2020","6,815.42","6,809.39","6,823.75","6,776.53","1.16M","0.30%"
"09/09/2020","6,795.02","6,763.74","6,795.02","6,728.71","1.86M","0.69%"
"09/08/2020","6,748.41","6,761.29","6,769.80","6,718.33","1.36M","-0.16%"
"09/07/2020","6,759.12","6,774.03","6,776.28","6,736.12","1.36M","-0.16%"
"09/04/2020","6,770.11","6,763.78","6,777.94","6,736.00","1.13M","0.28%"
"09/03/2020","6,751.39","6,762.51","6,785.74","6,729.23","1.10M","-0.23%"
"09/02/2020","6,767.28","6,768.99","6,796.23","6,748.54","1.40M","0.17%"
"09/01/2020","6,756.07","6,771.65","6,794.51","6,750.68","1.63M","-0.19%"
"08/31/2020","6,769.22","6,770.44","6,792.29","6,751.15","2.51M","0.12%"
"08/28/2020","6,760.83","6,739.03","6,760.83","6,726.08","671.58K","0.32%"
"08/27/2020","6,739.18","6,731.54","6,739.18","6,717.91","625.18K","0.06%"
"08/26/2020","6,735.02","6,721.02","6,745.25","6,720.71","2.93M","0.21%"
"08/25/2020","6,720.62","6,705.91","6,721.94","6,683.55","680.89K","0.22%"
"08/24/2020","6,705.82","6,705.30","6,707.73","6,669.22","758.60K","0.05%"
"08/21/2020","6,702.55","6,683.20","6,714.33","6,665.14","825.53K","0.29%"
"08/19/2020","6,683.34","6,691.76","6,692.75","6,645.66","599.81K","0.18%"
"08/18/2020","6,671.46","6,691.45","6,692.81","6,653.50","756.92K","-0.28%"
"08/17/2020","6,690.03","6,760.33","6,761.77","6,673.52","411.48K","-0.97%"
"08/14/2020","6,755.65","6,758.67","6,785.69","6,742.10","659.43K","-0.04%"
"08/12/2020","6,758.60","6,730.60","6,758.88","6,727.57","1.15M","0.55%"
"08/11/2020","6,721.69","6,699.28","6,740.41","6,686.37","1.25M","0.28%"
"08/10/2020","6,703.02","6,681.28","6,708.00","6,681.28","508.28K","0.57%"
"08/07/2020","6,665.34","6,664.48","6,702.53","6,653.28","535.55K","0.07%"
"08/06/2020","6,660.47","6,682.14","6,729.36","6,657.78","869.35K","-0.41%"
"08/05/2020","6,687.82","6,611.69","6,688.70","6,611.69","551.55K","1.20%"
"08/04/2020","6,608.29","6,589.47","6,608.88","6,557.12","525.19K","0.36%"
"08/03/2020","6,584.27","6,604.60","6,618.17","6,566.97","160.54K","0.00%"
"07/30/2020","6,584.33","6,584.39","6,588.98","6,560.94","307.26K","0.07%"
"07/29/2020","6,579.47","6,583.45","6,593.34","6,579.36","389.15K","-0.08%"
"07/28/2020","6,584.44","6,594.98","6,600.77","6,555.31","609.06K","-0.20%"
"07/27/2020","6,597.49","6,594.20","6,605.41","6,558.02","595.17K","0.01%"
"07/24/2020","6,596.95","6,563.11","6,597.49","6,555.78","604.93K","0.48%"
"07/23/2020","6,565.24","6,579.77","6,582.49","6,544.12","592.51K","0.18%"
"07/22/2020","6,553.40","6,553.17","6,553.89","6,517.08","658.95K","0.37%"
"07/21/2020","6,529.28","6,575.70","6,575.70","6,524.21","704.54K","-0.75%"
"07/20/2020","6,578.60","6,550.59","6,606.95","6,543.83","462.59K","0.43%"
"07/17/2020","6,550.59","6,552.81","6,571.05","6,530.90","598.26K","-0.10%"
"07/16/2020","6,557.10","6,571.85","6,574.90","6,532.50","634.45K","-0.27%"
"07/15/2020","6,574.62","6,601.28","6,607.24","6,556.32","876.52K","-0.24%"
"07/14/2020","6,590.37","6,621.54","6,626.12","6,587.47","823.80K","-0.34%"
"07/13/2020","6,613.18","6,611.43","6,618.85","6,584.22","932.98K","0.06%"
"07/10/2020","6,609.12","6,609.10","6,621.58","6,585.69","1.39M","0.08%"
"07/09/2020","6,603.78","6,602.59","6,614.54","6,568.78","1.08M","-0.02%"
"07/08/2020","6,605.36","6,578.02","6,606.65","6,566.84","1.60M","0.51%"
"07/07/2020","6,571.64","6,571.87","6,589.36","6,558.94","721.26K","-0.16%"
"07/06/2020","6,582.45","6,575.51","6,589.36","6,563.78","917.63K","0.10%"
"07/03/2020","6,575.87","6,552.68","6,580.77","6,552.60","990.82K","0.40%"
"07/02/2020","6,549.89","6,566.28","6,578.74","6,532.83","961.43K","-0.19%"
"07/01/2020","6,562.21","6,616.62","6,634.39","6,546.57","739.49K","-0.99%"
"06/30/2020","6,627.87","6,615.26","6,631.15","6,593.93","814.60K","0.02%"
"06/29/2020","6,626.82","6,616.14","6,634.92","6,583.96","847.75K","0.27%"
"06/26/2020","6,608.85","6,646.33","6,646.33","6,583.34","1.35M","-0.53%"
"06/25/2020","6,643.95","6,700.14","6,713.87","6,628.14","1.70M","-0.80%"
"06/24/2020","6,697.47","6,730.93","6,739.12","6,686.66","1.60M","-0.46%"
"06/23/2020","6,728.61","6,701.59","6,728.61","6,692.88","1.44M","0.41%"
"06/22/2020","6,701.31","6,704.91","6,706.21","6,644.59","967.98K","-0.05%"
"06/19/2020","6,704.74","6,721.02","6,745.79","6,685.81","1.03M","-0.21%"
"06/18/2020","6,718.68","6,744.09","6,744.15","6,682.89","1.46M","-0.12%"
"06/17/2020","6,726.77","6,707.07","6,731.85","6,693.71","2.41M","0.35%"
"06/16/2020","6,703.08","6,704.39","6,724.08","6,690.30","861.70K","0.03%"
"06/15/2020","6,701.00","6,697.98","6,711.57","6,677.78","605.89K","0.06%"
"06/12/2020","6,697.04","6,662.06","6,697.04","6,628.18","602.06K","0.59%"
"06/11/2020","6,658.09","6,637.20","6,683.66","6,615.66","560.61K","0.32%"
"06/10/2020","6,636.56","6,633.92","6,659.92","6,620.32","495.36K","0.14%"
"06/09/2020","6,627.36","6,634.14","6,660.10","6,615.54","680.39K","-0.20%"
"06/08/2020","6,640.47","6,653.86","6,675.77","6,604.08","783.82K","-0.14%"
"06/05/2020","6,649.72","6,626.51","6,652.35","6,617.44","870.12K","0.37%"
"06/04/2020","6,625.07","6,589.88","6,625.25","6,575.66","605.00K","0.76%"
"06/03/2020","6,574.87","6,589.47","6,595.70","6,554.16","777.25K","0.07%"
"06/02/2020","6,570.26","6,541.34","6,576.76","6,523.50","1.19M","0.78%"
"06/01/2020","6,519.15","6,525.38","6,525.38","6,471.53","569.40K","0.47%"
"05/29/2020","6,488.61","6,445.37","6,502.33","6,434.85","654.90K","0.74%"
"05/28/2020","6,440.76","6,470.11","6,484.79","6,437.73","757.17K","-0.42%"
"05/27/2020","6,467.61","6,496.81","6,497.56","6,445.22","473.54K","-0.12%"
"05/26/2020","6,475.09","6,483.26","6,501.69","6,467.88","","0.03%"
"05/22/2020","6,473.12","6,467.56","6,487.08","6,449.85","547.98K","0.44%"
"05/21/2020","6,445.03","6,489.52","6,490.06","6,442.95","","-0.17%"
"05/20/2020","6,455.73","6,443.76","6,477.79","6,430.35","","0.42%"
"05/19/2020","6,428.95","6,437.35","6,488.24","6,427.95","","-0.09%"
"05/18/2020","6,434.83","6,487.12","6,511.81","6,425.43","","-0.74%"
"05/15/2020","6,482.58","6,432.41","6,493.59","6,432.41","","0.76%"
"05/14/2020","6,433.91","6,377.98","6,446.43","6,372.36","","1.04%"
"05/13/2020","6,367.85","6,350.87","6,386.65","6,334.89","","0.57%"
"05/12/2020","6,332.04","6,300.58","6,335.63","6,300.58","","0.69%"
"05/11/2020","6,288.74","6,273.54","6,318.17","6,268.26","","0.30%"
"05/08/2020","6,270.12","6,310.41","6,317.22","6,265.24","","-0.22%"
"05/07/2020","6,283.98","6,274.89","6,307.52","6,248.03","","0.73%"
"05/06/2020","6,238.40","6,258.71","6,286.09","6,201.57","","-0.14%"
"05/05/2020","6,247.24","6,236.27","6,271.17","6,194.85","","0.18%"
"05/04/2020","6,236.27","6,247.62","6,267.84","6,221.79","","0.36%"
"04/30/2020","6,213.89","6,244.94","6,264.48","6,174.91","885.31K","-0.37%"
"04/29/2020","6,236.69","6,301.55","6,306.55","6,212.28","","-0.92%"
"04/28/2020","6,294.37","6,365.24","6,380.77","6,281.66","","-0.88%"
"04/27/2020","6,350.30","6,374.69","6,388.38","6,342.69","","-0.11%"
"04/24/2020","6,357.40","6,382.81","6,433.73","6,357.40","","-0.13%"
"04/23/2020","6,365.80","6,378.74","6,387.37","6,315.84","242.15K","0.50%"
"04/22/2020","6,333.83","6,351.28","6,359.71","6,316.27","688.59K","0.14%"
"04/21/2020","6,324.68","6,339.50","6,375.89","6,317.35","684.23K","-0.23%"
"04/20/2020","6,339.07","6,304.20","6,341.88","6,266.33","388.20K","0.91%"
"04/17/2020","6,282.08","6,274.34","6,305.78","6,257.80","363.50K","0.33%"
"04/16/2020","6,261.72","6,250.62","6,298.60","6,219.64","222.50K","0.34%"
"04/15/2020","6,240.60","6,248.97","6,272.03","6,238.73","222.62K","0.05%"
"04/14/2020","6,237.38","6,259.40","6,279.03","6,216.93","205.51K","-0.18%"
"04/13/2020","6,248.52","6,259.75","6,301.29","6,223.06","310.66K","0.01%"
"04/08/2020","6,247.93","6,269.42","6,283.21","6,213.33","369.87K","-0.24%"
"04/07/2020","6,262.81","6,244.83","6,289.63","6,210.02","290.46K","0.56%"
"04/06/2020","6,227.91","6,264.14","6,264.14","6,189.48","205.19K","-0.41%"
"04/03/2020","6,253.63","6,338.35","6,389.05","6,238.15","217.91K","-1.33%"
"04/02/2020","6,337.93","6,483.54","6,483.54","6,335.68","362.75K","-2.33%"
"04/01/2020","6,489.36","6,486.18","6,507.00","6,432.61","435.06K","0.09%"
"03/31/2020","6,483.38","6,461.90","6,501.99","6,418.90","389.89K","0.77%"
"03/30/2020","6,433.65","6,427.28","6,459.60","6,373.11","829.85K","0.34%"
"03/27/2020","6,412.02","6,432.65","6,519.83","6,411.30","1.80M","-0.19%"
"03/26/2020","6,424.13","6,377.98","6,452.81","6,375.10","1.87M","1.07%"
"03/25/2020","6,355.83","6,339.36","6,385.91","6,335.71","334.42K","0.59%"
"03/24/2020","6,318.74","6,233.83","6,319.37","6,233.83","630.23K","1.92%"
"03/23/2020","6,199.98","6,167.10","6,202.26","6,122.86","251.56K","1.00%"
"03/19/2020","6,138.82","6,185.90","6,225.42","6,105.57","568.93K","-0.33%"
"03/18/2020","6,158.90","6,031.63","6,160.82","6,000.43","540.62K","0.70%"
"03/17/2020","6,116.16","6,312.59","6,312.59","6,116.16","273.22K","-3.71%"
"03/16/2020","6,351.80","6,618.00","6,618.00","6,351.80","513.03K","-4.10%"
"03/13/2020","6,623.32","6,805.25","6,805.25","6,593.14","593.06K","-2.77%"
"03/12/2020","6,811.72","6,918.69","6,919.95","6,782.46","1.76M","-1.49%"
"03/11/2020","6,914.63","6,864.03","6,923.81","6,854.72","432.29K","0.73%"
"03/10/2020","6,864.83","6,915.45","6,915.45","6,778.39","418.61K","-0.83%"
"03/09/2020","6,922.09","7,020.94","7,024.60","6,909.53","798.05K","-1.47%"
"03/06/2020","7,025.31","7,130.67","7,135.50","6,984.86","540.93K","-1.23%"
"03/05/2020","7,112.99","7,171.32","7,177.25","7,066.53","617.75K","-0.70%"
"03/04/2020","7,163.22","7,182.49","7,189.30","7,142.34","329.50K","-0.25%"
"03/03/2020","7,180.89","7,210.00","7,232.07","7,145.85","551.59K","-0.33%"
"03/02/2020","7,204.39","7,176.88","7,219.71","7,176.88","390.55K","0.46%"
"02/28/2020","7,171.31","7,150.52","7,180.80","7,150.52","531.12K","0.29%"
"02/27/2020","7,150.68","7,135.52","7,150.83","7,121.46","244.23K","0.21%"
"02/26/2020","7,135.53","7,144.05","7,164.76","7,121.64","176.36K","-0.17%"
"02/25/2020","7,147.42","7,176.24","7,187.85","7,140.72","292.32K","-0.36%"
"02/24/2020","7,173.11","7,179.81","7,185.99","7,152.22","331.37K","0.07%"
"02/21/2020","7,168.03","7,170.94","7,176.94","7,157.05","581.13K","-0.01%"
"02/20/2020","7,168.43","7,174.01","7,190.68","7,147.63","445.12K","0.10%"
"02/19/2020","7,160.96","7,151.31","7,160.96","7,131.60","425.99K","0.16%"
"02/18/2020","7,149.78","7,153.80","7,159.77","7,116.62","376.01K","0.16%"
"02/17/2020","7,138.31","7,116.17","7,144.12","7,105.04","375.37K","0.32%"
"02/14/2020","7,115.50","7,110.46","7,126.05","7,090.95","679.05K","0.07%"
"02/13/2020","7,110.26","7,099.02","7,126.83","7,084.31","575.16K","0.25%"
"02/12/2020","7,092.34","7,088.43","7,108.12","7,068.58","594.72K","0.10%"
"02/11/2020","7,085.31","7,104.45","7,114.01","7,065.62","514.94K","-0.06%"
"02/10/2020","7,089.64","7,095.33","7,105.99","7,041.60","566.84K","-0.15%"
"02/07/2020","7,100.09","7,085.53","7,112.79","7,073.08","497.17K","0.39%"
"02/06/2020","7,072.19","7,060.12","7,084.35","7,043.68","612.69K","0.00%"
"02/05/2020","7,072.09","7,087.66","7,110.13","7,066.35","732.99K","-0.08%"
"02/04/2020","7,077.53","7,091.97","7,109.08","7,063.11","714.97K","-0.19%"
"02/03/2020","7,091.00","7,082.71","7,094.64","7,043.61","1.21M","0.15%"
"01/31/2020","7,080.15","7,056.16","7,080.15","7,033.18","705.88K","0.37%"
"01/30/2020","7,054.38","7,065.81","7,067.96","7,042.06","445.31K","0.05%"
"01/29/2020","7,051.05","7,062.77","7,068.98","7,033.83","457.87K","-0.15%"
"01/28/2020","7,061.63","7,052.62","7,071.88","7,045.10","630.42K","0.13%"
"01/27/2020","7,052.62","7,035.58","7,054.33","6,999.21","574.04K","0.57%"
"01/24/2020","7,012.64","6,980.71","7,030.24","6,957.58","859.88K","0.39%"
"01/23/2020","6,985.23","6,980.84","6,996.06","6,955.40","431.04K","0.11%"
"01/22/2020","6,977.33","6,951.76","6,980.87","6,925.32","411.40K","0.30%"
"01/21/2020","6,956.80","6,959.60","6,974.64","6,905.47","390.99K","0.23%"
"01/20/2020","6,940.65","6,909.32","6,950.53","6,909.32","280.84K","0.54%"
"01/17/2020","6,903.63","6,918.36","6,928.12","6,873.05","332.64K","-0.20%"
"01/16/2020","6,917.59","6,902.02","6,930.63","6,889.38","406.34K","0.22%"
"01/15/2020","6,902.30","6,892.28","6,910.05","6,887.02","236.11K","0.29%"
"01/13/2020","6,882.41","6,863.47","6,894.88","6,857.45","294.23K","0.19%"
"01/10/2020","6,869.63","6,881.14","6,893.85","6,846.52","285.93K","-0.20%"
"01/09/2020","6,883.26","6,893.55","6,904.05","6,847.34","332.37K","-0.10%"
"01/08/2020","6,889.97","6,923.17","6,930.16","6,871.21","378.21K","-0.42%"
"01/07/2020","6,919.37","6,965.31","6,976.64","6,905.46","575.28K","-0.67%"
"01/06/2020","6,966.09","6,990.56","7,031.75","6,944.67","437.57K","-0.44%"
"01/03/2020","6,996.86","7,031.99","7,033.15","6,976.19","745.36K","-0.61%"
"01/02/2020","7,039.73","7,097.65","7,097.65","7,037.65","328.72K","-1.16%"
"12/31/2019","7,122.09","7,132.58","7,165.84","7,108.04","484.85K","-0.13%"
"12/30/2019","7,131.71","7,107.59","7,135.22","7,082.25","549.80K","1.12%"
"12/27/2019","7,053.02","7,055.85","7,071.37","7,021.98","594.22K","0.27%"
"12/26/2019","7,034.04","7,020.05","7,051.01","7,008.77","434.05K","-0.10%"
"12/25/2019","7,041.13","6,994.44","7,042.54","6,994.44","1.24M","0.73%"
"12/24/2019","6,990.29","6,976.47","6,990.29","6,969.01","337.58K","0.24%"
"12/23/2019","6,973.23","6,979.69","6,985.41","6,959.23","274.23K","0.00%"
"12/20/2019","6,973.00","6,981.56","6,988.31","6,959.82","599.82K","-0.13%"
"12/19/2019","6,982.26","6,991.78","6,992.01","6,961.44","460.05K","-0.02%"
"12/18/2019","6,983.74","6,973.01","6,984.72","6,957.62","564.90K","0.13%"
"12/17/2019","6,974.71","6,985.86","6,994.58","6,955.53","425.57K","-0.14%"
"12/16/2019","6,984.41","7,000.79","7,011.20","6,976.57","369.15K","0.01%"
"12/13/2019","6,983.60","6,994.04","6,999.99","6,972.09","541.85K","-0.11%"
"12/12/2019","6,991.44","7,000.00","7,007.06","6,956.24","441.73K","-0.03%"
"12/11/2019","6,993.62","7,016.55","7,027.89","6,976.14","412.32K","-0.33%"
"12/10/2019","7,016.52","7,038.89","7,064.87","6,975.23","386.49K","-0.27%"
"12/09/2019","7,035.34","7,015.90","7,044.14","7,011.12","137.67K","0.38%"
"12/06/2019","7,008.94","6,976.75","7,042.62","6,976.75","377.03K","0.69%"
"12/05/2019","6,961.05","6,968.89","7,003.00","6,960.73","275.39K","-0.04%"
"12/04/2019","6,963.75","6,966.43","6,999.40","6,937.71","285.54K","0.10%"
"12/03/2019","6,956.95","6,963.68","7,006.64","6,951.35","237.93K","-0.05%"
"12/02/2019","6,960.75","6,955.08","6,977.22","6,949.29","216.05K","0.16%"
"11/29/2019","6,949.46","6,935.11","6,959.90","6,918.78","296.84K","0.16%"
"11/28/2019","6,938.17","6,924.61","6,947.79","6,905.49","395.21K","0.14%"
"11/27/2019","6,928.69","6,925.86","6,948.52","6,903.01","266.34K","0.12%"
"11/26/2019","6,920.52","6,937.13","6,954.97","6,908.26","417.49K","-0.13%"
"11/25/2019","6,929.87","6,939.55","6,968.61","6,901.09","291.56K","-0.09%"
"11/22/2019","6,936.31","6,935.30","6,951.73","6,921.84","424.31K","0.02%"
"11/21/2019","6,934.75","6,945.86","6,963.82","6,934.02","1.25M","-0.15%"
"11/20/2019","6,945.44","6,977.03","6,983.17","6,945.23","239.83K","-0.40%"
"11/19/2019","6,973.21","6,971.79","6,986.08","6,940.18","659.89K","0.02%"
"11/18/2019","6,971.70","6,991.01","7,006.27","6,970.44","515.83K","-0.26%"
"11/15/2019","6,990.03","6,993.42","7,030.28","6,960.85","538.33K","-0.05%"
"11/14/2019","6,993.59","6,999.94","7,010.44","6,987.78","361.56K","0.01%"
"11/13/2019","6,992.98","6,994.46","7,000.61","6,972.85","348.21K","-0.02%"
"11/12/2019","6,994.52","7,005.09","7,007.86","6,985.29","457.17K","-0.13%"
"11/11/2019","7,003.46","7,009.44","7,017.72","6,990.00","264.98K","-0.09%"
"11/08/2019","7,010.08","6,983.39","7,029.51","6,983.39","633.07K","0.40%"
"11/07/2019","6,981.82","6,985.79","6,992.13","6,965.38","485.07K","-0.06%"
"11/06/2019","6,985.78","6,977.86","6,986.77","6,962.20","415.25K","0.11%"
"11/05/2019","6,977.86","6,973.23","6,977.92","6,951.86","464.95K","-0.06%"
"11/04/2019","6,981.72","7,008.49","7,010.53","6,979.32","180.96K","-0.16%"
"11/01/2019","6,993.01","6,997.65","7,008.32","6,981.99","238.09K","0.05%"
"10/31/2019","6,989.69","6,971.11","6,991.28","6,959.21","251.42K","0.38%"
"10/30/2019","6,963.07","6,999.02","7,005.49","6,950.92","317.83K","-0.65%"
"10/29/2019","7,008.36","7,016.00","7,022.91","6,989.42","417.31K","-0.12%"
"10/28/2019","7,016.45","7,049.94","7,051.03","7,002.81","303.74K","-0.18%"
"10/25/2019","7,028.99","7,070.22","7,085.04","7,019.83","496.56K","-0.16%"
"10/24/2019","7,040.29","7,056.94","7,062.72","7,029.60","618.44K","-0.14%"
"10/23/2019","7,049.90","7,035.79","7,057.93","7,013.79","749.60K","0.17%"
"10/22/2019","7,037.87","7,057.73","7,067.52","7,032.51","524.12K","-0.27%"
"10/21/2019","7,056.87","7,060.84","7,096.19","7,056.65","543.35K","-0.05%"
"10/18/2019","7,060.59","7,063.90","7,081.99","7,044.52","353.42K","0.05%"
"10/17/2019","7,056.80","7,033.64","7,064.03","7,033.64","601.72K","0.33%"
"10/16/2019","7,033.48","7,015.91","7,033.54","7,012.81","515.74K","0.34%"
"10/14/2019","7,009.72","6,996.96","7,013.68","6,990.96","118.56K","0.11%"
"10/11/2019","7,002.24","7,015.73","7,023.46","6,999.50","260.69K","-0.09%"
"10/10/2019","7,008.74","7,007.95","7,021.28","6,997.17","344.22K","-0.07%"
"10/09/2019","7,014.00","7,022.68","7,034.82","7,008.42","470.90K","-0.12%"
"10/08/2019","7,022.42","7,026.44","7,044.92","7,022.20","335.29K","-0.04%"
"10/07/2019","7,025.47","7,038.97","7,053.08","7,015.09","366.21K","-0.09%"
"10/04/2019","7,032.00","7,041.73","7,060.09","7,030.26","272.85K","-0.11%"
"10/03/2019","7,039.86","7,021.30","7,048.27","7,021.30","289.50K","0.29%"
"10/02/2019","7,019.26","7,038.58","7,058.74","7,002.31","424.11K","-0.27%"
"10/01/2019","7,038.60","7,048.00","7,051.39","7,018.99","438.75K","-0.18%"
"09/30/2019","7,051.03","7,094.77","7,099.10","7,038.40","268.28K","-0.53%"
"09/27/2019","7,088.49","7,090.22","7,098.13","7,060.92","300.26K","0.01%"
"09/26/2019","7,087.90","7,063.28","7,095.19","7,063.28","462.92K","0.31%"
"09/25/2019","7,066.11","7,064.63","7,076.50","7,031.88","448.77K","0.35%"
"09/24/2019","7,041.77","7,076.31","7,076.85","7,035.91","256.94K","-0.48%"
"09/23/2019","7,075.84","7,103.25","7,120.76","7,068.56","368.97K","-0.41%"
"09/20/2019","7,105.16","7,123.80","7,127.53","7,089.32","142.54K","0.01%"
"09/19/2019","7,104.73","7,123.88","7,131.56","7,087.21","192.29K","-0.29%"
"09/18/2019","7,125.38","7,094.87","7,129.90","7,085.24","100.28K","0.28%"
"09/17/2019","7,105.14","7,116.70","7,145.65","7,105.10","174.09K","-0.16%"
"09/16/2019","7,116.57","7,119.39","7,134.91","7,078.53","220.09K","-0.01%"
"09/13/2019","7,117.41","7,123.29","7,130.00","7,109.47","312.45K","-0.04%"
"09/12/2019","7,120.47","7,131.87","7,155.46","7,106.66","1.07M","0.07%"
"09/11/2019","7,115.62","7,129.98","7,160.90","7,102.62","385.54K","-0.13%"
"09/10/2019","7,124.86","7,153.63","7,153.63","7,117.85","427.87K","-0.34%"
"09/09/2019","7,149.09","7,157.58","7,176.42","7,137.12","","-0.07%"
"09/06/2019","7,153.93","7,200.91","7,214.87","7,146.75","283.40K","-0.65%"
"09/05/2019","7,200.78","7,217.12","7,235.28","7,176.77","189.71K","-0.16%"
"09/04/2019","7,212.15","7,233.33","7,233.72","7,180.54","648.94K","-0.20%"
"09/03/2019","7,226.70","7,225.96","7,241.20","7,222.93","201.58K","-0.11%"
"09/02/2019","7,234.63","7,278.56","7,301.03","7,228.50","239.38K","-0.60%"
"08/30/2019","7,278.43","7,255.46","7,289.48","7,254.92","377.80K","0.49%"
"08/29/2019","7,242.63","7,217.24","7,251.76","7,210.87","314.57K","0.38%"
"08/28/2019","7,214.95","7,176.07","7,230.01","7,175.70","358.50K","0.47%"
"08/27/2019","7,181.14","7,189.73","7,199.67","7,173.62","710.29K","-0.12%"
"08/26/2019","7,189.49","7,190.59","7,207.60","7,185.21","374.26K","-0.22%"
"08/23/2019","7,205.61","7,187.53","7,214.93","7,181.21","278.81K","0.15%"
"08/22/2019","7,194.58","7,166.39","7,194.58","7,149.46","335.72K","0.28%"
"08/21/2019","7,174.75","7,173.10","7,187.86","7,165.44","217.54K","0.07%"
"08/20/2019","7,169.38","7,173.43","7,178.74","7,152.49","242.07K","-0.04%"
"08/19/2019","7,172.36","7,168.19","7,176.44","7,158.10","136.16K","0.06%"
"08/16/2019","7,168.06","7,177.28","7,190.96","7,167.57","145.64K","-0.14%"
"08/15/2019","7,177.83","7,185.07","7,185.07","7,165.83","140.55K","-0.06%"
"08/14/2019","7,182.25","7,191.60","7,192.37","7,164.16","159.68K","-0.13%"
"08/09/2019","7,191.60","7,192.36","7,199.24","7,179.70","246.98K","0.01%"
"08/08/2019","7,191.15","7,205.24","7,216.42","7,181.42","260.69K","-0.18%"
"08/07/2019","7,203.84","7,180.12","7,213.87","7,180.12","327.59K","0.28%"
"08/06/2019","7,183.71","7,178.17","7,193.68","7,163.74","229.79K","0.06%"
"08/05/2019","7,179.27","7,189.31","7,199.19","7,169.85","291.40K","0.12%"
"08/02/2019","7,170.47","7,157.92","7,187.40","7,152.02","279.29K","-0.10%"
"08/01/2019","7,177.85","7,143.28","7,177.85","7,122.34","292.67K","0.19%"
"07/31/2019","7,163.97","7,159.89","7,181.93","7,148.92","336.09K","0.20%"
"07/30/2019","7,149.70","7,168.43","7,168.86","7,135.57","326.59K","-0.20%"
"07/29/2019","7,164.33","7,181.21","7,186.40","7,141.21","296.87K","-0.05%"
"07/26/2019","7,167.63","7,164.13","7,174.14","7,156.68","146.03K","0.10%"
"07/24/2019","7,160.77","7,160.73","7,165.30","7,145.58","259.75K","-0.04%"
"07/23/2019","7,163.61","7,196.96","7,204.17","7,163.58","302.07K","-0.47%"
"07/22/2019","7,197.19","7,204.86","7,206.64","7,182.15","330.56K","-0.06%"
"07/19/2019","7,201.31","7,247.65","7,252.45","7,200.93","393.95K","-0.69%"
"07/18/2019","7,251.20","7,266.42","7,275.30","7,235.38","222.83K","-0.15%"
"07/17/2019","7,262.04","7,285.71","7,292.74","7,258.05","789.99K","-0.23%"
"07/16/2019","7,278.89","7,263.46","7,278.89","7,246.42","518.10K","0.22%"
"07/15/2019","7,262.99","7,247.91","7,262.99","7,236.46","295.19K","0.12%"
"07/12/2019","7,254.36","7,234.64","7,261.75","7,227.61","482.62K","0.26%"
"07/11/2019","7,235.60","7,253.57","7,253.57","7,210.41","397.35K","-0.10%"
"07/10/2019","7,242.96","7,229.53","7,242.96","7,206.64","417.87K","0.18%"
"07/09/2019","7,230.01","7,234.39","7,246.82","7,229.73","432.80K","-0.04%"
"07/08/2019","7,233.03","7,224.50","7,273.86","7,224.50","446.16K","0.22%"
"07/05/2019","7,217.43","7,203.98","7,220.11","7,188.58","558.29K","0.33%"
"07/04/2019","7,193.85","7,196.92","7,215.80","7,189.61","421.19K","0.05%"
"07/03/2019","7,189.95","7,165.72","7,201.06","7,165.72","501.47K","0.38%"
"07/02/2019","7,163.01","7,177.94","7,180.90","7,137.89","312.20K","-0.20%"
"07/01/2019","7,177.48","7,149.78","7,188.70","7,149.70","191.33K","0.40%"
"06/28/2019","7,149.00","7,092.98","7,149.00","7,092.98","291.88K","1.18%"
"06/27/2019","7,065.51","7,163.02","7,184.99","7,062.08","1.01M","-1.35%"
"06/26/2019","7,162.21","7,153.25","7,162.33","7,144.45","575.23K","0.20%"
"06/25/2019","7,148.18","7,134.26","7,159.77","7,125.89","498.65K","0.35%"
"06/24/2019","7,123.28","7,106.20","7,130.46","7,106.20","409.93K","0.29%"
"06/21/2019","7,102.52","7,107.30","7,119.26","7,079.14","577.52K","-0.02%"
"06/20/2019","7,103.68","7,100.45","7,109.60","7,093.15","497.64K","0.02%"
"06/19/2019","7,102.17","7,085.93","7,103.87","7,070.08","532.72K","0.30%"
"06/18/2019","7,080.88","7,085.43","7,100.66","7,072.13","618.45K","-0.01%"
"06/17/2019","7,081.56","7,087.29","7,094.28","7,073.71","379.38K","0.07%"
"06/14/2019","7,076.61","7,080.43","7,098.81","7,057.01","725.14K","-0.18%"
"06/13/2019","7,089.11","7,070.70","7,093.03","7,058.84","691.84K","0.21%"
"06/12/2019","7,074.49","7,043.60","7,079.28","7,019.29","697.09K","0.74%"
"06/11/2019","7,022.56","7,080.07","7,080.07","6,991.22","505.40K","-0.70%"
"06/10/2019","7,071.89","7,082.69","7,082.69","7,052.57","662.07K","-0.13%"
"06/07/2019","7,081.27","7,059.13","7,081.57","7,041.37","147.59K","0.40%"
"06/03/2019","7,052.80","7,062.01","7,062.01","7,037.55","249.38K","0.17%"
"05/31/2019","7,040.96","7,035.25","7,043.87","7,022.58","335.55K","0.08%"
"05/30/2019","7,035.16","7,030.23","7,045.27","7,014.76","366.73K","0.28%"
"05/29/2019","7,015.75","6,969.49","7,024.60","6,966.82","241.35K","0.64%"
"05/28/2019","6,970.93","6,964.29","6,993.17","6,957.02","525.78K","0.12%"
"05/27/2019","6,962.23","6,960.50","6,992.81","6,939.35","247.74K","0.08%"
"05/24/2019","6,956.91","6,932.68","6,956.92","6,903.07","446.96K","0.42%"
"05/23/2019","6,928.09","6,919.34","6,928.09","6,903.66","291.29K","0.18%"
"05/22/2019","6,915.46","6,916.31","6,933.43","6,903.66","258.16K","0.06%"
"05/21/2019","6,911.43","6,937.48","6,939.85","6,904.62","271.04K","-0.38%"
"05/20/2019","6,937.48","6,991.03","6,991.03","6,924.42","229.12K","-0.36%"
"05/17/2019","6,962.54","6,944.80","6,970.08","6,936.06","233.45K","0.26%"
"05/16/2019","6,944.35","6,913.30","6,944.35","6,887.47","384.71K","0.41%"
"05/15/2019","6,916.12","6,930.12","6,934.54","6,896.92","323.91K","-0.05%"
"05/14/2019","6,919.82","6,936.14","6,944.34","6,908.52","388.13K","-0.26%"
"05/13/2019","6,938.11","6,950.43","6,950.43","6,915.13","283.15K","0.29%"
"05/10/2019","6,917.78","6,935.92","6,945.70","6,901.64","308.67K","0.14%"
"05/09/2019","6,907.82","6,877.06","6,907.82","6,874.71","315.38K","0.37%"
"05/08/2019","6,882.55","6,915.37","6,920.44","6,881.92","380.07K","-0.04%"
"05/07/2019","6,885.24","6,881.56","6,892.79","6,872.25","328.91K","0.04%"
"05/06/2019","6,882.74","6,878.93","6,911.92","6,876.01","198.38K","0.38%"
"05/03/2019","6,857.02","6,894.45","6,894.45","6,840.96","263.44K","-0.44%"
"05/02/2019","6,887.21","6,878.10","6,889.01","6,856.25","229.53K","0.03%"
"04/30/2019","6,885.12","6,881.98","6,905.99","6,871.97","291.91K","-0.11%"
"04/29/2019","6,892.52","6,934.03","6,941.07","6,882.40","282.54K","-0.52%"
"04/26/2019","6,928.27","6,959.04","6,959.04","6,882.82","378.17K","-0.23%"
"04/25/2019","6,944.33","6,940.70","6,964.69","6,908.05","468.18K","0.03%"
"04/24/2019","6,942.07","6,951.60","6,964.81","6,923.85","779.35K","-0.12%"
"04/23/2019","6,950.37","6,965.32","6,984.50","6,931.65","505.88K","-0.15%"
"04/22/2019","6,960.48","6,937.61","6,968.96","6,933.53","521.51K","0.22%"
"04/19/2019","6,945.24","6,944.89","6,967.97","6,933.26","437.23K","0.04%"
"04/18/2019","6,942.17","6,950.45","6,972.25","6,895.06","586.19K","-0.01%"
"04/17/2019","6,942.86","6,958.71","6,958.87","6,912.59","603.13K","0.01%"
"04/16/2019","6,942.07","6,942.73","6,945.35","6,922.68","701.05K","-0.09%"
"04/15/2019","6,948.31","6,950.21","6,994.70","6,945.64","554.90K","-0.07%"
"04/12/2019","6,952.83","6,946.26","6,963.89","6,926.45","564.26K","0.57%"
"04/11/2019","6,913.64","6,930.95","6,933.42","6,910.59","436.58K","-0.27%"
"04/10/2019","6,932.11","6,929.78","6,942.09","6,892.40","405.70K","0.06%"
"04/08/2019","6,928.03","6,950.04","6,959.60","6,892.12","390.52K","-0.57%"
"04/05/2019","6,967.69","6,960.11","6,968.90","6,933.56","491.95K","0.39%"
"04/04/2019","6,940.39","6,892.86","6,941.96","6,871.73","694.30K","0.77%"
"04/03/2019","6,887.35","6,876.19","6,900.81","6,870.55","669.78K","0.20%"
"04/02/2019","6,873.54","6,855.94","6,907.50","6,855.94","579.21K","0.17%"
"04/01/2019","6,862.12","6,845.04","6,862.12","6,833.51","483.55K","0.01%"
"03/29/2019","6,861.49","6,932.28","6,932.28","6,831.79","577.70K","-0.98%"
"03/28/2019","6,929.18","6,978.84","6,994.01","6,881.90","531.06K","-0.67%"
"03/27/2019","6,975.66","7,017.84","7,043.31","6,975.66","602.24K","-0.27%"
"03/26/2019","6,994.69","6,948.53","7,028.72","6,948.53","852.53K","0.66%"
"03/25/2019","6,949.17","6,878.47","6,979.33","6,878.47","819.72K","0.96%"
"03/22/2019","6,883.03","6,838.04","6,895.41","6,838.04","454.42K","0.75%"
"03/21/2019","6,831.79","6,813.47","6,861.67","6,799.80","468.97K","0.65%"
"03/19/2019","6,787.52","6,839.59","6,842.55","6,766.20","389.72K","-0.63%"
"03/18/2019","6,830.58","6,851.59","6,851.59","6,762.23","330.23K","-0.32%"
"03/15/2019","6,852.42","6,898.37","6,947.40","6,827.92","499.55K","-0.78%"
"03/14/2019","6,906.50","6,899.38","6,920.01","6,872.28","637.01K","0.18%"
"03/13/2019","6,894.28","6,973.47","6,980.52","6,886.21","470.74K","-1.20%"
"03/12/2019","6,978.27","7,028.79","7,028.79","6,972.58","607.45K","-0.87%"
"03/11/2019","7,039.80","7,078.87","7,086.00","7,026.12","406.23K","-0.56%"
"03/08/2019","7,079.39","7,111.99","7,116.30","7,069.34","828.33K","-0.52%"
"03/07/2019","7,116.57","7,106.73","7,118.95","7,070.51","692.96K","0.25%"
"03/06/2019","7,098.80","7,087.06","7,099.06","7,059.87","873.15K","0.17%"
"03/05/2019","7,086.56","7,117.71","7,123.39","7,084.02","536.47K","-0.61%"
"03/04/2019","7,130.18","7,141.50","7,167.16","7,130.18","721.88K","-0.20%"
"03/01/2019","7,144.63","7,155.71","7,159.46","7,111.79","1.43M","0.44%"
"02/28/2019","7,113.57","7,144.37","7,151.33","7,102.93","1.04M","-0.54%"
"02/27/2019","7,152.52","7,176.93","7,177.85","7,111.25","1.22M","-0.15%"
"02/26/2019","7,163.25","7,190.51","7,191.22","7,136.38","1.49M","-0.32%"
"02/25/2019","7,186.30","7,217.99","7,225.47","7,166.57","1.18M","0.01%"
"02/22/2019","7,185.67","7,191.85","7,202.07","7,159.99","750.88K","0.15%"
"02/21/2019","7,175.23","7,156.16","7,193.50","7,156.16","682.75K","0.19%"
"02/20/2019","7,161.69","7,135.25","7,162.99","7,117.00","917.02K","0.37%"
"02/19/2019","7,135.54","7,118.86","7,144.74","7,107.50","564.27K","0.30%"
"02/18/2019","7,114.51","7,094.88","7,120.32","7,086.30","511.24K","0.12%"
"02/15/2019","7,106.05","7,082.69","7,107.26","7,078.06","542.61K","0.45%"
"02/14/2019","7,074.50","7,068.70","7,099.09","7,068.70","626.84K","0.09%"
"02/13/2019","7,068.31","7,087.50","7,094.05","7,056.00","600.31K","-0.42%"
"02/12/2019","7,098.30","7,136.86","7,145.41","7,073.87","526.35K","-0.61%"
"02/11/2019","7,141.80","7,174.79","7,181.61","7,123.25","590.54K","-0.29%"
"02/08/2019","7,162.85","7,187.14","7,188.24","7,131.96","755.27K","-0.02%"
"02/07/2019","7,164.19","7,195.63","7,196.05","7,153.30","545.86K","-0.42%"
"02/06/2019","7,194.41","7,206.52","7,206.52","7,173.94","541.33K","-0.18%"
"02/05/2019","7,207.74","7,234.64","7,240.56","7,188.46","624.15K","-0.41%"
"02/04/2019","7,237.33","7,245.09","7,247.72","7,218.98","637.74K","0.04%"
"02/01/2019","7,234.31","7,261.78","7,266.79","7,226.72","680.83K","-0.38%"
"01/31/2019","7,262.05","7,241.87","7,272.72","7,241.05","777.73K","0.25%"
"01/30/2019","7,243.99","7,217.28","7,253.38","7,217.28","1.47M","0.21%"
"01/29/2019","7,228.58","7,201.90","7,240.81","7,183.69","351.37K","0.38%"
"01/28/2019","7,201.41","7,212.31","7,238.95","7,201.41","476.82K","-0.20%"
"01/25/2019","7,215.87","7,202.30","7,230.73","7,178.04","286.09K","0.17%"
"01/24/2019","7,203.35","7,250.46","7,264.02","7,203.35","535.49K","-0.68%"
"01/23/2019","7,252.79","7,250.94","7,259.25","7,227.59","641.19K","0.00%"
"01/22/2019","7,252.56","7,272.44","7,281.32","7,228.71","658.86K","-0.12%"
"01/21/2019","7,261.27","7,263.37","7,285.96","7,232.13","539.59K","0.13%"
"01/18/2019","7,251.62","7,265.15","7,287.21","7,233.99","686.55K","0.04%"
"01/17/2019","7,248.50","7,241.98","7,284.76","7,241.98","606.14K","0.27%"
"01/16/2019","7,229.09","7,184.98","7,229.09","7,170.66","359.58K","0.78%"
"01/15/2019","7,172.97","7,184.14","7,187.87","7,158.58","507.10K","-0.24%"
"01/11/2019","7,190.33","7,146.77","7,191.35","7,136.52","432.17K","0.71%"
"01/10/2019","7,139.84","7,178.40","7,192.27","7,139.29","312.92K","-0.34%"
"01/09/2019","7,164.11","7,202.97","7,211.18","7,150.28","664.58K","-0.59%"
"01/08/2019","7,206.83","7,200.18","7,207.65","7,169.84","1.15M","0.54%"
"01/07/2019","7,168.07","7,197.19","7,207.60","7,168.07","529.27K","-0.29%"
"01/04/2019","7,188.87","7,202.51","7,218.99","7,184.68","698.21K","-0.20%"
"01/03/2019","7,203.36","7,211.23","7,232.35","7,183.92","515.75K","-0.17%"
"01/02/2019","7,215.84","7,274.59","7,275.55","7,202.28","527.54K","-0.77%"