"Date","Price","Open","High","Low","Vol.","Change %"
"12/31/2025","2.8854","2.8850","2.9002","2.8651","","-0.10%"
"12/30/2025","2.8883","2.8898","2.8987","2.8667","","-0.05%"
"12/29/2025","2.8897","2.8830","2.8987","2.8737","","-0.03%"
"12/26/2025","2.8905","2.8884","2.8975","2.8730","","0.07%"
"12/25/2025","2.8885","2.8887","2.8933","2.8716","","-0.01%"
"12/24/2025","2.8887","2.8866","2.9088","2.8716","","0.08%"
"12/23/2025","2.8864","2.8931","2.9113","2.8701","","-0.23%"
"12/22/2025","2.8931","2.9090","2.9253","2.8797","","-0.92%"
"12/19/2025","2.9201","2.9050","2.9297","2.8983","","0.52%"
"12/18/2025","2.9050","2.9035","2.9250","2.9006","","0.05%"
"12/17/2025","2.9035","2.9036","2.9036","2.9035","","0.00%"
"12/16/2025","2.9036","2.9105","2.9223","2.9012","","-0.24%"
"12/15/2025","2.9105","2.9160","2.9332","2.9096","","-0.19%"
"12/12/2025","2.9160","2.9173","2.9277","2.9145","","-0.04%"
"12/11/2025","2.9173","2.9260","2.9391","2.9143","","-0.30%"
"12/10/2025","2.9260","2.9387","2.9433","2.9103","","-0.43%"
"12/09/2025","2.9387","2.9295","2.9453","2.9293","","0.31%"
"12/08/2025","2.9295","2.9275","2.9605","2.9252","","-0.71%"
"12/05/2025","2.9505","2.9503","2.9534","2.9245","","0.00%"
"12/04/2025","2.9505","2.9485","2.9511","2.9232","","0.07%"
"12/03/2025","2.9485","2.9546","2.9547","2.9341","","-0.18%"
"12/02/2025","2.9539","2.9570","2.9599","2.9358","","-0.10%"
"12/01/2025","2.9568","2.9385","2.9660","2.9340","","0.41%"
"11/28/2025","2.9447","2.9446","2.9681","2.9350","","0.00%"
"11/27/2025","2.9446","2.9450","2.9627","2.9375","","-0.01%"
"11/26/2025","2.9450","2.9494","2.9685","2.9405","","-0.16%"
"11/25/2025","2.9496","2.9588","2.9727","2.9437","","-0.31%"
"11/24/2025","2.9588","2.9510","2.9820","2.9461","","-0.02%"
"11/21/2025","2.9595","2.9587","2.9783","2.9448","","0.03%"
"11/20/2025","2.9587","2.9572","2.9726","2.9480","","0.05%"
"11/19/2025","2.9572","2.9476","2.9671","2.9387","","0.33%"
"11/18/2025","2.9475","2.9575","2.9595","2.9292","","-0.34%"
"11/17/2025","2.9575","2.9505","2.9588","2.9320","","0.24%"
"11/14/2025","2.9505","2.9131","2.9526","2.9101","","1.29%"
"11/13/2025","2.9128","2.9525","2.9543","2.9089","","-1.34%"
"11/12/2025","2.9525","2.9390","2.9565","2.9192","","0.46%"
"11/11/2025","2.9390","2.9492","2.9570","2.9178","","-0.35%"
"11/10/2025","2.9493","2.9420","2.9566","2.9219","","0.06%"
"11/07/2025","2.9474","2.9502","2.9586","2.9204","","-0.09%"
"11/06/2025","2.9501","2.9609","2.9649","2.9275","","-0.36%"
"11/05/2025","2.9608","2.9624","2.9700","2.9373","","0.70%"
"11/04/2025","2.9402","2.9335","2.9672","2.9308","","0.23%"
"11/03/2025","2.9335","2.9455","2.9631","2.9295","","-0.65%"
"10/31/2025","2.9526","2.9484","2.9600","2.9230","","0.14%"
"10/30/2025","2.9485","2.9350","2.9545","2.9135","","0.46%"
"10/29/2025","2.9350","2.9125","2.9408","2.9071","","0.77%"
"10/28/2025","2.9125","2.9140","2.9386","2.9069","","-0.05%"
"10/27/2025","2.9140","2.9317","2.9415","2.9097","","-0.60%"
"10/24/2025","2.9317","2.9360","2.9513","2.9103","","-0.15%"
"10/23/2025","2.9360","2.9359","2.9485","2.9295","","0.00%"
"10/22/2025","2.9360","2.9325","2.9453","2.9249","","-0.05%"
"10/21/2025","2.9375","2.9233","2.9417","2.9219","","0.31%"
"10/20/2025","2.9283","2.9185","2.9386","2.9160","","0.03%"
"10/17/2025","2.9275","2.9217","2.9440","2.9134","","0.20%"
"10/16/2025","2.9216","2.9540","2.9590","2.9148","","0.04%"
"10/15/2025","2.9203","2.9284","2.9540","2.9180","","-0.27%"
"10/14/2025","2.9283","2.9343","2.9646","2.9265","","-0.20%"
"10/13/2025","2.9341","2.9300","2.9617","2.9253","","-0.56%"
"10/10/2025","2.9505","2.9364","2.9610","2.9195","","0.48%"
"10/09/2025","2.9363","2.9390","2.9562","2.9132","","-0.09%"
"10/08/2025","2.9390","2.9194","2.9539","2.9103","","0.67%"
"10/07/2025","2.9193","2.9041","2.9391","2.8998","","0.32%"
"10/06/2025","2.9100","2.8963","2.9373","2.8949","","0.31%"
"10/03/2025","2.9010","2.9053","2.9311","2.8943","","-0.15%"
"10/02/2025","2.9055","2.9025","2.9191","2.8857","","0.11%"
"10/01/2025","2.9024","2.9033","2.9220","2.8848","","-0.03%"
"09/30/2025","2.9034","2.9054","2.9207","2.8910","","-0.06%"
"09/29/2025","2.9052","2.9125","2.9347","2.8964","","-0.33%"
"09/26/2025","2.9147","2.9212","2.9300","2.8970","","-0.23%"
"09/25/2025","2.9214","2.9081","2.9281","2.8975","","0.46%"
"09/24/2025","2.9080","2.8941","2.9159","2.8865","","0.47%"
"09/23/2025","2.8943","2.8962","2.9068","2.8848","","-0.25%"
"09/22/2025","2.9015","2.9020","2.9157","2.8828","","-0.02%"
"09/19/2025","2.9020","2.8942","2.9292","2.8835","","0.27%"
"09/18/2025","2.8941","2.8780","2.9146","2.8733","","0.56%"
"09/17/2025","2.8780","2.8792","2.9120","2.8723","","-0.05%"
"09/16/2025","2.8793","2.8964","2.9203","2.8760","","-1.14%"
"09/15/2025","2.9125","2.9005","2.9151","2.8870","","0.39%"
"09/12/2025","2.9012","2.9125","2.9198","2.8940","","0.02%"
"09/11/2025","2.9005","2.9072","2.9285","2.8968","","-0.24%"
"09/10/2025","2.9075","2.9053","2.9225","2.8938","","-0.23%"
"09/09/2025","2.9143","2.8970","2.9172","2.8838","","0.59%"
"09/08/2025","2.8971","2.8968","2.9177","2.8895","","-0.24%"
"09/05/2025","2.9040","2.9167","2.9236","2.8938","","-0.43%"
"09/04/2025","2.9166","2.9142","2.9200","2.9093","","0.08%"
"09/03/2025","2.9143","2.8835","2.9152","2.8772","","1.07%"
"09/02/2025","2.8835","2.8734","2.8930","2.8678","","0.35%"
"09/01/2025","2.8734","2.8735","2.8795","2.8598","","0.00%"
"08/29/2025","2.8735","2.8777","2.8915","2.8570","","-0.15%"
"08/28/2025","2.8777","2.8849","2.9055","2.8586","","-0.25%"
"08/27/2025","2.8850","2.8846","2.9050","2.8624","","0.01%"
"08/26/2025","2.8847","2.8700","2.8936","2.8568","","-0.15%"
"08/25/2025","2.8890","2.8835","2.8921","2.8523","","0.19%"
"08/22/2025","2.8835","2.8922","2.8967","2.8800","","-0.05%"
"08/21/2025","2.8850","2.8836","2.8934","2.8715","","0.04%"
"08/20/2025","2.8838","2.8842","2.8920","2.8710","","-0.01%"
"08/19/2025","2.8842","2.8821","2.8885","2.8630","","0.07%"
"08/18/2025","2.8822","2.8645","2.8869","2.8640","","0.62%"
"08/15/2025","2.8645","2.8835","2.8841","2.8635","","-0.66%"
"08/14/2025","2.8835","2.8739","2.8863","2.8640","","0.33%"
"08/13/2025","2.8739","2.8804","2.8838","2.8669","","-0.22%"
"08/12/2025","2.8802","2.8902","2.8929","2.8760","","-0.34%"
"08/11/2025","2.8901","2.8785","2.8944","2.8765","","0.39%"
"08/08/2025","2.8789","2.8837","2.8900","2.8587","","-0.16%"
"08/07/2025","2.8835","2.8861","2.8930","2.8544","","-0.09%"
"08/06/2025","2.8861","2.8996","2.9021","2.8780","","-0.46%"
"08/05/2025","2.8995","2.8797","2.9075","2.8797","","0.69%"
"08/04/2025","2.8797","2.8955","2.9120","2.8797","","-0.55%"
"08/01/2025","2.8955","2.9035","2.9202","2.8780","","-0.28%"
"07/31/2025","2.9035","2.8825","2.9150","2.8660","","0.73%"
"07/30/2025","2.8825","2.8950","2.9027","2.8685","","-0.43%"
"07/29/2025","2.8950","2.8700","2.9048","2.8635","","0.87%"
"07/28/2025","2.8700","2.8675","2.8809","2.8575","","0.09%"
"07/25/2025","2.8675","2.8675","2.8675","2.8675","","0.00%"
"07/24/2025","2.8675","2.8655","2.8756","2.8512","","0.08%"
"07/23/2025","2.8653","2.8688","2.8795","2.8528","","-0.12%"
"07/22/2025","2.8688","2.8788","2.8845","2.8674","","-0.35%"
"07/21/2025","2.8788","2.8770","2.8893","2.8650","","0.06%"
"07/18/2025","2.8770","2.9047","2.9062","2.8728","","-0.95%"
"07/17/2025","2.9046","2.8981","2.9113","2.8785","","0.25%"
"07/16/2025","2.8974","2.9046","2.9106","2.8690","","-0.25%"
"07/15/2025","2.9046","2.8933","2.9064","2.8608","","0.39%"
"07/14/2025","2.8933","2.8975","2.9095","2.8537","","-0.14%"
"07/11/2025","2.8975","2.9025","2.9088","2.8895","","-0.17%"
"07/10/2025","2.9025","2.8995","2.9303","2.8545","","0.11%"
"07/09/2025","2.8994","2.8991","2.9240","2.8946","","0.01%"
"07/08/2025","2.8991","2.9008","2.9301","2.8882","","-0.06%"
"07/07/2025","2.9008","2.8550","2.9326","2.8526","","1.60%"
"07/04/2025","2.8550","2.8915","2.8924","2.8457","","-1.26%"
"07/03/2025","2.8915","2.8846","2.9012","2.8486","","0.25%"
"07/02/2025","2.8842","2.8813","2.8928","2.8492","","0.10%"
"07/01/2025","2.8812","2.8851","2.8938","2.8492","","-0.13%"
"06/30/2025","2.8849","2.9288","2.9313","2.8637","","0.19%"
"06/27/2025","2.8795","2.8925","2.9095","2.8750","","-0.45%"
"06/26/2025","2.8925","2.8925","2.9260","2.8869","","0.00%"
"06/25/2025","2.8925","2.9125","2.9200","2.8858","","-0.69%"
"06/24/2025","2.9125","2.9135","2.9283","2.8890","","-0.03%"
"06/23/2025","2.9135","2.9135","2.9302","2.9085","","-0.11%"
"06/20/2025","2.9166","2.9415","2.9423","2.9095","","-0.84%"
"06/19/2025","2.9413","2.9441","2.9501","2.9175","","-0.07%"
"06/18/2025","2.9435","2.9440","2.9474","2.9075","","-0.02%"
"06/17/2025","2.9440","2.9288","2.9451","2.9075","","0.74%"
"06/16/2025","2.9225","2.9320","2.9343","2.9100","","-0.32%"
"06/13/2025","2.9320","2.9135","2.9423","2.9085","","0.63%"
"06/12/2025","2.9135","2.9404","2.9573","2.9085","","-0.91%"
"06/11/2025","2.9403","2.9400","2.9737","2.9333","","-0.50%"
"06/10/2025","2.9552","2.9480","2.9592","2.9313","","0.19%"
"06/09/2025","2.9497","2.9430","2.9640","2.9345","","0.27%"
"06/06/2025","2.9417","2.9430","2.9432","2.9416","","0.00%"
"06/05/2025","2.9417","2.9488","2.9555","2.9351","","-0.24%"
"06/04/2025","2.9487","2.9578","2.9609","2.9375","","-0.32%"
"06/03/2025","2.9581","2.9540","2.9800","2.9452","","0.42%"
"06/02/2025","2.9456","2.9830","2.9902","2.9436","","-0.82%"
"05/30/2025","2.9700","2.9637","2.9986","2.9595","","-0.51%"
"05/29/2025","2.9852","2.9809","3.0144","2.9609","","-0.47%"
"05/28/2025","2.9992","2.9921","3.0013","2.9610","","0.23%"
"05/27/2025","2.9922","2.9801","2.9939","2.9570","","0.41%"
"05/26/2025","2.9800","2.9763","2.9937","2.9542","","-0.13%"
"05/23/2025","2.9839","3.0008","3.0082","2.9635","","-0.56%"
"05/22/2025","3.0006","2.9924","3.0106","2.9660","","0.27%"
"05/21/2025","2.9925","2.9735","3.0046","2.9710","","0.12%"
"05/20/2025","2.9890","3.0005","3.0125","2.9715","","-0.68%"
"05/19/2025","3.0095","3.0110","3.0239","2.9800","","-0.47%"
"05/16/2025","3.0237","3.0192","3.0402","3.0008","","0.13%"
"05/15/2025","3.0197","3.0233","3.0342","2.9923","","-0.13%"
"05/14/2025","3.0236","3.0218","3.0351","3.0022","","0.06%"
"05/13/2025","3.0219","3.0417","3.0491","3.0113","","-0.63%"
"05/12/2025","3.0410","3.0015","3.0506","3.0015","","1.32%"
"05/09/2025","3.0015","2.9917","3.0187","2.9810","","0.28%"
"05/08/2025","2.9930","2.9815","3.0184","2.9770","","0.39%"
"05/07/2025","2.9815","2.9850","3.0023","2.9730","","-0.12%"
"05/06/2025","2.9850","2.9970","3.0087","2.9693","","-0.40%"
"05/05/2025","2.9970","2.9882","3.0084","2.9625","","0.32%"
"05/02/2025","2.9873","2.9630","3.0002","2.9630","","0.82%"
"05/01/2025","2.9630","2.9640","2.9640","2.9630","","-0.62%"
"04/30/2025","2.9814","2.9740","2.9951","2.9603","","0.25%"
"04/29/2025","2.9740","2.9825","2.9973","2.9653","","-0.28%"
"04/28/2025","2.9825","2.9910","3.0097","2.9780","","-0.42%"
"04/25/2025","2.9950","2.9832","3.0041","2.9725","","0.39%"
"04/24/2025","2.9833","3.0020","3.0064","2.9725","","-0.61%"
"04/23/2025","3.0015","2.9818","3.0066","2.9588","","0.65%"
"04/22/2025","2.9820","2.9540","2.9871","2.9458","","1.07%"
"04/21/2025","2.9505","2.9735","2.9892","2.9459","","-0.92%"
"04/18/2025","2.9780","2.9900","2.9990","2.9735","","-0.07%"
"04/17/2025","2.9800","2.9900","3.0019","2.9743","","0.00%"
"04/16/2025","2.9800","2.9925","3.0137","2.9809","","-0.17%"
"04/15/2025","2.9850","2.9875","3.0165","2.9798","","0.17%"
"04/14/2025","2.9800","2.9840","3.0130","2.9740","","-0.02%"
"04/11/2025","2.9805","3.0263","3.0363","2.9704","","-1.20%"
"04/10/2025","3.0166","3.0785","3.1035","3.0168","","-1.90%"
"04/09/2025","3.0750","3.0790","3.0790","3.0785","","-0.02%"
"04/08/2025","3.0755","3.0700","3.0907","3.0605","","0.34%"
"04/07/2025","3.0650","3.0590","3.0876","3.0509","","-0.22%"
"04/04/2025","3.0718","3.0400","3.0781","3.0400","","1.21%"
"04/03/2025","3.0350","3.0990","3.1100","3.0317","","-1.98%"
"04/02/2025","3.0964","3.1045","3.1148","3.0820","","-0.12%"
"04/01/2025","3.1001","3.1060","3.1083","3.1036","","-0.14%"
"03/31/2025","3.1045","3.1060","3.1133","3.1042","","0.05%"
"03/28/2025","3.1029","3.1088","3.1143","3.0929","","-0.14%"
"03/27/2025","3.1072","3.1093","3.1281","3.0986","","-0.24%"
"03/26/2025","3.1148","3.1006","3.1176","3.0930","","0.62%"
"03/25/2025","3.0957","3.1070","3.1143","3.0883","","-0.32%"
"03/24/2025","3.1057","3.0870","3.1100","3.0803","","0.72%"
"03/21/2025","3.0835","3.0894","3.1070","3.0760","","0.11%"
"03/20/2025","3.0800","3.0875","3.0955","3.0762","","0.16%"
"03/19/2025","3.0750","3.0737","3.0959","3.0684","","0.21%"
"03/18/2025","3.0685","3.0772","3.0947","3.0684","","-0.13%"
"03/17/2025","3.0725","3.0805","3.1003","3.0710","","-0.15%"
"03/14/2025","3.0770","3.0875","3.1060","3.0744","","-0.18%"
"03/13/2025","3.0826","3.0825","3.1061","3.0793","","0.17%"
"03/12/2025","3.0775","3.0850","3.0938","3.0660","","-0.08%"
"03/11/2025","3.0800","3.0875","3.1060","3.0709","","-0.29%"
"03/10/2025","3.0891","3.1060","3.1075","3.0833","","0.18%"
"03/07/2025","3.0835","3.1008","3.1085","3.0828","","-0.39%"
"03/06/2025","3.0956","3.1003","3.1250","3.0877","","0.00%"
"03/05/2025","3.0956","3.1313","3.1550","3.0991","","-1.00%"
"03/04/2025","3.1269","3.1572","3.1800","3.1310","","-0.81%"
"03/03/2025","3.1523","3.1690","3.1921","3.1540","","-0.42%"
"02/28/2025","3.1655","3.1580","3.1907","3.1563","","0.35%"
"02/27/2025","3.1545","3.1627","3.1746","3.1465","","-0.15%"
"02/26/2025","3.1592","3.1430","3.1688","3.1412","","0.63%"
"02/25/2025","3.1395","3.1675","3.1727","3.1428","","-0.65%"
"02/24/2025","3.1600","3.1665","3.1788","3.1574","","0.00%"
"02/21/2025","3.1600","3.1553","3.1789","3.1490","","0.32%"
"02/20/2025","3.1500","3.1729","3.1851","3.1537","","-0.56%"
"02/19/2025","3.1677","3.1692","3.1891","3.1578","","0.11%"
"02/18/2025","3.1641","3.1619","3.1841","3.1528","","0.24%"
"02/17/2025","3.1564","3.1745","3.1900","3.1591","","-0.43%"
"02/14/2025","3.1701","3.1830","3.1921","3.1568","","0.22%"
"02/13/2025","3.1630","3.1863","3.1998","3.1665","","-1.10%"
"02/12/2025","3.1981","3.1880","3.2080","3.1770","","0.48%"
"02/11/2025","3.1829","3.1985","3.2164","3.1837","","-0.33%"
"02/10/2025","3.1934","3.1890","3.2098","3.1863","","-0.24%"
"02/07/2025","3.2010","3.1955","3.2060","3.1793","","0.21%"
"02/06/2025","3.1942","3.1792","3.2045","3.1725","","0.61%"
"02/05/2025","3.1747","3.1867","3.2023","3.1716","","-0.22%"
"02/04/2025","3.1816","3.1933","3.2240","3.1843","","-0.79%"
"02/03/2025","3.2070","3.1890","3.2322","3.1890","","0.23%"
"01/31/2025","3.1996","3.1852","3.2057","3.1740","","0.60%"
"01/30/2025","3.1805","3.1805","3.1954","3.1666","","-0.35%"
"01/29/2025","3.1917","3.1903","3.1981","3.1763","","0.09%"
"01/28/2025","3.1889","3.1755","3.1927","3.1657","","0.89%"
"01/27/2025","3.1608","3.1855","3.1874","3.1576","","-0.59%"
"01/24/2025","3.1797","3.1841","3.1986","3.1530","","0.02%"
"01/23/2025","3.1792","3.1965","3.2055","3.1690","","-0.08%"
"01/22/2025","3.1817","3.1809","3.2047","3.1683","","0.19%"
"01/21/2025","3.1758","3.1847","3.2131","3.1796","","-0.12%"
"01/20/2025","3.1796","3.2140","3.2187","3.1802","","-0.90%"
"01/17/2025","3.2086","3.2208","3.2247","3.2012","","0.24%"
"01/16/2025","3.2008","3.2093","3.2273","3.1945","","-0.11%"
"01/15/2025","3.2044","3.2084","3.2295","3.1962","","0.03%"
"01/14/2025","3.2035","3.2333","3.2364","3.2015","","-0.35%"
"01/13/2025","3.2149","3.2183","3.2443","3.2075","","0.04%"
"01/10/2025","3.2135","3.2087","3.2344","3.1935","","-0.14%"
"01/09/2025","3.2180","3.2041","3.2220","3.1874","","0.59%"
"01/08/2025","3.1991","3.1980","3.2211","3.1850","","-0.17%"
"01/07/2025","3.2046","3.1973","3.2099","3.1766","","0.29%"
"01/06/2025","3.1952","3.2090","3.2196","3.1770","","-0.61%"
"01/03/2025","3.2148","3.2216","3.2227","3.2027","","0.22%"
"01/02/2025","3.2077","3.1934","3.2278","3.1785","","0.60%"
"01/01/2025","3.1885","3.1940","3.1947","3.1840","","0.00%"
"12/31/2024","3.1886","3.1828","3.1997","3.1670","","0.31%"
"12/30/2024","3.1787","3.1775","3.1974","3.1650","","-0.36%"
"12/27/2024","3.1903","3.1821","3.1967","3.1690","","-0.07%"
"12/26/2024","3.1925","3.1841","3.1992","3.1720","","0.42%"
"12/25/2024","3.1792","3.1964","3.1978","3.1810","","-0.03%"
"12/24/2024","3.1800","3.1839","3.1992","3.1710","","-0.45%"
"12/23/2024","3.1944","3.1815","3.1993","3.1655","","0.17%"
"12/20/2024","3.1890","3.1926","3.2035","3.1720","","0.04%"
"12/19/2024","3.1876","3.1680","3.2015","3.1675","","-0.15%"
"12/18/2024","3.1923","3.1735","3.1952","3.1572","","0.63%"
"12/17/2024","3.1723","3.1705","3.1756","3.1670","","0.10%"
"12/16/2024","3.1691","3.1590","3.1774","3.1588","","-0.02%"
"12/13/2024","3.1696","3.1647","3.1837","3.1515","","0.29%"
"12/12/2024","3.1604","3.1590","3.1760","3.1435","","0.23%"
"12/11/2024","3.1531","3.1520","3.1723","3.1415","","0.19%"
"12/10/2024","3.1471","3.1465","3.1685","3.1280","","0.16%"
"12/09/2024","3.1422","3.1340","3.1617","3.1263","","0.37%"
"12/06/2024","3.1305","3.1385","3.1640","3.1274","","-0.05%"
"12/05/2024","3.1321","3.1640","3.1665","3.1370","","-0.82%"
"12/04/2024","3.1580","3.1420","3.1741","3.1402","","0.62%"
"12/03/2024","3.1385","3.1600","3.1700","3.1420","","-0.37%"
"12/02/2024","3.1500","3.1500","3.1716","3.1370","","0.37%"
"11/29/2024","3.1385","3.1484","3.1625","3.1368","","-0.14%"
"11/28/2024","3.1430","3.1575","3.1675","3.1345","","0.07%"
"11/27/2024","3.1407","3.1600","3.1721","3.1399","","-0.50%"
"11/26/2024","3.1565","3.1715","3.1832","3.1455","","-0.27%"
"11/25/2024","3.1650","3.1660","3.1855","3.1537","","0.08%"
"11/22/2024","3.1625","3.1525","3.1978","3.1525","","0.43%"
"11/21/2024","3.1490","3.1565","3.1732","3.1440","","0.03%"
"11/20/2024","3.1480","3.1520","3.1702","3.1320","","0.14%"
"11/19/2024","3.1436","3.1600","3.1684","3.1340","","-0.20%"
"11/18/2024","3.1500","3.1500","3.1666","3.1410","","-0.35%"
"11/15/2024","3.1610","3.1530","3.1685","3.1458","","0.44%"
"11/14/2024","3.1473","3.1475","3.1717","3.1413","","0.23%"
"11/13/2024","3.1400","3.1430","3.1553","3.1370","","0.16%"
"11/12/2024","3.1350","3.1396","3.1537","3.1330","","-0.08%"
"11/11/2024","3.1376","3.1095","3.1433","3.1033","","0.70%"
"11/08/2024","3.1159","3.1118","3.1297","3.0905","","0.15%"
"11/07/2024","3.1112","3.1297","3.1360","3.0968","","-0.49%"
"11/06/2024","3.1265","3.0860","3.1383","3.0851","","1.30%"
"11/05/2024","3.0865","3.0900","3.1058","3.0745","","0.05%"
"11/04/2024","3.0850","3.0905","3.1058","3.0750","","-0.06%"
"11/01/2024","3.0870","3.1025","3.1100","3.0796","","-0.26%"
"10/31/2024","3.0950","3.1058","3.1105","3.0815","","0.02%"
"10/30/2024","3.0945","3.0935","3.1137","3.0875","","0.15%"
"10/29/2024","3.0900","3.0990","3.1149","3.0890","","0.00%"
"10/28/2024","3.0900","3.1058","3.1147","3.0880","","-0.16%"
"10/25/2024","3.0950","3.1088","3.1170","3.0870","","-0.41%"
"10/24/2024","3.1078","3.1185","3.1213","3.0900","","0.41%"
"10/23/2024","3.0950","3.1082","3.1226","3.0917","","0.16%"
"10/22/2024","3.0900","3.1095","3.1107","3.0820","","-0.61%"
"10/21/2024","3.1089","3.0840","3.1159","3.0780","","0.54%"
"10/18/2024","3.0922","3.0952","3.1058","3.0798","","0.18%"
"10/17/2024","3.0865","3.0860","3.1061","3.0765","","0.15%"
"10/16/2024","3.0820","3.0690","3.0986","3.0682","","0.54%"
"10/15/2024","3.0655","3.0740","3.0763","3.0690","","-0.16%"
"10/14/2024","3.0705","3.0710","3.0889","3.0635","","0.10%"
"10/11/2024","3.0675","3.0775","3.0881","3.0585","","-0.08%"
"10/10/2024","3.0700","3.0700","3.0889","3.0603","","0.33%"
"10/09/2024","3.0600","3.0647","3.0815","3.0535","","-0.04%"
"10/08/2024","3.0612","3.0700","3.0770","3.0515","","0.04%"
"10/07/2024","3.0600","3.0655","3.0798","3.0540","","0.00%"
"10/04/2024","3.0600","3.0595","3.0770","3.0460","","0.13%"
"10/03/2024","3.0560","3.0450","3.0652","3.0390","","0.09%"
"10/02/2024","3.0533","3.0498","3.0582","3.0270","","0.25%"
"10/01/2024","3.0457","3.0382","3.0535","3.0168","","0.32%"
"09/30/2024","3.0361","3.0233","3.0406","3.0050","","0.53%"
"09/27/2024","3.0200","3.0252","3.0431","3.0156","","-0.26%"
"09/26/2024","3.0280","3.0411","3.0457","3.0161","","-0.38%"
"09/25/2024","3.0397","3.0321","3.0466","3.0090","","0.24%"
"09/24/2024","3.0325","3.0327","3.0492","3.0170","","0.08%"
"09/23/2024","3.0300","3.0240","3.0561","3.0180","","0.33%"
"09/20/2024","3.0200","3.0302","3.0440","3.0140","","-0.51%"
"09/19/2024","3.0354","3.0432","3.0514","3.0110","","0.08%"
"09/18/2024","3.0330","3.0383","3.0499","3.0169","","0.00%"
"09/17/2024","3.0330","3.0335","3.0512","3.0170","","-0.39%"
"09/16/2024","3.0450","3.0335","3.0522","3.0165","","-0.28%"
"09/13/2024","3.0534","3.0529","3.0570","3.0270","","0.44%"
"09/12/2024","3.0400","3.0575","3.0664","3.0430","","-0.35%"
"09/11/2024","3.0506","3.0480","3.0652","3.0310","","0.20%"
"09/10/2024","3.0445","3.0480","3.0634","3.0330","","0.00%"
"09/09/2024","3.0445","3.0365","3.0611","3.0310","","-0.19%"
"09/06/2024","3.0502","3.0513","3.0540","3.0238","","0.09%"
"09/05/2024","3.0475","3.0538","3.0543","3.0333","","-0.17%"
"09/04/2024","3.0527","3.0475","3.0633","3.0392","","0.29%"
"09/03/2024","3.0440","3.0500","3.0671","3.0419","","0.13%"
"09/02/2024","3.0400","3.0530","3.0608","3.0365","","-0.61%"
"08/30/2024","3.0588","3.0542","3.0607","3.0357","","0.20%"
"08/29/2024","3.0527","3.0468","3.0575","3.0327","","0.24%"
"08/28/2024","3.0455","3.0377","3.0514","3.0247","","0.32%"
"08/27/2024","3.0359","3.0403","3.0495","3.0198","","-0.10%"
"08/26/2024","3.0389","3.0540","3.0543","3.0284","","0.13%"
"08/23/2024","3.0350","3.0533","3.0559","3.0306","","-0.57%"
"08/22/2024","3.0524","3.0422","3.0566","3.0295","","0.39%"
"08/21/2024","3.0405","3.0464","3.0568","3.0334","","-0.33%"
"08/20/2024","3.0505","3.0669","3.0782","3.0394","","-0.49%"
"08/19/2024","3.0655","3.0650","3.0786","3.0471","","0.13%"
"08/16/2024","3.0615","3.0620","3.0847","3.0590","","0.18%"
"08/15/2024","3.0560","3.0600","3.0835","3.0575","","0.20%"
"08/14/2024","3.0500","3.0859","3.0894","3.0542","","-0.94%"
"08/13/2024","3.0788","3.0906","3.0921","3.0780","","0.12%"
"08/12/2024","3.0750","3.1058","3.1058","3.0690","","-0.50%"
"08/09/2024","3.0903","3.0916","3.1058","3.0670","","0.02%"
"08/08/2024","3.0897","3.0918","3.1058","3.0756","","-0.01%"
"08/07/2024","3.0901","3.0881","3.0941","3.0733","","0.11%"
"08/06/2024","3.0868","3.0795","3.0944","3.0620","","0.29%"
"08/05/2024","3.0778","3.1058","3.1100","3.0652","","-0.78%"
"08/02/2024","3.1020","3.1075","3.1150","3.0782","","0.06%"
"08/01/2024","3.1000","3.1058","3.1158","3.0865","","0.29%"
"07/31/2024","3.0910","3.1058","3.1140","3.0930","","-0.27%"
"07/30/2024","3.0995","3.1100","3.1140","3.0933","","-0.18%"
"07/29/2024","3.1050","3.0966","3.1124","3.0935","","0.09%"
"07/26/2024","3.1022","3.1015","3.1115","3.0989","","-0.09%"
"07/25/2024","3.1049","3.1120","3.1136","3.0984","","0.32%"
"07/24/2024","3.0950","3.1112","3.1284","3.0924","","-0.31%"
"07/23/2024","3.1047","3.1053","3.1127","3.0869","","0.16%"
"07/22/2024","3.0997","3.1035","3.1167","3.0917","","-0.06%"
"07/19/2024","3.1017","3.1138","3.1158","3.0872","","0.07%"
"07/18/2024","3.0995","3.1105","3.1161","3.0793","","0.17%"
"07/17/2024","3.0943","3.1153","3.1158","3.0752","","-0.31%"
"07/16/2024","3.1039","3.1153","3.1174","3.0850","","0.01%"
"07/15/2024","3.1037","3.1058","3.1333","3.0858","","-0.01%"
"07/12/2024","3.1039","3.1286","3.1293","3.0940","","-0.35%"
"07/11/2024","3.1149","3.1323","3.1328","3.0978","","-0.24%"
"07/10/2024","3.1224","3.1333","3.1337","3.1008","","-0.06%"
"07/09/2024","3.1242","3.1323","3.1356","3.0868","","0.06%"
"07/08/2024","3.1223","3.1058","3.1326","3.1053","","0.05%"
"07/05/2024","3.1208","3.1218","3.1412","3.1056","","0.27%"
"07/04/2024","3.1124","3.1344","3.1358","3.1005","","-0.65%"
"07/03/2024","3.1329","3.1426","3.1486","3.1168","","-0.25%"
"07/02/2024","3.1408","3.1412","3.1507","3.1247","","0.04%"
"07/01/2024","3.1395","3.1425","3.1469","3.1258","","-0.16%"
"06/28/2024","3.1446","3.1466","3.1509","3.1198","","0.47%"
"06/27/2024","3.1300","3.1516","3.1539","3.1326","","-0.16%"
"06/26/2024","3.1350","3.1442","3.1551","3.1330","","0.00%"
"06/25/2024","3.1350","3.1400","3.1495","3.1302","","-0.12%"
"06/24/2024","3.1388","3.1340","3.1484","3.1298","","0.27%"
"06/21/2024","3.1305","3.1275","3.1512","3.1158","","0.04%"
"06/20/2024","3.1292","3.1058","3.1438","3.1058","","0.27%"
"06/19/2024","3.1208","3.1310","3.1388","3.1058","","0.03%"
"06/18/2024","3.1200","3.1315","3.1449","3.1235","","-0.26%"
"06/17/2024","3.1280","3.1330","3.1367","3.1315","","-0.37%"
"06/14/2024","3.1397","3.1270","3.1622","3.1039","","0.44%"
"06/13/2024","3.1260","3.0979","3.1397","3.0914","","0.97%"
"06/12/2024","3.0961","3.1390","3.1428","3.0976","","-1.31%"
"06/11/2024","3.1373","3.1390","3.1440","3.1043","","0.08%"
"06/10/2024","3.1348","3.0988","3.1456","3.0907","","0.80%"
"06/07/2024","3.1100","3.1046","3.1340","3.0861","","0.23%"
"06/06/2024","3.1028","3.1129","3.1133","3.0840","","-0.27%"
"06/05/2024","3.1111","3.1083","3.1137","3.0865","","0.13%"
"06/04/2024","3.1071","3.1050","3.1175","3.0847","","0.13%"
"06/03/2024","3.1032","3.1058","3.1275","3.0879","","-0.12%"
"05/31/2024","3.1069","3.1213","3.1374","3.1014","","-0.41%"
"05/30/2024","3.1196","3.1187","3.1298","3.1043","","0.07%"
"05/29/2024","3.1175","3.1111","3.1225","3.0917","","0.24%"
"05/28/2024","3.1099","3.1147","3.1149","3.0877","","-0.10%"
"05/27/2024","3.1129","3.0958","3.1254","3.0958","","-0.18%"
"05/24/2024","3.1185","3.1217","3.1281","3.0965","","-0.05%"
"05/23/2024","3.1200","3.1213","3.1252","3.1031","","0.00%"
"05/22/2024","3.1201","3.1125","3.1218","3.0961","","0.29%"
"05/21/2024","3.1111","3.1143","3.1183","3.1019","","0.20%"
"05/20/2024","3.1050","3.0919","3.1178","3.0919","","-0.10%"
"05/17/2024","3.1080","3.1112","3.1195","3.0924","","0.00%"
"05/16/2024","3.1080","3.1160","3.1245","3.0996","","-0.35%"
"05/15/2024","3.1190","3.1290","3.1319","3.0966","","-0.14%"
"05/14/2024","3.1233","3.1240","3.1391","3.1026","","-0.07%"
"05/13/2024","3.1256","3.1320","3.1347","3.1176","","-0.04%"
"05/10/2024","3.1270","3.1300","3.1409","3.1244","","-0.11%"
"05/09/2024","3.1304","3.1433","3.1476","3.1255","","0.04%"
"05/08/2024","3.1292","3.1325","3.1454","3.1058","","-0.06%"
"05/07/2024","3.1310","3.1316","3.1370","3.1049","","0.04%"
"05/06/2024","3.1298","3.1096","3.1407","3.1030","","0.00%"
"05/03/2024","3.1299","3.1455","3.1481","3.1100","","-0.32%"
"05/02/2024","3.1400","3.1467","3.1541","3.1235","","-0.17%"
"05/01/2024","3.1452","3.1470","3.1490","3.1235","","0.00%"
"04/30/2024","3.1452","3.1440","3.1534","3.1235","","-0.01%"
"04/29/2024","3.1455","3.1235","3.1509","3.1235","","-0.03%"
"04/26/2024","3.1463","3.1473","3.1535","3.1237","","0.02%"
"04/25/2024","3.1458","3.1478","3.1540","3.1237","","-0.03%"
"04/24/2024","3.1467","3.1510","3.1637","3.1413","","0.21%"
"04/23/2024","3.1400","3.1580","3.1618","3.1272","","-0.52%"
"04/22/2024","3.1565","3.1339","3.1649","3.1339","","0.00%"
"04/19/2024","3.1564","3.1445","3.1646","3.1319","","-0.06%"
"04/18/2024","3.1583","3.1550","3.1606","3.1319","","0.15%"
"04/17/2024","3.1537","3.1631","3.1658","3.1476","","-0.27%"
"04/16/2024","3.1621","3.1525","3.1704","3.1523","","0.54%"
"04/15/2024","3.1450","3.1140","3.1674","3.1058","","1.26%"
"04/12/2024","3.1060","3.1140","3.1146","3.1058","","-0.14%"
"04/11/2024","3.1105","3.1058","3.1140","3.1058","","0.09%"
"04/10/2024","3.1078","3.1058","3.1168","3.0961","","-0.13%"
"04/09/2024","3.1120","3.1175","3.1212","3.1058","","-0.12%"
"04/08/2024","3.1158","3.1003","3.1272","3.1003","","-0.09%"
"04/05/2024","3.1186","3.1199","3.1312","3.0986","","0.02%"
"04/04/2024","3.1180","3.1229","3.1320","3.0944","","-0.11%"
"04/03/2024","3.1213","3.1333","3.1382","3.1203","","-0.35%"
"04/02/2024","3.1322","3.1357","3.1451","3.1058","","0.65%"
"04/01/2024","3.1120","3.1291","3.1405","3.1047","","-0.47%"
"03/29/2024","3.1267","3.1288","3.1360","3.1058","","0.00%"
"03/28/2024","3.1268","3.1213","3.1356","3.1031","","0.22%"
"03/27/2024","3.1198","3.1202","3.1288","3.1011","","0.03%"
"03/26/2024","3.1189","3.1211","3.1246","3.1004","","-0.02%"
"03/25/2024","3.1195","3.1040","3.1301","3.1021","","-0.18%"
"03/22/2024","3.1250","3.1090","3.1316","3.0959","","1.13%"
"03/21/2024","3.0900","3.0910","3.1179","3.0831","","0.08%"
"03/20/2024","3.0875","3.1085","3.1086","3.0910","","-0.46%"
"03/19/2024","3.1019","3.1030","3.1214","3.0910","","0.18%"
"03/18/2024","3.0964","3.0980","3.1109","3.0870","","0.05%"
"03/15/2024","3.0950","3.0965","3.1112","3.0889","","0.16%"
"03/14/2024","3.0900","3.0950","3.1102","3.0803","","0.00%"
"03/13/2024","3.0900","3.0964","3.1116","3.0920","","0.22%"
"03/12/2024","3.0833","3.0950","3.1099","3.0768","","-0.29%"
"03/11/2024","3.0924","3.0756","3.1061","3.0756","","-0.01%"
"03/08/2024","3.0928","3.0972","3.1091","3.0745","","-0.09%"
"03/07/2024","3.0956","3.1069","3.1131","3.0877","","-0.32%"
"03/06/2024","3.1056","3.1150","3.1191","3.0917","","-0.26%"
"03/05/2024","3.1138","3.1170","3.1214","3.0958","","-0.05%"
"03/04/2024","3.1153","3.1049","3.1335","3.1006","","-0.14%"
"03/01/2024","3.1197","3.1058","3.1359","3.1058","","0.25%"
"02/29/2024","3.1118","3.1250","3.1274","3.1003","","-0.26%"
"02/28/2024","3.1200","3.1185","3.1307","3.0995","","0.09%"
"02/27/2024","3.1173","3.1186","3.1237","3.0986","","-0.04%"
"02/26/2024","3.1185","3.1038","3.1405","3.0998","","-0.10%"
"02/23/2024","3.1217","3.1244","3.1419","3.1014","","-0.02%"
"02/22/2024","3.1224","3.1270","3.1344","3.0977","","0.11%"
"02/21/2024","3.1190","3.1330","3.1330","3.1051","","0.05%"
"02/20/2024","3.1175","3.1333","3.1415","3.1056","","-0.40%"
"02/19/2024","3.1300","3.1390","3.1540","3.1142","","0.00%"
"02/16/2024","3.1300","3.1343","3.1450","3.1163","","0.00%"
"02/15/2024","3.1300","3.1439","3.1488","3.1163","","-0.27%"
"02/14/2024","3.1384","3.1454","3.1585","3.1244","","-0.09%"
"02/13/2024","3.1412","3.1328","3.1490","3.1058","","0.32%"
"02/12/2024","3.1311","3.1330","3.1379","3.1056","","0.22%"
"02/09/2024","3.1243","3.1283","3.1356","3.1051","","-0.04%"
"02/08/2024","3.1257","3.1312","3.1405","3.1051","","-0.14%"
"02/07/2024","3.1300","3.1363","3.1435","3.1051","","0.33%"
"02/06/2024","3.1198","3.1378","3.1433","3.1140","","-0.10%"
"02/05/2024","3.1230","3.1063","3.1458","3.1033","","-0.08%"
"02/02/2024","3.1255","3.1129","3.1325","3.0894","","0.46%"
"02/01/2024","3.1113","3.1204","3.1332","3.0949","","-0.25%"
"01/31/2024","3.1190","3.1177","3.1281","3.0905","","0.11%"
"01/30/2024","3.1156","3.1200","3.1266","3.0965","","-0.09%"
"01/29/2024","3.1183","3.0917","3.1298","3.0917","","0.18%"
"01/26/2024","3.1127","3.1151","3.1263","3.0914","","-0.03%"
"01/25/2024","3.1135","3.1073","3.1236","3.0903","","0.25%"
"01/24/2024","3.1057","3.1153","3.1198","3.0823","","-0.26%"
"01/23/2024","3.1137","3.1103","3.1311","3.0905","","0.16%"
"01/22/2024","3.1087","3.1045","3.1153","3.0865","","0.01%"
"01/19/2024","3.1083","3.1132","3.1195","3.0998","","-0.11%"
"01/18/2024","3.1118","3.1122","3.1219","3.0896","","0.05%"
"01/17/2024","3.1104","3.1110","3.1228","3.0937","","0.04%"
"01/16/2024","3.1092","3.0968","3.1179","3.0814","","0.44%"
"01/15/2024","3.0955","3.0731","3.1070","3.0731","","0.08%"
"01/12/2024","3.0929","3.0934","3.1065","3.0835","","0.03%"
"01/11/2024","3.0920","3.0933","3.1077","3.0839","","0.03%"
"01/10/2024","3.0912","3.0970","3.1077","3.0742","","-0.14%"
"01/09/2024","3.0954","3.0947","3.1083","3.0782","","0.06%"
"01/08/2024","3.0934","3.0742","3.1075","3.0742","","-0.12%"
"01/05/2024","3.0970","3.0969","3.1136","3.0721","","0.37%"
"01/04/2024","3.0857","3.0982","3.1075","3.0721","","-0.09%"
"01/03/2024","3.0886","3.0937","3.1098","3.0763","","-0.15%"
"01/02/2024","3.0932","3.0675","3.0993","3.0577","","0.94%"
"01/01/2024","3.0645","3.0538","3.0680","3.0538","","-0.36%"
"12/29/2023","3.0755","3.0640","3.0807","3.0501","","0.49%"
"12/28/2023","3.0605","3.0663","3.0777","3.0482","","-0.15%"
"12/27/2023","3.0651","3.0773","3.0826","3.0575","","-0.36%"
"12/26/2023","3.0761","3.0776","3.0870","3.0701","","0.11%"
"12/25/2023","3.0727","3.0700","3.0870","3.0700","","-0.23%"
"12/22/2023","3.0799","3.0830","3.0894","3.0680","","0.00%"
"12/21/2023","3.0800","3.0958","3.1061","3.0758","","-0.45%"
"12/20/2023","3.0940","3.1058","3.1063","3.0824","","0.11%"
"12/19/2023","3.0905","3.0959","3.1058","3.0831","","-0.19%"
"12/18/2023","3.0964","3.0891","3.1069","3.0811","","0.38%"
"12/15/2023","3.0847","3.0671","3.1047","3.0647","","0.61%"
"12/14/2023","3.0660","3.0909","3.1130","3.0636","","-0.76%"
"12/13/2023","3.0894","3.1335","3.1350","3.0866","","-1.31%"
"12/12/2023","3.1305","3.1340","3.1356","3.1130","","0.00%"
"12/11/2023","3.1305","3.1300","3.1358","3.1058","","0.07%"
"12/08/2023","3.1283","3.1271","3.1379","3.1058","","0.20%"
"12/07/2023","3.1220","3.1325","3.1355","3.1119","","-0.29%"
"12/06/2023","3.1311","3.1282","3.1393","3.1058","","0.20%"
"12/05/2023","3.1247","3.1188","3.1379","3.1038","","0.23%"
"12/04/2023","3.1174","3.1100","3.1249","3.0959","","0.26%"
"12/01/2023","3.1093","3.1111","3.1259","3.1016","","0.00%"
"11/30/2023","3.1094","3.0970","3.1183","3.0872","","0.44%"
"11/29/2023","3.0958","3.0946","3.1058","3.0831","","0.11%"
"11/28/2023","3.0923","3.1006","3.1087","3.0833","","-0.21%"
"11/27/2023","3.0989","3.1020","3.1107","3.0937","","-0.17%"
"11/24/2023","3.1041","3.1058","3.1206","3.0981","","-0.21%"
"11/23/2023","3.1105","3.1126","3.1247","3.0999","","-0.04%"
"11/22/2023","3.1116","3.0940","3.1242","3.0894","","0.68%"
"11/21/2023","3.0905","3.1058","3.1242","3.0916","","-0.37%"
"11/20/2023","3.1020","3.1126","3.1218","3.0981","","-0.14%"
"11/17/2023","3.1065","3.1170","3.1440","3.1047","","-0.22%"
"11/16/2023","3.1135","3.1058","3.1277","3.1047","","0.10%"
"11/15/2023","3.1105","3.1154","3.1365","3.1052","","-0.12%"
"11/14/2023","3.1143","3.1519","3.1593","3.1117","","-1.17%"
"11/13/2023","3.1512","3.1539","3.1694","3.1446","","-0.13%"
"11/10/2023","3.1552","3.1579","3.1649","3.1385","","-0.04%"
"11/09/2023","3.1566","3.1570","3.1620","3.1379","","0.04%"
"11/08/2023","3.1553","3.1574","3.1662","3.1423","","-0.02%"
"11/07/2023","3.1558","3.1465","3.1637","3.1437","","0.41%"
"11/06/2023","3.1430","3.1635","3.1635","3.1367","","-0.07%"
"11/03/2023","3.1452","3.1706","3.1733","3.1396","","-0.68%"
"11/02/2023","3.1667","3.1858","3.1927","3.1547","","-0.53%"
"11/01/2023","3.1837","3.1859","3.1967","3.1620","","0.01%"
"10/31/2023","3.1834","3.1751","3.1925","3.1539","","0.31%"
"10/30/2023","3.1735","3.1716","3.1913","3.1642","","0.32%"
"10/27/2023","3.1635","3.1685","3.1886","3.1640","","-0.05%"
"10/26/2023","3.1650","3.1640","3.1918","3.1635","","0.14%"
"10/25/2023","3.1605","3.1580","3.1806","3.1580","","0.19%"
"10/24/2023","3.1545","3.1598","3.1752","3.1474","","0.15%"
"10/23/2023","3.1499","3.1720","3.1830","3.1512","","-0.32%"
"10/20/2023","3.1600","3.1706","3.1811","3.1623","","-0.03%"
"10/19/2023","3.1610","3.1807","3.1888","3.1618","","-0.59%"
"10/18/2023","3.1798","3.1700","3.1888","3.1641","","0.42%"
"10/17/2023","3.1665","3.1748","3.1850","3.1635","","-0.22%"
"10/16/2023","3.1734","3.1800","3.1876","3.1687","","-0.19%"
"10/13/2023","3.1795","3.1823","3.1949","3.1610","","0.06%"
"10/12/2023","3.1777","3.1628","3.1893","3.1523","","0.72%"
"10/11/2023","3.1550","3.1595","3.1762","3.1457","","-0.03%"
"10/10/2023","3.1560","3.1715","3.1814","3.1565","","-0.16%"
"10/09/2023","3.1609","3.1737","3.1895","3.1675","","-0.35%"
"10/06/2023","3.1721","3.1744","3.1971","3.1632","","0.12%"
"10/05/2023","3.1682","3.1902","3.1951","3.1736","","-0.32%"
"10/04/2023","3.1783","3.1978","3.2020","3.1523","","-0.56%"
"10/03/2023","3.1963","3.1565","3.2031","3.1539","","1.29%"
"10/02/2023","3.1557","3.1565","3.1969","3.1363","","0.09%"
"09/29/2023","3.1530","3.1749","3.1806","3.1354","","-0.61%"
"09/28/2023","3.1724","3.1870","3.1893","3.1354","","-0.41%"
"09/27/2023","3.1855","3.1730","3.1899","3.1407","","0.42%"
"09/26/2023","3.1721","3.1686","3.1818","3.1314","","0.16%"
"09/25/2023","3.1670","3.1570","3.1730","3.1205","","0.43%"
"09/22/2023","3.1535","3.1535","3.1642","3.1167","","0.04%"
"09/21/2023","3.1521","3.1323","3.1614","3.1163","","0.74%"
"09/20/2023","3.1288","3.1579","3.1602","3.1280","","-0.86%"
"09/19/2023","3.1559","3.1465","3.1595","3.1329","","0.32%"
"09/18/2023","3.1458","3.1335","3.1572","3.1335","","-0.17%"
"09/15/2023","3.1510","3.1546","3.1627","3.1172","","-0.06%"
"09/14/2023","3.1530","3.1404","3.1577","3.1000","","0.72%"
"09/13/2023","3.1305","3.1058","3.1447","3.0991","","0.22%"
"09/12/2023","3.1235","3.1312","3.1449","3.1058","","0.08%"
"09/11/2023","3.1211","3.1275","3.1447","3.1058","","-0.09%"
"09/08/2023","3.1240","3.1358","3.1477","3.1058","","-0.07%"
"09/07/2023","3.1261","3.1227","3.1470","3.1058","","0.14%"
"09/06/2023","3.1216","3.1058","3.1430","3.1058","","0.28%"
"09/05/2023","3.1130","3.0907","3.1376","3.0907","","0.74%"
"09/04/2023","3.0900","3.1002","3.1199","3.0907","","0.00%"
"09/01/2023","3.0900","3.0907","3.1218","3.0889","","0.00%"
"08/31/2023","3.0900","3.1062","3.1154","3.0831","","0.00%"
"08/30/2023","3.0900","3.1084","3.1202","3.0826","","-0.55%"
"08/29/2023","3.1072","3.0907","3.1287","3.0907","","0.56%"
"08/28/2023","3.0900","3.1075","3.1287","3.0892","","0.00%"
"08/25/2023","3.0900","3.0907","3.1359","3.0846","","0.00%"
"08/24/2023","3.0900","3.0775","3.1167","3.0751","","0.43%"
"08/23/2023","3.0769","3.1147","3.1235","3.0765","","-1.16%"
"08/22/2023","3.1131","3.1063","3.1175","3.0687","","0.27%"
"08/21/2023","3.1048","3.0877","3.1105","3.0680","","0.48%"
"08/18/2023","3.0900","3.0907","3.1126","3.0749","","0.00%"
"08/17/2023","3.0900","3.0870","3.1099","3.0672","","0.21%"
"08/16/2023","3.0835","3.0907","3.1031","3.0638","","-0.21%"
"08/15/2023","3.0900","3.0907","3.1088","3.0605","","0.07%"
"08/14/2023","3.0878","3.0705","3.1072","3.0557","","0.67%"
"08/11/2023","3.0674","3.0858","3.0930","3.0503","","-0.28%"
"08/10/2023","3.0759","3.0907","3.0953","3.0429","","-0.46%"
"08/09/2023","3.0900","3.0603","3.0912","3.0536","","1.02%"
"08/08/2023","3.0587","3.0907","3.1058","3.0566","","-1.01%"
"08/07/2023","3.0900","3.0615","3.0909","3.0484","","1.37%"
"08/04/2023","3.0482","3.0890","3.0944","3.0429","","-1.21%"
"08/03/2023","3.0855","3.0841","3.0989","3.0582","","0.06%"
"08/02/2023","3.0836","3.0847","3.0917","3.0515","","0.01%"
"08/01/2023","3.0834","3.0806","3.0914","3.0540","","0.14%"
"07/31/2023","3.0790","3.0777","3.1058","3.0714","","0.03%"
"07/28/2023","3.0780","3.0925","3.1058","3.0470","","-0.36%"
"07/27/2023","3.0890","3.0907","3.1058","3.0903","","-0.03%"
"07/26/2023","3.0900","3.0840","3.1058","3.0373","","0.31%"
"07/25/2023","3.0805","3.0357","3.0909","3.0357","","1.59%"
"07/24/2023","3.0322","3.0392","3.0587","3.0231","","-0.46%"
"07/21/2023","3.0461","3.0551","3.0687","3.0240","","-0.25%"
"07/20/2023","3.0538","3.0417","3.0654","3.0087","","0.43%"
"07/19/2023","3.0408","3.0352","3.0538","3.0240","","0.24%"
"07/18/2023","3.0336","3.0326","3.0453","2.9992","","0.06%"
"07/17/2023","3.0318","3.0327","3.0406","3.0031","","-0.10%"
"07/14/2023","3.0348","3.0333","3.0450","3.0045","","0.85%"
"07/13/2023","3.0092","3.0521","3.0640","3.0123","","-1.38%"
"07/12/2023","3.0512","3.0754","3.0853","3.0238","","-0.74%"
"07/11/2023","3.0739","3.0791","3.0831","3.0464","","0.44%"
"07/10/2023","3.0604","3.0803","3.1058","3.0505","","-0.75%"
"07/07/2023","3.0835","3.0907","3.1058","3.0563","","-0.56%"
"07/06/2023","3.1010","3.1058","3.1137","3.0712","","0.37%"
"07/05/2023","3.0895","3.1031","3.1060","3.0694","","-0.40%"
"07/04/2023","3.1018","3.0986","3.1058","3.0673","","0.14%"
"07/03/2023","3.0975","3.0810","3.1077","3.0647","","0.29%"
"06/30/2023","3.0885","3.1058","3.1177","3.0647","","-0.05%"
"06/29/2023","3.0900","3.0907","3.1058","3.0892","","0.00%"
"06/28/2023","3.0900","3.0907","3.1058","3.0745","","0.00%"
"06/27/2023","3.0900","3.0956","3.1070","3.0557","","-0.15%"
"06/26/2023","3.0945","3.0685","3.1104","3.0640","","-0.12%"
"06/23/2023","3.0981","3.0907","3.1154","3.0675","","0.48%"
"06/22/2023","3.0834","3.0907","3.0907","3.0494","","0.28%"
"06/21/2023","3.0749","3.0907","3.1058","3.0575","","-0.36%"
"06/20/2023","3.0859","3.0844","3.1102","3.0619","","0.10%"
"06/19/2023","3.0827","3.0650","3.1051","3.0629","","0.14%"
"06/16/2023","3.0783","3.0766","3.0975","3.0549","","0.09%"
"06/15/2023","3.0756","3.0849","3.1100","3.0605","","-0.24%"
"06/14/2023","3.0830","3.0910","3.1126","3.0763","","-0.15%"
"06/13/2023","3.0875","3.1005","3.1133","3.0852","","-0.31%"
"06/12/2023","3.0970","3.1021","3.1143","3.0900","","-0.33%"
"06/09/2023","3.1074","3.0907","3.1145","3.0907","","0.19%"
"06/08/2023","3.1015","3.1253","3.1279","3.0899","","-0.36%"
"06/07/2023","3.1126","3.1252","3.1326","3.0907","","0.00%"
"06/06/2023","3.1127","3.0907","3.1332","3.0907","","0.73%"
"06/05/2023","3.0900","3.1007","3.1274","3.0895","","0.00%"
"06/02/2023","3.0900","3.0907","3.1168","3.0871","","0.00%"
"06/01/2023","3.0900","3.0907","3.1288","3.0883","","0.00%"
"05/31/2023","3.0900","3.0889","3.1300","3.0884","","0.15%"
"05/30/2023","3.0854","3.1084","3.1182","3.0805","","-0.73%"
"05/29/2023","3.1082","3.0917","3.1121","3.0696","","0.98%"
"05/26/2023","3.0780","3.0980","3.1219","3.0795","","-0.39%"
"05/25/2023","3.0900","3.0907","3.1231","3.0654","","0.52%"
"05/24/2023","3.0740","3.0907","3.1037","3.0735","","-0.52%"
"05/23/2023","3.0900","3.0898","3.1006","3.0754","","0.05%"
"05/22/2023","3.0884","3.0687","3.0963","3.0625","","0.00%"
"05/19/2023","3.0885","3.0855","3.0993","3.0657","","-0.05%"
"05/18/2023","3.0900","3.0749","3.1003","3.0624","","0.33%"
"05/17/2023","3.0797","3.0750","3.0915","3.0584","","0.19%"
"05/16/2023","3.0739","3.0724","3.0907","3.0450","","0.52%"
"05/15/2023","3.0579","3.0758","3.0907","3.0450","","0.75%"
"05/12/2023","3.0350","3.0635","3.0764","3.0416","","-0.89%"
"05/11/2023","3.0624","3.0504","3.0733","3.0371","","0.43%"
"05/10/2023","3.0493","3.0549","3.0650","3.0296","","-0.14%"
"05/09/2023","3.0535","3.0503","3.0659","3.0299","","0.61%"
"05/08/2023","3.0350","3.0450","3.0584","3.0198","","0.46%"
"05/05/2023","3.0211","3.0442","3.0680","3.0252","","-0.73%"
"05/04/2023","3.0434","3.0251","3.0638","3.0188","","0.18%"
"05/03/2023","3.0379","3.0422","3.0627","3.0139","","-0.02%"
"05/02/2023","3.0384","3.0451","3.0731","3.0250","","0.09%"
"05/01/2023","3.0356","3.0286","3.0484","3.0233","","0.40%"
"04/28/2023","3.0235","3.0386","3.0669","3.0268","","-0.41%"
"04/27/2023","3.0360","3.0365","3.0605","3.0268","","0.32%"
"04/26/2023","3.0262","3.0580","3.0610","3.0227","","-0.35%"
"04/25/2023","3.0367","3.0343","3.0653","3.0272","","0.39%"
"04/24/2023","3.0249","3.1230","3.1307","3.0319","","-3.36%"
"04/21/2023","3.1300","3.0907","3.1450","3.0907","","0.32%"
"04/20/2023","3.1200","3.0907","3.1390","3.0907","","0.00%"
"04/19/2023","3.1200","3.1150","3.1451","3.0907","","-0.32%"
"04/18/2023","3.1300","3.0907","3.1450","3.0907","","0.32%"
"04/17/2023","3.1200","3.0265","3.1436","3.0259","","2.68%"
"04/14/2023","3.0386","3.0187","3.0483","3.0131","","0.64%"
"04/13/2023","3.0194","3.0391","3.0591","3.0145","","-0.32%"
"04/12/2023","3.0291","3.0543","3.0686","3.0271","","-0.50%"
"04/11/2023","3.0442","3.0634","3.0735","3.0408","","-0.29%"
"04/10/2023","3.0531","3.0517","3.0690","3.0422","","-0.52%"
"04/07/2023","3.0692","3.0495","3.0747","3.0418","","0.81%"
"04/06/2023","3.0444","3.0477","3.0736","3.0365","","-0.10%"
"04/05/2023","3.0473","3.0340","3.0724","3.0306","","0.45%"
"04/04/2023","3.0335","3.0440","3.0740","3.0301","","-0.35%"
"04/03/2023","3.0442","3.0480","3.0879","3.0410","","-0.33%"
"03/31/2023","3.0544","3.0433","3.1150","3.0422","","-0.48%"
"03/30/2023","3.0690","3.0545","3.0896","3.0385","","0.41%"
"03/29/2023","3.0565","3.0907","3.1150","3.0491","","-1.08%"
"03/28/2023","3.0900","3.1150","3.1150","3.0671","","-0.32%"
"03/27/2023","3.1000","3.0891","3.1151","3.0639","","0.00%"
"03/24/2023","3.1000","3.0669","3.1178","3.0505","","0.54%"
"03/23/2023","3.0835","3.0632","3.0849","3.0401","","0.98%"
"03/22/2023","3.0535","3.0804","3.1150","3.0571","","-0.54%"
"03/21/2023","3.0702","3.1045","3.1187","3.0721","","-0.99%"
"03/20/2023","3.1010","3.1244","3.1286","3.1021","","0.45%"
"03/17/2023","3.0871","3.1114","3.1346","3.0857","","-0.44%"
"03/16/2023","3.1008","3.1331","3.1564","3.0907","","-1.36%"
"03/15/2023","3.1436","3.1263","3.1789","3.0763","","0.57%"
"03/14/2023","3.1257","3.1036","3.1516","3.0846","","1.01%"
"03/13/2023","3.0945","3.1290","3.1302","3.0766","","-0.95%"
"03/10/2023","3.1242","3.1489","3.1598","3.0814","","-0.15%"
"03/09/2023","3.1289","3.1529","3.1844","3.0907","","-1.40%"
"03/08/2023","3.1733","3.1416","3.1847","3.1240","","0.39%"
"03/07/2023","3.1609","3.1075","3.1717","3.0838","","1.40%"
"03/06/2023","3.1172","3.1344","3.1695","3.0903","","-0.12%"
"03/03/2023","3.1211","3.1316","3.1672","3.0907","","-0.95%"
"03/02/2023","3.1510","3.1361","3.1671","3.1160","","0.77%"
"03/01/2023","3.1268","3.1360","3.1692","3.0907","","-0.91%"
"02/28/2023","3.1554","3.1364","3.1709","3.1209","","0.29%"
"02/27/2023","3.1464","3.1140","3.1750","3.0907","","0.85%"
"02/24/2023","3.1200","3.1120","3.1558","3.0907","","0.62%"
"02/23/2023","3.1008","3.1102","3.1562","3.0907","","0.06%"
"02/22/2023","3.0988","3.1271","3.1588","3.0879","","-1.53%"
"02/21/2023","3.1471","3.1213","3.1590","3.0819","","0.52%"
"02/20/2023","3.1309","3.0878","3.1556","3.0837","","1.47%"
"02/17/2023","3.0855","3.0907","3.1576","3.0852","","-0.12%"
"02/16/2023","3.0893","3.0972","3.1518","3.0763","","0.10%"
"02/15/2023","3.0862","3.1109","3.1456","3.0744","","-0.45%"
"02/14/2023","3.1002","3.0912","3.1428","3.0594","","-0.95%"
"02/13/2023","3.1298","3.1095","3.1474","3.0722","","0.70%"
"02/10/2023","3.1079","3.1159","3.1505","3.0747","","0.39%"
"02/09/2023","3.0959","3.1119","3.1367","3.0591","","-0.19%"
"02/08/2023","3.1017","3.0805","3.1358","3.0612","","0.81%"
"02/07/2023","3.0769","3.0779","3.1286","3.0601","","0.32%"
"02/06/2023","3.0671","3.0620","3.1301","3.0526","","-0.21%"
"02/03/2023","3.0737","3.0594","3.0990","3.0366","","1.19%"
"02/02/2023","3.0375","3.0280","3.0717","3.0152","","0.33%"
"02/01/2023","3.0276","3.0575","3.0925","3.0271","","-0.86%"
"01/31/2023","3.0540","3.0615","3.0831","3.0423","","-0.13%"
"01/30/2023","3.0580","3.0735","3.0786","3.0552","","0.28%"
"01/27/2023","3.0494","3.0838","3.1100","3.0363","","-0.47%"
"01/26/2023","3.0638","3.0451","3.1069","3.0296","","0.43%"
"01/25/2023","3.0507","3.0817","3.1108","3.0365","","-0.49%"
"01/24/2023","3.0658","3.0978","3.1102","3.0382","","-0.40%"
"01/23/2023","3.0782","3.0828","3.1136","3.0408","","-0.01%"
"01/20/2023","3.0785","3.0593","3.1096","3.0387","","-0.01%"
"01/19/2023","3.0789","3.0889","3.1203","3.0439","","-0.01%"
"01/18/2023","3.0792","3.0899","3.1132","3.0315","","-0.05%"
"01/17/2023","3.0806","3.0615","3.1032","3.0374","","0.56%"
"01/16/2023","3.0634","3.0844","3.1056","3.0566","","0.09%"
"01/13/2023","3.0606","3.0688","3.1074","3.0647","","0.05%"
"01/12/2023","3.0590","3.0909","3.1096","3.0600","","-0.70%"
"01/11/2023","3.0807","3.0941","3.1182","3.0647","","-0.12%"
"01/10/2023","3.0845","3.1168","3.1388","3.0852","","-1.62%"
"01/09/2023","3.1354","3.1258","3.1593","3.0807","","0.47%"
"01/06/2023","3.1208","3.1373","3.1681","3.1040","","-0.53%"
"01/05/2023","3.1374","3.1391","3.1611","3.0854","","0.59%"
"01/04/2023","3.1191","3.1479","3.1694","3.0907","","0.06%"
"01/03/2023","3.1173","3.1293","3.1589","3.0907","","-0.56%"
"01/02/2023","3.1349","3.1075","3.1477","3.0739","","1.16%"
"12/30/2022","3.0990","3.1091","3.1493","3.0770","","-0.98%"
"12/29/2022","3.1296","3.1310","3.1629","3.0826","","0.60%"
"12/28/2022","3.1110","3.1249","3.1474","3.0804","","-0.13%"
"12/27/2022","3.1150","3.1134","3.1518","3.0813","","0.37%"
"12/26/2022","3.1035","3.1160","3.1470","3.0813","","-0.44%"
"12/23/2022","3.1172","3.1300","3.1637","3.0847","","-1.01%"
"12/22/2022","3.1490","3.1376","3.1677","3.1064","","1.01%"
"12/21/2022","3.1176","3.1219","3.1683","3.0901","","-0.43%"
"12/20/2022","3.1312","3.1322","3.1713","3.0907","","-0.34%"
"12/19/2022","3.1420","3.1309","3.1708","3.0940","","-0.76%"
"12/16/2022","3.1661","3.1394","3.1762","3.1020","","1.50%"
"12/15/2022","3.1194","3.1421","3.1674","3.0872","","-0.09%"
"12/14/2022","3.1221","3.1772","3.1797","3.0963","","-1.42%"
"12/13/2022","3.1671","3.1988","3.2315","3.1311","","-1.59%"
"12/12/2022","3.2183","3.2170","3.2339","3.0907","","0.31%"
"12/09/2022","3.2084","3.2076","3.2377","3.1776","","0.42%"
"12/08/2022","3.1949","3.2043","3.2445","3.1843","","0.03%"
"12/07/2022","3.1938","3.2124","3.2477","3.1961","","-0.61%"
"12/06/2022","3.2135","3.2170","3.2280","3.1570","","0.52%"
"12/05/2022","3.1968","3.2225","3.2320","3.1562","","0.43%"
"12/02/2022","3.1830","3.1981","3.2440","3.1832","","-1.08%"
"12/01/2022","3.2178","3.2465","3.2583","3.1911","","0.02%"
"11/30/2022","3.2170","3.2544","3.2840","3.2104","","-0.54%"
"11/29/2022","3.2344","3.2525","3.2789","3.2104","","0.06%"
"11/28/2022","3.2325","3.2275","3.2736","3.2078","","-0.53%"
"11/25/2022","3.2496","3.2362","3.2757","3.1191","","1.03%"
"11/24/2022","3.2164","3.2305","3.2646","3.0900","","-0.45%"
"11/23/2022","3.2308","3.2331","3.2673","3.2004","","-0.42%"
"11/22/2022","3.2443","3.2591","3.2719","3.2040","","-0.13%"
"11/21/2022","3.2484","3.1525","3.2739","3.1525","","2.53%"
"11/18/2022","3.1681","3.1310","3.2263","3.1239","","0.38%"
"11/17/2022","3.1560","3.1443","3.2241","3.1111","","0.69%"
"11/16/2022","3.1343","3.2150","3.2250","3.1031","","-2.20%"
"11/15/2022","3.2049","3.2119","3.2349","3.0953","","0.09%"
"11/14/2022","3.2019","3.2075","3.2324","3.1277","","0.25%"
"11/11/2022","3.1940","3.1623","3.2400","3.1319","","1.00%"
"11/10/2022","3.1623","3.2048","3.2400","3.1538","","-1.32%"
"11/09/2022","3.2047","3.1908","3.2266","3.1856","","0.44%"
"11/08/2022","3.1906","3.2021","3.2316","3.1836","","-0.35%"
"11/07/2022","3.2017","3.2290","3.2546","3.1988","","-0.91%"
"11/04/2022","3.2312","3.2786","3.2885","3.2089","","-0.82%"
"11/03/2022","3.2579","3.2376","3.2934","3.2230","","0.58%"
"11/02/2022","3.2391","3.2275","3.2704","3.2045","","0.36%"
"11/01/2022","3.2274","3.2366","3.2611","3.2142","","-0.05%"
"10/31/2022","3.2289","3.2115","3.2628","3.2115","","0.09%"
"10/28/2022","3.2261","3.2374","3.2492","3.2070","","0.37%"
"10/27/2022","3.2141","3.1889","3.2387","3.1839","","0.85%"
"10/26/2022","3.1870","3.2131","3.2389","3.1853","","-1.30%"
"10/25/2022","3.2290","3.2338","3.2665","3.2092","","-0.71%"
"10/24/2022","3.2522","3.2700","3.2796","3.2294","","0.42%"
"10/21/2022","3.2386","3.2530","3.2989","3.2346","","-0.62%"
"10/20/2022","3.2587","3.2557","3.2860","3.2399","","-0.11%"
"10/19/2022","3.2623","3.2554","3.2906","3.2342","","0.22%"
"10/18/2022","3.2551","3.2408","3.2680","3.2333","","0.32%"
"10/17/2022","3.2448","3.2695","3.3000","3.2383","","-1.21%"
"10/14/2022","3.2846","3.2550","3.2977","3.2484","","0.71%"
"10/13/2022","3.2616","3.2705","3.3160","3.2486","","-0.51%"
"10/12/2022","3.2784","3.2652","3.3053","3.2583","","-0.27%"
"10/11/2022","3.2874","3.2654","3.3020","3.2495","","0.45%"
"10/10/2022","3.2728","3.2615","3.2914","3.2545","","0.24%"
"10/07/2022","3.2649","3.2663","3.2811","3.2350","","-0.02%"
"10/06/2022","3.2657","3.2437","3.2700","3.2166","","0.66%"
"10/05/2022","3.2443","3.2339","3.2554","3.2012","","0.73%"
"10/04/2022","3.2207","3.2383","3.2605","3.1909","","-1.06%"
"10/03/2022","3.2553","3.2589","3.2800","3.2346","","-0.27%"
"09/30/2022","3.2642","3.2424","3.2802","3.2324","","0.72%"
"09/29/2022","3.2409","3.2585","3.3078","3.2405","","-0.58%"
"09/28/2022","3.2598","3.2920","3.3381","3.2550","","-1.67%"
"09/27/2022","3.3150","3.2866","3.3282","3.2623","","0.07%"
"09/26/2022","3.3126","3.2545","3.3197","3.2545","","1.32%"
"09/23/2022","3.2694","3.2359","3.3016","3.2305","","1.02%"
"09/22/2022","3.2363","3.2361","3.2716","3.2209","","-0.02%"
"09/21/2022","3.2369","3.2077","3.2530","3.2045","","0.69%"
"09/20/2022","3.2146","3.1960","3.2302","3.1899","","0.61%"
"09/19/2022","3.1952","3.2078","3.2365","3.1928","","-0.07%"
"09/16/2022","3.1975","3.1983","3.2420","3.1933","","-0.03%"
"09/15/2022","3.1985","3.2100","3.2378","3.1973","","-0.36%"
"09/14/2022","3.2100","3.2073","3.2370","3.1946","","0.07%"
"09/13/2022","3.2076","3.1751","3.2343","3.1542","","0.55%"
"09/12/2022","3.1901","3.1925","3.2129","3.1528","","-0.16%"
"09/09/2022","3.1953","3.2078","3.2269","3.1800","","-0.40%"
"09/08/2022","3.2081","3.2049","3.2370","3.1945","","0.10%"
"09/07/2022","3.2049","3.2204","3.2500","3.1955","","-0.57%"
"09/06/2022","3.2234","3.2156","3.2472","3.1965","","0.24%"
"09/05/2022","3.2157","3.1956","3.2359","3.1956","","0.12%"
"09/02/2022","3.2120","3.2117","3.2331","3.1918","","0.01%"
"09/01/2022","3.2116","3.1879","3.2445","3.1800","","0.74%"
"08/31/2022","3.1880","3.1902","3.2179","3.1677","","0.21%"
"08/30/2022","3.1812","3.1970","3.2095","3.1732","","-0.49%"
"08/29/2022","3.1970","3.1884","3.2209","3.1780","","-0.15%"
"08/26/2022","3.2017","3.1897","3.2238","3.1658","","0.19%"
"08/25/2022","3.1957","3.1987","3.2159","3.1774","","-0.15%"
"08/24/2022","3.2004","3.2000","3.2262","3.1846","","0.10%"
"08/23/2022","3.1973","3.1956","3.2229","3.1808","","0.32%"
"08/22/2022","3.1871","3.1635","3.2130","3.1635","","0.11%"
"08/19/2022","3.1837","3.1560","3.1862","3.1409","","0.86%"
"08/18/2022","3.1566","3.1369","3.1734","3.1344","","0.15%"
"08/17/2022","3.1520","3.1514","3.1598","3.1323","","0.03%"
"08/16/2022","3.1510","3.1522","3.1670","3.1318","","0.03%"
"08/15/2022","3.1502","3.1213","3.1663","3.1205","","0.97%"
"08/12/2022","3.1200","3.1080","3.1484","3.1068","","0.39%"
"08/11/2022","3.1080","3.1239","3.1434","3.0900","","-0.51%"
"08/10/2022","3.1239","3.1448","3.1676","3.0900","","-0.67%"
"08/09/2022","3.1451","3.1362","3.1658","3.1259","","0.26%"
"08/08/2022","3.1368","3.1419","3.1724","3.1311","","-0.54%"
"08/05/2022","3.1539","3.1152","3.1765","3.1144","","0.20%"
"08/04/2022","3.1475","3.1633","3.1709","3.1142","","-0.50%"
"08/03/2022","3.1633","3.1323","3.1743","3.1232","","0.77%"
"08/02/2022","3.1391","3.1122","3.1627","3.1063","","0.63%"
"08/01/2022","3.1196","3.1413","3.1543","3.1097","","-0.23%"
"07/29/2022","3.1267","3.1645","3.1663","3.1073","","-1.16%"
"07/28/2022","3.1634","3.1595","3.1762","3.1306","","0.12%"
"07/27/2022","3.1595","3.1760","3.1828","3.1429","","-0.42%"
"07/26/2022","3.1728","3.1670","3.1848","3.1337","","0.18%"
"07/25/2022","3.1670","3.1441","3.1675","3.1421","","0.19%"
"07/22/2022","3.1610","3.1595","3.1816","3.1345","","0.05%"
"07/21/2022","3.1593","3.1660","3.1749","3.1332","","-0.21%"
"07/20/2022","3.1660","3.1613","3.1717","3.1313","","0.15%"
"07/19/2022","3.1613","3.1750","3.1750","3.1255","","-0.43%"
"07/18/2022","3.1750","3.1769","3.1925","3.1467","","-0.46%"
"07/15/2022","3.1896","3.2033","3.2055","3.1581","","-0.44%"
"07/14/2022","3.2036","3.1929","3.2174","3.1454","","0.34%"
"07/13/2022","3.1927","3.1587","3.2079","3.1405","","-0.10%"
"07/12/2022","3.1958","3.1958","3.2115","3.1512","","0.00%"
"07/11/2022","3.1959","3.1528","3.1975","3.1226","","1.58%"
"07/08/2022","3.1462","3.1335","3.1782","3.1148","","0.42%"
"07/07/2022","3.1331","3.1288","3.1631","3.1060","","0.60%"
"07/06/2022","3.1144","3.1115","3.1735","3.1098","","0.09%"
"07/05/2022","3.1115","3.0807","3.1505","3.0747","","0.45%"
"07/04/2022","3.0977","3.0850","3.1221","3.0765","","0.04%"
"07/01/2022","3.0965","3.0685","3.1181","3.0647","","0.94%"
"06/30/2022","3.0677","3.0923","3.1150","3.0567","","-0.28%"
"06/29/2022","3.0763","3.0610","3.1156","3.0574","","0.52%"
"06/28/2022","3.0604","3.0476","3.0976","3.0371","","-0.12%"
"06/27/2022","3.0642","3.0925","3.0950","3.0435","","-0.18%"
"06/24/2022","3.0697","3.0992","3.1023","3.0531","","-0.96%"
"06/23/2022","3.0995","3.0516","3.1200","3.0420","","1.24%"
"06/22/2022","3.0614","3.0948","3.1058","3.0325","","-1.03%"
"06/21/2022","3.0933","3.0624","3.1017","3.0484","","0.51%"
"06/20/2022","3.0776","3.0977","3.1006","3.0555","","0.42%"
"06/17/2022","3.0646","3.0699","3.1114","3.0427","","-0.18%"
"06/16/2022","3.0701","3.0757","3.1127","3.0447","","-0.67%"
"06/15/2022","3.0907","3.0815","3.1127","3.0547","","0.31%"
"06/14/2022","3.0813","3.0919","3.1129","3.0679","","-0.05%"
"06/13/2022","3.0829","3.0595","3.1100","3.0595","","0.41%"
"06/10/2022","3.0702","3.0418","3.0788","3.0192","","0.94%"
"06/09/2022","3.0416","3.0295","3.0600","3.0113","","0.40%"
"06/08/2022","3.0295","3.0253","3.0500","3.0165","","0.17%"
"06/07/2022","3.0245","3.0355","3.0436","3.0192","","-0.07%"
"06/06/2022","3.0265","3.0195","3.0395","3.0155","","0.15%"
"06/03/2022","3.0220","3.0165","3.0337","3.0132","","0.18%"
"06/02/2022","3.0167","3.0356","3.0500","2.9978","","-0.60%"
"06/01/2022","3.0350","3.0230","3.0511","3.0182","","0.39%"
"05/31/2022","3.0232","3.0107","3.0400","3.0103","","0.43%"
"05/30/2022","3.0103","3.0220","3.0270","3.0088","","-0.58%"
"05/27/2022","3.0278","3.0205","3.0500","3.0130","","0.25%"
"05/26/2022","3.0201","3.0286","3.0632","3.0193","","-0.86%"
"05/25/2022","3.0464","3.0129","3.0520","3.0079","","0.54%"
"05/24/2022","3.0299","3.0325","3.0500","3.0108","","0.28%"
"05/23/2022","3.0215","3.0540","3.0540","3.0045","","-0.82%"
"05/20/2022","3.0464","3.0585","3.0708","3.0276","","0.16%"
"05/19/2022","3.0415","3.0829","3.0900","3.0378","","-1.34%"
"05/18/2022","3.0829","3.0661","3.0900","3.0462","","1.11%"
"05/17/2022","3.0491","3.0722","3.0903","3.0479","","-1.29%"
"05/16/2022","3.0890","3.0815","3.1021","3.0562","","0.42%"
"05/13/2022","3.0762","3.0900","3.1145","3.0596","","-0.45%"
"05/12/2022","3.0900","3.0900","3.1205","3.0701","","0.11%"
"05/11/2022","3.0867","3.0900","3.1000","3.0594","","-0.11%"
"05/10/2022","3.0900","3.0895","3.1000","3.0699","","0.79%"
"05/09/2022","3.0659","3.0733","3.0900","3.0570","","0.56%"
"05/06/2022","3.0489","3.0623","3.0829","3.0393","","-0.05%"
"05/05/2022","3.0503","3.0347","3.0806","3.0310","","0.24%"
"05/04/2022","3.0429","3.0610","3.0839","3.0331","","-0.59%"
"05/03/2022","3.0610","3.0602","3.0610","3.0602","","0.03%"
"05/02/2022","3.0602","3.0736","3.0736","3.0602","","0.33%"
"04/29/2022","3.0501","3.0595","3.0768","3.0407","","-0.28%"
"04/28/2022","3.0588","3.0525","3.0850","3.0458","","0.21%"
"04/27/2022","3.0525","3.0397","3.0681","3.0158","","0.42%"
"04/26/2022","3.0397","3.0173","3.0600","3.0028","","0.46%"
"04/25/2022","3.0257","3.0327","3.0480","3.0064","","0.57%"
"04/22/2022","3.0087","3.0020","3.0352","2.9908","","0.48%"
"04/21/2022","2.9942","2.9986","3.0307","2.9750","","0.12%"
"04/20/2022","2.9906","3.0071","3.0301","2.9882","","-0.55%"
"04/19/2022","3.0071","2.9810","3.0300","2.9798","","0.88%"
"04/18/2022","2.9810","2.9887","3.0300","2.9779","","-0.70%"
"04/15/2022","3.0020","2.9993","3.0150","2.9864","","0.22%"
"04/14/2022","2.9953","2.9838","3.0157","2.9683","","0.39%"
"04/13/2022","2.9836","2.9952","3.0220","2.9701","","-0.40%"
"04/12/2022","2.9957","2.9852","3.0100","2.9748","","0.22%"
"04/11/2022","2.9890","2.9780","3.0050","2.9672","","-0.05%"
"04/08/2022","2.9905","2.9746","3.0050","2.9589","","0.52%"
"04/07/2022","2.9750","2.9825","3.0050","2.9450","","-0.39%"
"04/06/2022","2.9867","2.9808","3.0000","2.9585","","0.06%"
"04/05/2022","2.9848","2.9901","2.9932","2.9450","","0.56%"
"04/04/2022","2.9681","2.9405","2.9926","2.9405","","0.08%"
"04/01/2022","2.9658","2.9450","2.9707","2.9330","","0.88%"
"03/31/2022","2.9398","2.9227","2.9660","2.9178","","0.59%"
"03/30/2022","2.9227","2.9450","2.9585","2.9115","","-0.45%"
"03/29/2022","2.9358","2.9553","2.9789","2.9170","","-0.61%"
"03/28/2022","2.9538","2.9742","2.9839","2.9414","","0.02%"
"03/25/2022","2.9533","2.9739","2.9769","2.9319","","-0.70%"
"03/24/2022","2.9741","2.9554","2.9799","2.9316","","1.39%"
"03/23/2022","2.9332","2.9509","2.9695","2.9263","","-0.32%"
"03/22/2022","2.9427","2.9532","2.9650","2.9259","","-0.36%"
"03/21/2022","2.9534","2.9576","2.9576","2.9214","","0.98%"
"03/18/2022","2.9247","2.9465","2.9583","2.9125","","0.25%"
"03/17/2022","2.9174","2.9434","2.9550","2.9092","","-0.87%"
"03/16/2022","2.9430","2.9426","2.9687","2.9256","","-0.82%"
"03/15/2022","2.9674","2.9614","2.9728","2.9237","","0.75%"
"03/14/2022","2.9454","2.9395","2.9755","2.9344","","0.92%"
"03/11/2022","2.9186","2.9478","2.9561","2.9177","","-0.50%"
"03/10/2022","2.9334","2.9203","2.9506","2.9100","","0.03%"
"03/09/2022","2.9325","2.9654","2.9680","2.9144","","-1.08%"
"03/08/2022","2.9646","2.9612","2.9743","2.9339","","-0.28%"
"03/07/2022","2.9730","2.9380","2.9807","2.9326","","0.86%"
"03/04/2022","2.9476","2.9152","2.9647","2.9144","","1.12%"
"03/03/2022","2.9150","2.9050","2.9399","2.9041","","0.34%"
"03/02/2022","2.9050","2.9116","2.9365","2.8970","","-0.64%"
"03/01/2022","2.9236","2.8947","2.9299","2.8820","","0.57%"
"02/28/2022","2.9069","2.9040","2.9169","2.8733","","0.10%"
"02/25/2022","2.9040","2.9092","2.9142","2.8739","","0.17%"
"02/24/2022","2.8992","2.8785","2.9248","2.8571","","0.41%"
"02/23/2022","2.8874","2.8785","2.8913","2.8600","","0.41%"
"02/22/2022","2.8757","2.8777","2.8967","2.8609","","-0.10%"
"02/21/2022","2.8786","2.8647","2.8917","2.8599","","-0.27%"
"02/18/2022","2.8863","2.8695","2.8921","2.8581","","0.59%"
"02/17/2022","2.8695","2.8720","2.8860","2.8545","","-0.09%"
"02/16/2022","2.8720","2.8792","2.8848","2.8542","","-0.25%"
"02/15/2022","2.8792","2.8800","2.8965","2.8623","","-0.03%"
"02/14/2022","2.8800","2.8542","2.8957","2.8542","","-0.11%"
"02/11/2022","2.8832","2.8580","2.8870","2.8542","","0.47%"
"02/10/2022","2.8697","2.8584","2.8820","2.8282","","-0.01%"
"02/09/2022","2.8699","2.8768","2.8820","2.8353","","0.35%"
"02/08/2022","2.8598","2.8532","2.8804","2.8467","","0.22%"
"02/07/2022","2.8536","2.8595","2.8800","2.8437","","-0.31%"
"02/04/2022","2.8626","2.8521","2.8820","2.8396","","0.36%"
"02/03/2022","2.8523","2.8706","2.9084","2.8451","","-0.65%"
"02/02/2022","2.8709","2.8766","2.9023","2.8651","","-0.19%"
"02/01/2022","2.8764","2.8953","2.9109","2.8752","","-0.24%"
"01/31/2022","2.8833","2.9028","2.9240","2.8703","","-0.91%"
"01/28/2022","2.9099","2.9333","2.9373","2.8734","","-0.80%"
"01/27/2022","2.9334","2.8823","2.9360","2.8650","","1.47%"
"01/26/2022","2.8909","2.8800","2.9105","2.8717","","0.06%"
"01/25/2022","2.8891","2.9006","2.9118","2.8650","","-0.41%"
"01/24/2022","2.9010","2.8836","2.9076","2.8700","","0.99%"
"01/21/2022","2.8726","2.8705","2.9036","2.8600","","0.07%"
"01/20/2022","2.8705","2.8727","2.9040","2.8600","","-0.94%"
"01/19/2022","2.8976","2.8698","2.8989","2.8600","","0.94%"
"01/18/2022","2.8706","2.8746","2.8927","2.8534","","-0.17%"
"01/17/2022","2.8755","2.8705","2.8820","2.8600","","-0.31%"
"01/14/2022","2.8845","2.8577","2.8880","2.8400","","1.31%"
"01/13/2022","2.8471","2.8725","2.8820","2.8429","","-1.17%"
"01/12/2022","2.8808","2.8947","2.8970","2.8478","","-0.47%"
"01/11/2022","2.8944","2.9020","2.9035","2.8583","","-0.24%"
"01/10/2022","2.9013","2.8764","2.9044","2.8657","","1.32%"
"01/07/2022","2.8635","2.8751","2.8990","2.8628","","-0.38%"
"01/06/2022","2.8744","2.8719","2.9063","2.8650","","0.09%"
"01/05/2022","2.8719","2.8765","2.9000","2.8638","","-0.17%"
"01/04/2022","2.8767","2.8728","2.9000","2.8689","","0.14%"
"01/03/2022","2.8728","2.8745","2.9094","2.8608","","0.09%"
"12/31/2021","2.8701","2.8717","2.9000","2.8625","","-0.06%"
"12/30/2021","2.8717","2.8676","2.9000","2.8612","","0.14%"
"12/29/2021","2.8678","2.8705","2.9000","2.8597","","-0.10%"
"12/28/2021","2.8707","2.8670","2.8980","2.8661","","0.13%"
"12/27/2021","2.8670","2.8815","2.8900","2.8665","","-0.11%"
"12/24/2021","2.8702","2.8820","2.8900","2.8653","","0.06%"
"12/23/2021","2.8684","2.8852","2.9064","2.8675","","-0.35%"
"12/22/2021","2.8785","2.8770","2.9000","2.8668","","0.05%"
"12/21/2021","2.8770","2.8770","2.9000","2.8720","","0.01%"
"12/20/2021","2.8768","2.8820","2.9050","2.8726","","0.63%"
"12/17/2021","2.8587","2.8682","2.8820","2.8390","","-0.36%"
"12/16/2021","2.8689","2.8802","2.9062","2.8412","","-0.39%"
"12/15/2021","2.8802","2.8843","2.9000","2.8730","","-0.14%"
"12/14/2021","2.8843","2.8770","2.9134","2.8689","","0.25%"
"12/13/2021","2.8770","2.8820","2.9000","2.8730","","0.20%"
"12/10/2021","2.8714","2.8756","2.8902","2.8702","","-0.15%"
"12/09/2021","2.8756","2.8638","2.9070","2.8636","","0.41%"
"12/08/2021","2.8638","2.8900","2.8986","2.8619","","-0.56%"
"12/07/2021","2.8799","2.8765","2.9103","2.8737","","0.11%"
"12/06/2021","2.8767","2.8785","2.9050","2.8725","","-0.09%"
"12/03/2021","2.8793","2.8762","2.9000","2.8689","","0.12%"
"12/02/2021","2.8758","2.8699","2.8950","2.8394","","0.21%"
"12/01/2021","2.8697","2.8666","2.8950","2.8342","","-0.28%"
"11/30/2021","2.8779","2.8860","2.9000","2.8400","","0.11%"
"11/29/2021","2.8747","2.8931","2.9000","2.8512","","-0.19%"
"11/26/2021","2.8803","2.8921","2.9150","2.8773","","-0.41%"
"11/25/2021","2.8921","2.8939","2.9150","2.8800","","-0.05%"
"11/24/2021","2.8935","2.8853","2.9150","2.8700","","0.30%"
"11/23/2021","2.8848","2.8585","2.8966","2.8530","","0.90%"
"11/22/2021","2.8592","2.8685","2.8855","2.8497","","0.32%"
"11/19/2021","2.8501","2.8591","2.8900","2.8344","","-0.29%"
"11/18/2021","2.8585","2.8686","2.8827","2.8342","","-0.35%"
"11/17/2021","2.8686","2.8696","2.8880","2.8395","","-0.05%"
"11/16/2021","2.8699","2.8595","2.8801","2.8305","","1.21%"
"11/15/2021","2.8357","2.8388","2.8708","2.8200","","0.49%"
"11/12/2021","2.8219","2.8524","2.8601","2.8195","","-1.10%"
"11/11/2021","2.8532","2.8158","2.8620","2.8142","","1.32%"
"11/10/2021","2.8160","2.7962","2.8487","2.7957","","0.72%"
"11/09/2021","2.7958","2.7967","2.8400","2.7938","","-0.04%"
"11/08/2021","2.7970","2.8283","2.8450","2.7962","","-0.57%"
"11/05/2021","2.8131","2.8247","2.8437","2.7998","","-0.81%"
"11/04/2021","2.8361","2.8279","2.8480","2.7919","","0.29%"
"11/03/2021","2.8279","2.8375","2.8440","2.7920","","-0.16%"
"11/02/2021","2.8325","2.8079","2.8400","2.7943","","0.88%"
"11/01/2021","2.8079","2.8185","2.8398","2.7934","","-0.22%"
"10/29/2021","2.8141","2.8183","2.8387","2.7837","","0.42%"
"10/28/2021","2.8023","2.8203","2.8370","2.7850","","-0.94%"
"10/27/2021","2.8290","2.8251","2.8410","2.7924","","0.14%"
"10/26/2021","2.8251","2.8201","2.8400","2.8048","","0.18%"
"10/25/2021","2.8201","2.8126","2.8308","2.7862","","0.66%"
"10/22/2021","2.8017","2.8176","2.8332","2.8007","","-0.56%"
"10/21/2021","2.8174","2.8127","2.8251","2.8011","","0.57%"
"10/20/2021","2.8015","2.8157","2.8300","2.7893","","-0.61%"
"10/19/2021","2.8188","2.8128","2.8350","2.7986","","0.18%"
"10/18/2021","2.8137","2.8155","2.8225","2.8137","","0.68%"
"10/15/2021","2.7948","2.8089","2.8299","2.7914","","-1.24%"
"10/14/2021","2.8299","2.8300","2.8318","2.7926","","-0.02%"
"10/13/2021","2.8306","2.8394","2.8394","2.8087","","-0.31%"
"10/12/2021","2.8394","2.8295","2.8430","2.8129","","0.86%"
"10/11/2021","2.8153","2.8251","2.8370","2.8107","","-0.66%"
"10/08/2021","2.8339","2.8385","2.8407","2.8105","","0.15%"
"10/07/2021","2.8297","2.8358","2.8450","2.8008","","-0.22%"
"10/06/2021","2.8358","2.8217","2.8426","2.8105","","0.50%"
"10/05/2021","2.8218","2.8193","2.8350","2.7952","","0.09%"
"10/04/2021","2.8193","2.8080","2.8265","2.8028","","-0.35%"
"10/01/2021","2.8291","2.8098","2.8324","2.7941","","-0.07%"
"09/30/2021","2.8311","2.8050","2.8338","2.7936","","0.87%"
"09/29/2021","2.8067","2.8119","2.8206","2.7794","","0.35%"
"09/28/2021","2.7970","2.7951","2.8200","2.7772","","0.06%"
"09/27/2021","2.7952","2.7920","2.8100","2.7755","","0.10%"
"09/24/2021","2.7923","2.7980","2.8065","2.7706","","0.02%"
"09/23/2021","2.7918","2.8068","2.8130","2.7692","","0.43%"
"09/22/2021","2.7799","2.7736","2.8071","2.7684","","-0.78%"
"09/21/2021","2.8018","2.8064","2.8120","2.7697","","-0.16%"
"09/20/2021","2.8064","2.7991","2.8120","2.7729","","0.22%"
"09/17/2021","2.8002","2.7962","2.8059","2.7800","","0.15%"
"09/16/2021","2.7959","2.7856","2.8021","2.7621","","0.32%"
"09/15/2021","2.7870","2.7890","2.7946","2.7556","","-0.01%"
"09/14/2021","2.7872","2.7926","2.7944","2.7731","","0.05%"
"09/13/2021","2.7859","2.7722","2.7957","2.7583","","-0.26%"
"09/10/2021","2.7933","2.7923","2.7942","2.7680","","0.22%"
"09/09/2021","2.7873","2.7901","2.7955","2.7680","","0.08%"
"09/08/2021","2.7852","2.7860","2.7976","2.7700","","-0.21%"
"09/07/2021","2.7912","2.7939","2.7946","2.7661","","-0.10%"
"09/06/2021","2.7939","2.7625","2.7961","2.7600","","0.44%"
"09/03/2021","2.7817","2.7832","2.7875","2.7476","","-0.05%"
"09/02/2021","2.7832","2.7813","2.7935","2.7526","","-0.17%"
"09/01/2021","2.7879","2.7864","2.7968","2.7522","","0.05%"
"08/31/2021","2.7864","2.7810","2.7935","2.7695","","0.20%"
"08/30/2021","2.7809","2.7905","2.8015","2.7794","","-0.01%"
"08/27/2021","2.7811","2.8061","2.8082","2.7615","","-0.89%"
"08/26/2021","2.8061","2.7860","2.8072","2.7658","","0.73%"
"08/25/2021","2.7858","2.7952","2.8082","2.7652","","-0.53%"
"08/24/2021","2.8006","2.7993","2.8143","2.7810","","0.04%"
"08/23/2021","2.7994","2.7975","2.8172","2.7872","","0.16%"
"08/20/2021","2.7949","2.8110","2.8126","2.7937","","-0.57%"
"08/19/2021","2.8109","2.7931","2.8113","2.7785","","0.64%"
"08/18/2021","2.7931","2.8062","2.8083","2.7857","","0.00%"
"08/17/2021","2.7931","2.7914","2.8064","2.7638","","0.35%"
"08/16/2021","2.7834","2.7915","2.7934","2.7628","","-0.18%"
"08/13/2021","2.7884","2.7997","2.7997","2.7871","","-0.06%"
"08/12/2021","2.7901","2.7979","2.8006","2.7800","","0.04%"
"08/11/2021","2.7890","2.7883","2.8064","2.7800","","0.03%"
"08/10/2021","2.7881","2.7851","2.7966","2.7819","","-0.04%"
"08/09/2021","2.7893","2.7855","2.7950","2.7697","","-0.34%"
"08/06/2021","2.7988","2.7856","2.7999","2.7600","","0.46%"
"08/05/2021","2.7859","2.7688","2.7885","2.7500","","-0.08%"
"08/04/2021","2.7882","2.7844","2.7888","2.7584","","0.61%"
"08/03/2021","2.7714","2.7678","2.7858","2.7500","","0.32%"
"08/02/2021","2.7625","2.7680","2.7833","2.7462","","-0.05%"
"07/30/2021","2.7638","2.7604","2.7829","2.7439","","0.12%"
"07/29/2021","2.7606","2.7676","2.7900","2.7479","","-0.49%"
"07/28/2021","2.7741","2.7782","2.7972","2.7527","","-0.61%"
"07/27/2021","2.7910","2.7947","2.7999","2.7539","","-0.07%"
"07/26/2021","2.7930","2.7835","2.8054","2.7616","","-0.15%"
"07/23/2021","2.7972","2.7847","2.8052","2.7636","","0.45%"
"07/22/2021","2.7847","2.7821","2.8050","2.7613","","0.11%"
"07/21/2021","2.7817","2.7868","2.8044","2.7800","","-0.18%"
"07/20/2021","2.7868","2.7933","2.8079","2.7803","","0.23%"
"07/19/2021","2.7803","2.7875","2.8078","2.7625","","0.03%"
"07/16/2021","2.7794","2.7785","2.8036","2.7579","","-0.44%"
"07/15/2021","2.7917","2.7920","2.8064","2.7522","","0.13%"
"07/14/2021","2.7882","2.7968","2.8133","2.7623","","0.16%"
"07/13/2021","2.7838","2.7506","2.8000","2.7481","","1.21%"
"07/12/2021","2.7506","2.7715","2.8050","2.7484","","-0.89%"
"07/09/2021","2.7752","2.7742","2.8050","2.7687","","0.04%"
"07/08/2021","2.7741","2.7892","2.7984","2.7704","","-0.27%"
"07/07/2021","2.7816","2.7837","2.8050","2.7558","","-0.08%"
"07/06/2021","2.7837","2.7773","2.7867","2.7449","","0.24%"
"07/05/2021","2.7771","2.7730","2.7869","2.7472","","0.22%"
"07/02/2021","2.7711","2.7794","2.8000","2.7697","","-0.30%"
"07/01/2021","2.7794","2.7854","2.7878","2.7664","","-0.22%"
"06/30/2021","2.7854","2.7812","2.7878","2.7448","","0.15%"
"06/29/2021","2.7812","2.7757","2.7820","2.7408","","0.20%"
"06/28/2021","2.7756","2.7585","2.7789","2.7566","","0.03%"
"06/25/2021","2.7747","2.7749","2.7798","2.7506","","0.46%"
"06/24/2021","2.7619","2.7756","2.7798","2.7360","","-0.61%"
"06/23/2021","2.7789","2.7598","2.7789","2.7518","","0.68%"
"06/22/2021","2.7600","2.7768","2.7900","2.7428","","-0.61%"
"06/21/2021","2.7768","2.7835","2.8000","2.7602","","0.15%"
"06/18/2021","2.7726","2.7667","2.7938","2.7399","","0.26%"
"06/17/2021","2.7654","2.7509","2.7858","2.7284","","0.01%"
"06/16/2021","2.7652","2.7446","2.7657","2.7238","","0.74%"
"06/15/2021","2.7449","2.7453","2.7550","2.7061","","-0.02%"
"06/14/2021","2.7455","2.7282","2.7481","2.7253","","-0.05%"
"06/11/2021","2.7469","2.7384","2.7630","2.7144","","0.69%"
"06/10/2021","2.7281","2.7369","2.7557","2.7149","","-0.33%"
"06/09/2021","2.7371","2.7367","2.7540","2.7100","","0.54%"
"06/08/2021","2.7225","2.7333","2.7461","2.7142","","-0.18%"
"06/07/2021","2.7275","2.7282","2.7499","2.7136","","-0.12%"
"06/04/2021","2.7308","2.7278","2.7600","2.7159","","-0.50%"
"06/03/2021","2.7446","2.7226","2.7462","2.7106","","0.80%"
"06/02/2021","2.7227","2.7310","2.7399","2.7086","","-0.30%"
"06/01/2021","2.7310","2.7117","2.7317","2.7044","","0.71%"
"05/31/2021","2.7117","2.7288","2.7470","2.7082","","-0.42%"
"05/28/2021","2.7231","2.7230","2.7478","2.7000","","0.01%"
"05/27/2021","2.7228","2.7218","2.7353","2.7085","","0.04%"
"05/26/2021","2.7216","2.7168","2.7322","2.7000","","0.35%"
"05/25/2021","2.7121","2.7196","2.7300","2.7026","","-0.26%"
"05/24/2021","2.7193","2.7205","2.7331","2.7090","","0.04%"
"05/21/2021","2.7183","2.7111","2.7336","2.7065","","0.03%"
"05/20/2021","2.7175","2.7199","2.7314","2.7083","","-0.07%"
"05/19/2021","2.7193","2.7178","2.7350","2.7059","","0.04%"
"05/18/2021","2.7181","2.7278","2.7400","2.7003","","-0.39%"
"05/17/2021","2.7288","2.7282","2.7478","2.7185","","0.20%"
"05/14/2021","2.7233","2.7344","2.7401","2.7193","","-0.40%"
"05/13/2021","2.7341","2.7359","2.7452","2.7280","","-0.05%"
"05/12/2021","2.7355","2.7237","2.7434","2.7210","","0.44%"
"05/11/2021","2.7236","2.7276","2.7358","2.7128","","-0.11%"
"05/10/2021","2.7266","2.7445","2.7445","2.7128","","0.16%"
"05/07/2021","2.7222","2.7367","2.7548","2.7199","","-0.80%"
"05/06/2021","2.7442","2.7548","2.7580","2.7282","","-0.15%"
"05/05/2021","2.7482","2.7461","2.7588","2.7282","","0.07%"
"05/04/2021","2.7463","2.7443","2.7549","2.7282","","0.33%"
"05/03/2021","2.7373","2.7395","2.7511","2.7263","","-0.36%"
"04/30/2021","2.7473","2.7328","2.7530","2.7114","","0.78%"
"04/29/2021","2.7261","2.7402","2.7402","2.7060","","-0.31%"
"04/28/2021","2.7347","2.7398","2.7550","2.7165","","-0.19%"
"04/27/2021","2.7398","2.7278","2.7560","2.7216","","0.44%"
"04/26/2021","2.7278","2.7320","2.7438","2.7182","","0.11%"
"04/23/2021","2.7248","2.7400","2.7515","2.7203","","-0.95%"
"04/22/2021","2.7508","2.7470","2.7545","2.7225","","0.15%"
"04/21/2021","2.7467","2.7302","2.7534","2.7282","","0.23%"
"04/20/2021","2.7403","2.7402","2.7500","2.7196","","-0.01%"
"04/19/2021","2.7406","2.7590","2.7602","2.7343","","-0.67%"
"04/16/2021","2.7590","2.7594","2.7628","2.7283","","0.00%"
"04/15/2021","2.7591","2.7290","2.7633","2.7258","","1.11%"
"04/14/2021","2.7289","2.7340","2.7642","2.7263","","-0.20%"
"04/13/2021","2.7343","2.7398","2.7740","2.7282","","-1.09%"
"04/12/2021","2.7645","2.7655","2.7780","2.7381","","-0.04%"
"04/09/2021","2.7655","2.7655","2.7750","2.7609","","0.00%"
"04/08/2021","2.7655","2.7649","2.7859","2.7374","","-0.01%"
"04/07/2021","2.7659","2.7746","2.7885","2.7395","","-0.07%"
"04/06/2021","2.7677","2.7878","2.7885","2.7477","","-0.57%"
"04/05/2021","2.7836","2.7822","2.7942","2.7572","","0.05%"
"04/02/2021","2.7822","2.7588","2.7986","2.7575","","-0.16%"
"04/01/2021","2.7867","2.7848","2.8053","2.7586","","-0.14%"
"03/31/2021","2.7905","2.7848","2.7965","2.7600","","0.20%"
"03/30/2021","2.7848","2.7778","2.7980","2.7631","","0.25%"
"03/29/2021","2.7778","2.7745","2.7815","2.7609","","0.79%"
"03/26/2021","2.7561","2.7804","2.7810","2.7539","","-0.89%"
"03/25/2021","2.7808","2.7534","2.7813","2.7513","","1.00%"
"03/24/2021","2.7534","2.7681","2.7767","2.7420","","0.23%"
"03/23/2021","2.7470","2.7354","2.7699","2.7282","","0.22%"
"03/22/2021","2.7410","2.7545","2.7637","2.7282","","-0.24%"
"03/19/2021","2.7475","2.7475","2.7617","2.7282","","0.33%"
"03/18/2021","2.7385","2.7475","2.7576","2.7244","","0.45%"
"03/17/2021","2.7263","2.7475","2.7604","2.7254","","-0.43%"
"03/16/2021","2.7382","2.7475","2.7617","2.7282","","-0.04%"
"03/15/2021","2.7393","2.7433","2.7577","2.7282","","0.10%"
"03/12/2021","2.7365","2.7475","2.7558","2.7282","","-0.40%"
"03/11/2021","2.7475","2.7615","2.7615","2.7239","","0.42%"
"03/10/2021","2.7361","2.7380","2.7628","2.7282","","-0.07%"
"03/09/2021","2.7379","2.7475","2.7632","2.7282","","-0.35%"
"03/08/2021","2.7475","2.7464","2.7577","2.7282","","0.44%"
"03/05/2021","2.7355","2.7255","2.7606","2.7227","","-0.41%"
"03/04/2021","2.7467","2.7258","2.7487","2.7130","","0.77%"
"03/03/2021","2.7258","2.7258","2.7352","2.7064","","0.00%"
"03/02/2021","2.7258","2.7197","2.7401","2.7062","","-0.30%"
"03/01/2021","2.7340","2.7060","2.7373","2.6988","","0.68%"
"02/26/2021","2.7154","2.7000","2.7302","2.6914","","0.57%"
"02/25/2021","2.7000","2.7000","2.7130","2.6800","","-0.01%"
"02/24/2021","2.7003","2.7000","2.7200","2.6844","","0.01%"
"02/23/2021","2.7000","2.7075","2.7282","2.6937","","0.07%"
"02/22/2021","2.6982","2.7050","2.7338","2.6949","","-0.25%"
"02/19/2021","2.7050","2.7260","2.7282","2.6782","","0.26%"
"02/18/2021","2.6979","2.7085","2.7282","2.6898","","0.10%"
"02/17/2021","2.6951","2.6854","2.7366","2.6849","","0.35%"
"02/16/2021","2.6856","2.7120","2.7338","2.6757","","-0.31%"
"02/15/2021","2.6940","2.6951","2.7282","2.6798","","-0.81%"
"02/12/2021","2.7160","2.6940","2.7210","2.6930","","0.45%"
"02/11/2021","2.7039","2.7046","2.7212","2.6906","","0.20%"
"02/10/2021","2.6986","2.7087","2.7315","2.6917","","-0.27%"
"02/09/2021","2.7058","2.7167","2.7410","2.6847","","-0.03%"
"02/08/2021","2.7067","2.7136","2.7408","2.6927","","-0.11%"
"02/05/2021","2.7098","2.7354","2.7428","2.6970","","-0.50%"
"02/04/2021","2.7234","2.7117","2.7364","2.7003","","0.42%"
"02/03/2021","2.7121","2.7105","2.7258","2.7000","","0.05%"
"02/02/2021","2.7108","2.7127","2.7277","2.6880","","0.37%"
"02/01/2021","2.7007","2.6880","2.7184","2.6880","","0.03%"
"01/29/2021","2.7000","2.6956","2.7145","2.6818","","-0.10%"
"01/28/2021","2.7026","2.7010","2.7145","2.6839","","0.03%"
"01/27/2021","2.7019","2.7000","2.7145","2.6795","","0.28%"
"01/26/2021","2.6943","2.6928","2.7145","2.6787","","-0.12%"
"01/25/2021","2.6975","2.6890","2.7145","2.6792","","0.44%"
"01/22/2021","2.6858","2.6889","2.7145","2.6767","","-0.10%"
"01/21/2021","2.6884","2.6980","2.7145","2.6793","","-0.83%"
"01/20/2021","2.7108","2.6924","2.7154","2.6818","","0.60%"
"01/19/2021","2.6945","2.7022","2.7313","2.6839","","-0.66%"
"01/18/2021","2.7124","2.7080","2.7402","2.6940","","-0.11%"
"01/15/2021","2.7155","2.7032","2.7361","2.6842","","0.35%"
"01/14/2021","2.7061","2.7028","2.7308","2.6960","","0.20%"
"01/13/2021","2.7008","2.6928","2.7251","2.6707","","0.20%"
"01/12/2021","2.6953","2.7041","2.7268","2.6730","","-0.25%"
"01/11/2021","2.7021","2.6850","2.7277","2.6758","","0.18%"
"01/08/2021","2.6972","2.6832","2.7177","2.6629","","0.75%"
"01/07/2021","2.6772","2.6765","2.7088","2.6524","","0.10%"
"01/06/2021","2.6745","2.6842","2.6902","2.6513","","-0.24%"
"01/05/2021","2.6810","2.6869","2.6942","2.6583","","-0.26%"
"01/04/2021","2.6880","2.6894","2.7064","2.6624","","0.53%"
"01/01/2021","2.6737","2.6737","2.7058","2.6737","","-0.74%"
"12/31/2020","2.6937","2.6791","2.7037","2.6570","","0.47%"
"12/30/2020","2.6811","2.6806","2.7055","2.6572","","-0.27%"
"12/29/2020","2.6884","2.6922","2.7145","2.6629","","-0.12%"
"12/28/2020","2.6917","2.6941","2.7145","2.6682","","-0.09%"
"12/25/2020","2.6942","2.6983","2.7145","2.6741","","-0.24%"
"12/24/2020","2.7006","2.6890","2.7145","2.6730","","0.43%"
"12/23/2020","2.6891","2.7001","2.7145","2.6717","","0.00%"
"12/22/2020","2.6890","2.6874","2.7124","2.6656","","-0.10%"
"12/21/2020","2.6916","2.6877","2.7145","2.6669","","0.10%"
"12/18/2020","2.6890","2.6942","2.7080","2.6630","","0.04%"
"12/17/2020","2.6878","2.6871","2.7145","2.6627","","0.03%"
"12/16/2020","2.6869","2.7060","2.7145","2.6727","","-0.29%"
"12/15/2020","2.6946","2.7122","2.7200","2.6800","","-0.16%"
"12/14/2020","2.6988","2.7050","2.7145","2.6790","","-0.51%"
"12/11/2020","2.7125","2.7082","2.7200","2.6806","","0.23%"
"12/10/2020","2.7062","2.7172","2.7183","2.6835","","-0.05%"
"12/09/2020","2.7075","2.7135","2.7290","2.6844","","-0.22%"
"12/08/2020","2.7136","2.7032","2.7250","2.6871","","0.10%"
"12/07/2020","2.7108","2.6963","2.7204","2.6845","","0.28%"
"12/04/2020","2.7032","2.7087","2.7221","2.6780","","0.01%"
"12/03/2020","2.7030","2.7023","2.7270","2.6785","","0.03%"
"12/02/2020","2.7021","2.7342","2.7342","2.6876","","-1.17%"
"12/01/2020","2.7342","2.7328","2.7342","2.6950","","0.43%"
"11/30/2020","2.7226","2.7270","2.7328","2.7071","","-0.11%"
"11/27/2020","2.7255","2.7298","2.7387","2.7107","","0.04%"
"11/26/2020","2.7243","2.7389","2.7405","2.7092","","-0.21%"
"11/25/2020","2.7299","2.7398","2.7409","2.7110","","-0.12%"
"11/24/2020","2.7332","2.7435","2.7470","2.7145","","0.28%"
"11/23/2020","2.7255","2.7390","2.7523","2.7145","","-0.63%"
"11/20/2020","2.7427","2.7278","2.7454","2.7149","","-0.05%"
"11/19/2020","2.7442","2.7390","2.7505","2.7145","","0.04%"
"11/18/2020","2.7430","2.7488","2.7488","2.7120","","0.05%"
"11/17/2020","2.7416","2.7434","2.7518","2.7141","","-0.06%"
"11/16/2020","2.7432","2.7243","2.7534","2.7184","","0.19%"
"11/13/2020","2.7379","2.7492","2.7534","2.7242","","-0.05%"
"11/12/2020","2.7392","2.7536","2.7600","2.7283","","-0.52%"
"11/11/2020","2.7534","2.7474","2.7624","2.7265","","0.58%"
"11/10/2020","2.7375","2.7497","2.7563","2.7200","","-0.44%"
"11/09/2020","2.7495","2.7395","2.7531","2.7104","","0.34%"
"11/06/2020","2.7403","2.7354","2.7550","2.7139","","-0.27%"
"11/05/2020","2.7478","2.7551","2.7712","2.7224","","-0.16%"
"11/04/2020","2.7523","2.7538","2.7808","2.7386","","-0.12%"
"11/03/2020","2.7556","2.7828","2.7828","2.7427","","-0.38%"
"11/02/2020","2.7660","2.7565","2.7850","2.7500","","-0.31%"
"10/30/2020","2.7747","2.7512","2.7802","2.7450","","0.50%"
"10/29/2020","2.7610","2.7488","2.7785","2.7462","","0.32%"
"10/28/2020","2.7522","2.7526","2.7669","2.7400","","0.04%"
"10/27/2020","2.7512","2.7518","2.7538","2.7336","","-0.01%"
"10/26/2020","2.7516","2.7310","2.7595","2.7200","","0.06%"
"10/23/2020","2.7499","2.7414","2.7621","2.7277","","-0.24%"
"10/22/2020","2.7564","2.7265","2.7580","2.7257","","0.35%"
"10/21/2020","2.7469","2.7602","2.7602","2.7231","","0.09%"
"10/20/2020","2.7444","2.7414","2.7657","2.7295","","-0.57%"
"10/19/2020","2.7602","2.7560","2.7686","2.7372","","0.40%"
"10/16/2020","2.7493","2.7422","2.7676","2.7400","","-0.10%"
"10/15/2020","2.7520","2.7535","2.7646","2.7422","","-0.06%"
"10/14/2020","2.7536","2.7450","2.7695","2.7376","","-0.06%"
"10/13/2020","2.7553","2.7419","2.7676","2.7336","","0.48%"
"10/12/2020","2.7421","2.7530","2.7667","2.7333","","0.01%"
"10/09/2020","2.7419","2.7631","2.7667","2.7300","","-0.04%"
"10/08/2020","2.7431","2.7624","2.7672","2.7393","","0.02%"
"10/07/2020","2.7426","2.7670","2.7686","2.7391","","-0.92%"
"10/06/2020","2.7680","2.7391","2.7680","2.7349","","1.06%"
"10/05/2020","2.7391","2.7645","2.7687","2.7365","","-0.93%"
"10/02/2020","2.7649","2.7597","2.7687","2.7444","","0.17%"
"10/01/2020","2.7602","2.7493","2.7660","2.7411","","-0.16%"
"09/30/2020","2.7645","2.7457","2.7706","2.7400","","0.49%"
"09/29/2020","2.7510","2.7734","2.7755","2.7450","","-0.27%"
"09/28/2020","2.7584","2.7628","2.7800","2.7562","","-0.20%"
"09/25/2020","2.7638","2.7569","2.7836","2.7500","","0.23%"
"09/24/2020","2.7574","2.7599","2.7800","2.7546","","-0.07%"
"09/23/2020","2.7592","2.7664","2.7770","2.7431","","0.24%"
"09/22/2020","2.7525","2.7561","2.7691","2.7368","","0.42%"
"09/21/2020","2.7411","2.7355","2.7626","2.7252","","0.41%"
"09/18/2020","2.7299","2.7432","2.7521","2.7229","","-0.49%"
"09/17/2020","2.7434","2.7486","2.7615","2.7261","","0.36%"
"09/16/2020","2.7336","2.7310","2.7543","2.7188","","-0.36%"
"09/15/2020","2.7436","2.7414","2.7468","2.7189","","0.32%"
"09/14/2020","2.7348","2.7360","2.7452","2.7199","","0.22%"
"09/11/2020","2.7287","2.7339","2.7498","2.7240","","-0.51%"
"09/10/2020","2.7428","2.7478","2.7478","2.7174","","-0.08%"
"09/09/2020","2.7449","2.7425","2.7564","2.7300","","0.03%"
"09/08/2020","2.7441","2.7334","2.7538","2.7250","","0.45%"
"09/07/2020","2.7317","2.7313","2.7474","2.7264","","0.06%"
"09/04/2020","2.7300","2.7278","2.7525","2.7243","","0.08%"
"09/03/2020","2.7279","2.7278","2.7510","2.7200","","-0.46%"
"09/02/2020","2.7404","2.7228","2.7456","2.7070","","0.45%"
"09/01/2020","2.7281","2.7241","2.7308","2.7000","","0.52%"
"08/31/2020","2.7141","2.7310","2.7452","2.7094","","-0.55%"
"08/28/2020","2.7292","2.7375","2.7452","2.7164","","-0.12%"
"08/27/2020","2.7326","2.7313","2.7590","2.7198","","0.04%"
"08/26/2020","2.7315","2.7505","2.7604","2.7297","","-0.69%"
"08/25/2020","2.7506","2.7448","2.7560","2.7239","","0.46%"
"08/24/2020","2.7379","2.7383","2.7566","2.7236","","0.08%"
"08/21/2020","2.7357","2.7265","2.7508","2.7078","","0.34%"
"08/20/2020","2.7263","2.7299","2.7404","2.7120","","-0.14%"
"08/19/2020","2.7302","2.7160","2.7402","2.6986","","0.42%"
"08/18/2020","2.7189","2.7478","2.7478","2.6958","","-1.05%"
"08/17/2020","2.7478","2.7395","2.7498","2.7045","","0.30%"
"08/14/2020","2.7395","2.7124","2.7602","2.7070","","0.99%"
"08/13/2020","2.7127","2.7174","2.7446","2.7043","","-0.17%"
"08/12/2020","2.7172","2.7242","2.7654","2.7148","","-0.28%"
"08/11/2020","2.7247","2.7519","2.7668","2.7217","","-1.00%"
"08/10/2020","2.7522","2.7090","2.7664","2.7090","","1.24%"
"08/07/2020","2.7185","2.7036","2.7418","2.7008","","0.54%"
"08/06/2020","2.7039","2.7062","2.7380","2.6966","","-0.03%"
"08/05/2020","2.7048","2.7545","2.7576","2.6979","","-1.85%"
"08/04/2020","2.7557","2.7474","2.7683","2.7135","","1.28%"
"08/03/2020","2.7209","2.7545","2.7642","2.7172","","-1.22%"
"07/31/2020","2.7545","2.7545","2.7634","2.7412","","0.00%"
"07/30/2020","2.7545","2.7545","2.7673","2.7243","","0.00%"
"07/29/2020","2.7545","2.7642","2.7694","2.7300","","-0.35%"
"07/28/2020","2.7642","2.7420","2.7747","2.7150","","0.48%"
"07/27/2020","2.7509","2.7720","2.7937","2.7300","","-0.67%"
"07/24/2020","2.7695","2.7942","2.7952","2.7547","","-0.36%"
"07/23/2020","2.7795","2.7840","2.8098","2.7625","","-0.19%"
"07/22/2020","2.7849","2.8175","2.8175","2.7700","","-0.21%"
"07/21/2020","2.7908","2.8097","2.8214","2.7877","","-1.06%"
"07/20/2020","2.8207","2.8232","2.8350","2.7971","","-0.02%"
"07/17/2020","2.8214","2.8207","2.8302","2.8082","","-0.27%"
"07/16/2020","2.8291","2.8228","2.8317","2.8105","","0.40%"
"07/15/2020","2.8179","2.8410","2.8410","2.8079","","0.00%"
"07/14/2020","2.8179","2.8344","2.8488","2.8151","","-0.60%"
"07/13/2020","2.8348","2.8356","2.8488","2.8198","","-0.01%"
"07/10/2020","2.8350","2.8428","2.8499","2.8288","","-0.30%"
"07/09/2020","2.8436","2.8482","2.8488","2.8223","","0.48%"
"07/08/2020","2.8300","2.8498","2.8498","2.8248","","-0.34%"
"07/07/2020","2.8397","2.8525","2.8541","2.8293","","-0.07%"
"07/06/2020","2.8417","2.8488","2.8585","2.8272","","-0.24%"
"07/03/2020","2.8485","2.8455","2.8557","2.8400","","-0.01%"
"07/02/2020","2.8489","2.8578","2.8633","2.8250","","-0.28%"
"07/01/2020","2.8568","2.8522","2.8741","2.8425","","0.04%"
"06/30/2020","2.8556","2.8554","2.8707","2.8449","","0.00%"
"06/29/2020","2.8557","2.8541","2.8785","2.8409","","0.18%"
"06/26/2020","2.8505","2.8425","2.8677","2.8425","","0.03%"
"06/25/2020","2.8496","2.8548","2.8712","2.8317","","0.20%"
"06/24/2020","2.8438","2.8335","2.8620","2.8305","","-0.31%"
"06/23/2020","2.8527","2.8533","2.8582","2.8265","","-0.02%"
"06/22/2020","2.8534","2.8582","2.8685","2.8404","","-0.36%"
"06/19/2020","2.8638","2.8582","2.8692","2.8434","","0.18%"
"06/18/2020","2.8587","2.8542","2.8662","2.8417","","0.16%"
"06/17/2020","2.8541","2.8432","2.8690","2.8300","","0.25%"
"06/16/2020","2.8469","2.8410","2.8586","2.8260","","0.17%"
"06/15/2020","2.8420","2.8531","2.8610","2.8293","","-0.02%"
"06/12/2020","2.8427","2.8359","2.8543","2.8283","","-0.13%"
"06/11/2020","2.8464","2.8243","2.8483","2.8072","","0.80%"
"06/10/2020","2.8239","2.8284","2.8520","2.8007","","-0.18%"
"06/09/2020","2.8291","2.8513","2.8568","2.8050","","-0.25%"
"06/08/2020","2.8363","2.8350","2.8556","2.8145","","-0.54%"
"06/05/2020","2.8516","2.8135","2.8540","2.8022","","0.96%"
"06/04/2020","2.8245","2.8427","2.8619","2.8050","","-0.25%"
"06/03/2020","2.8317","2.8425","2.8616","2.8248","","-0.78%"
"06/02/2020","2.8539","2.8600","2.8724","2.8362","","0.18%"
"06/01/2020","2.8487","2.8555","2.8768","2.8439","","-0.23%"
"05/29/2020","2.8552","2.8700","2.8899","2.8458","","-0.13%"
"05/28/2020","2.8590","2.8925","2.8967","2.8556","","-0.45%"
"05/27/2020","2.8720","2.9000","2.9098","2.8602","","-0.70%"
"05/26/2020","2.8922","2.8853","2.9000","2.8602","","0.24%"
"05/25/2020","2.8853","2.8853","2.8890","2.8807","","-0.36%"
"05/22/2020","2.8958","2.8870","2.9048","2.8705","","0.79%"
"05/21/2020","2.8730","2.8676","2.9000","2.8624","","0.18%"
"05/20/2020","2.8677","2.8920","2.8932","2.8620","","-0.35%"
"05/19/2020","2.8778","2.8798","2.9150","2.8670","","-0.55%"
"05/18/2020","2.8938","2.8979","2.9160","2.8771","","-0.58%"
"05/15/2020","2.9108","2.8993","2.9164","2.8900","","0.39%"
"05/14/2020","2.8995","2.9109","2.9193","2.8897","","-0.43%"
"05/13/2020","2.9120","2.8915","2.9134","2.8827","","0.29%"
"05/12/2020","2.9036","2.8991","2.9170","2.8826","","-0.25%"
"05/11/2020","2.9110","2.8892","2.9144","2.8800","","0.22%"
"05/08/2020","2.9047","2.8942","2.9144","2.8820","","0.36%"
"05/07/2020","2.8944","2.9075","2.9185","2.8849","","-0.65%"
"05/06/2020","2.9133","2.8935","2.9157","2.8881","","0.68%"
"05/05/2020","2.8935","2.8927","2.9077","2.8764","","0.03%"
"05/04/2020","2.8927","2.8995","2.8998","2.8697","","-0.24%"
"05/01/2020","2.8998","2.8998","2.8998","2.8811","","0.00%"
"04/30/2020","2.8998","2.8978","2.9035","2.8679","","0.46%"
"04/29/2020","2.8865","2.9082","2.9091","2.8750","","-0.36%"
"04/28/2020","2.8969","2.9073","2.9112","2.8650","","-0.49%"
"04/27/2020","2.9112","2.9063","2.9185","2.8800","","0.50%"
"04/24/2020","2.8966","2.9078","2.9272","2.8865","","-0.57%"
"04/23/2020","2.9133","2.9012","2.9180","2.8920","","0.28%"
"04/22/2020","2.9052","2.8946","2.9087","2.8832","","0.54%"
"04/21/2020","2.8896","2.9068","2.9178","2.8800","","-0.16%"
"04/20/2020","2.8941","2.8936","2.9068","2.8763","","0.08%"
"04/17/2020","2.8919","2.9035","2.9149","2.8763","","-0.23%"
"04/16/2020","2.8985","2.8906","2.9158","2.8763","","0.33%"
"04/15/2020","2.8890","2.8726","2.9084","2.8619","","0.15%"
"04/14/2020","2.8847","2.8955","2.9036","2.8625","","-0.41%"
"04/13/2020","2.8966","2.8798","2.9055","2.8701","","0.13%"
"04/10/2020","2.8928","2.8817","2.9061","2.8778","","-0.04%"
"04/09/2020","2.8939","2.8950","2.9101","2.8778","","-0.44%"
"04/08/2020","2.9068","2.9105","2.9121","2.8796","","0.21%"
"04/07/2020","2.9008","2.9185","2.9206","2.8763","","-0.61%"
"04/06/2020","2.9187","2.9033","2.9250","2.8900","","0.91%"
"04/03/2020","2.8925","2.9017","2.9250","2.8763","","-0.32%"
"04/02/2020","2.9018","2.8826","2.9088","2.8652","","1.09%"
"04/01/2020","2.8706","2.8642","2.8938","2.8550","","0.22%"
"03/31/2020","2.8642","2.8554","2.8927","2.8488","","-0.12%"
"03/30/2020","2.8676","2.8570","2.8745","2.8452","","0.59%"
"03/27/2020","2.8509","2.8586","2.8930","2.8381","","-0.26%"
"03/26/2020","2.8584","2.8990","2.9130","2.8500","","-1.36%"
"03/25/2020","2.8978","2.8805","2.9264","2.8711","","0.60%"
"03/24/2020","2.8805","2.9198","2.9227","2.8660","","-0.48%"
"03/23/2020","2.8943","2.9385","2.9476","2.8856","","-1.62%"
"03/20/2020","2.9421","2.9423","2.9530","2.9048","","-0.01%"
"03/19/2020","2.9425","2.8710","2.9496","2.8641","","1.41%"
"03/18/2020","2.9016","2.8819","2.9223","2.8510","","0.69%"
"03/17/2020","2.8817","2.8371","2.8895","2.8232","","1.15%"
"03/16/2020","2.8489","2.8434","2.8646","2.8160","","-0.24%"
"03/13/2020","2.8557","2.8317","2.8647","2.8019","","1.28%"
"03/12/2020","2.8197","2.8172","2.8546","2.7936","","0.75%"
"03/11/2020","2.7988","2.8036","2.8201","2.7800","","-0.58%"
"03/10/2020","2.8151","2.7951","2.8161","2.7730","","1.48%"
"03/09/2020","2.7741","2.8010","2.8100","2.7643","","-1.46%"
"03/06/2020","2.8153","2.8100","2.8396","2.7837","","-0.27%"
"03/05/2020","2.8230","2.8498","2.8515","2.8063","","-0.72%"
"03/04/2020","2.8435","2.8417","2.8560","2.8125","","0.45%"
"03/03/2020","2.8308","2.8287","2.8535","2.8059","","-0.24%"
"03/02/2020","2.8377","2.8460","2.8634","2.8061","","-0.87%"
"02/28/2020","2.8626","2.8600","2.8763","2.8311","","0.36%"
"02/27/2020","2.8524","2.8556","2.8910","2.8253","","-0.12%"
"02/26/2020","2.8558","2.8436","2.8843","2.8412","","0.41%"
"02/25/2020","2.8440","2.8727","2.8820","2.8419","","-0.22%"
"02/24/2020","2.8502","2.8385","2.8895","2.8385","","0.18%"
"02/21/2020","2.8451","2.8744","2.8800","2.8341","","-0.97%"
"02/20/2020","2.8731","2.8521","2.8800","2.8420","","0.75%"
"02/19/2020","2.8518","2.8548","2.8788","2.8364","","-0.10%"
"02/18/2020","2.8546","2.8678","2.8704","2.8315","","0.26%"
"02/17/2020","2.8471","2.8430","2.8735","2.8301","","-0.01%"
"02/14/2020","2.8474","2.8493","2.8675","2.8281","","-0.39%"
"02/13/2020","2.8586","2.8549","2.8693","2.8221","","0.66%"
"02/12/2020","2.8399","2.8366","2.8691","2.8159","","0.25%"
"02/11/2020","2.8328","2.8438","2.8527","2.8155","","-0.40%"
"02/10/2020","2.8441","2.8190","2.8490","2.8116","","0.19%"
"02/07/2020","2.8386","2.8276","2.8457","2.8100","","0.41%"
"02/06/2020","2.8271","2.8179","2.8428","2.8037","","-0.30%"
"02/05/2020","2.8356","2.8100","2.8373","2.8019","","0.38%"
"02/04/2020","2.8248","2.8143","2.8335","2.7987","","0.38%"
"02/03/2020","2.8140","2.8105","2.8338","2.8026","","0.21%"
"01/31/2020","2.8082","2.8156","2.8348","2.8004","","-0.62%"
"01/30/2020","2.8258","2.8348","2.8348","2.8049","","-0.32%"
"01/29/2020","2.8348","2.8182","2.8375","2.8064","","0.60%"
"01/28/2020","2.8179","2.8176","2.8390","2.8056","","-0.24%"
"01/27/2020","2.8247","2.8160","2.8352","2.8143","","-0.03%"
"01/24/2020","2.8256","2.8273","2.8398","2.8050","","0.19%"
"01/23/2020","2.8203","2.8181","2.8390","2.8007","","-0.02%"
"01/22/2020","2.8208","2.8228","2.8329","2.8000","","0.18%"
"01/21/2020","2.8158","2.8208","2.8323","2.8000","","0.26%"
"01/20/2020","2.8086","2.8137","2.8329","2.8000","","-0.44%"
"01/17/2020","2.8210","2.8130","2.8308","2.7914","","0.73%"
"01/16/2020","2.8006","2.8150","2.8225","2.7900","","-0.54%"
"01/15/2020","2.8158","2.8198","2.8252","2.7950","","0.05%"
"01/14/2020","2.8144","2.8069","2.8297","2.7999","","0.04%"
"01/13/2020","2.8133","2.8050","2.8266","2.7861","","0.10%"
"01/10/2020","2.8104","2.8297","2.8335","2.7884","","-0.69%"
"01/09/2020","2.8298","2.8062","2.8320","2.7990","","0.50%"
"01/08/2020","2.8158","2.8062","2.8169","2.7769","","0.34%"
"01/07/2020","2.8062","2.7779","2.8062","2.7721","","0.77%"
"01/06/2020","2.7847","2.7830","2.7980","2.7695","","-0.13%"
"01/03/2020","2.7884","2.7822","2.8083","2.7686","","0.23%"
"01/02/2020","2.7820","2.7693","2.7998","2.7655","","0.05%"
"01/01/2020","2.7805","2.7751","2.7899","2.7693","","-0.30%"
"12/31/2019","2.7888","2.8132","2.8208","2.7665","","-0.45%"
"12/30/2019","2.8015","2.8200","2.8208","2.7661","","0.08%"
"12/27/2019","2.7993","2.8231","2.8327","2.7914","","-0.84%"
"12/26/2019","2.8231","2.8327","2.8343","2.8116","","-0.26%"
"12/25/2019","2.8306","2.8372","2.8475","2.8102","","-0.51%"
"12/24/2019","2.8450","2.8331","2.8487","2.8183","","0.43%"
"12/23/2019","2.8329","2.8465","2.8557","2.8150","","-0.70%"
"12/20/2019","2.8529","2.8459","2.8547","2.8187","","0.11%"
"12/19/2019","2.8498","2.8485","2.8498","2.8137","","0.65%"
"12/18/2019","2.8313","2.8450","2.8540","2.8169","","-0.32%"
"12/17/2019","2.8404","2.8450","2.8523","2.8163","","-0.19%"
"12/16/2019","2.8457","2.8445","2.8503","2.8163","","0.26%"
"12/13/2019","2.8384","2.8479","2.8502","2.8180","","-0.40%"
"12/12/2019","2.8499","2.8478","2.8622","2.8279","","0.45%"
"12/11/2019","2.8372","2.8556","2.8622","2.8308","","-0.23%"
"12/10/2019","2.8437","2.8485","2.8643","2.8350","","-0.17%"
"12/09/2019","2.8486","2.8610","2.8630","2.8277","","-0.02%"
"12/06/2019","2.8493","2.8414","2.8647","2.8389","","0.27%"
"12/05/2019","2.8416","2.8331","2.8625","2.8235","","-0.22%"
"12/04/2019","2.8478","2.8320","2.8584","2.8225","","-0.14%"
"12/03/2019","2.8517","2.8473","2.8645","2.8255","","0.47%"
"12/02/2019","2.8383","2.8442","2.8711","2.8260","","-0.19%"
"11/29/2019","2.8437","2.8453","2.8659","2.8347","","-0.73%"
"11/28/2019","2.8647","2.8467","2.8647","2.8360","","0.63%"
"11/27/2019","2.8469","2.8432","2.8691","2.8357","","0.14%"
"11/26/2019","2.8428","2.8453","2.8665","2.8352","","-0.07%"
"11/25/2019","2.8448","2.8420","2.8612","2.8300","","0.07%"
"11/22/2019","2.8428","2.8416","2.8563","2.8291","","-0.27%"
"11/21/2019","2.8506","2.8416","2.8518","2.8291","","0.09%"
"11/20/2019","2.8479","2.8405","2.8587","2.8250","","0.18%"
"11/19/2019","2.8427","2.8403","2.8550","2.8271","","0.30%"
"11/18/2019","2.8342","2.8505","2.8535","2.8248","","-0.33%"
"11/15/2019","2.8436","2.8426","2.8594","2.8291","","0.02%"
"11/14/2019","2.8430","2.8520","2.8639","2.8347","","-0.34%"
"11/13/2019","2.8528","2.8523","2.8631","2.8357","","-0.03%"
"11/12/2019","2.8536","2.8488","2.8616","2.8291","","0.19%"
"11/11/2019","2.8483","2.8425","2.8600","2.8291","","-0.14%"
"11/08/2019","2.8524","2.8340","2.8586","2.8254","","0.66%"
"11/07/2019","2.8338","2.8312","2.8539","2.8208","","0.10%"
"11/06/2019","2.8310","2.8410","2.8489","2.8174","","-0.33%"
"11/05/2019","2.8404","2.8332","2.8498","2.8172","","0.24%"
"11/04/2019","2.8335","2.8150","2.8346","2.8050","","0.65%"
"11/01/2019","2.8153","2.8159","2.8371","2.8088","","-0.23%"
"10/31/2019","2.8218","2.8163","2.8363","2.8073","","-0.24%"
"10/30/2019","2.8287","2.8229","2.8463","2.8100","","0.20%"
"10/29/2019","2.8231","2.8247","2.8471","2.8155","","-0.05%"
"10/28/2019","2.8246","2.8330","2.8446","2.8171","","-0.11%"
"10/25/2019","2.8276","2.8239","2.8479","2.8140","","0.12%"
"10/24/2019","2.8242","2.8204","2.8442","2.8157","","0.13%"
"10/23/2019","2.8204","2.8339","2.8490","2.8098","","-0.03%"
"10/22/2019","2.8212","2.8179","2.8399","2.8131","","0.12%"
"10/21/2019","2.8177","2.8160","2.8346","2.8089","","0.10%"
"10/18/2019","2.8148","2.8210","2.8441","2.8112","","-0.38%"
"10/17/2019","2.8256","2.8285","2.8494","2.8145","","-0.35%"
"10/16/2019","2.8355","2.8424","2.8557","2.8249","","-0.05%"
"10/15/2019","2.8370","2.8347","2.8639","2.8303","","-0.22%"
"10/14/2019","2.8432","2.8345","2.8590","2.8250","","0.27%"
"10/11/2019","2.8355","2.8380","2.8616","2.8200","","-0.42%"
"10/10/2019","2.8475","2.8428","2.8679","2.8250","","-0.20%"
"10/09/2019","2.8532","2.8450","2.8719","2.8300","","-0.09%"
"10/08/2019","2.8559","2.8428","2.8732","2.8300","","-0.06%"
"10/07/2019","2.8575","2.8566","2.8683","2.8350","","0.55%"
"10/04/2019","2.8419","2.8488","2.8707","2.8350","","-0.27%"
"10/03/2019","2.8495","2.8545","2.8758","2.8350","","-0.02%"
"10/02/2019","2.8502","2.8584","2.8812","2.8467","","-0.17%"
"10/01/2019","2.8550","2.8722","2.8861","2.8515","","-0.28%"
"09/30/2019","2.8629","2.8715","2.8848","2.8435","","-0.33%"
"09/27/2019","2.8724","2.8749","2.8825","2.8500","","-0.23%"
"09/26/2019","2.8790","2.8612","2.8817","2.8481","","0.31%"
"09/25/2019","2.8700","2.8546","2.8772","2.8373","","0.39%"
"09/24/2019","2.8588","2.8602","2.8749","2.8390","","-0.06%"
"09/23/2019","2.8604","2.8645","2.8816","2.8400","","-0.14%"
"09/20/2019","2.8644","2.8611","2.8735","2.8400","","0.12%"
"09/19/2019","2.8609","2.8632","2.8686","2.8340","","-0.06%"
"09/18/2019","2.8625","2.8391","2.8686","2.8383","","0.40%"
"09/17/2019","2.8511","2.8572","2.8733","2.8387","","-0.30%"
"09/16/2019","2.8597","2.8686","2.8729","2.8299","","0.32%"
"09/13/2019","2.8507","2.8406","2.8686","2.8248","","0.04%"
"09/12/2019","2.8496","2.8658","2.8860","2.8300","","-0.73%"
"09/11/2019","2.8706","2.8642","2.8745","2.8400","","0.21%"
"09/10/2019","2.8647","2.8634","2.8721","2.8350","","-0.07%"
"09/09/2019","2.8666","2.8705","2.8818","2.8398","","0.70%"
"09/06/2019","2.8467","2.8785","2.8785","2.8417","","-0.63%"
"09/05/2019","2.8648","2.8632","2.8785","2.8449","","0.34%"
"09/04/2019","2.8551","2.8591","2.8810","2.8451","","-0.76%"
"09/03/2019","2.8770","2.8683","2.9022","2.8556","","-0.02%"
"09/02/2019","2.8776","2.8780","2.8966","2.8540","","-0.02%"
"08/30/2019","2.8781","2.8657","2.8830","2.8551","","0.45%"
"08/29/2019","2.8653","2.8416","2.8807","2.8399","","0.12%"
"08/28/2019","2.8620","2.8639","2.8750","2.8402","","0.02%"
"08/27/2019","2.8615","2.8574","2.8735","2.8551","","0.00%"
"08/26/2019","2.8614","2.8585","2.8735","2.8300","","0.40%"
"08/23/2019","2.8500","2.8700","2.8875","2.8401","","-0.71%"
"08/22/2019","2.8704","2.8727","2.8875","2.8555","","0.10%"
"08/21/2019","2.8676","2.8629","2.8875","2.8433","","0.17%"
"08/20/2019","2.8628","2.8679","2.8875","2.8617","","-0.17%"
"08/19/2019","2.8677","2.8735","2.8829","2.8376","","0.78%"
"08/16/2019","2.8456","2.8733","2.8875","2.8426","","-0.96%"
"08/15/2019","2.8731","2.8693","2.8875","2.8561","","0.13%"
"08/14/2019","2.8695","2.8362","2.8756","2.8200","","1.17%"
"08/13/2019","2.8362","2.8328","2.8535","2.8163","","-0.26%"
"08/12/2019","2.8435","2.8575","2.8575","2.8265","","-0.50%"
"08/09/2019","2.8579","2.8686","2.8771","2.8491","","-0.38%"
"08/08/2019","2.8688","2.8642","2.8822","2.8480","","0.15%"
"08/07/2019","2.8644","2.8649","2.8822","2.8513","","-0.01%"
"08/06/2019","2.8647","2.8593","2.8822","2.8560","","0.19%"
"08/05/2019","2.8593","2.8910","2.8998","2.8454","","-0.99%"
"08/02/2019","2.8878","2.8790","2.8971","2.8735","","-0.11%"
"08/01/2019","2.8911","2.8888","2.9070","2.8790","","0.08%"
"07/31/2019","2.8887","2.8783","2.8911","2.8679","","0.36%"
"07/30/2019","2.8784","2.8822","2.8901","2.8685","","-0.11%"
"07/29/2019","2.8817","2.8901","2.8902","2.8699","","-0.01%"
"07/26/2019","2.8821","2.8718","2.9011","2.8718","","0.36%"
"07/25/2019","2.8718","2.8826","2.8901","2.8718","","-0.29%"
"07/24/2019","2.8802","2.8817","2.8981","2.8604","","-0.05%"
"07/23/2019","2.8817","2.8766","2.8926","2.8562","","0.18%"
"07/22/2019","2.8766","2.8901","2.8901","2.8521","","0.14%"
"07/19/2019","2.8727","2.8601","2.8831","2.8441","","0.44%"
"07/18/2019","2.8600","2.8737","2.8886","2.8552","","-0.47%"
"07/17/2019","2.8734","2.8899","2.8917","2.8600","","-0.57%"
"07/16/2019","2.8899","2.8765","2.8915","2.8600","","0.78%"
"07/15/2019","2.8675","2.8925","2.8925","2.8600","","-0.53%"
"07/12/2019","2.8829","2.8845","2.8925","2.8760","","-0.08%"
"07/11/2019","2.8851","2.8826","2.8925","2.8750","","0.09%"
"07/10/2019","2.8826","2.8937","2.9075","2.8803","","-0.39%"
"07/09/2019","2.8938","2.8926","2.9089","2.8744","","0.06%"
"07/08/2019","2.8922","2.8915","2.9056","2.8699","","-0.03%"
"07/05/2019","2.8930","2.8888","2.8971","2.8813","","0.18%"
"07/04/2019","2.8879","2.8855","2.8992","2.8737","","-0.03%"
"07/03/2019","2.8888","2.8881","2.8930","2.8634","","0.41%"
"07/02/2019","2.8769","2.8777","2.8896","2.8615","","0.15%"
"07/01/2019","2.8727","2.8705","2.8853","2.8705","","-0.11%"
"06/28/2019","2.8758","2.8755","2.8837","2.8628","","0.01%"
"06/27/2019","2.8756","2.8756","2.8864","2.8600","","-0.03%"
"06/26/2019","2.8766","2.8477","2.8955","2.8465","","0.67%"
"06/25/2019","2.8575","2.8970","2.9137","2.8420","","-1.37%"
"06/24/2019","2.8971","2.9325","2.9389","2.8819","","-1.15%"
"06/21/2019","2.9308","2.9419","2.9547","2.9212","","-0.37%"
"06/20/2019","2.9418","2.9705","2.9706","2.9203","","-0.91%"
"06/19/2019","2.9689","2.9559","2.9847","2.9500","","-0.16%"
"06/18/2019","2.9736","2.9702","2.9889","2.9559","","0.12%"
"06/17/2019","2.9701","2.9608","2.9841","2.9502","","0.03%"
"06/14/2019","2.9693","2.9586","2.9835","2.9480","","0.35%"
"06/13/2019","2.9589","2.9635","2.9695","2.9460","","-0.29%"
"06/12/2019","2.9676","2.9621","2.9682","2.9421","","0.19%"
"06/11/2019","2.9620","2.9640","2.9655","2.9418","","-0.07%"
"06/10/2019","2.9641","2.9600","2.9674","2.9418","","0.10%"
"06/07/2019","2.9612","2.9880","3.0009","2.9402","","-0.90%"
"06/06/2019","2.9880","2.9609","2.9944","2.9609","","0.29%"
"06/05/2019","2.9795","2.9609","2.9917","2.9609","","-0.17%"
"06/04/2019","2.9845","2.9640","2.9897","2.9609","","0.16%"
"06/03/2019","2.9797","2.9830","2.9955","2.9640","","-0.50%"
"05/31/2019","2.9948","2.9830","3.0004","2.9743","","-0.03%"
"05/30/2019","2.9958","2.9830","2.9988","2.9793","","0.13%"
"05/29/2019","2.9920","2.9948","2.9971","2.9763","","-0.08%"
"05/28/2019","2.9945","2.9877","2.9969","2.9725","","0.22%"
"05/27/2019","2.9880","2.9877","2.9969","2.9741","","0.09%"
"05/24/2019","2.9854","2.9909","3.0025","2.9720","","-0.19%"
"05/23/2019","2.9911","2.9964","3.0047","2.9801","","-0.19%"
"05/22/2019","2.9967","2.9832","2.9985","2.9800","","0.16%"
"05/21/2019","2.9920","2.9930","2.9985","2.9726","","-0.06%"
"05/20/2019","2.9939","2.9875","2.9964","2.9726","","-0.05%"
"05/17/2019","2.9954","2.9922","3.0042","2.9711","","0.17%"
"05/16/2019","2.9903","2.9674","2.9961","2.9579","","0.41%"
"05/15/2019","2.9780","2.9702","2.9975","2.9674","","0.03%"
"05/14/2019","2.9770","2.9912","2.9961","2.9661","","-0.15%"
"05/13/2019","2.9815","2.9702","2.9930","2.9621","","-0.28%"
"05/10/2019","2.9899","2.9937","2.9953","2.9694","","-0.13%"
"05/09/2019","2.9938","2.9980","3.0016","2.9724","","-0.13%"
"05/08/2019","2.9978","2.9851","3.0094","2.9751","","-0.02%"
"05/07/2019","2.9985","2.9837","3.0139","2.9792","","0.07%"
"05/06/2019","2.9965","3.0030","3.0127","2.9763","","-0.22%"
"05/03/2019","3.0030","2.9880","3.0125","2.9818","","0.40%"
"05/02/2019","2.9910","2.9899","3.0225","2.9763","","-0.43%"
"05/01/2019","3.0040","3.0090","3.0225","2.9899","","-0.41%"
"04/30/2019","3.0165","2.9914","3.0245","2.9875","","0.23%"
"04/29/2019","3.0095","3.0225","3.0295","3.0004","","0.10%"
"04/26/2019","3.0066","3.0233","3.0343","2.9936","","-0.24%"
"04/25/2019","3.0139","3.0165","3.0374","2.9986","","-0.53%"
"04/24/2019","3.0300","3.0157","3.0330","2.9894","","1.01%"
"04/23/2019","2.9998","2.9908","3.0230","2.9831","","0.29%"
"04/22/2019","2.9910","3.0115","3.0200","2.9901","","-0.92%"
"04/19/2019","3.0187","3.0210","3.0227","2.9917","","0.15%"
"04/18/2019","3.0143","2.9906","3.0232","2.9869","","0.78%"
"04/17/2019","2.9909","2.9946","3.0107","2.9827","","-0.28%"
"04/16/2019","2.9992","2.9949","3.0197","2.9836","","0.14%"
"04/15/2019","2.9949","3.0055","3.0151","2.9807","","-0.03%"
"04/12/2019","2.9958","3.0047","3.0088","2.9854","","-0.21%"
"04/11/2019","3.0021","2.9931","3.0141","2.9918","","0.05%"
"04/10/2019","3.0005","3.0085","3.0177","2.9926","","-0.26%"
"04/09/2019","3.0083","3.0030","3.0103","2.9933","","0.43%"
"04/08/2019","2.9955","3.0023","3.0181","2.9944","","-0.66%"
"04/05/2019","3.0155","3.0125","3.0205","3.0005","","0.15%"
"04/04/2019","3.0110","3.0093","3.0209","2.9990","","0.11%"
"04/03/2019","3.0078","3.0113","3.0210","2.9985","","-0.17%"
"04/02/2019","3.0130","3.0120","3.0346","3.0051","","0.23%"
"04/01/2019","3.0061","3.0255","3.0321","3.0005","","-0.44%"
"03/29/2019","3.0193","3.0059","3.0353","3.0011","","0.04%"
"03/28/2019","3.0182","3.0151","3.0299","2.9983","","0.10%"
"03/27/2019","3.0153","3.0126","3.0242","2.9972","","0.29%"
"03/26/2019","3.0066","2.9977","3.0202","2.9906","","0.24%"
"03/25/2019","2.9994","3.0035","3.0226","2.9905","","-0.22%"
"03/22/2019","3.0060","2.9962","3.0177","2.9865","","0.54%"
"03/21/2019","2.9898","2.9879","3.0057","2.9794","","0.06%"
"03/20/2019","2.9879","3.0006","3.0187","2.9812","","-0.49%"
"03/19/2019","3.0025","3.0026","3.0187","2.9911","","0.01%"
"03/18/2019","3.0022","3.0050","3.0187","2.9942","","-0.08%"
"03/15/2019","3.0047","3.0063","3.0360","2.9966","","-0.96%"
"03/14/2019","3.0337","3.0190","3.0361","3.0008","","0.62%"
"03/13/2019","3.0150","3.0180","3.0384","3.0030","","-0.17%"
"03/12/2019","3.0202","3.0260","3.0480","3.0089","","-0.09%"
"03/11/2019","3.0229","3.0388","3.0516","3.0219","","-0.43%"
"03/08/2019","3.0359","3.0459","3.0586","3.0274","","-0.33%"
"03/07/2019","3.0459","3.0347","3.0557","3.0141","","0.39%"
"03/06/2019","3.0341","3.0402","3.0474","3.0152","","0.46%"
"03/05/2019","3.0202","3.0170","3.0459","3.0146","","0.11%"
"03/04/2019","3.0169","3.0190","3.0474","3.0122","","-0.56%"
"03/01/2019","3.0339","3.0263","3.0474","3.0106","","0.18%"
"02/28/2019","3.0283","3.0282","3.0502","3.0130","","0.02%"
"02/27/2019","3.0278","3.0411","3.0494","3.0148","","-0.44%"
"02/26/2019","3.0413","3.0345","3.0569","3.0245","","0.21%"
"02/25/2019","3.0350","3.0475","3.0587","3.0302","","-0.11%"
"02/22/2019","3.0382","3.0457","3.0648","3.0356","","-0.09%"
"02/21/2019","3.0409","3.0514","3.0600","3.0394","","-0.12%"
"02/20/2019","3.0446","3.0469","3.0638","3.0396","","-0.03%"
"02/19/2019","3.0455","3.0539","3.0689","3.0430","","-0.56%"
"02/18/2019","3.0628","3.0590","3.0654","3.0479","","-0.05%"
"02/15/2019","3.0644","3.0556","3.0797","3.0475","","0.31%"
"02/14/2019","3.0550","3.0647","3.0750","3.0531","","-0.35%"
"02/13/2019","3.0657","3.0495","3.0730","3.0461","","0.51%"
"02/12/2019","3.0500","3.0601","3.0739","3.0467","","-0.29%"
"02/11/2019","3.0590","3.0450","3.0724","3.0450","","0.33%"
"02/08/2019","3.0489","3.0494","3.0551","3.0430","","0.07%"
"02/07/2019","3.0467","3.0437","3.0546","3.0398","","0.01%"
"02/06/2019","3.0465","3.0344","3.0507","3.0224","","0.43%"
"02/05/2019","3.0334","3.0285","3.0399","3.0123","","0.17%"
"02/04/2019","3.0283","3.0190","3.0354","3.0119","","0.31%"
"02/01/2019","3.0190","3.0218","3.0341","3.0050","","0.21%"
"01/31/2019","3.0127","3.0158","3.0338","3.0006","","-0.10%"
"01/30/2019","3.0158","3.0208","3.0452","3.0033","","0.00%"
"01/29/2019","3.0159","3.0210","3.0295","3.0129","","-0.31%"
"01/28/2019","3.0253","3.0290","3.0355","3.0134","","0.36%"
"01/25/2019","3.0144","3.0316","3.0435","3.0144","","-0.61%"
"01/24/2019","3.0330","3.0252","3.0436","3.0192","","0.27%"
"01/23/2019","3.0248","3.0298","3.0362","3.0134","","-0.13%"
"01/22/2019","3.0286","3.0188","3.0393","3.0134","","-0.11%"
"01/21/2019","3.0320","3.0134","3.0348","3.0134","","0.41%"
"01/18/2019","3.0196","3.0142","3.0337","3.0096","","0.18%"
"01/17/2019","3.0142","3.0124","3.0274","3.0089","","0.03%"
"01/16/2019","3.0132","3.0129","3.0390","3.0065","","-0.01%"
"01/15/2019","3.0135","3.0115","3.0297","2.9951","","0.05%"
"01/14/2019","3.0120","3.0050","3.0148","2.9892","","0.45%"
"01/11/2019","2.9984","3.0116","3.0137","2.9844","","0.07%"
"01/10/2019","2.9964","2.9875","3.0140","2.9786","","0.30%"
"01/09/2019","2.9875","3.0053","3.0225","2.9817","","-0.61%"
"01/08/2019","3.0057","3.0009","3.0239","2.9991","","0.13%"
"01/07/2019","3.0019","3.0110","3.0283","2.9987","","-0.16%"
"01/04/2019","3.0068","3.0264","3.0545","2.9924","","-0.63%"
"01/03/2019","3.0260","3.0179","3.0279","2.9934","","0.29%"
"01/02/2019","3.0174","3.0004","3.0222","2.9778","","0.97%"
"01/01/2019","2.9885","2.9883","3.0075","2.9735","","0.01%"