"Date","Price","Open","High","Low","Vol.","Change %"
"12/30/2025","2,082.26","1,969.02","2,093.17","1,817.21","","5.75%"
"12/29/2025","1,969.02","1,605.73","1,980.53","1,604.26","","22.62%"
"12/26/2025","1,605.73","1,554.83","1,635.17","1,483.35","","3.27%"
"12/23/2025","1,554.83","1,548.78","1,594.84","1,535.25","","0.39%"
"12/22/2025","1,548.78","1,565.28","1,602.42","1,536.21","","-1.05%"
"12/19/2025","1,565.28","1,490.59","1,573.98","1,490.59","","5.01%"
"12/18/2025","1,490.59","1,450.57","1,569.92","1,450.57","","2.76%"
"12/17/2025","1,450.57","1,454.66","1,478.17","1,432.77","","-0.28%"
"12/16/2025","1,454.66","1,455.03","1,507.20","1,423.45","","-0.03%"
"12/15/2025","1,455.03","1,473.17","1,559.14","1,455.03","","-1.23%"
"12/12/2025","1,473.17","1,489.30","1,506.89","1,464.78","","-1.08%"
"12/11/2025","1,489.30","1,499.25","1,542.07","1,474.90","","-0.66%"
"12/10/2025","1,499.25","1,487.60","1,599.74","1,476.01","","0.78%"
"12/09/2025","1,487.60","1,519.15","1,602.25","1,457.72","","-2.08%"
"12/05/2025","1,519.15","1,535.43","1,549.96","1,465.85","","-1.06%"
"12/04/2025","1,535.43","1,551.92","1,563.65","1,534.74","","-1.06%"
"12/03/2025","1,551.92","1,519.61","1,607.66","1,462.28","","2.13%"
"12/02/2025","1,519.61","1,551.63","1,562.91","1,498.47","","-2.06%"
"12/01/2025","1,551.63","1,551.78","1,646.12","1,522.82","","-0.01%"
"11/28/2025","1,551.78","1,564.09","1,572.25","1,534.65","","-0.79%"
"11/27/2025","1,564.09","1,550.42","1,599.30","1,550.42","","0.88%"
"11/26/2025","1,550.42","1,552.20","1,586.71","1,539.87","","-0.11%"
"11/25/2025","1,552.20","1,590.10","1,637.10","1,532.46","","-2.38%"
"11/21/2025","1,590.10","1,677.78","1,678.28","1,576.50","","-5.23%"
"11/20/2025","1,677.78","1,599.61","1,678.18","1,568.71","","4.89%"
"11/19/2025","1,599.61","1,610.73","1,660.42","1,581.54","","-0.69%"
"11/18/2025","1,610.73","1,665.82","1,685.92","1,569.98","","-3.31%"
"11/17/2025","1,665.82","1,698.82","1,705.26","1,645.14","","-1.94%"
"11/14/2025","1,698.82","1,690.12","1,733.00","1,615.65","","0.51%"
"11/13/2025","1,690.12","1,614.19","1,707.49","1,614.19","","4.70%"
"11/12/2025","1,614.19","1,593.89","1,647.40","1,588.00","","1.27%"
"11/11/2025","1,593.89","1,614.45","1,677.37","1,564.38","","-1.27%"
"11/10/2025","1,614.45","1,602.81","1,645.39","1,602.81","","0.73%"
"11/07/2025","1,602.81","1,617.38","1,637.96","1,591.55","","-0.90%"
"11/06/2025","1,617.38","1,633.71","1,683.14","1,602.52","","-1.00%"
"11/05/2025","1,633.71","1,606.71","1,744.08","1,596.51","","1.68%"
"11/04/2025","1,606.71","1,595.66","1,638.67","1,552.85","","0.69%"
"11/03/2025","1,595.66","1,619.77","1,677.25","1,579.16","","-1.49%"
"10/31/2025","1,619.77","1,600.42","1,658.53","1,598.21","","1.21%"
"10/30/2025","1,600.42","1,641.67","1,656.30","1,582.37","","-2.52%"
"10/29/2025","1,641.74","1,654.87","1,693.08","1,627.55","","-0.79%"
"10/28/2025","1,654.87","1,653.41","1,689.94","1,628.14","","0.09%"
"10/27/2025","1,653.41","1,631.36","1,678.34","1,612.21","","1.35%"
"10/24/2025","1,631.36","1,608.92","1,658.22","1,607.29","","1.39%"
"10/23/2025","1,608.92","1,473.20","1,647.33","1,473.20","","0.00%"
"10/22/2025","1,608.92","1,473.20","1,647.33","1,473.20","","9.82%"
"10/21/2025","1,465.01","1,466.28","1,569.28","1,459.62","","-0.09%"
"10/17/2025","1,466.28","1,416.04","1,494.40","1,416.04","","3.55%"
"10/16/2025","1,416.04","1,319.37","1,434.56","1,319.37","","7.33%"
"10/15/2025","1,319.37","1,200.70","1,333.79","1,200.70","","9.88%"
"10/14/2025","1,200.70","1,167.81","1,215.24","1,167.81","","2.77%"
"10/13/2025","1,168.38","1,135.16","1,187.76","1,126.64","","2.93%"
"10/10/2025","1,135.16","1,106.64","1,163.91","1,106.47","","2.58%"
"10/09/2025","1,106.64","1,092.27","1,157.91","1,085.83","","1.32%"
"10/08/2025","1,092.27","1,118.62","1,136.68","1,090.27","","-2.36%"
"10/07/2025","1,118.62","1,102.03","1,142.07","1,102.03","","1.51%"
"10/06/2025","1,102.03","1,114.73","1,116.10","1,082.10","","-1.14%"
"10/03/2025","1,114.73","1,058.57","1,115.46","1,050.93","","5.31%"
"10/02/2025","1,058.57","1,053.52","1,073.36","1,030.87","","0.48%"
"10/01/2025","1,053.52","1,082.32","1,105.46","1,043.74","","-2.66%"
"09/30/2025","1,082.32","1,086.40","1,098.92","1,081.66","","-0.38%"
"09/29/2025","1,086.40","1,082.69","1,097.34","1,045.07","","0.34%"
"09/26/2025","1,082.69","1,051.27","1,096.36","1,051.27","","2.89%"
"09/25/2025","1,052.25","1,038.18","1,103.30","1,031.27","","1.36%"
"09/24/2025","1,038.18","964.69","1,045.06","964.69","","7.62%"
"09/23/2025","964.69","960.63","984.52","952.72","","0.42%"
"09/22/2025","960.63","967.57","978.12","955.11","","-0.72%"
"09/19/2025","967.57","971.73","985.70","964.85","","-0.43%"
"09/18/2025","971.73","972.05","985.85","964.22","","-0.03%"
"09/17/2025","972.05","987.62","1,002.33","959.60","","-1.58%"
"09/16/2025","987.62","1,009.46","1,023.11","968.99","","-2.16%"
"09/12/2025","1,009.46","1,006.55","1,039.85","993.99","","0.29%"
"09/11/2025","1,006.55","1,012.00","1,044.88","993.99","","-0.54%"
"09/10/2025","1,012.00","1,003.65","1,055.01","993.42","","0.83%"
"09/09/2025","1,003.66","1,017.86","1,034.24","973.28","","-1.40%"
"09/08/2025","1,017.86","992.78","1,030.41","991.73","","2.53%"
"09/05/2025","992.78","965.25","1,012.53","965.25","","2.85%"
"09/04/2025","965.25","896.39","977.25","896.39","","7.68%"
"09/03/2025","896.39","866.10","896.51","863.08","","3.50%"
"09/02/2025","866.10","816.30","869.69","798.65","","6.10%"
"09/01/2025","816.30","823.17","845.45","809.41","","-0.83%"
"08/29/2025","823.17","821.65","834.58","805.60","","0.18%"
"08/28/2025","821.65","820.86","831.31","788.10","","0.10%"
"08/27/2025","820.86","811.37","835.66","808.37","","1.17%"
"08/26/2025","811.37","781.41","812.00","781.41","","3.83%"
"08/25/2025","781.41","756.49","812.76","756.49","","3.29%"
"08/22/2025","756.49","733.83","764.70","733.83","","3.09%"
"08/21/2025","733.83","709.96","734.80","699.99","","3.36%"
"08/20/2025","709.96","676.51","729.53","676.51","","4.94%"
"08/19/2025","676.51","644.82","676.90","644.65","","4.91%"
"08/15/2025","644.82","641.71","659.22","623.49","","0.48%"
"08/14/2025","641.71","630.07","641.71","620.07","","1.85%"
"08/13/2025","630.07","611.99","632.85","607.94","","2.95%"
"08/12/2025","611.99","611.79","626.76","591.44","","0.03%"
"08/11/2025","611.79","611.46","626.41","598.35","","0.05%"
"08/08/2025","611.46","558.85","612.00","555.61","","9.41%"
"08/07/2025","558.85","533.23","568.04","533.23","","4.80%"
"08/06/2025","533.23","530.43","538.73","518.93","","0.53%"
"08/05/2025","530.43","534.57","536.60","518.95","","-0.77%"
"08/04/2025","534.57","533.15","549.92","530.89","","0.27%"
"08/01/2025","533.15","528.11","544.77","523.60","","0.95%"
"07/31/2025","528.11","528.36","542.52","526.30","","-0.05%"
"07/30/2025","528.36","538.93","550.14","526.34","","-1.96%"
"07/29/2025","538.93","534.59","552.31","532.17","","0.81%"
"07/28/2025","534.59","532.71","532,713.06","527.90","","-99.90%"
"07/25/2025","532,713.06","499,361.31","534,358.31","499,361.31","","6.68%"
"07/23/2025","499,361.31","494,716.91","508,574.72","484,546.69","","0.94%"
"07/22/2025","494,716.91","469,891.69","497,748.75","469,891.69","","5.28%"
"07/21/2025","469,891.69","442,795.06","469,891.69","442,795.06","","6.12%"
"07/18/2025","442,795.06","415,937.94","444,732.69","415,937.94","","6.46%"
"07/17/2025","415,937.94","398,146.56","418,150.59","398,146.56","","4.47%"
"07/16/2025","398,146.56","397,903.50","404,357.03","397,215.22","","0.06%"
"07/15/2025","397,903.50","397,415.75","405,728.09","397,415.75","","0.12%"
"07/14/2025","397,415.75","396,086.94","402,164.41","394,275.41","","0.34%"
"07/11/2025","396,086.94","396,202.34","399,742.09","395,557.34","","-0.03%"
"07/10/2025","396,202.34","392,282.91","400,166.53","392,282.91","","1.00%"
"07/09/2025","392,282.91","396,183.25","402,451.16","389,701.00","","-0.98%"
"07/08/2025","396,183.25","389,514.38","400,018.75","389,514.38","","1.71%"
"07/07/2025","389,514.38","386,525.09","391,193.56","383,248.63","","0.77%"
"07/04/2025","386,525.09","380,160.75","387,244.41","371,334.22","","1.67%"
"07/03/2025","380,160.75","375,610.56","381,996.41","375,610.56","","1.21%"
"07/02/2025","375,610.56","383,988.22","386,328.44","371,274.47","","-2.18%"
"07/01/2025","383,988.22","373,071.88","385,511.94","368,546.28","","2.93%"
"06/30/2025","373,071.88","370,150.69","374,375.31","367,682.19","","0.79%"
"06/27/2025","370,150.69","366,079.41","372,592.34","366,079.41","","1.11%"
"06/26/2025","366,079.41","370,104.97","373,330.31","363,109.72","","-1.09%"
"06/25/2025","370,104.97","370,772.91","374,169.44","368,356.19","","-0.18%"
"06/20/2025","370,772.91","369,517.41","374,120.59","369,517.41","","0.34%"
"06/19/2025","369,517.41","364,207.41","370,434.13","361,729.53","","1.46%"
"06/18/2025","364,207.41","367,827.13","369,057.44","360,690.25","","-0.98%"
"06/17/2025","367,827.13","355,479.34","369,522.88","354,013.97","","3.47%"
"06/13/2025","355,479.34","347,754.72","355,597.63","347,754.72","","2.22%"
"06/12/2025","347,754.72","350,199.00","357,705.22","342,392.19","","-0.70%"
"06/11/2025","350,199.00","346,318.69","352,812.53","346,069.88","","1.12%"
"06/10/2025","346,318.69","342,357.03","349,704.13","341,596.53","","1.16%"
"06/09/2025","342,357.03","330,147.69","343,746.97","329,367.31","","3.70%"
"06/06/2025","330,147.69","321,836.75","331,660.22","317,788.09","","2.58%"
"06/05/2025","321,836.75","319,033.00","327,701.91","318,924.31","","0.88%"
"06/04/2025","319,033.00","306,960.81","320,153.63","306,357.25","","3.93%"
"06/03/2025","306,960.81","310,922.03","311,056.44","306,318.75","","-1.27%"
"05/30/2025","310,922.03","311,932.56","314,918.91","309,678.94","","-0.32%"
"05/29/2025","311,932.56","307,714.72","316,595.16","307,714.72","","1.37%"
"05/28/2025","307,714.72","306,123.69","318,650.56","306,123.69","","0.52%"
"05/27/2025","306,123.69","292,247.66","309,390.06","292,237.47","","4.75%"
"05/26/2025","292,247.66","295,372.97","299,892.00","290,987.22","","-1.06%"
"05/23/2025","295,372.97","285,796.91","295,644.72","285,796.91","","3.35%"
"05/22/2025","285,796.91","277,580.47","286,106.94","277,580.47","","0.00%"
"05/21/2025","285,796.91","277,580.47","286,106.94","277,580.47","","3.63%"
"05/20/2025","275,780.97","274,252.16","277,656.09","271,299.66","","0.56%"
"05/19/2025","274,252.16","266,392.41","279,807.06","262,820.56","","2.95%"
"05/16/2025","266,392.41","247,453.81","267,352.38","247,444.00","","7.65%"
"05/15/2025","247,453.81","241,625.33","247,545.92","237,968.77","","2.41%"
"05/14/2025","241,625.33","237,973.39","243,945.89","237,539.03","","1.53%"
"05/13/2025","237,973.39","237,639.78","244,787.50","236,801.97","","0.14%"
"05/12/2025","237,639.78","237,565.38","242,028.50","234,669.45","","0.03%"
"05/09/2025","237,565.38","233,331.59","240,531.22","233,331.59","","1.35%"
"05/08/2025","234,397.17","231,824.09","237,858.77","231,251.72","","1.11%"
"05/07/2025","231,824.09","236,178.45","237,036.58","229,584.36","","-1.86%"
"05/06/2025","236,218.34","231,911.70","236,631.28","231,911.70","","1.86%"
"05/05/2025","231,911.70","235,588.78","236,655.41","229,280.13","","-1.56%"
"05/02/2025","235,588.78","239,462.69","240,053.42","232,400.06","","-1.62%"
"04/30/2025","239,462.69","238,148.59","241,470.73","235,550.67","","0.55%"
"04/29/2025","238,148.59","241,899.83","244,140.69","236,979.33","","-1.55%"
"04/28/2025","241,899.83","237,738.34","243,752.17","233,742.45","","1.75%"
"04/25/2025","237,738.34","221,703.73","237,738.34","221,703.73","","7.23%"
"04/24/2025","221,703.73","225,721.66","227,782.91","219,271.02","","-1.78%"
"04/23/2025","225,721.66","224,895.72","227,073.64","224,165.23","","0.35%"
"04/22/2025","224,925.63","225,873.72","227,793.27","223,838.66","","-0.42%"
"04/21/2025","225,873.72","228,140.47","231,446.00","225,435.42","","-0.99%"
"04/16/2025","228,140.47","227,092.70","229,572.28","226,465.52","","0.46%"
"04/15/2025","227,092.70","225,923.58","232,157.89","225,626.16","","0.44%"
"04/14/2025","226,106.23","226,337.75","227,606.78","225,846.98","","-0.12%"
"04/11/2025","226,386.59","226,448.97","228,965.63","224,198.28","","-0.03%"
"04/10/2025","226,448.97","226,703.70","230,394.09","226,085.58","","-0.11%"
"04/09/2025","226,703.70","226,435.20","229,482.38","223,133.77","","0.12%"
"04/08/2025","226,435.20","225,059.89","233,005.98","221,888.38","","0.61%"
"04/07/2025","225,059.89","230,691.47","231,450.56","225,025.50","","-2.44%"
"04/04/2025","230,691.47","229,805.16","233,995.05","229,405.56","","0.39%"
"04/03/2025","229,805.16","229,921.45","233,642.84","224,232.28","","-0.05%"
"04/02/2025","229,921.45","230,607.70","233,207.80","229,492.19","","-0.30%"
"04/01/2025","230,607.70","231,124.73","236,834.23","230,000.17","","-0.22%"
"03/31/2025","231,124.73","238,132.77","239,245.17","230,978.08","","-2.94%"
"03/28/2025","238,132.77","238,635.03","242,730.16","236,682.64","","-0.21%"
"03/27/2025","238,635.03","233,867.34","249,298.14","233,867.34","","2.04%"
"03/26/2025","233,867.34","208,203.88","239,786.77","208,203.88","","12.33%"
"03/25/2025","208,203.88","197,496.75","208,695.39","197,496.75","","5.42%"
"03/24/2025","197,496.75","194,437.31","197,853.69","193,382.95","","1.57%"
"03/21/2025","194,437.31","195,107.16","196,447.14","193,216.00","","-0.34%"
"03/20/2025","195,107.16","193,867.67","198,240.73","193,867.67","","0.64%"
"03/18/2025","193,867.67","188,953.58","195,862.89","187,880.97","","2.60%"
"03/17/2025","188,953.58","189,521.48","193,695.67","188,013.84","","-0.30%"
"03/14/2025","189,521.48","187,469.97","189,783.52","186,757.81","","1.10%"
"03/13/2025","187,468.30","183,508.25","187,468.30","183,508.25","","2.16%"
"03/12/2025","183,508.25","183,094.11","183,797.22","180,407.70","","0.23%"
"03/11/2025","183,094.11","182,142.67","187,598.86","181,438.81","","0.52%"
"03/10/2025","182,142.67","183,506.89","186,292.69","181,855.88","","-0.74%"
"03/07/2025","183,506.89","185,391.69","187,148.70","183,146.53","","-1.02%"
"03/06/2025","185,391.69","188,965.67","192,206.11","184,942.41","","-1.89%"
"03/05/2025","188,965.67","192,855.91","195,665.11","188,965.67","","-2.02%"
"02/28/2025","192,855.91","190,067.02","192,911.73","189,888.88","","1.47%"
"02/27/2025","190,067.02","190,686.08","192,749.34","190,058.55","","-0.32%"
"02/26/2025","190,686.08","190,316.17","197,096.77","189,090.59","","0.19%"
"02/25/2025","190,316.17","181,502.28","191,957.64","181,502.28","","4.86%"
"02/24/2025","181,502.28","174,660.97","181,678.84","174,660.97","","3.92%"
"02/21/2025","174,660.97","167,473.16","174,797.92","167,473.16","","4.29%"
"02/20/2025","167,473.16","165,449.55","167,527.05","165,449.55","","1.22%"
"02/19/2025","165,449.55","164,639.42","166,016.05","164,263.92","","0.49%"
"02/18/2025","164,639.42","165,360.17","165,664.30","163,377.59","","-0.44%"
"02/17/2025","165,360.17","162,709.56","166,788.27","162,709.56","","1.63%"
"02/14/2025","162,709.56","161,643.84","165,963.53","161,529.84","","0.66%"
"02/13/2025","161,643.84","154,667.69","164,226.58","154,667.69","","4.51%"
"02/12/2025","154,667.69","153,872.86","155,652.81","153,872.86","","0.52%"
"02/11/2025","153,872.86","153,677.63","155,544.67","153,677.63","","0.13%"
"02/10/2025","153,677.63","155,181.92","155,511.25","152,980.33","","-0.97%"
"02/07/2025","155,181.92","155,922.23","157,792.86","153,835.81","","-0.47%"
"02/06/2025","155,922.23","158,938.31","162,248.66","155,922.11","","-1.90%"
"02/05/2025","158,938.31","152,780.30","158,938.31","152,776.80","","4.03%"
"02/04/2025","152,780.30","145,962.38","152,881.78","145,962.38","","4.55%"
"02/03/2025","146,135.39","128,619.08","148,694.48","128,619.08","","0.34%"
"01/31/2025","145,633.28","139,732.28","147,224.69","139,732.28","","4.22%"
"01/30/2025","139,732.28","136,000.78","141,787.72","135,818.67","","2.74%"
"01/29/2025","136,000.78","134,449.06","136,704.97","134,060.27","","1.15%"
"01/28/2025","134,449.06","134,085.39","135,810.77","134,085.39","","0.27%"
"01/27/2025","134,085.39","134,917.20","136,571.03","133,793.81","","-0.62%"
"01/24/2025","134,917.20","134,095.11","136,069.63","132,487.69","","0.61%"
"01/23/2025","134,095.11","132,832.58","134,769.28","132,689.61","","0.95%"
"01/22/2025","132,832.58","132,415.52","134,500.73","131,445.80","","0.31%"
"01/21/2025","132,415.52","132,528.30","133,265.63","131,844.83","","-0.09%"
"01/20/2025","132,528.30","133,783.41","135,518.98","132,384.80","","-0.94%"
"01/17/2025","133,782.23","137,017.31","138,443.41","131,902.11","","-2.36%"
"01/16/2025","137,017.31","141,523.34","141,523.34","135,632.02","","-3.18%"
"01/15/2025","141,523.34","142,943.44","143,889.23","141,229.92","","-0.99%"
"01/14/2025","142,943.44","142,505.25","143,418.06","140,574.16","","0.31%"
"01/10/2025","142,505.25","140,003.73","144,707.59","139,717.13","","1.79%"
"01/09/2025","140,003.73","128,795.41","140,403.80","128,795.41","","8.70%"
"01/08/2025","128,795.41","126,573.12","129,240.59","126,573.12","","1.76%"
"01/07/2025","126,573.12","124,647.95","126,573.12","124,647.95","","1.54%"
"01/03/2025","124,647.95","121,296.95","127,876.98","121,296.95","","2.76%"
"01/02/2025","121,296.95","119,380.66","122,576.09","119,303.76","","1.61%"
"12/30/2024","119,380.66","115,102.33","121,210.97","115,102.33","","3.72%"
"12/27/2024","115,102.33","114,560.38","116,690.05","114,560.38","","0.47%"
"12/26/2024","114,560.38","115,587.47","116,357.63","111,937.37","","-0.89%"
"12/23/2024","115,587.47","114,344.87","117,063.92","114,344.87","","1.09%"
"12/20/2024","114,344.87","112,449.38","114,344.87","112,449.38","","1.69%"
"12/19/2024","112,449.38","104,625.95","112,449.38","104,625.95","","7.48%"
"12/18/2024","104,625.95","103,830.62","105,253.34","103,830.62","","0.77%"
"12/17/2024","103,830.62","102,360.73","104,123.35","102,163.55","","1.44%"
"12/16/2024","102,360.73","103,060.66","103,708.73","101,634.87","","-0.68%"
"12/13/2024","103,060.66","103,129.52","104,459.66","102,775.80","","-0.07%"
"12/12/2024","103,129.52","104,874.34","105,436.52","102,671.27","","-1.66%"
"12/11/2024","104,874.34","104,825.01","105,833.12","103,384.22","","0.05%"
"12/10/2024","104,825.01","105,100.73","105,798.73","103,399.71","","-0.26%"
"12/09/2024","105,100.73","105,143.39","106,369.86","104,861.45","","-0.04%"
"12/06/2024","105,143.39","105,213.01","106,206.95","105,143.39","","-0.07%"
"12/05/2024","105,213.01","106,009.55","106,358.22","105,185.45","","-0.87%"
"12/04/2024","106,139.62","106,360.51","106,590.24","105,658.38","","-0.21%"
"12/03/2024","106,360.51","106,693.25","107,575.30","105,049.55","","-0.31%"
"12/02/2024","106,693.25","107,147.55","108,022.73","105,887.16","","-0.42%"
"11/29/2024","107,147.55","108,537.81","108,939.08","106,923.97","","-1.28%"
"11/28/2024","108,537.81","107,986.80","109,817.50","107,986.80","","0.51%"
"11/27/2024","107,986.80","109,414.51","110,026.12","107,983.86","","-1.30%"
"11/26/2024","109,414.51","109,426.55","110,389.55","109,300.58","","-0.01%"
"11/25/2024","109,426.55","106,339.55","110,007.47","106,339.55","","2.90%"
"11/22/2024","106,339.55","105,886.31","106,771.60","105,538.44","","0.43%"
"11/21/2024","105,886.31","105,165.72","106,438.29","105,165.72","","0.69%"
"11/20/2024","105,165.72","104,821.79","106,826.57","103,867.06","","0.33%"
"11/19/2024","104,821.79","104,256.23","106,060.62","103,790.48","","0.54%"
"11/15/2024","104,256.23","104,654.29","105,165.70","101,168.57","","-0.38%"
"11/14/2024","104,654.29","104,195.49","104,902.91","103,686.40","","0.44%"
"11/13/2024","104,195.49","102,446.09","104,198.13","101,392.27","","1.71%"
"11/12/2024","102,446.09","99,831.05","102,456.77","99,235.57","","2.62%"
"11/11/2024","99,831.05","99,329.94","101,124.02","97,437.53","","0.50%"
"11/08/2024","99,329.94","99,108.84","99,345.86","98,669.67","","0.22%"
"11/07/2024","99,108.84","99,171.00","99,464.57","98,999.76","","-0.06%"
"11/06/2024","99,171.00","99,434.64","99,462.55","97,829.99","","-0.28%"
"11/05/2024","99,448.90","99,733.27","100,068.62","98,974.00","","-0.29%"
"11/01/2024","99,733.27","99,607.73","100,433.09","99,607.73","","0.13%"
"10/31/2024","99,607.73","97,486.09","99,718.30","97,486.09","","2.18%"
"10/30/2024","97,486.09","97,278.30","97,952.37","96,560.80","","0.21%"
"10/29/2024","97,278.30","97,939.32","99,229.79","97,173.58","","-0.67%"
"10/28/2024","97,938.50","98,102.84","100,294.55","97,688.11","","-0.17%"
"10/25/2024","98,102.84","96,090.26","98,854.62","95,893.68","","2.09%"
"10/24/2024","96,090.26","95,119.59","96,090.26","93,572.64","","1.02%"
"10/23/2024","95,119.59","96,828.10","96,981.68","95,039.10","","-1.76%"
"10/22/2024","96,828.10","97,089.44","97,602.20","96,368.06","","-0.27%"
"10/21/2024","97,089.44","95,972.31","97,408.52","95,735.75","","1.16%"
"10/18/2024","95,972.31","93,824.95","96,499.48","93,824.95","","2.29%"
"10/17/2024","93,824.95","93,037.91","93,845.73","92,961.68","","0.85%"
"10/16/2024","93,037.91","93,041.12","93,538.84","91,834.62","","0.00%"
"10/15/2024","93,041.12","92,619.56","93,100.91","91,932.14","","0.46%"
"10/14/2024","92,619.56","92,455.02","94,206.71","92,349.38","","0.18%"
"10/11/2024","92,455.02","90,379.09","92,961.89","90,379.09","","2.30%"
"10/10/2024","90,379.09","90,292.88","91,500.81","89,705.91","","0.10%"
"10/09/2024","90,292.88","89,748.20","90,561.84","89,742.08","","0.60%"
"10/08/2024","89,754.32","89,862.94","90,603.98","88,385.91","","-0.25%"
"10/07/2024","89,978.66","88,268.77","91,073.71","88,101.93","","1.94%"
"10/04/2024","88,268.77","88,828.15","89,144.62","88,268.77","","-0.63%"
"10/03/2024","88,828.15","89,382.28","90,604.88","88,521.31","","-0.62%"
"10/02/2024","89,382.28","90,192.09","90,512.05","89,367.54","","-0.90%"
"10/01/2024","90,192.09","91,804.92","93,724.66","89,816.74","","-1.76%"
"09/30/2024","91,804.92","92,398.24","93,917.85","91,802.28","","-0.64%"
"09/27/2024","92,398.24","92,794.19","93,007.98","91,911.14","","-0.43%"
"09/26/2024","92,794.19","94,000.06","94,240.33","92,794.19","","-1.28%"
"09/25/2024","94,000.06","95,560.88","95,788.98","93,703.55","","-1.63%"
"09/24/2024","95,560.88","96,908.44","97,158.92","95,560.88","","-1.39%"
"09/23/2024","96,908.44","97,169.03","97,499.95","96,883.80","","-0.27%"
"09/20/2024","97,169.03","96,970.27","97,684.61","96,769.48","","0.20%"
"09/19/2024","96,970.27","96,871.45","97,674.82","96,378.58","","0.10%"
"09/18/2024","96,871.45","97,529.05","98,331.69","96,769.98","","-0.67%"
"09/17/2024","97,529.05","97,562.73","99,916.66","97,002.19","","-0.03%"
"09/13/2024","97,562.73","97,797.01","98,941.52","96,962.50","","-0.24%"
"09/12/2024","97,797.01","98,667.73","99,572.28","97,650.85","","-0.88%"
"09/11/2024","98,667.73","98,913.06","99,829.17","98,543.58","","-0.25%"
"09/10/2024","98,913.06","97,140.56","99,366.41","96,792.16","","1.82%"
"09/09/2024","97,140.56","95,947.52","98,799.19","95,947.52","","1.24%"
"09/06/2024","95,947.52","95,910.61","97,790.67","95,910.61","","0.04%"
"09/05/2024","95,910.61","96,592.13","96,644.99","95,632.48","","-0.71%"
"09/04/2024","96,592.13","96,313.88","97,566.56","94,693.76","","0.29%"
"09/03/2024","96,313.88","95,606.91","96,914.20","93,764.95","","0.74%"
"09/02/2024","95,606.91","91,532.07","97,490.23","91,532.07","","4.45%"
"08/30/2024","91,532.07","91,532.07","94,820.09","91,532.07","","0.00%"
"08/29/2024","91,532.07","91,705.80","92,659.06","90,578.27","","-0.19%"
"08/28/2024","91,705.80","92,596.46","93,121.02","91,261.22","","-0.96%"
"08/27/2024","92,596.46","94,043.27","94,209.80","91,982.65","","-1.54%"
"08/26/2024","94,043.27","94,746.62","95,464.04","93,142.85","","-0.74%"
"08/23/2024","94,746.62","93,092.05","94,776.43","93,092.05","","1.78%"
"08/22/2024","93,092.05","93,018.66","94,309.37","92,574.97","","0.08%"
"08/21/2024","93,018.66","89,556.16","93,018.66","89,556.16","","3.87%"
"08/20/2024","89,556.16","88,934.68","90,116.59","88,685.82","","0.31%"
"08/16/2024","89,277.91","89,188.28","89,419.00","88,819.45","","0.10%"
"08/15/2024","89,188.28","87,055.22","89,188.28","86,351.71","","2.45%"
"08/14/2024","87,055.22","88,294.98","88,298.43","86,866.35","","-1.40%"
"08/13/2024","88,294.98","89,439.54","91,196.62","87,764.26","","-1.28%"
"08/12/2024","89,439.54","91,648.26","91,752.32","89,439.54","","-2.41%"
"08/09/2024","91,648.26","93,213.71","93,213.71","91,333.59","","-1.68%"
"08/08/2024","93,213.71","92,378.36","93,678.11","92,378.36","","0.90%"
"08/07/2024","92,378.36","92,340.18","93,372.03","92,340.18","","0.04%"
"08/06/2024","92,340.18","93,101.48","93,645.93","92,248.81","","-0.82%"
"08/05/2024","93,101.48","94,058.80","95,083.32","92,950.62","","-1.02%"
"08/02/2024","94,058.80","92,652.89","95,229.16","92,301.32","","1.52%"
"08/01/2024","92,652.89","90,190.74","92,652.89","89,552.08","","2.73%"
"07/31/2024","90,190.74","90,100.48","91,650.23","90,100.48","","0.10%"
"07/30/2024","90,100.48","88,478.83","90,349.34","86,985.68","","1.83%"
"07/29/2024","88,478.83","89,244.33","89,513.40","85,918.77","","-0.86%"
"07/26/2024","89,244.33","87,847.25","89,840.53","87,847.25","","1.59%"
"07/25/2024","87,847.25","86,350.53","88,563.02","84,069.15","","1.73%"
"07/23/2024","86,350.53","84,814.26","87,209.70","84,804.77","","1.81%"
"07/22/2024","84,814.26","85,263.17","86,444.95","84,798.88","","-0.53%"
"07/19/2024","85,263.17","84,382.19","86,069.62","84,382.19","","1.04%"
"07/18/2024","84,382.19","86,848.59","87,044.20","82,715.05","","-2.84%"
"07/17/2024","86,848.59","88,761.46","89,331.04","85,912.35","","-2.16%"
"07/16/2024","88,761.46","90,140.82","90,963.34","88,690.69","","-1.53%"
"07/15/2024","90,140.82","90,723.50","92,337.51","90,040.39","","-0.64%"
"07/12/2024","90,723.50","88,804.29","91,098.62","88,804.29","","2.16%"
"07/11/2024","88,804.29","88,319.94","89,186.55","88,119.83","","0.55%"
"07/10/2024","88,319.94","87,595.27","89,018.09","86,281.62","","0.83%"
"07/09/2024","87,595.27","88,213.71","88,533.91","86,987.26","","-0.70%"
"07/08/2024","88,213.71","88,433.84","89,240.94","87,361.44","","-0.25%"
"07/04/2024","88,433.84","88,817.26","89,750.89","86,738.43","","-0.43%"
"07/03/2024","88,817.26","86,686.74","89,174.34","85,933.41","","2.46%"
"07/02/2024","86,686.74","80,455.84","86,686.74","80,455.84","","7.74%"
"07/01/2024","80,455.84","78,695.20","81,047.23","78,658.20","","2.24%"
"06/28/2024","78,695.20","77,421.72","78,695.20","77,421.72","","1.64%"
"06/27/2024","77,421.72","77,538.43","77,814.02","77,244.44","","-0.15%"
"06/26/2024","77,538.43","77,083.16","77,548.72","76,602.77","","0.59%"
"06/25/2024","77,083.16","76,463.34","77,920.70","76,463.34","","0.81%"
"06/21/2024","76,463.34","76,344.47","78,374.63","76,198.59","","0.16%"
"06/20/2024","76,344.47","76,518.41","76,653.43","76,137.88","","-0.23%"
"06/19/2024","76,518.41","76,017.22","76,659.13","76,017.22","","0.66%"
"06/18/2024","76,017.22","75,604.34","76,811.31","75,604.34","","0.55%"
"06/14/2024","75,604.34","74,469.41","76,661.78","74,469.41","","1.52%"
"06/13/2024","74,469.41","74,353.88","75,093.33","74,353.88","","0.16%"
"06/12/2024","74,353.88","72,026.69","74,353.88","72,026.69","","3.23%"
"06/11/2024","72,026.69","73,241.88","73,834.95","72,010.43","","-1.66%"
"06/10/2024","73,241.88","71,570.16","73,631.17","71,570.16","","2.34%"
"06/07/2024","71,570.16","71,084.91","72,126.09","71,079.48","","0.68%"
"06/06/2024","71,084.91","70,255.80","71,512.00","70,255.80","","1.18%"
"06/05/2024","70,255.80","69,482.91","71,113.39","69,482.91","","1.11%"
"06/04/2024","69,482.91","69,210.19","72,233.30","69,210.19","","0.39%"
"05/31/2024","69,210.19","68,680.49","69,648.17","68,680.49","","0.77%"
"05/30/2024","68,680.49","67,635.62","69,231.86","67,635.62","","1.54%"
"05/29/2024","67,635.62","67,436.14","67,918.95","67,436.14","","0.30%"
"05/28/2024","67,436.14","67,082.71","68,137.38","66,658.68","","0.53%"
"05/27/2024","67,082.71","65,752.09","67,983.52","65,752.09","","2.02%"
"05/24/2024","65,752.09","64,807.15","65,794.32","64,558.30","","1.46%"
"05/23/2024","64,807.15","65,113.60","65,935.25","64,592.00","","-0.47%"
"05/22/2024","65,113.60","63,537.88","65,859.70","63,537.36","","2.48%"
"05/21/2024","63,537.36","63,189.52","64,506.74","62,696.98","","0.55%"
"05/20/2024","63,189.52","62,859.55","64,736.28","62,584.13","","0.52%"
"05/17/2024","62,859.55","62,680.67","62,972.08","62,096.15","","0.29%"
"05/16/2024","62,680.67","62,719.87","63,676.95","54,825.70","","14.33%"
"05/15/2024","54,825.70","54,769.87","55,514.47","54,102.87","","0.10%"
"05/14/2024","54,769.87","55,088.50","62,436.86","54,416.37","","-13.42%"
"05/10/2024","63,262.05","63,950.07","64,272.51","63,228.67","","-1.08%"
"05/09/2024","63,950.07","64,127.90","64,127.90","62,406.77","","-0.28%"
"05/08/2024","64,127.90","63,838.69","65,041.92","63,360.75","","0.45%"
"05/07/2024","63,838.69","63,369.84","65,083.52","62,262.00","","0.74%"
"05/06/2024","63,369.31","64,629.60","64,791.66","63,120.64","","-1.95%"
"05/03/2024","64,629.60","64,350.48","65,126.82","63,049.92","","0.43%"
"05/02/2024","64,350.48","62,713.43","64,439.62","62,608.03","","2.61%"
"05/01/2024","62,713.43","62,033.81","62,823.29","61,972.38","","0.00%"
"04/30/2024","62,713.43","62,033.81","62,823.29","61,972.38","","1.10%"
"04/29/2024","62,033.81","62,436.86","62,711.99","60,723.29","","-0.65%"
"04/26/2024","62,436.86","62,905.91","64,443.14","62,107.85","","-0.74%"
"04/25/2024","62,905.39","62,348.70","63,928.18","62,346.57","","0.89%"
"04/24/2024","62,348.70","62,278.90","63,397.12","62,265.69","","0.11%"
"04/23/2024","62,278.90","63,614.81","63,924.43","62,278.90","","-2.13%"
"04/22/2024","63,631.22","64,513.20","64,543.91","63,103.45","","-1.37%"
"04/18/2024","64,513.20","66,016.25","66,922.11","64,513.20","","-2.28%"
"04/17/2024","66,016.25","65,445.70","66,883.80","64,846.11","","0.87%"
"04/16/2024","65,445.70","64,895.32","66,573.30","64,483.47","","0.69%"
"04/15/2024","64,994.51","61,239.20","65,085.78","61,239.20","","6.13%"
"04/12/2024","61,239.20","60,547.92","61,515.54","60,547.92","","1.14%"
"04/11/2024","60,547.92","60,565.36","62,394.43","60,441.03","","-0.03%"
"04/10/2024","60,564.84","58,959.94","60,608.56","57,738.37","","2.72%"
"04/09/2024","58,959.94","58,662.53","60,753.95","58,662.53","","0.51%"
"04/08/2024","58,662.53","58,983.84","61,313.74","58,548.96","","-0.54%"
"04/05/2024","58,983.84","57,754.91","59,058.05","57,747.50","","2.13%"
"04/04/2024","57,754.91","57,452.58","58,910.61","57,038.04","","0.28%"
"04/03/2024","57,595.93","58,116.66","58,708.58","57,595.93","","-0.90%"
"04/02/2024","58,116.66","57,672.99","59,321.74","57,457.57","","0.77%"
"04/01/2024","57,672.99","55,619.96","57,745.69","54,783.74","","3.69%"
"03/27/2024","55,619.96","54,853.01","57,205.05","54,853.01","","1.40%"
"03/26/2024","54,853.01","51,433.26","55,073.24","51,433.26","","6.65%"
"03/25/2024","51,433.26","50,902.39","51,666.02","50,860.55","","1.04%"
"03/22/2024","50,902.39","51,002.88","51,483.11","50,902.39","","-0.20%"
"03/21/2024","51,002.88","51,513.75","52,242.11","50,977.66","","-0.99%"
"03/20/2024","51,513.75","52,064.66","52,174.96","51,513.75","","-1.06%"
"03/18/2024","52,064.66","52,081.14","52,093.98","51,366.53","","-0.03%"
"03/15/2024","52,081.14","53,589.25","53,589.25","52,075.79","","-2.81%"
"03/14/2024","53,589.25","53,489.02","54,125.09","53,488.57","","0.19%"
"03/13/2024","53,488.57","52,193.78","53,488.57","52,193.78","","2.48%"
"03/12/2024","52,193.78","51,503.70","52,333.13","51,329.39","","1.34%"
"03/11/2024","51,503.70","50,438.99","51,726.58","50,438.99","","2.11%"
"03/08/2024","50,438.99","50,100.00","50,784.30","50,039.10","","0.68%"
"03/07/2024","50,100.00","50,069.26","50,440.16","49,289.79","","0.01%"
"03/06/2024","50,095.08","47,998.11","50,095.08","47,998.11","","4.37%"
"03/05/2024","47,998.11","48,873.58","50,058.23","47,210.16","","-1.79%"
"03/04/2024","48,873.58","49,196.70","49,832.29","48,756.62","","-0.66%"
"03/01/2024","49,196.70","49,444.03","49,444.03","49,039.94","","-0.50%"
"02/29/2024","49,444.03","49,247.90","50,085.05","49,247.90","","0.40%"
"02/28/2024","49,247.90","49,769.94","50,839.62","49,247.90","","-1.05%"
"02/27/2024","49,769.94","49,461.59","49,778.71","48,887.99","","0.62%"
"02/26/2024","49,461.59","50,807.87","51,289.38","49,461.59","","-2.65%"
"02/23/2024","50,807.87","50,620.56","51,108.12","50,278.13","","0.37%"
"02/22/2024","50,620.56","49,772.51","51,560.69","49,772.51","","1.70%"
"02/21/2024","49,772.51","51,268.63","51,268.63","49,262.61","","-2.92%"
"02/20/2024","51,268.63","51,535.57","52,435.58","51,257.00","","-0.52%"
"02/19/2024","51,535.57","51,607.08","52,891.29","51,269.59","","-0.14%"
"02/16/2024","51,607.08","53,114.01","53,467.27","51,607.08","","-2.84%"
"02/15/2024","53,114.01","53,005.23","53,614.54","53,005.23","","0.21%"
"02/14/2024","53,005.23","53,320.11","54,778.59","53,005.23","","-0.59%"
"02/09/2024","53,320.11","52,839.06","53,320.11","52,313.09","","0.91%"
"02/08/2024","52,839.06","52,077.81","53,427.48","51,853.74","","1.46%"
"02/07/2024","52,077.81","53,543.86","53,543.86","52,045.91","","-2.74%"
"02/06/2024","53,543.86","53,702.64","53,760.65","53,381.44","","-0.30%"
"02/05/2024","53,702.64","54,103.19","54,251.93","53,702.64","","-0.74%"
"02/02/2024","54,103.19","53,253.29","54,103.19","53,193.23","","1.60%"
"02/01/2024","53,253.29","53,529.95","53,836.03","52,796.83","","-0.52%"
"01/31/2024","53,529.95","54,237.16","54,249.86","53,121.60","","-1.30%"
"01/30/2024","54,237.16","54,140.02","54,388.29","53,977.30","","0.18%"
"01/29/2024","54,140.02","55,030.26","55,466.30","54,140.02","","-1.62%"
"01/26/2024","55,030.26","56,841.48","56,909.41","55,004.78","","-3.19%"
"01/25/2024","56,841.48","57,539.41","57,539.41","56,841.48","","-1.21%"
"01/24/2024","57,539.41","57,979.93","58,021.44","57,335.69","","-0.76%"
"01/23/2024","57,979.93","57,953.20","59,001.19","57,916.51","","0.05%"
"01/22/2024","57,953.20","57,584.23","57,986.00","57,264.21","","0.64%"
"01/19/2024","57,584.23","56,618.17","57,699.79","56,322.29","","1.71%"
"01/18/2024","56,618.17","56,790.57","57,391.80","56,241.62","","-0.30%"
"01/17/2024","56,790.57","56,758.28","56,858.79","56,353.76","","0.06%"
"01/16/2024","56,758.28","56,602.80","57,076.15","56,325.39","","0.27%"
"01/15/2024","56,602.80","55,899.57","57,441.21","55,899.57","","1.26%"
"01/12/2024","55,899.57","55,762.90","55,948.36","55,668.07","","0.25%"
"01/11/2024","55,762.90","56,142.25","56,380.02","55,681.78","","-0.68%"
"01/10/2024","56,142.25","56,041.38","56,267.94","55,541.58","","0.18%"
"01/09/2024","56,041.38","56,755.28","56,786.50","55,849.58","","-1.26%"
"01/08/2024","56,755.28","57,164.41","57,189.58","56,755.28","","-0.72%"
"01/05/2024","57,164.41","57,525.80","57,632.26","56,988.57","","-0.63%"
"01/04/2024","57,525.80","58,059.49","58,430.47","56,577.90","","-0.92%"
"01/03/2024","58,059.49","58,288.82","58,365.01","57,134.89","","-0.39%"
"01/02/2024","58,288.82","57,832.46","58,305.74","57,573.94","","0.79%"
"01/01/2024","57,832.46","56,366.66","58,086.89","56,366.66","","0.00%"
"12/29/2023","57,832.46","56,366.66","58,086.89","56,366.66","","2.60%"
"12/28/2023","56,366.66","56,305.16","56,366.66","56,194.13","","0.11%"
"12/27/2023","56,305.16","56,522.71","56,742.41","56,284.02","","-0.38%"
"12/26/2023","56,522.71","55,910.68","56,750.48","55,910.68","","1.09%"
"12/22/2023","55,910.68","55,390.33","56,765.83","55,390.33","","0.94%"
"12/21/2023","55,390.33","55,422.46","55,836.36","55,131.50","","-0.06%"
"12/20/2023","55,422.46","53,371.56","56,037.05","53,371.56","","3.84%"
"12/19/2023","53,371.56","54,493.93","55,198.99","53,247.72","","-2.06%"
"12/18/2023","54,493.93","54,642.53","54,816.92","54,185.91","","-0.27%"
"12/15/2023","54,642.53","54,996.30","55,660.70","54,642.53","","-0.64%"
"12/14/2023","54,996.30","55,993.44","56,253.27","54,996.30","","-1.78%"
"12/13/2023","55,993.44","56,971.21","56,971.21","55,993.44","","-1.72%"
"12/12/2023","56,971.21","57,096.93","57,839.95","56,971.21","","-0.22%"
"12/08/2023","57,096.93","58,009.49","58,134.80","56,942.83","","-1.57%"
"12/07/2023","58,009.49","58,331.32","58,418.52","58,009.49","","-0.55%"
"12/06/2023","58,331.32","58,341.02","58,400.57","58,175.14","","-0.02%"
"12/05/2023","58,341.02","58,424.36","58,887.05","58,314.66","","-0.14%"
"12/04/2023","58,424.36","57,522.83","59,266.14","57,522.83","","1.57%"
"12/01/2023","57,522.83","57,827.33","58,312.16","57,522.83","","-0.53%"
"11/30/2023","57,827.33","57,557.13","58,236.52","57,241.22","","0.47%"
"11/29/2023","57,557.13","57,618.21","57,841.53","56,456.49","","-0.11%"
"11/28/2023","57,618.21","58,690.18","58,784.67","57,615.38","","-1.83%"
"11/27/2023","58,690.18","58,652.32","59,035.44","58,103.19","","0.06%"
"11/24/2023","58,652.32","59,280.34","59,280.34","58,195.48","","-0.90%"
"11/23/2023","59,185.72","59,106.75","60,987.32","59,106.75","","-0.03%"
"11/22/2023","59,200.71","57,744.57","59,200.71","57,744.57","","2.52%"
"11/21/2023","57,744.57","56,688.73","58,428.16","56,688.73","","1.86%"
"11/20/2023","56,688.73","56,451.43","56,851.03","55,488.14","","0.42%"
"11/17/2023","56,451.43","57,174.88","57,174.88","55,645.62","","-1.27%"
"11/16/2023","57,174.88","56,897.89","57,174.88","56,842.92","","0.41%"
"11/15/2023","56,942.97","58,657.27","58,664.21","55,751.96","","-2.92%"
"11/14/2023","58,657.27","57,065.98","58,754.88","57,065.98","","2.79%"
"11/13/2023","57,065.98","56,332.52","58,994.69","55,952.35","","1.30%"
"11/10/2023","56,332.52","58,531.78","59,439.16","56,332.52","","-3.76%"
"11/09/2023","58,531.78","58,985.82","59,375.48","57,652.20","","-0.77%"
"11/08/2023","58,985.82","60,154.72","60,383.67","58,985.82","","-1.94%"
"11/07/2023","60,154.72","61,609.38","62,290.49","60,154.72","","-2.36%"
"11/03/2023","61,609.38","59,815.18","61,881.03","59,791.74","","3.00%"
"11/02/2023","59,815.18","58,173.00","59,908.82","58,142.39","","2.82%"
"11/01/2023","58,173.00","58,800.50","59,412.40","58,168.32","","-1.07%"
"10/31/2023","58,800.50","58,245.04","60,583.48","58,245.04","","0.95%"
"10/27/2023","58,245.04","57,493.58","58,811.22","57,465.25","","1.31%"
"10/26/2023","57,493.58","60,374.71","60,919.85","57,485.13","","-4.77%"
"10/25/2023","60,374.71","60,958.98","60,958.98","58,365.64","","-0.96%"
"10/24/2023","60,958.98","63,455.81","63,736.91","60,007.62","","-3.93%"
"10/23/2023","63,455.81","54,964.48","63,455.81","54,964.48","","15.45%"
"10/20/2023","54,964.48","52,922.53","55,513.88","52,922.53","","3.86%"
"10/19/2023","52,922.53","48,209.21","52,922.53","48,207.81","","9.78%"
"10/18/2023","48,209.21","46,957.16","48,239.32","46,592.04","","2.67%"
"10/17/2023","46,957.16","46,710.08","46,973.28","46,631.27","","0.53%"
"10/16/2023","46,710.08","44,915.87","46,710.08","44,915.87","","3.99%"
"10/13/2023","44,915.87","44,620.96","44,986.71","44,620.96","","0.66%"
"10/11/2023","44,620.96","44,400.21","45,282.85","44,400.21","","0.50%"
"10/10/2023","44,400.21","44,027.38","44,565.59","43,617.95","","0.85%"
"10/09/2023","44,027.38","44,477.65","44,477.65","43,920.64","","-1.01%"
"10/06/2023","44,477.65","43,958.04","45,145.29","43,958.04","","1.18%"
"10/05/2023","43,958.04","44,909.54","44,969.55","43,869.43","","-2.12%"
"10/04/2023","44,909.54","44,591.51","44,909.54","44,417.66","","0.71%"
"10/03/2023","44,591.51","43,079.68","44,592.92","43,079.68","","2.43%"
"10/02/2023","43,531.93","42,832.71","44,081.35","42,623.36","","1.63%"
"09/29/2023","42,832.71","40,391.07","42,838.35","40,391.07","","6.05%"
"09/28/2023","40,391.07","39,745.38","41,172.23","39,681.64","","1.62%"
"09/27/2023","39,745.38","39,387.12","40,021.90","39,387.12","","0.91%"
"09/26/2023","39,387.12","39,204.76","39,654.59","39,135.95","","0.47%"
"09/25/2023","39,204.76","38,957.57","39,428.38","38,943.42","","0.63%"
"09/22/2023","38,957.57","39,063.73","39,089.77","38,779.70","","-0.27%"
"09/21/2023","39,063.73","39,053.59","39,407.89","39,053.59","","0.03%"
"09/20/2023","39,053.59","39,068.79","39,405.84","39,007.67","","-0.04%"
"09/19/2023","39,068.79","39,117.92","39,261.38","39,067.26","","-0.13%"
"09/18/2023","39,117.92","38,658.05","39,237.54","38,649.28","","1.19%"
"09/15/2023","38,658.05","38,257.94","38,907.45","38,257.94","","1.05%"
"09/14/2023","38,257.94","39,109.84","39,116.40","38,216.38","","-2.18%"
"09/13/2023","39,109.84","38,823.69","39,611.48","38,798.56","","0.74%"
"09/12/2023","38,823.69","38,842.81","38,991.36","38,660.88","","-0.05%"
"09/08/2023","38,842.81","38,524.86","38,842.81","38,510.08","","0.83%"
"09/07/2023","38,524.86","38,935.81","38,935.81","38,515.00","","-1.06%"
"09/06/2023","38,935.81","38,691.40","39,684.83","38,627.31","","0.63%"
"09/05/2023","38,691.40","38,625.96","38,931.76","38,422.34","","0.17%"
"09/04/2023","38,625.96","38,946.44","39,074.72","38,598.33","","-0.79%"
"09/01/2023","38,933.72","38,542.94","38,936.52","38,517.81","","1.01%"
"08/31/2023","38,542.94","38,121.01","38,705.46","38,077.57","","1.11%"
"08/30/2023","38,121.01","37,847.82","38,503.95","37,605.71","","0.72%"
"08/29/2023","37,847.82","37,880.94","37,980.45","37,733.73","","-0.09%"
"08/28/2023","37,880.94","37,379.87","38,127.30","37,379.87","","1.34%"
"08/25/2023","37,379.87","36,599.96","37,379.87","36,207.09","","2.13%"
"08/24/2023","36,599.96","36,883.43","36,887.90","35,569.14","","-0.77%"
"08/23/2023","36,883.43","36,903.91","37,353.14","36,703.69","","-0.05%"
"08/22/2023","36,903.59","37,239.89","37,279.36","36,138.61","","-0.90%"
"08/21/2023","37,239.89","37,227.24","37,289.98","36,978.35","","0.03%"
"08/18/2023","37,227.24","36,871.41","37,474.85","36,865.89","","0.97%"
"08/17/2023","36,871.41","36,157.07","36,871.41","36,017.77","","1.98%"
"08/16/2023","36,157.07","35,796.91","36,601.29","35,685.83","","1.01%"
"08/15/2023","35,796.91","35,896.43","36,467.71","35,734.68","","-0.28%"
"08/11/2023","35,896.43","35,922.65","36,396.32","35,843.30","","-0.07%"
"08/10/2023","35,922.65","36,002.30","36,151.20","35,824.27","","-0.22%"
"08/09/2023","36,002.30","36,372.72","36,486.83","36,002.30","","-1.02%"
"08/08/2023","36,372.72","35,450.87","36,642.21","35,006.73","","2.60%"
"08/07/2023","35,450.87","34,987.30","36,023.56","34,924.41","","1.32%"
"08/04/2023","34,987.30","36,021.36","36,052.73","34,987.30","","-2.87%"
"08/03/2023","36,021.36","34,912.43","36,021.36","34,820.05","","3.18%"
"08/02/2023","34,912.43","34,894.95","35,206.76","34,580.75","","0.05%"
"08/01/2023","34,894.95","35,783.35","36,124.88","34,839.48","","-2.48%"
"07/31/2023","35,783.35","35,528.05","36,515.12","34,772.68","","0.72%"
"07/28/2023","35,528.05","35,582.23","35,784.17","35,486.96","","-0.15%"
"07/27/2023","35,582.23","36,112.46","36,112.46","35,582.23","","-1.47%"
"07/26/2023","36,112.46","36,887.16","36,936.96","35,935.51","","-2.10%"
"07/25/2023","36,887.16","36,767.82","36,959.82","36,593.63","","-0.01%"
"07/21/2023","36,892.34","37,062.79","37,069.84","36,800.26","","-0.46%"
"07/20/2023","37,062.79","37,255.00","37,429.32","36,862.92","","-0.52%"
"07/19/2023","37,255.00","37,503.67","37,556.01","37,220.00","","-0.66%"
"07/18/2023","37,503.67","37,048.29","37,734.98","36,642.20","","1.23%"
"07/17/2023","37,048.29","35,774.17","37,279.97","35,774.17","","3.56%"
"07/14/2023","35,774.17","34,568.94","35,774.17","34,555.27","","3.49%"
"07/13/2023","34,568.94","34,879.49","35,343.76","33,747.14","","-0.89%"
"07/12/2023","34,879.49","34,344.94","35,176.25","34,344.94","","1.56%"
"07/11/2023","34,344.94","34,515.09","34,898.18","34,278.44","","-0.49%"
"07/10/2023","34,515.09","34,387.05","34,905.17","34,286.85","","0.37%"
"07/07/2023","34,387.05","34,387.27","34,931.36","34,215.63","","0.00%"
"07/06/2023","34,387.27","34,923.43","35,242.79","34,285.80","","-1.54%"
"07/04/2023","34,923.43","35,414.36","35,414.36","34,892.21","","-1.39%"
"06/30/2023","35,414.36","34,849.15","35,573.52","34,751.68","","1.62%"
"06/29/2023","34,849.15","33,297.18","34,981.39","33,297.18","","4.66%"
"06/28/2023","33,297.18","32,850.05","33,318.11","32,850.05","","1.36%"
"06/27/2023","32,850.05","33,819.93","33,995.86","32,794.14","","-2.87%"
"06/26/2023","33,819.93","34,071.77","34,292.71","32,857.28","","-0.74%"
"06/23/2023","34,071.77","34,906.26","34,911.72","34,051.71","","-2.39%"
"06/22/2023","34,906.26","34,669.22","35,003.05","34,661.50","","0.68%"
"06/21/2023","34,669.22","34,587.88","35,018.37","33,974.34","","0.24%"
"06/20/2023","34,587.88","34,583.45","34,767.58","34,179.16","","0.01%"
"06/16/2023","34,583.45","34,348.11","34,583.45","34,251.69","","0.69%"
"06/15/2023","34,348.11","34,627.50","34,627.50","34,276.17","","-0.81%"
"06/14/2023","34,627.50","34,697.50","34,779.64","34,590.26","","-0.20%"
"06/13/2023","34,697.50","35,500.36","35,599.97","34,370.34","","-2.26%"
"06/09/2023","35,500.36","34,072.78","35,522.71","34,072.78","","4.19%"
"06/08/2023","34,072.78","33,653.78","34,072.78","32,863.10","","1.25%"
"06/07/2023","33,653.78","33,925.19","34,247.32","33,195.39","","-0.80%"
"06/06/2023","33,925.19","33,282.75","34,159.90","33,143.71","","1.93%"
"06/05/2023","33,282.75","33,729.32","33,761.39","33,271.76","","-1.32%"
"06/02/2023","33,729.32","33,039.73","33,844.31","33,039.73","","2.09%"
"06/01/2023","33,039.73","33,362.96","33,538.65","32,751.97","","-0.97%"
"05/31/2023","33,362.96","32,545.17","33,362.96","32,545.17","","2.51%"
"05/30/2023","32,545.17","32,882.82","32,939.22","32,221.43","","-1.03%"
"05/29/2023","32,882.82","32,883.88","32,966.98","32,784.75","","0.00%"
"05/26/2023","32,883.88","31,884.43","32,883.88","31,839.73","","3.13%"
"05/25/2023","31,884.43","32,105.18","32,116.41","31,730.58","","-0.69%"
"05/24/2023","32,105.18","32,331.21","32,331.21","31,710.81","","-0.70%"
"05/23/2023","32,331.21","31,919.92","32,355.35","31,919.92","","1.29%"
"05/19/2023","31,919.92","31,785.42","31,986.80","31,385.41","","0.42%"
"05/18/2023","31,785.42","32,007.49","32,007.49","31,091.89","","-0.69%"
"05/17/2023","32,007.49","32,333.19","32,604.79","31,689.36","","-1.01%"
"05/16/2023","32,333.19","33,033.13","33,046.32","32,283.45","","-2.12%"
"05/15/2023","33,033.13","33,272.05","33,358.77","33,033.13","","-0.72%"
"05/12/2023","33,272.05","34,108.56","34,165.72","32,786.94","","-2.45%"
"05/11/2023","34,108.56","33,866.58","34,769.98","33,866.58","","0.71%"
"05/10/2023","33,866.58","33,835.47","33,975.68","33,835.47","","0.09%"
"05/09/2023","33,835.47","34,069.34","34,325.20","33,835.47","","-0.69%"
"05/08/2023","34,069.34","32,508.21","34,099.77","32,508.21","","4.80%"
"05/05/2023","32,508.21","31,885.05","32,520.84","31,883.35","","1.95%"
"05/04/2023","31,885.05","31,873.79","31,946.48","31,551.39","","0.04%"
"05/03/2023","31,873.79","31,610.62","31,873.79","31,535.91","","0.83%"
"05/02/2023","31,610.62","30,682.11","31,610.62","30,682.11","","3.03%"
"04/28/2023","30,682.11","30,460.62","30,791.88","30,460.62","","0.73%"
"04/27/2023","30,460.62","30,256.67","30,672.02","29,783.50","","0.67%"
"04/26/2023","30,256.67","29,986.42","30,280.72","29,757.31","","0.84%"
"04/25/2023","30,005.99","29,782.84","30,120.25","29,724.05","","0.75%"
"04/24/2023","29,782.84","29,556.30","29,965.75","29,514.36","","0.77%"
"04/21/2023","29,556.30","28,506.74","29,556.30","28,506.74","","3.67%"
"04/20/2023","28,508.77","28,377.87","28,611.67","28,377.87","","0.46%"
"04/18/2023","28,377.87","28,289.42","28,613.17","28,279.23","","0.31%"
"04/17/2023","28,289.42","28,114.73","28,678.74","28,088.27","","0.62%"
"04/14/2023","28,114.73","28,615.27","28,615.27","28,114.73","","-1.75%"
"04/13/2023","28,615.27","28,600.16","28,802.54","28,515.66","","0.05%"
"04/12/2023","28,600.16","28,965.82","29,391.74","28,597.97","","-1.26%"
"04/11/2023","28,965.82","28,575.85","28,995.10","28,568.86","","1.36%"
"04/10/2023","28,575.85","29,088.16","29,157.20","28,575.85","","-1.76%"
"04/05/2023","29,088.16","28,876.78","29,703.56","28,876.78","","0.73%"
"04/04/2023","28,876.78","28,695.26","29,153.29","28,695.26","","0.63%"
"04/03/2023","28,695.26","29,025.46","29,240.44","28,028.59","","-1.14%"
"03/31/2023","29,025.46","29,483.10","29,495.60","28,788.90","","-1.55%"
"03/30/2023","29,483.10","29,038.63","29,535.67","28,818.59","","1.53%"
"03/29/2023","29,038.63","29,030.16","29,090.19","28,759.16","","0.03%"
"03/28/2023","29,030.16","28,946.24","29,582.57","28,946.24","","0.29%"
"03/27/2023","28,946.24","29,098.65","29,645.66","28,911.29","","-0.52%"
"03/24/2023","29,098.65","28,837.32","29,110.50","28,830.56","","0.91%"
"03/23/2023","28,837.32","28,842.10","29,074.78","28,741.55","","-0.02%"
"03/22/2023","28,842.10","29,479.16","29,653.48","28,826.93","","-2.16%"
"03/21/2023","29,479.16","29,513.85","29,513.85","29,338.98","","-0.12%"
"03/20/2023","29,513.85","28,833.84","29,566.07","28,716.59","","2.36%"
"03/17/2023","28,833.84","29,364.89","29,414.69","28,763.66","","-1.81%"
"03/16/2023","29,364.89","29,762.34","30,117.27","29,359.29","","-1.34%"
"03/15/2023","29,762.34","30,166.35","30,236.85","29,762.34","","-1.34%"
"03/14/2023","30,166.35","29,998.04","30,336.16","29,975.78","","0.56%"
"03/13/2023","29,998.04","29,088.04","30,420.54","29,085.83","","3.13%"
"03/10/2023","29,088.04","28,701.60","29,404.65","28,701.60","","1.35%"
"03/09/2023","28,701.60","28,717.55","29,033.76","28,577.08","","-0.06%"
"03/08/2023","28,717.55","28,791.45","28,872.81","28,717.55","","-0.26%"
"03/07/2023","28,791.45","28,767.34","28,791.45","28,613.44","","0.08%"
"03/06/2023","28,767.34","29,035.80","29,069.83","28,068.31","","-0.92%"
"03/03/2023","29,035.80","29,023.45","29,074.98","28,823.60","","0.04%"
"03/02/2023","29,023.45","29,161.04","29,231.61","29,013.95","","-0.47%"
"03/01/2023","29,161.04","29,202.38","29,419.85","29,042.90","","-0.14%"
"02/28/2023","29,202.38","29,422.07","29,683.37","29,202.38","","-0.75%"
"02/27/2023","29,422.07","28,770.96","29,671.11","28,770.96","","2.26%"
"02/24/2023","28,770.96","28,106.17","28,773.29","28,106.17","","2.37%"
"02/23/2023","28,106.17","28,174.41","28,174.41","27,914.13","","-0.24%"
"02/22/2023","28,174.41","27,860.01","28,199.31","27,860.01","","1.13%"
"02/17/2023","27,860.01","27,872.43","27,895.04","27,695.69","","-0.04%"
"02/16/2023","27,872.43","27,823.74","27,978.36","27,770.28","","0.17%"
"02/15/2023","27,823.74","27,491.28","28,037.67","27,491.28","","1.21%"
"02/14/2023","27,491.28","26,525.37","27,522.96","26,496.67","","3.64%"
"02/13/2023","26,525.37","26,559.01","26,920.35","26,391.73","","-0.13%"
"02/10/2023","26,559.01","26,574.12","26,941.52","26,461.91","","-0.06%"
"02/09/2023","26,574.12","26,698.16","26,877.59","26,564.37","","-0.46%"
"02/08/2023","26,698.16","26,574.18","26,898.88","26,574.18","","0.47%"
"02/07/2023","26,574.18","26,511.06","26,919.22","26,511.06","","0.24%"
"02/06/2023","26,511.06","26,010.18","26,842.34","26,009.96","","1.93%"
"02/03/2023","26,009.96","25,378.93","26,009.96","25,378.93","","2.49%"
"02/02/2023","25,378.93","25,158.00","25,437.58","24,995.56","","0.88%"
"02/01/2023","25,158.00","24,716.59","25,159.12","24,494.52","","1.79%"
"01/31/2023","24,716.59","23,926.30","24,716.59","23,919.06","","3.30%"
"01/30/2023","23,926.30","23,820.60","23,927.70","23,491.51","","0.44%"
"01/27/2023","23,820.60","23,421.26","24,212.37","23,414.02","","1.71%"
"01/26/2023","23,421.26","22,553.61","23,421.26","22,521.83","","3.85%"
"01/25/2023","22,553.61","22,376.95","22,775.89","22,302.23","","0.79%"
"01/24/2023","22,376.95","22,175.86","22,405.43","22,125.65","","0.91%"
"01/23/2023","22,175.86","22,431.53","22,755.98","22,017.88","","-1.14%"
"01/20/2023","22,431.53","21,955.85","22,431.53","21,885.10","","2.17%"
"01/19/2023","21,955.85","21,575.80","21,955.85","21,575.80","","1.76%"
"01/18/2023","21,575.80","20,942.68","21,604.22","20,942.68","","3.02%"
"01/17/2023","20,942.68","20,287.79","20,942.68","20,287.79","","3.23%"
"01/16/2023","20,287.79","20,236.75","20,287.79","19,557.60","","0.25%"
"01/13/2023","20,236.75","19,514.88","20,236.75","19,514.88","","3.70%"
"01/12/2023","19,514.88","19,619.83","19,700.08","19,380.32","","-0.53%"
"01/11/2023","19,619.83","19,999.84","19,999.84","19,518.87","","-1.90%"
"01/10/2023","19,999.84","19,850.96","20,032.42","19,719.72","","0.75%"
"01/06/2023","19,850.96","20,747.40","20,747.40","19,850.96","","-4.32%"
"01/05/2023","20,747.40","19,910.71","20,747.40","19,884.60","","4.11%"
"01/04/2023","19,927.69","20,658.15","20,858.29","19,836.83","","-3.54%"
"01/03/2023","20,658.15","20,907.62","20,907.62","20,653.91","","-1.19%"
"01/02/2023","20,907.62","20,947.68","20,971.75","20,907.62","","-0.19%"
"12/30/2022","20,947.68","19,264.63","21,110.48","19,264.63","","8.74%"
"12/29/2022","19,264.63","18,841.43","19,284.10","18,841.43","","2.25%"
"12/28/2022","18,841.43","17,911.42","19,274.53","17,911.42","","5.19%"
"12/27/2022","17,911.42","16,485.16","17,911.42","16,485.16","","8.65%"
"12/26/2022","16,485.16","15,854.19","16,486.13","15,850.90","","3.98%"
"12/23/2022","15,854.19","16,014.76","16,136.10","15,781.03","","-1.00%"
"12/22/2022","16,014.76","16,142.10","16,184.47","16,003.46","","-0.79%"
"12/21/2022","16,142.10","16,421.18","16,421.18","16,020.03","","-1.70%"
"12/20/2022","16,421.18","16,635.30","16,635.61","16,421.18","","-1.29%"
"12/19/2022","16,635.30","16,531.39","16,826.89","16,531.39","","0.63%"
"12/16/2022","16,531.39","16,448.41","16,610.39","16,448.41","","0.50%"
"12/15/2022","16,448.41","16,165.55","16,491.37","16,136.57","","1.75%"
"12/14/2022","16,165.55","16,198.55","16,201.91","15,959.05","","-0.20%"
"12/13/2022","16,198.55","16,462.52","16,722.81","16,065.79","","-1.60%"
"12/09/2022","16,462.52","15,989.25","16,462.52","15,923.40","","2.96%"
"12/08/2022","15,989.25","16,274.28","16,274.28","15,989.25","","-1.75%"
"12/07/2022","16,274.28","16,114.48","16,329.54","16,098.54","","0.99%"
"12/06/2022","16,114.48","16,098.13","16,374.38","16,098.13","","0.10%"
"12/05/2022","16,098.13","15,324.54","16,105.20","15,324.54","","5.05%"
"12/02/2022","15,324.54","15,188.30","15,324.54","15,146.83","","0.90%"
"12/01/2022","15,188.30","14,696.26","15,199.21","14,696.26","","3.35%"
"11/30/2022","14,696.26","14,152.46","14,696.26","14,152.46","","3.84%"
"11/29/2022","14,152.46","13,808.47","14,360.52","13,808.47","","2.49%"
"11/28/2022","13,808.47","13,310.51","13,808.47","13,310.51","","3.74%"
"11/25/2022","13,310.51","12,944.63","13,310.98","12,944.63","","2.83%"
"11/24/2022","12,944.63","12,581.21","12,944.63","12,581.21","","2.89%"
"11/23/2022","12,581.21","12,144.51","12,762.94","12,144.51","","3.60%"
"11/22/2022","12,144.51","11,137.53","12,145.12","11,137.53","","9.04%"
"11/18/2022","11,137.53","11,026.71","11,169.06","11,005.53","","1.01%"
"11/17/2022","11,026.71","10,810.86","11,026.71","10,810.86","","2.00%"
"11/16/2022","10,810.86","10,647.05","10,835.98","10,647.05","","1.54%"
"11/15/2022","10,647.05","10,545.88","10,688.22","10,467.12","","0.96%"
"11/14/2022","10,545.88","10,175.85","10,545.91","10,175.85","","3.64%"
"11/11/2022","10,175.85","9,394.72","10,175.85","9,394.72","","8.31%"
"11/10/2022","9,394.72","9,281.77","9,394.72","9,234.03","","1.22%"
"11/09/2022","9,281.77","9,179.70","9,307.66","9,172.38","","1.11%"
"11/08/2022","9,179.70","9,129.94","9,184.10","9,123.31","","0.55%"
"11/07/2022","9,129.94","9,068.13","9,145.83","9,068.13","","0.68%"
"11/04/2022","9,068.13","8,980.36","9,084.85","8,891.26","","0.98%"
"11/03/2022","8,980.36","8,972.30","9,010.44","8,910.52","","0.09%"
"11/02/2022","8,972.30","8,806.66","8,994.89","8,762.00","","1.88%"
"11/01/2022","8,806.66","9,101.52","9,126.59","8,806.66","","-3.24%"
"10/28/2022","9,101.52","9,170.69","9,183.41","9,085.58","","-0.75%"
"10/27/2022","9,170.69","8,955.99","9,170.69","8,938.99","","2.40%"
"10/26/2022","8,955.99","8,883.60","8,967.29","8,883.03","","0.81%"
"10/25/2022","8,883.60","8,843.24","8,988.02","8,768.52","","0.46%"
"10/21/2022","8,843.17","8,866.75","8,869.49","8,821.02","","-0.27%"
"10/20/2022","8,866.75","8,889.70","9,029.08","8,862.43","","-0.26%"
"10/19/2022","8,889.70","8,969.90","8,969.90","8,868.75","","-0.89%"
"10/18/2022","8,969.90","9,240.91","9,240.91","8,966.22","","-2.93%"
"10/17/2022","9,240.91","9,267.72","9,332.44","9,062.81","","-0.29%"
"10/14/2022","9,267.72","9,378.74","9,398.61","9,133.87","","-1.18%"
"10/13/2022","9,378.74","9,424.83","9,424.83","9,367.93","","-0.49%"
"10/11/2022","9,424.83","9,284.47","9,465.90","9,284.47","","1.51%"
"10/10/2022","9,284.47","8,935.03","9,321.72","8,935.03","","3.91%"
"10/07/2022","8,935.03","8,518.12","8,935.03","8,518.12","","4.89%"
"10/06/2022","8,518.12","8,648.35","8,658.31","8,425.09","","-1.51%"
"10/05/2022","8,648.35","8,625.28","8,762.06","8,575.86","","0.27%"
"10/04/2022","8,625.28","8,689.58","8,781.49","8,625.28","","-0.74%"
"10/03/2022","8,689.58","8,680.79","8,689.96","8,646.62","","0.10%"
"09/30/2022","8,680.79","8,698.96","8,784.06","8,673.77","","-0.21%"
"09/29/2022","8,698.96","8,621.65","8,753.15","8,621.65","","0.90%"
"09/28/2022","8,621.65","8,589.65","8,621.65","8,567.79","","0.37%"
"09/27/2022","8,589.65","8,795.59","8,795.59","8,589.65","","-2.34%"
"09/26/2022","8,795.59","8,815.84","8,873.83","8,795.59","","-0.23%"
"09/23/2022","8,815.84","8,602.77","8,846.40","8,602.77","","2.48%"
"09/22/2022","8,602.77","8,688.99","8,690.75","8,542.20","","-0.99%"
"09/21/2022","8,688.99","8,734.56","8,746.56","8,670.13","","-0.52%"
"09/20/2022","8,734.56","8,734.83","8,785.23","8,647.57","","0.00%"
"09/19/2022","8,734.83","8,622.11","8,769.39","8,622.11","","1.31%"
"09/16/2022","8,622.11","8,600.63","8,677.39","8,507.09","","0.25%"
"09/15/2022","8,600.63","8,543.44","8,698.38","8,543.44","","0.67%"
"09/14/2022","8,543.44","8,517.34","8,549.04","8,447.60","","0.31%"
"09/13/2022","8,517.34","8,599.53","8,599.53","8,483.40","","-0.96%"
"09/12/2022","8,599.53","8,727.34","8,769.68","8,599.53","","-1.46%"
"09/09/2022","8,727.34","8,856.25","8,856.25","8,700.95","","-2.53%"
"09/07/2022","8,953.47","8,982.34","9,117.37","8,921.15","","-0.32%"
"09/06/2022","8,982.34","9,047.30","9,089.45","8,540.85","","-0.72%"
"09/05/2022","9,047.30","9,253.14","9,351.21","9,047.30","","-2.22%"
"09/02/2022","9,253.06","9,294.51","9,294.51","9,134.11","","-0.45%"
"09/01/2022","9,294.51","9,319.51","9,334.71","9,158.30","","-0.27%"
"08/31/2022","9,319.51","9,324.64","9,324.64","9,169.06","","-0.06%"
"08/30/2022","9,324.64","9,304.64","9,330.24","9,228.62","","0.21%"
"08/29/2022","9,304.64","9,701.14","9,701.14","9,227.12","","-4.09%"
"08/26/2022","9,701.14","9,555.20","9,782.85","9,555.20","","1.53%"
"08/25/2022","9,555.20","8,490.53","9,581.03","8,490.53","","12.54%"
"08/24/2022","8,490.53","7,606.14","8,492.98","7,598.79","","11.63%"
"08/23/2022","7,606.14","7,473.49","7,606.14","7,375.65","","1.77%"
"08/22/2022","7,473.49","7,436.84","7,477.81","7,390.26","","0.49%"
"08/19/2022","7,436.84","7,384.97","7,462.64","7,359.21","","0.70%"
"08/18/2022","7,384.97","7,216.00","7,384.97","7,186.03","","2.34%"
"08/17/2022","7,216.00","7,346.07","7,399.66","7,216.00","","-1.77%"
"08/16/2022","7,346.07","7,397.45","7,397.45","7,333.41","","-0.69%"
"08/12/2022","7,397.45","7,281.07","7,397.45","7,281.07","","1.60%"
"08/11/2022","7,281.07","7,290.12","7,333.03","7,275.47","","-0.12%"
"08/10/2022","7,290.12","7,261.15","7,318.74","7,261.15","","0.40%"
"08/09/2022","7,261.15","7,243.33","7,305.94","7,235.43","","0.25%"
"08/08/2022","7,243.33","7,208.28","7,260.48","7,208.28","","0.49%"
"08/05/2022","7,208.28","7,135.28","7,220.31","7,135.28","","1.02%"
"08/04/2022","7,135.28","7,119.60","7,194.70","7,117.11","","0.22%"
"08/03/2022","7,119.60","7,335.06","7,411.05","7,099.79","","-2.94%"
"08/02/2022","7,335.06","7,379.47","7,380.88","7,291.70","","-0.60%"
"08/01/2022","7,379.47","7,381.94","7,401.59","7,342.19","","-0.03%"
"07/29/2022","7,381.94","7,436.54","7,436.54","7,374.74","","-0.73%"
"07/28/2022","7,436.54","7,520.39","7,520.39","7,428.81","","-1.11%"
"07/27/2022","7,520.39","7,519.17","7,569.10","7,410.06","","0.02%"
"07/26/2022","7,519.17","7,543.33","7,543.64","7,517.07","","-0.32%"
"07/25/2022","7,543.33","7,609.45","7,609.45","7,455.79","","-0.87%"
"07/22/2022","7,609.45","7,622.53","7,705.28","7,394.82","","-0.17%"
"07/21/2022","7,622.53","7,483.90","7,704.13","7,483.90","","1.85%"
"07/20/2022","7,483.90","7,445.50","7,504.74","7,438.07","","0.52%"
"07/19/2022","7,445.50","7,422.07","7,470.31","7,385.29","","0.32%"
"07/18/2022","7,422.07","6,996.97","7,427.05","6,992.65","","6.08%"
"07/15/2022","6,996.97","6,841.33","7,024.92","6,839.83","","2.27%"
"07/14/2022","6,841.33","6,771.28","6,841.33","6,738.65","","1.03%"
"07/13/2022","6,771.28","6,751.81","6,796.26","6,656.74","","0.29%"
"07/12/2022","6,751.81","6,671.09","6,751.81","6,565.94","","1.21%"
"07/11/2022","6,671.09","6,601.08","6,710.29","6,482.94","","1.06%"
"07/08/2022","6,601.03","6,542.83","6,657.80","6,479.71","","0.89%"
"07/07/2022","6,542.83","6,624.03","6,624.03","6,542.83","","-1.23%"
"07/06/2022","6,624.03","6,573.15","6,663.88","6,573.15","","0.77%"
"07/01/2022","6,573.15","6,614.90","6,621.60","6,530.93","","-0.63%"
"06/30/2022","6,614.90","6,704.77","6,818.09","6,614.90","","-1.34%"
"06/29/2022","6,704.77","6,662.39","6,707.33","6,656.43","","0.64%"
"06/28/2022","6,662.39","6,787.86","6,877.40","6,634.42","","-1.85%"
"06/27/2022","6,787.86","6,803.00","6,823.15","6,717.85","","-0.41%"
"06/23/2022","6,815.80","6,584.35","6,838.20","6,578.67","","3.52%"
"06/22/2022","6,584.35","6,395.10","6,584.35","6,376.36","","2.96%"
"06/21/2022","6,395.10","6,355.31","6,430.96","6,334.39","","0.63%"
"06/17/2022","6,355.31","6,223.55","6,355.31","6,223.55","","2.12%"
"06/16/2022","6,223.55","6,179.86","6,235.01","6,135.50","","0.71%"
"06/15/2022","6,179.86","6,246.05","6,251.73","6,162.20","","-1.06%"
"06/14/2022","6,246.05","6,219.40","6,250.09","6,219.40","","0.43%"
"06/10/2022","6,219.40","6,125.18","6,228.66","6,125.18","","1.54%"
"06/09/2022","6,125.18","6,136.89","6,139.80","6,050.70","","-0.19%"
"06/08/2022","6,136.89","6,274.97","6,280.64","6,069.65","","-2.20%"
"06/07/2022","6,274.97","6,205.87","6,274.97","6,198.33","","1.11%"
"06/06/2022","6,205.87","6,198.09","6,223.86","6,131.93","","0.13%"
"06/03/2022","6,198.09","6,063.89","6,198.09","6,062.52","","2.21%"
"06/02/2022","6,063.89","6,079.48","6,149.57","6,056.80","","-0.26%"
"06/01/2022","6,079.48","6,097.49","6,119.58","6,058.48","","-0.30%"
"05/31/2022","6,097.49","6,148.60","6,148.60","6,047.92","","-0.83%"
"05/27/2022","6,148.60","6,045.88","6,154.52","6,015.95","","1.70%"
"05/26/2022","6,045.88","6,147.42","6,203.50","6,012.19","","-1.65%"
"05/25/2022","6,147.42","6,308.65","6,402.26","6,146.85","","-2.55%"
"05/24/2022","6,308.60","6,320.61","6,402.22","6,308.60","","-0.19%"
"05/23/2022","6,320.61","6,224.58","6,326.19","6,224.58","","1.54%"
"05/20/2022","6,224.58","6,171.66","6,224.58","6,113.58","","0.86%"
"05/19/2022","6,171.66","6,112.76","6,177.04","6,112.76","","0.96%"
"05/18/2022","6,112.76","6,124.76","6,139.75","6,081.52","","-0.20%"
"05/17/2022","6,124.76","6,048.00","6,155.85","6,048.00","","1.27%"
"05/16/2022","6,048.00","5,899.63","6,048.00","5,891.52","","2.51%"
"05/13/2022","5,899.63","5,754.59","5,936.48","5,754.59","","2.52%"
"05/12/2022","5,754.59","5,651.69","5,755.72","5,624.67","","1.82%"
"05/11/2022","5,651.69","5,648.53","5,718.23","5,644.36","","0.06%"
"05/10/2022","5,648.53","5,682.14","5,682.14","5,555.84","","-0.59%"
"05/09/2022","5,682.09","5,705.80","5,708.41","5,640.02","","-0.42%"
"05/06/2022","5,705.80","5,698.17","5,715.02","5,666.62","","0.13%"
"05/05/2022","5,698.17","5,657.73","5,698.17","5,657.73","","0.71%"
"05/04/2022","5,657.73","5,660.01","5,677.01","5,646.41","","-0.04%"
"05/03/2022","5,660.01","5,659.05","5,703.89","5,643.35","","0.02%"
"05/02/2022","5,659.05","5,675.67","5,688.67","5,659.05","","-0.29%"
"04/29/2022","5,675.67","5,641.01","5,683.00","5,632.21","","0.61%"
"04/28/2022","5,641.01","5,637.92","5,731.28","5,561.77","","0.05%"
"04/27/2022","5,637.92","5,783.17","5,807.52","5,615.12","","-2.52%"
"04/26/2022","5,783.65","5,809.05","5,811.95","5,781.21","","-0.44%"
"04/25/2022","5,809.05","5,810.90","5,810.90","5,719.83","","-0.03%"
"04/22/2022","5,810.90","5,954.51","5,989.16","5,810.90","","-2.41%"
"04/21/2022","5,954.51","6,006.15","6,039.71","5,954.51","","-0.86%"
"04/20/2022","6,006.15","5,961.54","6,028.40","5,961.54","","0.75%"
"04/18/2022","5,961.54","5,951.31","5,961.54","5,847.52","","0.17%"
"04/13/2022","5,951.31","5,591.06","5,984.81","5,588.80","","6.44%"
"04/12/2022","5,591.06","5,414.03","5,637.91","5,387.15","","3.27%"
"04/11/2022","5,414.03","5,471.79","5,471.79","5,410.77","","-1.06%"
"04/08/2022","5,471.79","5,369.09","5,474.62","5,369.09","","1.91%"
"04/07/2022","5,369.09","5,451.45","5,462.63","5,366.85","","-1.51%"
"04/06/2022","5,451.45","5,525.30","5,578.18","5,444.52","","-1.34%"
"04/05/2022","5,525.30","5,369.52","5,525.30","5,369.52","","2.90%"
"04/04/2022","5,369.52","5,373.73","5,381.05","5,324.51","","-0.08%"
"04/01/2022","5,373.73","5,190.34","5,373.73","5,181.63","","3.53%"
"03/31/2022","5,190.34","5,181.58","5,196.31","5,169.40","","0.17%"
"03/30/2022","5,181.58","5,184.62","5,186.50","5,179.43","","-0.06%"
"03/29/2022","5,184.62","5,218.68","5,218.92","5,176.58","","-0.65%"
"03/28/2022","5,218.68","5,241.82","5,287.33","5,199.73","","-0.44%"
"03/25/2022","5,241.82","5,234.02","5,299.81","5,212.68","","0.15%"
"03/24/2022","5,234.02","5,198.41","5,278.30","5,198.41","","0.69%"
"03/23/2022","5,198.41","5,221.80","5,266.97","5,106.19","","-0.45%"
"03/22/2022","5,221.80","5,254.43","5,254.43","5,213.22","","-0.62%"
"03/21/2022","5,254.43","5,303.43","5,303.43","5,254.43","","-0.92%"
"03/18/2022","5,303.43","5,220.59","5,320.66","5,220.59","","1.59%"
"03/17/2022","5,220.59","5,232.03","5,272.15","5,203.73","","-0.22%"
"03/16/2022","5,231.99","5,212.77","5,232.46","5,154.48","","0.37%"
"03/15/2022","5,212.77","5,142.07","5,253.53","5,123.44","","1.37%"
"03/14/2022","5,142.07","5,252.64","5,264.89","5,137.78","","-2.11%"
"03/11/2022","5,252.64","5,098.80","5,263.72","5,098.80","","3.02%"
"03/10/2022","5,098.80","5,143.89","5,144.11","5,076.80","","-0.88%"
"03/09/2022","5,143.85","5,102.32","5,143.85","5,042.11","","0.81%"
"03/08/2022","5,102.32","5,170.71","5,179.17","5,094.26","","-1.32%"
"03/07/2022","5,170.71","5,161.52","5,193.44","5,147.60","","0.18%"
"03/04/2022","5,161.52","5,281.15","5,281.64","5,058.53","","-2.27%"
"03/03/2022","5,281.15","5,298.35","5,298.35","5,265.66","","-0.32%"
"03/02/2022","5,298.35","5,268.51","5,312.09","5,268.47","","0.57%"
"02/25/2022","5,268.47","5,347.64","5,347.64","5,264.82","","-1.48%"
"02/24/2022","5,347.64","5,340.71","5,350.31","5,314.35","","0.13%"
"02/23/2022","5,340.71","5,349.20","5,355.04","5,329.20","","-0.16%"
"02/22/2022","5,349.20","5,394.85","5,412.14","5,345.28","","-0.85%"
"02/21/2022","5,394.85","5,409.36","5,423.50","5,394.85","","-0.27%"
"02/18/2022","5,409.36","5,416.69","5,498.19","5,391.29","","-0.14%"
"02/17/2022","5,416.69","5,427.28","5,427.28","5,303.57","","-0.20%"
"02/16/2022","5,427.28","5,437.40","5,469.18","5,404.01","","-0.19%"
"02/15/2022","5,437.40","5,453.15","5,461.92","5,357.13","","-0.29%"
"02/14/2022","5,453.15","5,495.23","5,517.40","5,441.78","","-0.77%"
"02/11/2022","5,495.23","5,548.38","5,552.86","5,479.31","","-0.96%"
"02/10/2022","5,548.38","5,521.08","5,564.38","5,456.24","","0.49%"
"02/09/2022","5,521.08","5,524.91","5,540.06","5,473.11","","-0.07%"
"02/08/2022","5,524.91","5,484.96","5,598.35","5,484.96","","0.73%"
"02/07/2022","5,484.96","5,377.83","5,486.66","5,377.83","","1.99%"
"02/04/2022","5,377.83","5,472.88","5,515.65","5,377.83","","-1.74%"
"02/03/2022","5,472.88","5,500.24","5,534.78","5,459.48","","-0.50%"
"02/02/2022","5,500.24","5,523.12","5,569.06","5,432.08","","-0.41%"
"02/01/2022","5,523.12","5,668.88","5,680.42","5,515.25","","-2.57%"
"01/31/2022","5,668.88","5,614.45","5,671.46","5,577.71","","0.97%"
"01/28/2022","5,614.45","5,559.46","5,614.45","5,533.27","","0.99%"
"01/27/2022","5,559.46","5,614.30","5,614.30","5,485.37","","-0.98%"
"01/26/2022","5,614.30","5,718.81","5,826.82","5,614.30","","-1.83%"
"01/25/2022","5,718.81","5,591.15","5,821.84","5,591.15","","2.28%"
"01/24/2022","5,591.15","5,740.09","5,771.64","5,577.13","","-2.59%"
"01/21/2022","5,740.09","5,708.07","5,768.64","5,708.07","","0.56%"
"01/20/2022","5,708.07","5,776.94","5,814.29","5,708.07","","-1.19%"
"01/19/2022","5,776.94","5,851.39","5,873.01","5,737.65","","-1.27%"
"01/18/2022","5,851.39","5,902.32","5,914.94","5,807.70","","-0.86%"
"01/14/2022","5,902.32","5,820.14","5,949.11","5,820.14","","1.41%"
"01/13/2022","5,820.14","5,832.84","5,853.64","5,803.12","","-0.22%"
"01/12/2022","5,832.84","5,871.62","5,881.86","5,781.97","","-0.66%"
"01/11/2022","5,871.62","5,892.89","5,903.69","5,846.60","","-0.36%"
"01/07/2022","5,892.89","5,853.44","5,918.48","5,853.44","","0.67%"
"01/06/2022","5,853.44","5,853.90","5,975.56","5,853.44","","-0.01%"
"01/05/2022","5,853.90","5,857.58","5,900.32","5,853.90","","-0.06%"
"01/04/2022","5,857.58","5,782.21","5,858.28","5,782.21","","1.30%"
"01/03/2022","5,782.21","5,918.68","5,944.17","5,782.21","","-2.31%"
"12/30/2021","5,918.68","5,760.35","5,935.45","5,760.35","","2.75%"
"12/29/2021","5,760.35","5,805.54","5,845.83","5,760.35","","-0.78%"
"12/28/2021","5,805.54","5,801.18","5,861.42","5,800.76","","0.08%"
"12/27/2021","5,801.18","5,742.83","5,802.76","5,742.83","","1.02%"
"12/23/2021","5,742.83","5,710.30","5,742.83","5,647.23","","0.57%"
"12/22/2021","5,710.30","5,629.81","5,710.30","5,527.17","","1.43%"
"12/21/2021","5,629.81","5,661.26","5,689.68","5,628.05","","-0.56%"
"12/20/2021","5,661.26","5,713.36","5,713.36","5,575.70","","-0.91%"
"12/17/2021","5,713.36","5,620.79","5,752.85","5,620.22","","1.65%"
"12/16/2021","5,620.79","5,712.22","5,736.29","5,620.79","","-1.60%"
"12/15/2021","5,712.22","5,749.53","5,763.75","5,680.46","","-0.65%"
"12/14/2021","5,749.53","5,823.88","5,951.51","5,749.53","","-1.28%"
"12/10/2021","5,823.88","5,831.99","5,932.32","5,812.67","","-0.14%"
"12/09/2021","5,831.99","6,029.34","6,036.25","5,824.33","","-3.27%"
"12/08/2021","6,029.34","6,060.78","6,139.61","5,947.50","","-0.52%"
"12/07/2021","6,060.78","6,243.36","6,251.16","6,038.69","","-2.92%"
"12/06/2021","6,243.36","6,381.41","6,392.21","6,243.32","","-2.16%"
"12/03/2021","6,381.41","6,451.76","6,515.45","6,280.39","","-1.09%"
"12/02/2021","6,451.76","6,446.72","6,489.43","6,321.94","","0.08%"
"12/01/2021","6,446.72","6,453.56","6,464.94","6,438.88","","-0.11%"
"11/30/2021","6,453.56","6,442.06","6,492.84","6,379.53","","0.18%"
"11/29/2021","6,442.06","6,318.57","6,456.79","6,316.24","","1.95%"
"11/26/2021","6,318.87","6,164.01","6,318.87","6,164.01","","2.51%"
"11/25/2021","6,164.01","6,119.91","6,225.41","6,119.91","","0.72%"
"11/24/2021","6,119.91","6,174.16","6,225.33","6,119.04","","-0.88%"
"11/23/2021","6,174.16","6,043.97","6,219.29","5,962.18","","2.15%"
"11/19/2021","6,043.92","5,998.97","6,111.21","5,983.01","","0.75%"
"11/18/2021","5,998.97","5,968.42","6,051.96","5,962.46","","0.51%"
"11/17/2021","5,968.42","5,962.45","6,028.77","5,883.45","","0.10%"
"11/16/2021","5,962.45","5,973.51","5,976.00","5,883.23","","-0.19%"
"11/15/2021","5,973.51","6,014.64","6,027.78","5,948.95","","-0.68%"
"11/12/2021","6,014.64","6,078.51","6,078.96","5,934.93","","-1.05%"
"11/11/2021","6,078.51","6,190.88","6,190.88","6,028.43","","-1.82%"
"11/10/2021","6,190.88","6,113.25","6,218.47","6,110.06","","1.27%"
"11/09/2021","6,113.25","6,316.44","6,352.00","6,070.64","","-3.22%"
"11/08/2021","6,316.44","5,855.23","6,316.44","5,855.23","","7.88%"
"11/05/2021","5,855.23","5,680.15","5,886.30","5,680.15","","3.08%"
"11/04/2021","5,680.15","5,686.13","5,763.29","5,674.43","","-0.11%"
"11/03/2021","5,686.13","5,719.01","5,731.13","5,680.15","","-0.57%"
"11/02/2021","5,719.01","5,531.78","5,719.01","5,531.73","","3.39%"
"10/29/2021","5,531.73","5,446.23","5,574.32","5,439.72","","1.57%"
"10/28/2021","5,446.23","5,470.67","5,501.01","5,446.23","","-0.44%"
"10/27/2021","5,470.42","5,501.02","5,567.98","5,423.78","","-0.56%"
"10/26/2021","5,501.02","5,749.23","5,784.57","5,496.81","","-4.32%"
"10/25/2021","5,749.23","6,048.44","6,048.44","5,728.00","","-4.95%"
"10/22/2021","6,048.44","5,419.67","6,048.44","5,418.65","","11.60%"
"10/21/2021","5,419.67","5,359.33","5,419.92","5,353.07","","1.13%"
"10/20/2021","5,359.33","5,443.35","5,462.30","5,359.09","","-1.54%"
"10/19/2021","5,443.35","5,503.69","5,581.97","5,411.53","","-1.10%"
"10/18/2021","5,503.69","5,603.32","5,603.32","5,491.42","","-1.78%"
"10/15/2021","5,603.32","5,650.35","5,656.52","5,579.41","","-0.83%"
"10/14/2021","5,650.35","5,638.45","5,676.42","5,610.21","","0.21%"
"10/13/2021","5,638.45","5,742.87","5,764.46","5,632.49","","-1.82%"
"10/11/2021","5,742.87","5,700.32","5,893.26","5,700.32","","0.75%"
"10/08/2021","5,700.32","5,685.32","5,734.24","5,672.72","","0.26%"
"10/07/2021","5,685.32","5,780.41","5,785.95","5,685.32","","-1.65%"
"10/06/2021","5,780.41","5,890.93","5,890.93","5,769.60","","-1.88%"
"10/05/2021","5,890.93","6,219.18","6,242.47","5,885.66","","-5.28%"
"10/04/2021","6,219.18","6,219.18","6,247.56","6,031.14","","0.00%"
"09/29/2021","6,219.13","6,137.15","6,219.86","6,063.32","","1.34%"
"09/28/2021","6,137.15","6,051.66","6,137.15","5,971.16","","1.41%"
"09/27/2021","6,051.66","5,703.75","6,051.66","5,645.42","","6.10%"
"09/24/2021","5,703.75","5,673.13","5,745.02","5,672.67","","0.54%"
"09/23/2021","5,673.13","5,652.31","5,727.07","5,607.52","","0.37%"
"09/22/2021","5,652.31","5,695.74","5,715.50","5,652.31","","-0.76%"
"09/21/2021","5,695.74","5,805.99","5,805.99","5,669.17","","-1.90%"
"09/20/2021","5,805.99","5,898.95","5,899.87","5,775.51","","-1.58%"
"09/17/2021","5,898.95","5,859.21","5,900.84","5,859.21","","0.68%"
"09/16/2021","5,859.21","5,895.31","6,174.53","5,856.94","","-0.61%"
"09/15/2021","5,895.31","5,882.13","5,896.13","5,875.75","","0.22%"
"09/14/2021","5,882.13","5,903.48","6,003.12","5,845.20","","-0.36%"
"09/13/2021","5,903.48","5,989.63","6,006.56","5,903.48","","-1.44%"
"09/10/2021","5,989.63","6,002.25","6,057.09","5,987.12","","-0.21%"
"09/09/2021","6,002.25","6,019.67","6,020.83","5,956.01","","-0.29%"
"09/08/2021","6,019.67","5,976.44","6,073.27","5,940.90","","0.72%"
"09/07/2021","5,976.44","6,235.96","6,235.96","5,973.70","","-4.16%"
"09/06/2021","6,235.96","6,371.79","6,382.49","6,217.09","","-2.13%"
"09/03/2021","6,371.79","6,536.71","6,573.74","6,371.79","","-2.52%"
"09/02/2021","6,536.71","6,635.19","6,635.78","6,481.09","","-1.48%"
"09/01/2021","6,635.19","6,613.67","6,669.73","6,542.59","","0.33%"
"08/31/2021","6,613.67","6,654.11","6,822.28","6,582.03","","-0.61%"
"08/30/2021","6,654.11","6,706.46","6,800.61","6,591.55","","-0.78%"
"08/27/2021","6,706.46","6,671.39","6,774.20","6,665.19","","0.53%"
"08/26/2021","6,671.39","6,663.61","7,015.96","6,662.30","","0.12%"
"08/25/2021","6,663.61","6,781.05","6,841.74","6,564.16","","-1.73%"
"08/24/2021","6,781.05","6,779.69","6,840.09","6,681.87","","0.02%"
"08/23/2021","6,779.69","6,581.24","6,779.69","6,581.24","","3.02%"
"08/20/2021","6,581.24","6,423.84","6,581.24","6,423.28","","2.45%"
"08/19/2021","6,423.84","6,176.91","6,423.84","6,176.91","","4.00%"
"08/18/2021","6,176.91","6,083.84","6,176.91","6,031.26","","1.53%"
"08/17/2021","6,083.84","6,091.72","6,098.06","6,059.08","","-0.13%"
"08/16/2021","6,091.72","6,035.56","6,096.82","6,025.12","","0.93%"
"08/13/2021","6,035.56","6,050.19","6,078.22","5,991.48","","-0.24%"
"08/12/2021","6,050.19","6,001.16","6,050.19","5,963.26","","0.82%"
"08/11/2021","6,001.16","6,070.12","6,073.88","5,958.51","","-1.14%"
"08/10/2021","6,070.12","5,998.83","6,071.23","5,942.09","","1.19%"
"08/09/2021","5,998.83","6,066.51","6,094.99","5,902.46","","-1.12%"
"08/06/2021","6,066.51","6,006.56","6,138.06","5,943.91","","1.00%"
"08/05/2021","6,006.56","5,913.88","6,019.90","5,881.69","","1.57%"
"08/04/2021","5,913.88","6,131.33","6,134.10","5,793.54","","-3.55%"
"08/03/2021","6,131.33","5,754.44","6,131.33","5,754.44","","6.55%"
"08/02/2021","5,754.44","5,733.86","5,754.46","5,668.42","","0.36%"
"07/30/2021","5,733.86","5,584.47","5,733.87","5,584.47","","2.68%"
"07/29/2021","5,584.47","5,444.83","5,696.44","5,444.83","","2.56%"
"07/28/2021","5,444.83","5,765.58","5,820.38","5,444.83","","-5.56%"
"07/27/2021","5,765.58","5,891.82","5,905.90","5,765.12","","-2.14%"
"07/26/2021","5,891.82","5,913.96","5,962.58","5,884.20","","-0.37%"
"07/23/2021","5,913.96","5,711.64","5,913.96","5,710.15","","3.54%"
"07/22/2021","5,711.64","5,708.44","5,711.64","5,575.32","","0.06%"
"07/21/2021","5,708.44","5,733.62","5,733.62","5,595.31","","-0.44%"
"07/20/2021","5,733.62","5,558.21","5,757.90","5,558.21","","3.16%"
"07/19/2021","5,558.21","5,691.41","5,730.43","5,541.22","","-2.34%"
"07/16/2021","5,691.41","5,513.32","5,692.26","5,513.32","","3.23%"
"07/15/2021","5,513.32","5,002.32","5,588.18","5,002.32","","10.22%"
"07/14/2021","5,002.32","4,911.45","5,049.72","4,911.45","","1.85%"
"07/13/2021","4,911.45","4,907.57","5,026.84","4,878.80","","0.08%"
"07/12/2021","4,907.57","4,913.17","5,047.95","4,886.91","","-0.11%"
"07/09/2021","4,913.17","4,881.11","4,913.17","4,848.05","","0.66%"
"07/08/2021","4,881.11","4,988.21","4,997.56","4,876.83","","-2.15%"
"07/07/2021","4,988.21","5,085.99","5,085.99","4,942.30","","-1.92%"
"07/06/2021","5,085.99","5,099.13","5,110.60","5,081.38","","-0.26%"
"07/02/2021","5,099.13","5,168.51","5,195.89","5,084.27","","-1.34%"
"07/01/2021","5,168.51","5,137.84","5,198.09","5,136.90","","0.60%"
"06/30/2021","5,137.84","5,052.39","5,176.19","5,029.75","","1.69%"
"06/29/2021","5,052.39","5,032.12","5,200.80","5,032.12","","0.40%"
"06/25/2021","5,032.12","4,857.76","5,047.51","4,837.85","","3.59%"
"06/23/2021","4,857.76","4,897.32","4,905.07","4,830.49","","-0.81%"
"06/22/2021","4,897.32","4,894.22","4,917.50","4,829.64","","0.06%"
"06/21/2021","4,894.22","4,915.43","4,933.01","4,880.81","","-0.43%"
"06/18/2021","4,915.43","4,758.90","4,915.43","4,718.65","","3.29%"
"06/17/2021","4,758.90","4,776.43","4,776.43","4,742.20","","-0.37%"
"06/16/2021","4,776.43","4,925.01","4,944.39","4,729.51","","-3.02%"
"06/15/2021","4,925.01","4,946.24","4,978.01","4,828.60","","-0.43%"
"06/11/2021","4,946.24","4,933.11","5,081.21","4,928.94","","0.27%"
"06/10/2021","4,933.11","5,077.70","5,090.46","4,902.06","","-2.85%"
"06/09/2021","5,077.70","5,073.64","5,110.79","5,041.63","","0.08%"
"06/08/2021","5,073.64","5,103.39","5,106.90","5,034.74","","-0.58%"
"06/07/2021","5,103.39","5,095.20","5,137.50","5,062.80","","0.16%"
"06/04/2021","5,095.25","4,996.88","5,145.78","4,983.91","","1.97%"
"06/03/2021","4,996.88","4,943.54","4,996.88","4,923.41","","1.08%"
"06/02/2021","4,943.54","5,185.49","5,185.49","4,873.29","","-4.67%"
"06/01/2021","5,185.49","5,262.08","5,262.08","5,091.10","","-1.46%"
"05/31/2021","5,262.08","5,430.46","5,430.46","5,260.03","","-3.10%"
"05/28/2021","5,430.46","5,251.55","5,432.57","5,251.30","","3.41%"
"05/27/2021","5,251.55","5,514.67","5,527.18","5,251.55","","-4.77%"
"05/26/2021","5,514.67","5,674.06","5,675.92","5,514.67","","-2.81%"
"05/25/2021","5,674.06","5,788.44","5,817.79","5,674.06","","-1.98%"
"05/21/2021","5,788.44","5,798.70","5,910.25","5,747.50","","-0.18%"
"05/20/2021","5,798.70","5,781.65","5,830.19","5,748.73","","0.29%"
"05/19/2021","5,781.65","5,522.56","5,781.65","5,522.56","","4.69%"
"05/18/2021","5,522.56","5,582.01","5,626.34","5,460.49","","-1.07%"
"05/17/2021","5,582.01","5,516.59","5,718.45","5,516.59","","1.19%"
"05/14/2021","5,516.59","5,231.73","5,519.33","5,231.73","","5.44%"
"05/13/2021","5,231.73","5,306.69","5,359.82","5,168.13","","-1.41%"
"05/12/2021","5,306.69","5,477.91","5,488.51","5,276.12","","-3.13%"
"05/11/2021","5,477.91","5,642.20","5,672.43","5,457.35","","-2.91%"
"05/10/2021","5,642.20","5,560.69","5,714.99","5,560.69","","1.47%"
"05/07/2021","5,560.69","5,085.17","5,572.38","5,085.17","","9.35%"
"05/06/2021","5,085.17","4,867.53","5,132.86","4,867.53","","4.47%"
"05/05/2021","4,867.53","4,754.97","4,900.17","4,754.97","","2.37%"
"05/04/2021","4,754.97","4,667.24","4,809.20","4,667.24","","1.88%"
"05/03/2021","4,667.24","4,691.34","4,770.48","4,667.24","","-0.51%"
"04/30/2021","4,691.34","4,761.64","4,790.25","4,662.31","","-1.06%"
"04/29/2021","4,741.82","4,646.01","4,757.71","4,646.01","","2.06%"
"04/28/2021","4,646.01","4,364.42","4,646.36","4,364.42","","6.45%"
"04/27/2021","4,364.42","4,149.68","4,378.05","4,149.68","","5.17%"
"04/26/2021","4,149.68","3,738.93","4,149.68","3,738.93","","10.99%"
"04/23/2021","3,738.93","3,319.68","3,738.93","3,319.68","","12.63%"
"04/22/2021","3,319.68","3,236.40","3,319.68","3,236.40","","2.57%"
"04/21/2021","3,236.40","3,188.84","3,261.08","3,181.61","","1.49%"
"04/20/2021","3,188.84","3,084.91","3,188.84","3,084.91","","3.37%"
"04/16/2021","3,084.91","3,093.95","3,106.43","3,076.97","","-0.29%"
"04/15/2021","3,093.95","3,089.52","3,111.52","3,081.47","","0.14%"
"04/14/2021","3,089.52","3,004.67","3,095.62","3,003.15","","2.82%"
"04/13/2021","3,004.67","2,970.18","3,012.80","2,970.18","","1.16%"
"04/12/2021","2,970.18","2,948.26","2,975.75","2,919.58","","0.74%"
"04/09/2021","2,948.26","2,920.81","2,948.26","2,888.56","","0.94%"
"04/08/2021","2,920.81","2,844.90","2,920.81","2,827.76","","2.67%"
"04/07/2021","2,844.90","2,828.81","2,867.83","2,828.81","","0.57%"
"04/06/2021","2,828.81","2,831.53","2,861.65","2,797.03","","-0.10%"
"04/05/2021","2,831.53","2,822.10","2,837.63","2,805.00","","-0.21%"
"03/31/2021","2,837.63","2,744.78","2,844.08","2,744.78","","3.38%"
"03/30/2021","2,744.78","2,749.33","2,785.39","2,733.74","","-0.17%"
"03/29/2021","2,749.33","2,792.74","2,803.03","2,749.33","","-1.55%"
"03/26/2021","2,792.74","2,708.41","2,795.15","2,708.41","","3.11%"
"03/25/2021","2,708.41","2,689.28","2,718.06","2,678.58","","0.71%"
"03/24/2021","2,689.28","2,660.15","2,690.39","2,660.15","","1.10%"
"03/23/2021","2,660.15","2,661.18","2,667.58","2,632.24","","-0.04%"
"03/22/2021","2,661.18","2,694.70","2,696.56","2,640.87","","-1.24%"
"03/18/2021","2,694.70","2,702.13","2,709.19","2,601.81","","-0.28%"
"03/17/2021","2,702.13","2,699.17","2,754.24","2,687.68","","0.11%"
"03/16/2021","2,699.17","2,668.31","2,704.33","2,667.32","","1.16%"
"03/15/2021","2,668.31","2,645.28","2,704.99","2,623.15","","-99.90%"
"03/12/2021","2,645,283.75","2,606,643.75","2,656,041.75","2,599,212.00","","1.48%"
"03/11/2021","2,606,643.75","2,576,883.75","2,655,894.00","2,576,860.50","","1.15%"
"03/10/2021","2,576,883.75","2,615,435.50","2,615,896.00","2,531,814.25","","-1.48%"
"03/09/2021","2,615,668.50","2,511,679.25","2,624,006.75","2,511,655.50","","4.14%"
"03/08/2021","2,511,655.50","2,441,750.00","2,518,902.75","2,439,508.00","","2.86%"
"03/05/2021","2,441,750.00","2,393,488.50","2,441,750.00","2,381,759.00","","2.02%"
"03/04/2021","2,393,488.50","2,343,334.50","2,400,228.50","2,299,634.50","","2.14%"
"03/03/2021","2,343,334.50","2,493,808.75","2,495,074.50","2,300,451.50","","-6.03%"
"03/02/2021","2,493,808.75","2,350,514.50","2,529,399.25","2,350,514.50","","6.10%"
"03/01/2021","2,350,514.50","2,300,775.75","2,372,644.75","2,292,043.75","","2.16%"
"02/26/2021","2,300,775.75","2,150,334.00","2,319,466.75","2,150,334.00","","7.00%"
"02/25/2021","2,150,334.00","2,053,756.75","2,169,464.25","2,041,016.75","","4.70%"
"02/24/2021","2,053,756.75","2,024,784.50","2,060,999.38","2,018,680.13","","1.43%"
"02/23/2021","2,024,784.50","2,014,488.63","2,033,624.88","2,014,488.63","","0.51%"
"02/22/2021","2,014,488.63","1,908,051.88","2,018,358.75","1,898,303.25","","5.58%"
"02/19/2021","1,908,051.88","1,875,271.00","1,908,051.88","1,873,841.50","","1.75%"
"02/18/2021","1,875,271.00","1,859,841.88","1,881,404.13","1,854,348.50","","0.83%"
"02/17/2021","1,859,847.63","1,870,964.63","1,887,698.38","1,855,292.38","","-0.59%"
"02/12/2021","1,870,964.63","1,882,781.50","1,895,619.00","1,870,964.63","","-0.63%"
"02/11/2021","1,882,781.50","1,874,510.88","1,883,362.25","1,866,108.38","","0.44%"
"02/10/2021","1,874,510.88","1,870,622.38","1,886,935.50","1,860,197.50","","0.21%"
"02/09/2021","1,870,622.38","1,850,033.25","1,871,633.63","1,829,031.75","","1.11%"
"02/08/2021","1,850,033.25","1,877,815.75","1,883,884.25","1,843,176.88","","-1.48%"
"02/05/2021","1,877,815.75","1,903,205.50","1,912,791.50","1,876,766.75","","-1.33%"
"02/04/2021","1,903,205.50","1,937,007.50","1,937,284.00","1,903,205.50","","-1.75%"
"02/03/2021","1,937,007.50","1,888,852.75","1,937,974.88","1,887,222.50","","2.64%"
"02/02/2021","1,887,222.50","1,903,875.50","1,927,793.13","1,876,038.38","","-0.96%"
"02/01/2021","1,905,502.88","1,924,354.75","1,966,441.00","1,905,502.88","","-0.98%"
"01/29/2021","1,924,354.75","1,921,557.38","1,946,834.63","1,905,128.63","","0.15%"
"01/28/2021","1,921,557.38","1,909,861.25","1,940,941.00","1,909,082.38","","0.61%"
"01/27/2021","1,909,861.25","1,887,118.88","1,924,251.38","1,879,905.50","","1.21%"
"01/26/2021","1,887,118.88","1,936,237.25","1,942,806.63","1,887,118.88","","-2.54%"
"01/25/2021","1,936,237.25","1,997,191.88","1,997,191.88","1,934,823.13","","-3.05%"
"01/22/2021","1,997,191.88","1,925,396.50","2,017,488.63","1,925,396.50","","3.73%"
"01/21/2021","1,925,396.50","1,785,018.75","1,925,396.50","1,784,906.75","","7.86%"
"01/20/2021","1,785,018.75","1,799,541.88","1,863,816.00","1,767,454.25","","-0.81%"
"01/19/2021","1,799,541.88","1,741,966.13","1,799,541.88","1,741,966.13","","3.31%"
"01/15/2021","1,741,966.13","1,818,485.63","1,867,023.88","1,715,196.13","","-4.21%"
"01/14/2021","1,818,485.63","1,745,892.00","1,818,485.63","1,731,584.13","","4.16%"
"01/13/2021","1,745,892.00","1,804,195.75","1,810,767.75","1,737,555.75","","-3.23%"
"01/12/2021","1,804,195.75","1,905,696.00","1,922,445.13","1,740,890.88","","-5.33%"
"01/08/2021","1,905,696.00","1,657,941.13","1,905,696.00","1,657,941.13","","14.94%"
"01/07/2021","1,657,941.13","1,449,892.50","1,659,077.75","1,449,892.50","","14.35%"
"01/06/2021","1,449,892.50","1,381,986.75","1,449,892.50","1,381,804.13","","4.91%"
"01/05/2021","1,381,986.75","1,448,283.63","1,450,281.75","1,381,986.75","","-4.58%"
"01/04/2021","1,448,283.63","1,332,059.88","1,461,508.13","1,332,059.88","","8.73%"
"12/30/2020","1,332,059.88","1,252,254.50","1,332,059.88","1,252,254.00","","6.37%"
"12/29/2020","1,252,254.50","1,238,367.25","1,254,494.75","1,171,856.75","","1.12%"
"12/28/2020","1,238,367.25","1,229,396.38","1,238,367.25","1,217,590.88","","0.73%"
"12/23/2020","1,229,396.38","1,230,221.88","1,240,935.88","1,218,098.88","","-0.07%"
"12/22/2020","1,230,221.88","1,235,117.00","1,251,386.88","1,223,188.38","","-0.40%"
"12/21/2020","1,235,117.00","1,267,251.25","1,278,646.88","1,234,416.38","","-2.54%"
"12/18/2020","1,267,251.25","1,270,626.63","1,272,113.25","1,261,542.50","","-0.27%"
"12/17/2020","1,270,626.63","1,322,428.38","1,326,643.13","1,270,626.63","","-3.92%"
"12/16/2020","1,322,428.38","1,331,370.50","1,369,001.88","1,285,729.13","","-0.67%"
"12/15/2020","1,331,370.50","1,288,431.25","1,345,721.13","1,288,431.25","","3.33%"
"12/11/2020","1,288,431.25","1,279,129.75","1,302,994.50","1,279,129.75","","0.73%"
"12/10/2020","1,279,129.75","1,298,415.38","1,302,660.00","1,278,673.50","","-1.49%"
"12/09/2020","1,298,415.38","1,314,862.00","1,340,935.88","1,293,997.63","","-1.25%"
"12/08/2020","1,314,862.00","1,344,245.50","1,345,132.88","1,298,744.25","","-2.19%"
"12/07/2020","1,344,245.50","1,376,478.13","1,401,392.13","1,341,600.13","","-2.34%"
"12/04/2020","1,376,478.13","1,291,285.63","1,376,478.13","1,291,285.63","","6.60%"
"12/03/2020","1,291,285.63","1,230,764.63","1,308,257.63","1,230,764.63","","4.92%"
"12/02/2020","1,230,764.63","1,265,970.13","1,291,598.00","1,202,707.13","","-2.78%"
"12/01/2020","1,265,970.13","1,273,562.25","1,316,440.00","1,265,970.13","","-0.60%"
"11/30/2020","1,273,550.38","1,142,987.50","1,274,037.38","1,142,802.00","","11.44%"
"11/27/2020","1,142,802.00","891,480.44","1,142,802.00","891,463.56","","28.19%"
"11/26/2020","891,463.56","800,894.19","891,463.56","800,859.94","","11.31%"
"11/25/2020","800,859.94","794,039.06","803,602.88","792,836.25","","0.86%"
"11/24/2020","794,039.00","699,912.81","794,039.00","699,912.81","","13.45%"
"11/20/2020","699,912.81","638,019.44","699,912.81","638,019.44","","9.70%"
"11/19/2020","638,019.44","628,845.38","638,019.44","628,845.38","","1.46%"
"11/18/2020","628,845.38","622,095.06","631,116.88","622,095.06","","1.09%"
"11/17/2020","622,095.06","622,016.00","624,773.75","616,092.19","","0.01%"
"11/16/2020","622,016.00","632,146.94","634,104.50","621,876.81","","-1.60%"
"11/13/2020","632,147.00","609,044.13","632,147.00","609,044.13","","3.79%"
"11/12/2020","609,044.13","596,108.06","609,044.13","596,108.06","","2.17%"
"11/11/2020","596,108.06","590,654.75","596,290.75","590,654.75","","0.92%"
"11/10/2020","590,654.75","583,980.00","591,204.69","582,664.31","","1.14%"
"11/09/2020","583,980.00","582,302.19","584,429.69","582,302.19","","0.29%"
"11/06/2020","582,302.19","580,773.94","585,956.44","580,773.94","","0.26%"
"11/05/2020","580,773.94","577,284.00","581,826.69","576,928.94","","0.60%"
"11/04/2020","577,284.00","579,560.00","580,756.06","574,351.69","","-0.39%"
"11/03/2020","579,560.00","576,075.19","583,300.25","575,292.19","","0.60%"
"11/02/2020","576,075.19","580,091.63","580,810.94","568,057.31","","-0.69%"
"10/30/2020","580,091.63","576,982.06","582,143.81","576,982.06","","0.54%"
"10/29/2020","576,982.06","573,980.38","577,543.88","572,584.06","","0.52%"
"10/28/2020","573,980.38","556,011.81","584,678.00","556,011.81","","3.23%"
"10/27/2020","556,011.81","565,517.25","568,604.13","556,011.81","","-1.68%"
"10/26/2020","565,517.25","557,704.31","574,340.25","557,704.31","","1.40%"
"10/23/2020","557,704.31","553,045.88","557,704.31","549,125.19","","0.84%"
"10/22/2020","553,045.88","555,263.19","555,263.19","551,135.63","","-0.40%"
"10/21/2020","555,263.19","557,238.38","561,811.63","544,576.25","","-0.35%"
"10/20/2020","557,238.38","550,026.75","559,459.50","550,026.75","","1.31%"
"10/19/2020","550,026.75","549,667.50","558,906.81","549,096.31","","0.07%"
"10/16/2020","549,667.50","551,187.06","552,914.63","549,148.69","","-0.28%"
"10/15/2020","551,187.06","554,087.94","556,526.00","551,187.06","","-0.52%"
"10/14/2020","554,087.88","556,163.50","558,257.19","554,024.81","","-0.37%"
"10/13/2020","556,163.50","545,353.88","558,598.13","545,258.38","","1.98%"
"10/09/2020","545,353.88","546,595.56","546,753.19","545,271.81","","-0.23%"
"10/08/2020","546,595.56","541,102.56","547,941.50","541,102.56","","1.02%"
"10/07/2020","541,102.56","546,806.88","546,922.50","540,948.56","","-1.04%"
"10/06/2020","546,806.88","542,730.56","546,989.75","538,071.63","","0.75%"
"10/05/2020","542,730.56","542,702.31","547,711.25","542,672.25","","0.01%"
"10/02/2020","542,702.31","542,611.63","551,409.63","542,611.63","","0.02%"
"10/01/2020","542,611.63","538,853.88","547,446.94","537,990.00","","0.70%"
"09/30/2020","538,853.88","531,888.44","539,177.25","531,888.44","","1.31%"
"09/29/2020","531,888.44","522,748.19","533,168.44","518,809.28","","1.75%"
"09/28/2020","522,748.19","519,983.75","526,154.56","519,983.75","","0.53%"
"09/25/2020","519,983.75","509,008.97","519,983.75","509,008.97","","2.16%"
"09/24/2020","509,008.97","504,419.97","509,226.84","504,157.91","","0.91%"
"09/23/2020","504,419.97","500,023.22","508,347.59","500,023.22","","0.88%"
"09/22/2020","500,023.22","509,832.94","514,525.94","500,023.22","","-1.92%"
"09/21/2020","509,832.94","501,814.00","514,299.31","501,142.78","","1.60%"
"09/18/2020","501,814.00","511,517.28","513,287.44","501,311.72","","-1.90%"
"09/17/2020","511,517.28","512,260.53","513,995.00","505,639.66","","-0.15%"
"09/16/2020","512,260.53","502,989.88","512,345.41","502,307.69","","1.84%"
"09/15/2020","502,989.88","515,007.44","515,076.09","502,989.88","","-2.33%"
"09/11/2020","515,007.44","517,252.97","518,339.81","514,529.81","","-0.43%"
"09/10/2020","517,252.97","518,466.53","518,858.59","516,948.13","","-0.23%"
"09/09/2020","518,466.53","520,968.38","521,184.94","518,466.53","","-0.48%"
"09/08/2020","520,968.38","522,114.50","522,284.97","520,335.63","","-0.22%"
"09/07/2020","522,114.50","522,039.56","524,112.63","520,925.16","","0.01%"
"09/04/2020","522,039.56","518,272.06","522,644.88","518,272.06","","0.73%"
"09/03/2020","518,272.06","517,866.72","519,360.19","517,866.72","","0.08%"
"09/02/2020","517,866.72","518,570.84","519,381.69","507,237.22","","-0.14%"
"09/01/2020","518,570.84","522,587.56","523,560.75","518,401.34","","-0.77%"
"08/31/2020","522,587.56","523,875.56","526,400.25","518,883.72","","-0.25%"
"08/28/2020","523,875.56","513,620.69","525,466.50","513,620.69","","2.00%"
"08/27/2020","513,620.69","515,882.72","519,568.00","513,439.03","","-0.44%"
"08/26/2020","515,882.72","515,316.41","517,064.44","510,184.78","","0.11%"
"08/25/2020","515,316.41","508,911.78","522,864.06","508,911.78","","1.26%"
"08/24/2020","508,911.78","502,578.91","510,048.06","502,578.91","","1.26%"
"08/21/2020","502,578.91","498,633.72","502,844.28","496,295.13","","0.79%"
"08/20/2020","498,633.72","490,779.88","500,558.34","490,615.22","","1.60%"
"08/19/2020","490,779.88","486,442.09","491,831.66","485,315.38","","0.89%"
"08/18/2020","486,442.09","487,795.19","489,570.53","485,091.28","","-0.28%"
"08/17/2020","487,795.19","497,343.88","499,795.44","487,795.19","","-1.92%"
"08/14/2020","497,343.88","491,593.56","498,589.59","491,593.56","","1.17%"
"08/13/2020","491,593.56","463,802.47","492,182.59","463,770.31","","5.99%"
"08/12/2020","463,802.47","450,683.81","463,802.47","450,683.81","","2.91%"
"08/11/2020","450,683.81","479,024.22","479,024.22","449,524.13","","-5.92%"
"08/10/2020","479,024.22","466,698.66","489,682.25","466,698.66","","2.64%"
"08/07/2020","466,698.66","418,496.28","468,346.31","418,473.31","","11.52%"
"08/06/2020","418,496.28","406,865.03","418,806.06","406,865.03","","2.86%"
"08/05/2020","406,865.03","399,219.75","411,237.88","399,039.09","","1.92%"
"08/04/2020","399,219.75","386,805.69","401,210.72","386,180.88","","3.21%"
"08/03/2020","386,805.69","374,208.25","386,805.69","374,208.25","","3.37%"
"07/31/2020","374,208.25","363,143.91","374,859.88","361,200.53","","3.05%"
"07/30/2020","363,143.91","353,319.28","364,299.94","353,319.28","","2.78%"
"07/29/2020","353,319.28","351,751.44","353,613.19","351,751.44","","0.45%"
"07/28/2020","351,751.44","350,557.13","354,326.63","350,557.13","","0.31%"
"07/27/2020","350,649.69","352,332.44","358,450.97","349,267.38","","-0.48%"
"07/23/2020","352,332.44","335,868.47","353,160.03","335,868.47","","4.90%"
"07/22/2020","335,868.47","326,973.16","335,868.47","326,767.63","","2.72%"
"07/21/2020","326,973.16","324,307.34","329,764.75","323,917.91","","0.82%"
"07/20/2020","324,307.34","319,082.25","325,952.47","319,082.25","","1.64%"
"07/17/2020","319,082.25","317,448.84","321,324.13","317,356.91","","0.51%"
"07/16/2020","317,448.84","316,864.88","319,076.75","316,009.50","","0.18%"
"07/15/2020","316,864.88","316,887.50","317,750.06","310,124.59","","-0.01%"
"07/14/2020","316,887.50","320,322.59","320,989.69","315,823.25","","-1.07%"
"07/13/2020","320,322.59","333,994.31","335,742.22","319,267.41","","-4.09%"
"07/10/2020","333,994.31","323,604.72","334,878.41","319,981.03","","3.21%"
"07/09/2020","323,604.72","328,014.44","331,258.34","318,950.81","","-1.34%"
"07/08/2020","328,014.44","333,876.53","342,020.72","326,823.22","","-1.76%"
"07/07/2020","333,876.53","305,579.19","337,932.34","305,579.16","","9.26%"
"07/06/2020","305,579.16","301,778.38","314,129.94","301,085.06","","1.26%"
"07/03/2020","301,778.38","313,413.25","314,870.28","301,778.38","","-3.71%"
"07/02/2020","313,413.25","317,726.00","317,726.00","313,408.13","","-1.36%"
"07/01/2020","317,726.00","321,057.81","321,109.69","317,259.97","","-1.04%"
"06/30/2020","321,057.81","315,164.97","323,529.19","313,172.59","","1.87%"
"06/26/2020","315,164.97","312,097.34","316,880.59","312,097.34","","0.98%"
"06/25/2020","312,097.34","325,185.47","330,508.13","311,914.25","","-4.02%"
"06/23/2020","325,185.47","320,724.19","326,809.13","320,603.91","","1.39%"
"06/22/2020","320,724.19","321,308.34","322,106.19","320,721.63","","-0.18%"
"06/19/2020","321,308.34","323,282.31","324,063.78","310,303.66","","-0.61%"
"06/18/2020","323,282.31","322,375.84","325,463.06","322,215.00","","0.28%"
"06/17/2020","322,375.84","325,844.53","326,386.00","321,782.06","","-1.06%"
"06/16/2020","325,844.53","330,454.56","330,884.31","324,440.50","","-1.40%"
"06/12/2020","330,454.56","328,490.09","332,398.75","327,923.91","","0.60%"
"06/11/2020","328,490.09","329,633.13","337,643.31","326,980.84","","-0.35%"
"06/10/2020","329,633.13","332,013.13","334,346.81","328,596.28","","-0.72%"
"06/09/2020","332,013.13","337,855.94","338,872.34","330,837.38","","-1.73%"
"06/08/2020","337,855.94","344,397.63","347,445.75","337,557.53","","-1.90%"
"06/05/2020","344,397.63","346,862.03","348,611.72","343,930.47","","-0.71%"
"06/04/2020","346,862.03","346,890.28","349,735.19","346,278.78","","-0.01%"
"06/03/2020","346,890.28","343,088.66","348,049.50","343,088.66","","1.54%"
"06/02/2020","341,645.00","330,021.69","341,645.00","329,766.66","","3.52%"
"06/01/2020","330,021.69","324,240.00","330,517.84","323,039.44","","1.78%"
"05/29/2020","324,240.00","323,765.91","328,689.75","323,539.50","","0.15%"
"05/28/2020","323,765.91","303,685.34","323,765.91","302,042.34","","6.61%"
"05/27/2020","303,685.34","297,063.81","303,685.34","295,480.66","","2.23%"
"05/26/2020","297,063.81","306,374.13","308,537.72","294,835.31","","-3.04%"
"05/22/2020","306,374.13","297,625.84","306,374.25","297,174.56","","2.94%"
"05/21/2020","297,625.84","300,028.75","300,585.78","296,797.56","","-0.80%"
"05/20/2020","300,028.75","298,249.66","300,803.22","298,249.66","","0.60%"
"05/19/2020","298,249.66","295,525.06","298,867.81","295,525.06","","0.92%"
"05/18/2020","295,525.06","293,502.88","302,837.69","293,480.88","","0.69%"
"05/15/2020","293,502.88","288,638.25","297,922.00","288,638.25","","1.69%"
"05/14/2020","288,638.25","312,238.59","313,352.91","288,638.25","","-7.56%"
"05/13/2020","312,238.59","324,304.78","324,735.81","305,639.78","","-3.72%"
"05/12/2020","324,304.78","326,819.13","331,944.53","324,285.50","","-0.77%"
"05/11/2020","326,819.13","327,382.91","340,503.06","326,819.13","","-0.17%"
"05/08/2020","327,382.91","316,485.06","327,925.72","316,485.06","","3.44%"
"05/07/2020","316,485.06","309,885.16","316,562.00","309,783.06","","2.13%"
"05/06/2020","309,885.16","303,715.69","317,643.97","303,549.47","","2.03%"
"05/05/2020","303,715.69","297,137.44","303,786.00","296,580.41","","2.21%"
"05/04/2020","297,137.44","289,324.75","297,988.03","286,546.88","","2.70%"
"04/30/2020","289,324.75","284,439.19","292,493.81","284,416.28","","1.72%"
"04/29/2020","284,439.19","279,952.13","286,075.84","279,486.72","","1.60%"
"04/28/2020","279,952.13","282,383.09","289,019.22","279,951.91","","-0.86%"
"04/27/2020","282,383.09","286,273.03","295,613.84","282,082.75","","-1.36%"
"04/24/2020","286,273.03","293,792.44","300,100.25","286,189.59","","-2.56%"
"04/23/2020","293,792.44","274,761.78","296,985.59","274,761.78","","6.93%"
"04/22/2020","274,761.78","255,322.23","274,761.78","255,322.23","","7.61%"
"04/21/2020","255,322.23","247,935.91","256,540.84","247,935.91","","2.98%"
"04/20/2020","247,935.91","230,742.89","248,339.73","230,742.89","","7.45%"
"04/17/2020","230,742.89","241,905.97","243,339.67","230,215.94","","-4.61%"
"04/16/2020","241,894.17","248,509.91","248,509.91","241,894.05","","-2.66%"
"04/15/2020","248,509.91","249,098.83","256,045.30","247,753.55","","-0.24%"
"04/14/2020","249,098.83","227,597.09","254,818.81","227,597.09","","9.45%"
"04/13/2020","227,597.09","191,984.67","227,597.09","191,984.67","","18.55%"
"04/08/2020","191,984.67","164,354.42","191,984.67","164,354.42","","16.81%"
"04/07/2020","164,354.42","150,484.88","164,354.42","150,322.31","","9.22%"
"04/06/2020","150,484.88","133,086.45","150,484.88","133,086.45","","13.07%"
"04/03/2020","133,086.45","127,331.47","133,967.86","123,957.99","","4.52%"
"04/02/2020","127,331.47","117,920.12","127,457.94","117,904.52","","7.98%"
"04/01/2020","117,920.12","105,615.79","117,920.12","105,565.08","","11.65%"
"03/31/2020","105,615.79","101,194.94","105,641.02","101,148.06","","4.37%"
"03/30/2020","101,194.94","88,643.18","101,194.94","88,643.18","","14.16%"
"03/27/2020","88,643.18","88,548.06","88,643.18","86,591.62","","0.11%"
"03/26/2020","88,548.06","89,857.35","90,018.14","86,103.73","","-1.46%"
"03/25/2020","89,857.35","90,145.86","90,428.70","88,783.22","","-0.32%"
"03/24/2020","90,145.86","92,347.48","92,347.48","87,057.70","","-2.38%"
"03/23/2020","92,347.48","98,326.88","98,384.83","92,347.48","","-6.08%"
"03/20/2020","98,326.88","101,251.93","101,251.93","98,326.88","","-2.89%"
"03/18/2020","101,251.93","104,070.67","104,092.70","99,472.48","","-2.71%"
"03/17/2020","104,070.67","103,887.72","104,652.30","103,571.00","","0.18%"
"03/16/2020","103,887.72","105,807.64","106,227.45","103,887.72","","-1.72%"
"03/12/2020","105,710.60","103,457.46","106,964.99","103,457.46","","2.18%"
"03/11/2020","103,457.46","104,392.30","104,815.23","103,457.46","","-0.90%"
"03/10/2020","104,392.30","103,904.01","104,392.30","102,753.96","","0.47%"
"03/09/2020","103,906.30","108,196.83","108,206.97","102,310.38","","-3.97%"
"03/06/2020","108,196.83","104,630.66","108,196.83","104,545.35","","3.41%"
"03/05/2020","104,630.66","104,211.84","104,945.11","103,921.65","","0.40%"
"03/04/2020","104,211.84","103,306.75","104,211.84","102,887.62","","0.88%"
"03/03/2020","103,306.75","104,721.40","105,304.55","103,245.35","","-1.35%"
"03/02/2020","104,721.40","108,771.66","108,772.81","104,721.40","","-3.72%"
"02/28/2020","108,771.66","108,292.73","110,598.52","106,716.02","","0.44%"
"02/27/2020","108,292.73","111,216.76","111,228.89","107,682.55","","-2.63%"
"02/26/2020","111,216.76","118,337.43","118,337.43","111,216.76","","-6.02%"
"02/21/2020","118,337.43","118,910.82","118,910.82","116,613.51","","-0.48%"
"02/20/2020","118,910.82","121,804.44","122,300.10","117,821.97","","-2.38%"
"02/19/2020","121,804.44","124,524.61","124,721.42","121,398.85","","-2.18%"
"02/18/2020","124,524.61","127,325.07","127,558.30","120,920.91","","-2.20%"
"02/17/2020","127,325.07","123,888.89","128,059.47","123,888.89","","2.77%"
"02/14/2020","123,888.89","126,449.34","127,905.16","123,402.65","","-2.02%"
"02/13/2020","126,449.34","128,255.12","128,658.18","126,449.34","","-1.41%"
"02/12/2020","128,255.12","129,153.16","129,518.63","128,255.12","","-0.70%"
"02/11/2020","129,153.16","128,036.77","129,235.92","128,036.77","","0.87%"
"02/10/2020","128,036.77","127,152.46","128,923.41","126,388.37","","0.70%"
"02/07/2020","127,152.46","127,178.88","128,374.34","126,323.31","","-0.02%"
"02/06/2020","127,178.88","125,568.41","127,178.88","124,474.27","","1.28%"
"02/05/2020","125,568.41","125,936.38","127,016.75","125,302.88","","-0.29%"
"02/04/2020","125,936.38","127,671.45","127,688.69","125,567.77","","-1.36%"
"02/03/2020","127,671.45","129,541.10","130,819.13","126,819.23","","-1.44%"
"01/31/2020","129,541.10","121,755.22","129,895.41","121,755.22","","6.39%"
"01/30/2020","121,755.22","110,867.91","121,755.22","110,867.91","","9.82%"
"01/29/2020","110,867.91","102,104.80","113,629.77","100,192.51","","8.58%"
"01/28/2020","102,104.80","108,061.20","108,061.20","102,020.97","","-5.51%"
"01/27/2020","108,061.20","108,272.44","108,297.74","106,880.59","","-0.20%"
"01/24/2020","108,272.44","116,643.96","117,170.60","108,260.05","","-7.18%"
"01/23/2020","116,643.96","118,248.50","118,941.59","116,528.22","","-1.36%"
"01/22/2020","118,248.50","118,617.37","119,352.27","115,774.16","","-0.31%"
"01/21/2020","118,617.38","122,897.51","122,897.78","115,428.48","","-3.48%"
"01/17/2020","122,897.51","124,068.72","128,525.29","122,414.50","","-0.94%"
"01/16/2020","124,068.72","124,789.33","126,858.69","124,057.65","","-0.58%"
"01/15/2020","124,789.33","121,726.74","124,789.33","121,726.74","","1.06%"
"01/13/2020","123,483.57","119,242.96","124,679.38","119,242.96","","3.56%"
"01/10/2020","119,242.96","112,346.45","119,267.52","112,346.45","","6.14%"
"01/09/2020","112,346.45","107,456.70","112,358.92","107,456.70","","4.55%"
"01/08/2020","107,456.70","101,804.20","107,456.98","101,571.48","","5.55%"
"01/07/2020","101,804.20","98,580.19","102,927.89","98,580.19","","3.27%"
"01/03/2020","98,580.19","93,048.36","100,128.18","93,048.36","","5.95%"
"01/02/2020","93,048.36","90,224.09","93,547.55","89,847.86","","3.13%"
"12/30/2019","90,224.09","83,188.06","90,509.56","82,998.84","","8.46%"
"12/27/2019","83,188.06","80,655.96","84,388.67","80,655.96","","3.14%"
"12/26/2019","80,655.96","79,749.66","80,669.99","79,377.12","","1.14%"
"12/23/2019","79,749.66","79,344.83","80,805.45","77,715.05","","0.51%"
"12/20/2019","79,344.83","71,401.29","80,649.02","71,401.29","","11.13%"
"12/19/2019","71,401.29","63,308.93","71,401.29","63,296.46","","12.78%"
"12/18/2019","63,308.93","60,502.85","63,496.54","60,502.85","","4.64%"
"12/17/2019","60,502.85","62,060.32","62,593.02","60,174.65","","-2.51%"
"12/16/2019","62,060.32","62,022.46","62,554.73","61,708.23","","0.06%"
"12/13/2019","62,022.46","61,124.75","62,449.78","60,976.92","","1.47%"
"12/12/2019","61,124.75","61,917.54","61,917.54","61,010.22","","-1.28%"
"12/11/2019","61,917.54","66,208.62","66,830.05","61,917.54","","-6.48%"
"12/10/2019","66,208.62","67,582.93","67,582.93","66,208.62","","-2.03%"
"12/09/2019","67,582.93","70,997.36","71,003.42","67,582.93","","-4.81%"
"12/06/2019","70,997.36","70,514.51","71,035.03","70,504.08","","0.68%"
"12/05/2019","70,514.51","71,167.77","71,392.60","70,514.51","","-0.92%"
"12/04/2019","71,167.77","70,876.30","71,452.98","70,797.87","","0.41%"
"12/03/2019","70,876.30","70,507.73","71,499.37","70,503.84","","0.52%"
"12/02/2019","70,507.73","69,894.88","70,534.79","69,503.16","","0.88%"
"11/29/2019","69,894.88","65,851.19","69,971.59","65,759.83","","6.14%"
"11/28/2019","65,851.19","64,030.82","66,364.64","64,030.82","","2.84%"
"11/27/2019","64,030.82","60,293.50","64,581.05","60,293.50","","6.20%"
"11/26/2019","60,293.50","61,620.72","62,795.23","59,282.68","","-2.15%"
"11/25/2019","61,620.72","61,855.60","62,090.03","60,764.63","","-0.38%"
"11/22/2019","61,855.60","60,854.88","61,855.60","60,833.10","","1.64%"
"11/21/2019","60,854.88","61,699.10","61,972.64","59,698.55","","-1.37%"
"11/20/2019","61,699.10","61,523.12","62,173.42","61,523.12","","0.29%"
"11/19/2019","61,523.12","60,337.76","61,772.19","60,337.76","","1.96%"
"11/18/2019","60,337.76","59,196.79","60,406.83","59,196.79","","1.93%"
"11/15/2019","59,196.79","59,444.04","59,937.09","56,806.05","","-0.42%"
"11/14/2019","59,444.04","60,671.38","60,671.38","59,295.20","","-2.02%"
"11/13/2019","60,671.38","58,379.67","60,790.81","58,379.67","","3.93%"
"11/12/2019","58,379.67","57,077.23","58,578.92","57,077.23","","2.28%"
"11/11/2019","57,077.23","53,039.07","57,077.23","53,039.07","","7.61%"
"11/08/2019","53,039.07","51,582.28","53,039.07","51,452.33","","2.82%"
"11/07/2019","51,582.28","48,085.34","51,582.28","48,085.34","","7.27%"
"11/06/2019","48,085.34","48,124.21","48,909.16","48,085.34","","-0.08%"
"11/05/2019","48,124.21","47,448.60","48,445.39","47,354.09","","1.42%"
"11/01/2019","47,448.60","47,772.07","49,690.66","47,326.22","","-0.68%"
"10/31/2019","47,772.07","51,203.09","51,539.43","47,343.41","","-6.70%"
"10/30/2019","51,203.09","50,903.59","51,478.81","50,694.96","","0.59%"
"10/29/2019","50,903.59","48,363.06","50,927.07","48,363.06","","5.25%"
"10/28/2019","48,363.06","48,929.00","49,670.77","48,363.06","","-1.16%"
"10/25/2019","48,929.00","48,282.34","50,513.75","48,282.33","","1.34%"
"10/24/2019","48,282.33","47,219.16","49,034.66","47,206.93","","2.25%"
"10/23/2019","47,219.16","45,008.61","47,374.06","45,008.61","","4.91%"
"10/22/2019","45,008.61","46,005.59","46,040.50","44,879.18","","-2.17%"
"10/21/2019","46,005.59","46,665.85","46,958.89","45,438.92","","-1.41%"
"10/18/2019","46,665.85","49,011.30","49,165.76","46,665.85","","-4.79%"
"10/17/2019","49,011.30","50,027.36","50,027.36","49,011.03","","-2.03%"
"10/16/2019","50,027.36","51,073.71","51,108.00","49,858.23","","-2.05%"
"10/15/2019","51,073.71","51,182.02","51,473.70","50,708.19","","-0.21%"
"10/14/2019","51,182.02","51,782.03","51,782.03","51,015.55","","-1.16%"
"10/11/2019","51,782.03","52,693.42","52,803.57","51,416.46","","-1.73%"
"10/10/2019","52,693.42","52,777.46","52,867.34","52,491.27","","-0.16%"
"10/09/2019","52,777.46","50,718.06","52,777.46","50,718.06","","4.06%"
"10/08/2019","50,718.06","49,633.87","50,718.06","49,633.87","","2.18%"
"10/07/2019","49,633.87","49,080.14","49,706.68","48,776.63","","1.13%"
"10/04/2019","49,080.14","47,289.88","49,824.70","47,289.88","","3.79%"
"10/03/2019","47,289.88","47,532.78","47,636.87","47,011.74","","-0.51%"
"10/02/2019","47,532.78","48,701.24","48,750.57","46,881.71","","-2.40%"
"10/01/2019","48,701.24","48,856.03","49,133.68","48,490.32","","-0.32%"
"09/30/2019","48,856.03","50,041.31","50,100.34","48,653.41","","-2.37%"
"09/27/2019","50,041.31","50,027.58","51,042.77","49,739.21","","0.03%"
"09/26/2019","50,027.58","50,446.36","50,485.12","49,881.27","","-0.83%"
"09/25/2019","50,446.36","50,737.74","50,762.25","49,484.87","","-0.57%"
"09/24/2019","50,737.74","52,152.92","52,242.09","50,671.37","","-2.71%"
"09/23/2019","52,152.92","50,094.05","52,153.61","50,078.85","","4.11%"
"09/20/2019","50,094.05","48,061.26","50,107.04","47,670.58","","4.23%"
"09/19/2019","48,061.26","50,330.50","50,486.38","47,158.22","","-4.51%"
"09/18/2019","50,330.50","53,618.39","54,585.61","50,274.33","","-6.13%"
"09/17/2019","53,618.39","55,768.93","56,621.34","53,614.84","","-3.86%"
"09/13/2019","55,768.93","59,166.63","59,361.81","55,753.73","","-5.74%"
"09/12/2019","59,166.63","60,554.32","60,981.29","58,197.41","","-2.29%"
"09/11/2019","60,554.32","61,085.03","61,582.23","60,438.32","","-0.87%"
"09/10/2019","61,085.03","60,990.52","62,026.69","60,990.52","","0.15%"
"09/09/2019","60,990.52","61,829.11","61,896.81","60,962.36","","-1.36%"
"09/06/2019","61,829.11","62,004.30","62,435.89","61,719.41","","-0.28%"
"09/05/2019","62,004.30","55,056.65","66,458.16","55,014.59","","12.62%"
"09/04/2019","55,056.66","56,020.79","56,739.20","55,056.66","","-1.72%"
"09/03/2019","56,020.79","56,574.99","57,121.55","55,419.96","","-0.98%"
"09/02/2019","56,574.99","55,583.02","57,457.36","55,544.64","","1.78%"
"08/30/2019","55,583.02","52,340.74","55,583.02","51,839.97","","6.19%"
"08/29/2019","52,340.74","49,680.50","52,843.03","49,680.50","","5.35%"
"08/28/2019","49,680.50","48,540.65","49,700.04","48,540.65","","2.35%"
"08/27/2019","48,540.65","45,186.26","50,633.14","45,186.26","","7.42%"
"08/26/2019","45,186.26","45,196.02","45,638.10","45,109.00","","-0.02%"
"08/23/2019","45,196.02","45,554.68","45,656.06","44,993.07","","-0.79%"
"08/22/2019","45,554.68","44,676.83","45,920.75","44,676.83","","1.96%"
"08/21/2019","44,676.83","44,555.70","44,750.15","44,031.55","","0.27%"
"08/20/2019","44,555.70","43,965.84","44,606.74","43,774.99","","1.34%"
"08/16/2019","43,965.84","43,454.23","44,309.02","43,410.41","","1.18%"
"08/15/2019","43,454.23","44,573.02","44,614.14","43,281.15","","-2.51%"
"08/14/2019","44,573.02","42,701.46","45,158.96","42,701.46","","4.38%"
"08/13/2019","42,701.46","41,545.92","42,751.32","41,545.92","","2.78%"
"08/12/2019","41,545.92","40,439.29","43,131.01","40,437.74","","2.74%"
"08/09/2019","40,439.29","36,716.95","40,452.92","36,700.44","","10.14%"
"08/08/2019","36,716.95","36,682.79","37,573.05","36,577.42","","0.09%"
"08/07/2019","36,682.79","35,149.04","38,306.31","35,133.24","","4.36%"
"08/06/2019","35,149.04","30,443.16","35,171.16","30,443.16","","15.46%"
"08/05/2019","30,443.16","28,667.35","30,443.16","28,667.35","","6.19%"
"08/02/2019","28,667.35","26,701.72","28,965.06","26,701.72","","7.36%"
"08/01/2019","26,701.72","25,788.69","26,709.37","25,788.69","","3.54%"
"07/31/2019","25,788.69","25,207.59","26,152.28","25,207.25","","2.31%"
"07/30/2019","25,207.59","24,919.52","25,207.88","24,873.99","","1.16%"
"07/29/2019","24,919.52","25,020.45","25,096.26","24,740.64","","-0.40%"
"07/26/2019","25,020.45","24,836.96","25,276.87","24,834.92","","0.74%"
"07/25/2019","24,836.96","24,857.84","25,087.91","24,809.18","","-0.08%"
"07/22/2019","24,857.84","24,235.12","24,869.83","24,227.19","","2.57%"
"07/19/2019","24,235.12","24,404.82","24,420.90","24,216.95","","-0.70%"
"07/18/2019","24,404.82","24,200.00","24,521.31","24,108.96","","0.85%"
"07/17/2019","24,200.00","21,859.15","24,291.64","21,859.15","","10.71%"
"07/16/2019","21,859.15","20,625.67","21,945.22","20,625.67","","5.98%"
"07/15/2019","20,625.67","20,339.38","20,753.18","20,193.70","","1.60%"
"07/12/2019","20,300.76","19,976.56","20,341.95","19,888.48","","1.62%"
"07/11/2019","19,976.56","19,513.84","19,976.56","19,505.24","","2.37%"
"07/10/2019","19,513.84","19,516.10","19,617.61","19,484.62","","-0.01%"
"07/09/2019","19,516.10","19,190.19","19,655.90","19,171.37","","1.70%"
"07/08/2019","19,190.19","19,086.85","19,311.88","18,996.05","","0.54%"
"07/04/2019","19,086.85","19,077.12","19,188.77","19,037.32","","0.05%"
"07/03/2019","19,077.12","18,349.70","19,077.12","18,327.61","","3.96%"
"07/02/2019","18,349.70","18,614.33","18,681.23","18,197.31","","-1.42%"
"07/01/2019","18,614.33","18,453.85","18,628.52","18,453.85","","0.87%"
"06/28/2019","18,453.85","17,296.87","18,556.07","17,296.87","","6.69%"
"06/27/2019","17,296.87","16,630.39","17,324.30","16,630.39","","4.01%"
"06/26/2019","16,630.39","16,311.48","16,648.43","16,290.28","","1.96%"
"06/25/2019","16,311.48","16,072.07","16,314.92","16,072.07","","1.49%"
"06/21/2019","16,072.07","15,704.22","16,083.05","15,704.22","","2.34%"
"06/20/2019","15,704.22","15,547.91","15,704.22","15,488.30","","1.01%"
"06/19/2019","15,547.91","15,304.96","15,617.49","15,304.96","","1.59%"
"06/18/2019","15,304.96","15,250.96","15,434.47","15,250.96","","0.35%"
"06/14/2019","15,250.96","14,486.28","15,250.96","14,486.28","","5.28%"
"06/13/2019","14,486.28","13,746.42","14,486.28","13,746.42","","5.38%"
"06/12/2019","13,746.42","13,397.89","13,746.42","13,339.65","","2.60%"
"06/11/2019","13,397.89","13,571.37","13,585.99","13,397.89","","-1.28%"
"06/10/2019","13,571.37","14,162.87","14,191.95","13,499.27","","-4.18%"
"06/07/2019","14,162.87","14,491.76","14,583.60","14,162.87","","-2.27%"
"06/06/2019","14,491.76","14,938.76","14,948.16","14,263.42","","-2.99%"
"06/05/2019","14,938.76","15,581.13","15,581.13","14,938.76","","-4.12%"
"06/04/2019","15,581.13","15,791.62","16,005.99","15,533.31","","-1.33%"
"05/31/2019","15,791.62","15,995.55","16,026.35","15,665.99","","-1.27%"
"05/30/2019","15,995.55","15,842.46","16,270.46","15,842.46","","0.97%"
"05/29/2019","15,842.46","15,730.88","15,851.13","15,730.88","","0.71%"
"05/28/2019","15,730.88","15,753.54","16,061.75","15,671.52","","-0.14%"
"05/27/2019","15,753.54","15,665.22","15,843.15","15,625.10","","0.56%"
"05/24/2019","15,665.22","15,541.71","15,704.33","15,541.71","","0.79%"
"05/23/2019","15,541.71","15,737.45","15,765.44","15,536.57","","-1.24%"
"05/22/2019","15,737.45","16,465.62","16,570.22","15,667.43","","-4.42%"
"05/21/2019","16,465.62","17,076.94","17,106.06","16,176.45","","-3.58%"
"05/20/2019","17,076.94","16,473.65","17,092.29","16,203.13","","3.66%"
"05/17/2019","16,473.65","16,214.23","16,473.65","16,078.90","","1.60%"
"05/16/2019","16,214.23","15,976.95","16,245.81","15,970.53","","1.49%"
"05/15/2019","15,976.95","16,114.27","16,345.46","15,906.07","","-0.85%"
"05/14/2019","16,114.27","16,148.36","16,257.02","16,070.68","","-0.21%"
"05/13/2019","16,148.36","16,553.72","16,802.43","16,074.77","","-2.45%"
"05/10/2019","16,553.72","15,811.14","16,649.52","15,811.14","","4.70%"
"05/09/2019","15,811.14","15,277.27","15,877.84","15,133.00","","3.49%"
"05/08/2019","15,277.27","14,093.18","15,277.27","14,072.62","","8.40%"
"05/07/2019","14,093.18","15,125.70","15,125.70","14,078.55","","-6.83%"
"05/06/2019","15,125.70","16,640.99","16,844.04","15,120.13","","-9.11%"
"05/03/2019","16,640.99","16,942.11","17,119.61","16,433.38","","-1.78%"
"05/02/2019","16,942.11","17,775.65","17,961.51","16,935.59","","-4.69%"
"04/29/2019","17,775.65","17,070.18","18,251.72","17,065.97","","4.13%"
"04/26/2019","17,070.18","15,089.31","17,070.18","15,089.31","","13.13%"
"04/25/2019","15,089.31","14,788.11","15,089.76","14,567.34","","2.04%"
"04/24/2019","14,788.11","14,674.00","15,524.70","14,672.93","","0.78%"
"04/23/2019","14,674.00","11,816.82","14,684.67","11,816.82","","24.18%"
"04/22/2019","11,816.82","10,318.79","11,982.76","10,318.79","","14.52%"
"04/12/2019","10,318.79","9,257.70","10,318.79","9,253.39","","11.46%"
"04/11/2019","9,257.70","8,667.34","9,273.04","8,647.87","","6.81%"
"04/10/2019","8,667.34","8,494.06","8,698.92","8,419.79","","2.04%"
"04/09/2019","8,494.06","8,683.96","8,770.23","8,487.30","","-2.19%"
"04/08/2019","8,683.96","8,833.81","8,884.75","8,627.83","","-1.70%"
"04/05/2019","8,833.81","8,597.59","8,834.02","8,597.59","","2.75%"
"04/04/2019","8,597.59","8,554.78","8,993.21","8,554.78","","0.50%"
"04/03/2019","8,554.78","8,425.19","8,661.45","8,425.19","","1.54%"
"04/02/2019","8,425.19","8,249.07","8,543.12","8,181.35","","2.14%"
"04/01/2019","8,249.07","8,567.89","8,696.39","8,175.35","","-3.72%"
"03/29/2019","8,567.89","8,961.15","9,064.99","8,405.89","","-4.39%"
"03/25/2019","8,961.15","9,487.81","9,651.74","8,870.13","","-5.55%"
"03/22/2019","9,487.81","9,512.15","9,607.87","9,433.42","","-0.26%"
"03/21/2019","9,512.15","9,394.80","9,679.03","9,394.80","","1.25%"
"03/20/2019","9,394.80","8,873.44","9,432.73","8,693.73","","5.88%"
"03/18/2019","8,873.44","8,582.13","8,875.76","8,414.27","","3.39%"
"03/15/2019","8,582.13","8,194.59","8,981.58","8,194.59","","4.73%"
"03/14/2019","8,194.59","9,837.64","9,854.92","7,953.38","","-16.70%"
"03/07/2019","9,837.64","10,104.29","10,240.02","9,758.97","","-2.64%"
"03/06/2019","10,104.29","10,516.31","10,802.75","9,983.92","","-3.92%"
"02/28/2019","10,516.31","9,085.40","11,100.49","9,085.40","","0.00%"
"02/27/2019","10,516.31","9,085.40","11,100.49","9,085.40","","15.75%"
"02/26/2019","9,085.40","7,839.10","9,085.40","7,839.10","","15.90%"
"02/25/2019","7,839.10","6,966.75","7,894.29","6,868.53","","12.52%"
"02/22/2019","6,966.75","5,596.29","6,966.75","5,551.20","","24.49%"
"02/21/2019","5,596.29","5,314.51","5,596.29","5,314.51","","5.30%"
"02/20/2019","5,314.51","5,232.46","5,355.64","5,203.29","","1.57%"
"02/19/2019","5,232.46","5,055.88","5,415.70","5,055.88","","3.49%"
"02/18/2019","5,055.88","5,056.92","5,122.91","5,016.49","","-0.02%"
"02/15/2019","5,056.92","4,640.24","5,056.93","4,616.52","","8.98%"
"02/14/2019","4,640.24","4,812.96","4,812.96","4,608.02","","-3.59%"
"02/13/2019","4,812.96","4,998.63","5,251.36","4,792.64","","-3.71%"
"02/12/2019","4,998.63","5,117.34","5,221.31","4,991.99","","-2.32%"
"02/11/2019","5,117.34","5,525.24","5,552.41","5,117.34","","-7.38%"
"02/08/2019","5,525.24","5,699.80","5,767.99","5,525.24","","-3.06%"
"02/07/2019","5,699.80","5,566.58","5,860.67","5,539.06","","2.39%"
"02/06/2019","5,566.58","5,580.27","5,735.83","5,566.58","","-0.25%"
"02/05/2019","5,580.27","5,100.23","5,624.41","5,100.23","","9.41%"
"02/04/2019","5,100.23","5,286.40","5,321.78","5,033.28","","-3.52%"
"02/01/2019","5,286.40","5,436.77","5,633.93","5,224.92","","-2.77%"
"01/31/2019","5,436.77","5,764.13","5,868.48","5,436.77","","-5.68%"
"01/30/2019","5,764.13","6,147.36","6,147.36","5,686.52","","-6.23%"
"01/29/2019","6,147.36","6,068.91","6,325.34","6,068.91","","1.29%"
"01/28/2019","6,068.91","5,974.23","6,105.83","5,929.86","","1.58%"
"01/25/2019","5,974.23","5,827.61","6,041.61","5,827.61","","2.52%"
"01/24/2019","5,827.61","5,734.68","5,893.66","5,734.68","","1.62%"
"01/23/2019","5,734.68","5,558.23","5,743.27","5,552.62","","3.17%"
"01/22/2019","5,558.23","5,700.74","5,784.61","5,558.23","","-2.50%"
"01/21/2019","5,700.74","5,836.15","5,853.76","5,691.24","","-2.32%"
"01/18/2019","5,836.15","5,956.11","5,957.76","5,752.71","","-2.01%"
"01/17/2019","5,956.11","6,189.57","6,333.50","5,874.44","","-3.77%"
"01/16/2019","6,189.57","5,972.39","6,354.19","5,972.39","","3.64%"
"01/15/2019","5,972.39","6,023.09","6,350.43","5,972.39","","-0.84%"
"01/14/2019","6,023.09","4,384.79","6,023.09","4,384.79","","37.36%"
"01/11/2019","4,384.79","3,331.68","4,384.79","3,331.68","","31.61%"
"01/10/2019","3,331.68","2,683.91","3,331.68","2,683.91","","24.14%"
"01/09/2019","2,683.91","2,623.78","2,691.77","2,623.78","","2.29%"
"01/08/2019","2,623.78","2,367.55","2,642.29","2,367.55","","10.82%"
"01/07/2019","2,367.55","1,922.37","2,431.16","1,922.37","","23.16%"
"01/04/2019","1,922.37","1,682.51","1,923.86","1,677.21","","14.26%"
"01/03/2019","1,682.51","1,621.11","1,694.59","1,621.11","","3.79%"
"01/02/2019","1,621.11","1,605.26","1,627.56","1,600.06","","0.99%"